Id,model,p_neutral,p_positive,p_negative,prediction,input_tokens
1,jev-1.13.0,0.9266666666666667,0.04,0.03333333333333333,0,2617
2,jev-1.13.0,0.7566666666666667,0.0,0.24333333333333332,0,2632
3,jev-1.13.0,0.44,0.0,0.56,2,2643
4,jev-1.13.0,0.7666666666666666,0.0,0.2333333333333333,0,2743
5,jev-1.13.0,0.9899999999999999,0.0,0.01,0,2687
6,jev-1.13.0,0.25333333333333335,0.7466666666666667,0.0,1,2643
7,jev-1.13.0,0.6533333333333333,0.0,0.3466666666666667,0,2658
8,jev-1.13.0,1.0,0.0,0.0,0,2617
9,jev-1.13.0,0.0,1.0,0.0,1,2650
10,jev-1.13.0,0.03,0.9700000000000001,0.0,1,2617
11,jev-1.13.0,0.0,1.0,0.0,1,2647
12,jev-1.13.0,0.05333333333333334,0.94,0.006666666666666667,1,2630
13,jev-1.13.0,0.68,0.13333333333333333,0.18666666666666668,0,2618
14,jev-1.13.0,0.31000000000000005,0.5133333333333333,0.17666666666666667,1,2671
15,jev-1.13.0,0.4033333333333333,0.09333333333333332,0.5033333333333333,2,2658
16,jev-1.13.0,0.9166666666666666,0.0033333333333333335,0.08,0,2632
17,jev-1.13.0,0.26,0.1366666666666667,0.6033333333333334,2,2651
18,jev-1.13.0,0.9966666666666667,0.0,0.0033333333333333335,0,2692
19,jev-1.13.0,0.0,0.0,1.0,2,2782
20,jev-1.13.0,1.0,0.0,0.0,0,2623
21,jev-1.13.0,0.6900000000000001,0.31000000000000005,0.0,0,2645
22,jev-1.13.0,0.0,0.0033333333333333335,0.9966666666666667,2,2634
23,jev-1.13.0,0.9866666666666667,0.0033333333333333335,0.01,0,2633
24,jev-1.13.0,1.0,0.0,0.0,0,2630
25,jev-1.13.0,1.0,0.0,0.0,0,2836
26,jev-1.13.0,0.48,0.5099999999999999,0.01,1,2733
27,jev-1.13.0,0.08666666666666667,0.8533333333333334,0.06,1,2624
28,jev-1.13.0,1.0,0.0,0.0,0,2617
29,jev-1.13.0,0.9700000000000001,0.0,0.03,0,2636
30,jev-1.13.0,0.013333333333333334,0.11333333333333333,0.8733333333333334,2,2669
31,jev-1.13.0,0.9966666666666667,0.0,0.0033333333333333335,0,2632
32,jev-1.13.0,1.0,0.0,0.0,0,2612
33,jev-1.13.0,1.0,0.0,0.0,0,2620
34,jev-1.13.0,0.6833333333333335,0.013333333333333334,0.3033333333333334,0,2651
35,jev-1.13.0,1.0,0.0,0.0,0,2620
36,jev-1.13.0,0.37333333333333335,0.5133333333333333,0.11333333333333333,1,2633
37,jev-1.13.0,0.7200000000000001,0.0,0.28,0,2656
38,jev-1.13.0,1.0,0.0,0.0,0,2617
39,jev-1.13.0,0.3133333333333334,0.3066666666666667,0.37999999999999995,2,2627
40,jev-1.13.0,0.7066666666666667,0.0,0.2933333333333334,0,2664
41,jev-1.13.0,0.0,1.0,0.0,1,2754
42,jev-1.13.0,1.0,0.0,0.0,0,2685
43,jev-1.13.0,0.8633333333333333,0.0,0.1366666666666667,0,2655
44,jev-1.13.0,0.6733333333333333,0.02666666666666667,0.30000000000000004,0,2672
45,jev-1.13.0,0.8566666666666666,0.14333333333333334,0.0,0,2669
46,jev-1.13.0,0.0,0.0,1.0,2,2676
47,jev-1.13.0,1.0,0.0,0.0,0,2633
48,jev-1.13.0,0.25333333333333335,0.0,0.7466666666666667,2,2674
49,jev-1.13.0,0.41333333333333333,0.5499999999999999,0.03666666666666667,1,2737
50,jev-1.13.0,0.9899999999999999,0.0,0.01,0,2708
51,jev-1.13.0,0.8566666666666666,0.06333333333333334,0.08,0,2624
52,jev-1.13.0,1.0,0.0,0.0,0,2615
53,jev-1.13.0,0.9033333333333333,0.0,0.09666666666666668,0,2622
54,jev-1.13.0,0.036666666666666674,0.0,0.9633333333333333,2,2760
55,jev-1.13.0,1.0,0.0,0.0,0,2616
56,jev-1.13.0,0.9166666666666666,0.0,0.08333333333333333,0,2630
57,jev-1.13.0,0.6366666666666667,0.0,0.36333333333333334,0,2653
58,jev-1.13.0,1.0,0.0,0.0,0,2626
59,jev-1.13.0,0.3133333333333333,0.61,0.07666666666666667,1,2637
60,jev-1.13.0,0.9733333333333333,0.0,0.02666666666666667,0,2628
61,jev-1.13.0,0.01,0.0,0.9899999999999999,2,2645
62,jev-1.13.0,0.8633333333333333,0.0,0.1366666666666667,0,2627
63,jev-1.13.0,0.16666666666666666,0.2866666666666666,0.5466666666666667,2,2665
64,jev-1.13.0,0.7733333333333334,0.0,0.22666666666666668,0,2659
65,jev-1.13.0,1.0,0.0,0.0,0,2615
66,jev-1.13.0,0.7666666666666666,0.07666666666666666,0.1566666666666667,0,2630
67,jev-1.13.0,0.36999999999999994,0.0,0.63,2,2631
68,jev-1.13.0,0.18666666666666668,0.8133333333333334,0.0,1,2710
69,jev-1.13.0,0.0,1.0,0.0,1,2636
70,jev-1.13.0,0.0,0.0033333333333333335,0.9966666666666667,2,2679
71,jev-1.13.0,1.0,0.0,0.0,0,2626
72,jev-1.13.0,1.0,0.0,0.0,0,2619
73,jev-1.13.0,0.48,0.03333333333333333,0.48666666666666664,2,2702
74,jev-1.13.0,0.7266666666666667,0.02666666666666667,0.24666666666666667,0,2618
75,jev-1.13.0,0.12,0.01,0.87,2,2628
76,jev-1.13.0,0.9899999999999999,0.0,0.01,0,2652
77,jev-1.13.0,0.6966666666666667,0.0,0.30333333333333334,0,2654
78,jev-1.13.0,0.9433333333333334,0.0,0.05666666666666667,0,2635
79,jev-1.13.0,0.09999999999999999,0.0,0.9,2,2648
80,jev-1.13.0,0.6566666666666667,0.0,0.3433333333333333,0,2756
81,jev-1.13.0,0.9499999999999998,0.0033333333333333335,0.04666666666666667,0,2638
82,jev-1.13.0,0.5733333333333333,0.41333333333333333,0.013333333333333334,0,2618
83,jev-1.13.0,0.9700000000000001,0.0,0.03,0,2630
84,jev-1.13.0,1.0,0.0,0.0,0,2615
85,jev-1.13.0,1.0,0.0,0.0,0,2632
86,jev-1.13.0,1.0,0.0,0.0,0,2639
87,jev-1.13.0,1.0,0.0,0.0,0,2682
88,jev-1.13.0,0.013333333333333334,0.9866666666666667,0.0,1,2614
89,jev-1.13.0,0.9166666666666666,0.0,0.08333333333333333,0,2630
90,jev-1.13.0,0.053333333333333344,0.0,0.9466666666666667,2,2696
91,jev-1.13.0,0.91,0.0,0.09000000000000001,0,2713
92,jev-1.13.0,0.2933333333333334,0.0,0.7066666666666667,2,2697
93,jev-1.13.0,0.9633333333333333,0.0,0.03666666666666667,0,2724
94,jev-1.13.0,1.0,0.0,0.0,0,2640
95,jev-1.13.0,0.9766666666666666,0.016666666666666666,0.006666666666666667,0,2717
96,jev-1.13.0,0.08333333333333333,0.0,0.9166666666666666,2,2691
97,jev-1.13.0,0.3,0.013333333333333334,0.6866666666666665,2,2638
98,jev-1.13.0,1.0,0.0,0.0,0,2642
99,jev-1.13.0,0.6533333333333333,0.03,0.3166666666666667,0,2626
100,jev-1.13.0,0.9966666666666667,0.0,0.0033333333333333335,0,2627
101,jev-1.13.0,1.0,0.0,0.0,0,2616
102,jev-1.13.0,0.0033333333333333335,0.0,0.9966666666666667,2,2637
103,jev-1.13.0,0.35333333333333333,0.4266666666666667,0.22,1,2664
104,jev-1.13.0,0.5833333333333334,0.18666666666666668,0.22999999999999998,0,2620
105,jev-1.13.0,0.4033333333333333,0.37000000000000005,0.22666666666666668,0,2619
106,jev-1.13.0,0.94,0.0033333333333333335,0.056666666666666664,0,2632
107,jev-1.13.0,0.9666666666666667,0.03333333333333333,0.0,0,2621
108,jev-1.13.0,0.06666666666666667,0.08666666666666667,0.8466666666666667,2,2719
109,jev-1.13.0,1.0,0.0,0.0,0,2617
110,jev-1.13.0,1.0,0.0,0.0,0,2617
111,jev-1.13.0,0.5,0.49333333333333323,0.006666666666666667,0,2619
112,jev-1.13.0,0.37666666666666665,0.47333333333333333,0.15,1,2636
113,jev-1.13.0,1.0,0.0,0.0,0,2616
114,jev-1.13.0,1.0,0.0,0.0,0,2617
115,jev-1.13.0,0.49666666666666665,0.0,0.5033333333333333,2,2694
116,jev-1.13.0,0.92,0.0,0.08,0,2631
117,jev-1.13.0,0.56,0.0,0.44,0,2638
118,jev-1.13.0,0.6466666666666666,0.31666666666666665,0.03666666666666666,0,2621
119,jev-1.13.0,0.9733333333333333,0.0,0.02666666666666667,0,2628
120,jev-1.13.0,0.016666666666666666,0.01,0.9733333333333333,2,2647
121,jev-1.13.0,1.0,0.0,0.0,0,2616
122,jev-1.13.0,1.0,0.0,0.0,0,2616
123,jev-1.13.0,0.71,0.21666666666666667,0.07333333333333335,0,2620
124,jev-1.13.0,1.0,0.0,0.0,0,2615
125,jev-1.13.0,0.93,0.03333333333333333,0.03666666666666667,0,2613
126,jev-1.13.0,1.0,0.0,0.0,0,2616
127,jev-1.13.0,0.0,1.0,0.0,1,2635
128,jev-1.13.0,0.7999999999999999,0.17333333333333334,0.02666666666666667,0,2615
129,jev-1.13.0,1.0,0.0,0.0,0,2615
130,jev-1.13.0,0.08333333333333333,0.0,0.9166666666666666,2,2651
131,jev-1.13.0,0.18000000000000002,0.0,0.82,2,2807
132,jev-1.13.0,1.0,0.0,0.0,0,2615
133,jev-1.13.0,0.9933333333333333,0.006666666666666667,0.0,0,2621
134,jev-1.13.0,0.03333333333333333,0.9366666666666666,0.03,1,2652
135,jev-1.13.0,0.03666666666666667,0.0,0.9633333333333333,2,2675
136,jev-1.13.0,0.016666666666666666,0.9233333333333333,0.06,1,2697
137,jev-1.13.0,1.0,0.0,0.0,0,2615
138,jev-1.13.0,0.0,1.0,0.0,1,2621
139,jev-1.13.0,0.86,0.006666666666666667,0.13333333333333333,0,2623
140,jev-1.13.0,0.62,0.0,0.38000000000000006,0,2629
141,jev-1.13.0,0.053333333333333344,0.0,0.9466666666666667,2,2636
142,jev-1.13.0,0.14333333333333334,0.8099999999999999,0.04666666666666667,1,2632
143,jev-1.13.0,0.01,0.0,0.9899999999999999,2,2644
144,jev-1.13.0,0.6066666666666666,0.01,0.3833333333333333,0,2635
145,jev-1.13.0,0.03,0.9666666666666667,0.0033333333333333335,1,2656
146,jev-1.13.0,0.16333333333333333,0.8233333333333333,0.013333333333333334,1,2620
147,jev-1.13.0,0.9833333333333334,0.0,0.016666666666666666,0,2672
148,jev-1.13.0,0.01,0.9899999999999999,0.0,1,2625
149,jev-1.13.0,0.0,1.0,0.0,1,2617
150,jev-1.13.0,0.7366666666666667,0.0,0.2633333333333333,0,2624
151,jev-1.13.0,0.0,0.9966666666666667,0.0033333333333333335,1,2632
152,jev-1.13.0,0.6966666666666667,0.0,0.3033333333333333,0,2727
153,jev-1.13.0,0.0,1.0,0.0,1,2645
154,jev-1.13.0,0.0,1.0,0.0,1,2624
155,jev-1.13.0,0.006666666666666667,0.9933333333333333,0.0,1,2633
156,jev-1.13.0,0.5966666666666667,0.15,0.25333333333333335,0,2635
157,jev-1.13.0,1.0,0.0,0.0,0,2627
158,jev-1.13.0,0.9033333333333333,0.0,0.09666666666666666,0,2633
159,jev-1.13.0,0.0,0.9966666666666667,0.0033333333333333335,1,2620
160,jev-1.13.0,0.9933333333333333,0.0033333333333333335,0.0033333333333333335,0,2618
161,jev-1.13.0,0.049999999999999996,0.9499999999999998,0.0,1,2615
162,jev-1.13.0,0.04666666666666667,0.9533333333333333,0.0,1,2714
163,jev-1.13.0,0.98,0.01,0.01,0,2672
164,jev-1.13.0,0.0,1.0,0.0,1,2616
165,jev-1.13.0,0.016666666666666666,0.9633333333333333,0.02,1,2642
166,jev-1.13.0,0.01,0.9833333333333334,0.006666666666666667,1,2618
167,jev-1.13.0,1.0,0.0,0.0,0,2615
168,jev-1.13.0,0.04,0.96,0.0,1,2634
169,jev-1.13.0,0.0,1.0,0.0,1,2670
170,jev-1.13.0,0.5833333333333334,0.3333333333333333,0.08333333333333333,0,2623
171,jev-1.13.0,0.0,1.0,0.0,1,2617
172,jev-1.13.0,0.98,0.0,0.02,0,2620
173,jev-1.13.0,0.023333333333333334,0.9633333333333333,0.013333333333333334,1,2635
174,jev-1.13.0,0.7366666666666667,0.04,0.22333333333333336,0,2633
175,jev-1.13.0,0.0,1.0,0.0,1,2615
176,jev-1.13.0,0.0,1.0,0.0,1,2628
177,jev-1.13.0,0.7566666666666667,0.0033333333333333335,0.24,0,2626
178,jev-1.13.0,0.0,1.0,0.0,1,2647
179,jev-1.13.0,0.0,1.0,0.0,1,2615
180,jev-1.13.0,0.01,0.4766666666666666,0.5133333333333333,2,2646
181,jev-1.13.0,0.9833333333333334,0.0,0.016666666666666666,0,2686
182,jev-1.13.0,1.0,0.0,0.0,0,2619
183,jev-1.13.0,0.9466666666666667,0.006666666666666667,0.04666666666666667,0,2653
184,jev-1.13.0,0.006666666666666667,0.0,0.9933333333333333,2,2733
185,jev-1.13.0,0.9933333333333333,0.006666666666666667,0.0,0,2616
186,jev-1.13.0,0.9333333333333335,0.0,0.06666666666666667,0,2620
187,jev-1.13.0,0.63,0.0,0.37000000000000005,0,2641
188,jev-1.13.0,0.4466666666666666,0.08333333333333333,0.47,2,2646
189,jev-1.13.0,0.52,0.43,0.049999999999999996,0,2626
190,jev-1.13.0,0.01,0.0,0.9899999999999999,2,2685
191,jev-1.13.0,0.09000000000000001,0.0,0.91,2,2660
192,jev-1.13.0,1.0,0.0,0.0,0,2615
193,jev-1.13.0,0.22666666666666666,0.4466666666666667,0.32666666666666666,1,2695
194,jev-1.13.0,1.0,0.0,0.0,0,2616
195,jev-1.13.0,0.08,0.0,0.92,2,2655
196,jev-1.13.0,0.0,0.0,1.0,2,2720
197,jev-1.13.0,1.0,0.0,0.0,0,2640
198,jev-1.13.0,0.3133333333333333,0.03333333333333333,0.6533333333333333,2,2625
199,jev-1.13.0,0.85,0.0033333333333333335,0.1466666666666667,0,2676
200,jev-1.13.0,0.9733333333333333,0.01,0.016666666666666666,0,2615
201,jev-1.13.0,0.25,0.0,0.75,2,2638
202,jev-1.13.0,1.0,0.0,0.0,0,2615
203,jev-1.13.0,0.0033333333333333335,0.0033333333333333335,0.9933333333333333,2,2643
204,jev-1.13.0,1.0,0.0,0.0,0,2616
205,jev-1.13.0,0.7033333333333335,0.12666666666666668,0.17,0,2614
206,jev-1.13.0,0.3933333333333333,0.01,0.5966666666666667,2,2673
207,jev-1.13.0,0.7766666666666667,0.0,0.22333333333333336,0,2658
208,jev-1.13.0,0.9766666666666666,0.0,0.02333333333333333,0,2637
209,jev-1.13.0,0.11333333333333334,0.04666666666666667,0.84,2,2656
210,jev-1.13.0,0.3066666666666667,0.23,0.4633333333333334,2,2718
211,jev-1.13.0,0.93,0.0,0.06999999999999999,0,2673
212,jev-1.13.0,0.23666666666666666,0.0,0.7633333333333333,2,2660
213,jev-1.13.0,0.9766666666666666,0.0,0.023333333333333334,0,2647
214,jev-1.13.0,0.8533333333333334,0.02666666666666667,0.12,0,2634
215,jev-1.13.0,0.01,0.0,0.9899999999999999,2,2713
216,jev-1.13.0,0.94,0.0,0.06,0,2663
217,jev-1.13.0,0.7600000000000001,0.0,0.24,0,2729
218,jev-1.13.0,0.9733333333333333,0.0,0.02666666666666667,0,2625
219,jev-1.13.0,0.8733333333333334,0.0,0.12666666666666668,0,2650
220,jev-1.13.0,1.0,0.0,0.0,0,2621
221,jev-1.13.0,0.27666666666666667,0.0,0.7233333333333333,2,2653
222,jev-1.13.0,0.56,0.19000000000000003,0.25,0,2724
223,jev-1.13.0,0.01,0.0,0.9899999999999999,2,2672
224,jev-1.13.0,0.013333333333333334,0.9866666666666667,0.0,1,2617
225,jev-1.13.0,1.0,0.0,0.0,0,2641
226,jev-1.13.0,0.9933333333333333,0.0,0.006666666666666667,0,2626
227,jev-1.13.0,0.3,0.0,0.6999999999999998,2,2650
228,jev-1.13.0,0.9899999999999999,0.0,0.01,0,2700
229,jev-1.13.0,0.8466666666666667,0.0,0.15333333333333335,0,2638
230,jev-1.13.0,0.9933333333333333,0.006666666666666667,0.0,0,2616
231,jev-1.13.0,1.0,0.0,0.0,0,2616
232,jev-1.13.0,1.0,0.0,0.0,0,2619
233,jev-1.13.0,0.9666666666666667,0.0,0.03333333333333333,0,2621
234,jev-1.13.0,0.023333333333333334,0.9633333333333333,0.013333333333333334,1,2622
235,jev-1.13.0,0.98,0.02,0.0,0,2612
236,jev-1.13.0,1.0,0.0,0.0,0,2615
237,jev-1.13.0,1.0,0.0,0.0,0,2650
238,jev-1.13.0,0.10000000000000002,0.8999999999999999,0.0,1,2661
239,jev-1.13.0,0.0,1.0,0.0,1,2621
240,jev-1.13.0,0.0,1.0,0.0,1,2626
241,jev-1.13.0,0.37333333333333335,0.62,0.006666666666666667,1,2759
242,jev-1.13.0,0.3033333333333334,0.0,0.6966666666666667,2,2658
243,jev-1.13.0,1.0,0.0,0.0,0,2641
244,jev-1.13.0,0.01,0.0033333333333333335,0.9866666666666667,2,2645
245,jev-1.13.0,1.0,0.0,0.0,0,2633
246,jev-1.13.0,0.43,0.0,0.57,2,2702
247,jev-1.13.0,0.3933333333333333,0.01,0.5966666666666667,2,2660
248,jev-1.13.0,0.9933333333333333,0.006666666666666667,0.0,0,2648
249,jev-1.13.0,0.9766666666666666,0.023333333333333334,0.0,0,2620
250,jev-1.13.0,0.0,1.0,0.0,1,2754
251,jev-1.13.0,0.19333333333333336,0.01,0.7966666666666667,2,2658
252,jev-1.13.0,0.7533333333333334,0.08,0.16666666666666666,0,2626
253,jev-1.13.0,1.0,0.0,0.0,0,2632
254,jev-1.13.0,0.98,0.0,0.02,0,2662
255,jev-1.13.0,0.3366666666666666,0.52,0.14333333333333334,1,2621
256,jev-1.13.0,0.8433333333333334,0.0,0.15666666666666665,0,2619
257,jev-1.13.0,0.8833333333333333,0.0033333333333333335,0.11333333333333334,0,2628
258,jev-1.13.0,1.0,0.0,0.0,0,2616
259,jev-1.13.0,0.63,0.01,0.36000000000000004,0,2620
260,jev-1.13.0,0.13,0.17333333333333334,0.6966666666666667,2,2632
261,jev-1.13.0,0.9566666666666667,0.0,0.043333333333333335,0,2629
262,jev-1.13.0,0.98,0.01,0.01,0,2628
263,jev-1.13.0,0.14666666666666667,0.0,0.8533333333333334,2,2643
264,jev-1.13.0,1.0,0.0,0.0,0,2626
265,jev-1.13.0,1.0,0.0,0.0,0,2615
266,jev-1.13.0,0.9899999999999999,0.0033333333333333335,0.006666666666666667,0,2624
267,jev-1.13.0,1.0,0.0,0.0,0,2625
268,jev-1.13.0,0.9233333333333333,0.06666666666666667,0.01,0,2617
269,jev-1.13.0,0.9533333333333333,0.0,0.04666666666666667,0,2644
270,jev-1.13.0,0.6033333333333334,0.0,0.39666666666666667,0,2638
271,jev-1.13.0,0.49333333333333335,0.02,0.48666666666666664,0,2638
272,jev-1.13.0,0.8566666666666666,0.0,0.14333333333333334,0,2646
273,jev-1.13.0,0.7066666666666667,0.18333333333333335,0.11,0,2625
274,jev-1.13.0,0.2366666666666667,0.15666666666666665,0.6066666666666666,2,2657
275,jev-1.13.0,0.25666666666666665,0.0,0.7433333333333333,2,2665
276,jev-1.13.0,0.8266666666666667,0.0,0.17333333333333334,0,2659
277,jev-1.13.0,1.0,0.0,0.0,0,2627
278,jev-1.13.0,0.2166666666666667,0.013333333333333334,0.77,2,2632
279,jev-1.13.0,0.38999999999999996,0.4333333333333333,0.17666666666666667,1,2622
280,jev-1.13.0,0.19999999999999998,0.6566666666666667,0.14333333333333334,1,2619
281,jev-1.13.0,0.54,0.01,0.45,0,2630
282,jev-1.13.0,0.85,0.12666666666666668,0.023333333333333334,0,2616
283,jev-1.13.0,0.03666666666666667,0.0033333333333333335,0.96,2,2623
284,jev-1.13.0,0.9899999999999999,0.0,0.01,0,2628
285,jev-1.13.0,0.9533333333333333,0.03333333333333333,0.013333333333333334,0,2657
286,jev-1.13.0,1.0,0.0,0.0,0,2645
287,jev-1.13.0,0.49333333333333335,0.04,0.4666666666666666,0,2701
288,jev-1.13.0,1.0,0.0,0.0,0,2614
289,jev-1.13.0,0.7600000000000001,0.030000000000000002,0.20666666666666667,0,2624
290,jev-1.13.0,0.49,0.08,0.43,0,2616
291,jev-1.13.0,0.09666666666666668,0.8966666666666666,0.006666666666666667,1,2660
292,jev-1.13.0,0.9966666666666667,0.0,0.0033333333333333335,0,2686
293,jev-1.13.0,0.9499999999999998,0.0,0.049999999999999996,0,2639
294,jev-1.13.0,0.3833333333333333,0.52,0.09666666666666668,1,2624
295,jev-1.13.0,1.0,0.0,0.0,0,2645
296,jev-1.13.0,0.9966666666666667,0.0,0.0033333333333333335,0,2627
297,jev-1.13.0,1.0,0.0,0.0,0,2663
298,jev-1.13.0,0.87,0.01,0.12,0,2633
299,jev-1.13.0,0.8633333333333333,0.0033333333333333335,0.13333333333333333,0,2624
300,jev-1.13.0,1.0,0.0,0.0,0,2686
301,jev-1.13.0,0.8133333333333334,0.07333333333333332,0.11333333333333334,0,2623
302,jev-1.13.0,0.31666666666666665,0.0,0.6833333333333332,2,2697
303,jev-1.13.0,0.9066666666666667,0.0,0.09333333333333334,0,2691
304,jev-1.13.0,0.0033333333333333335,0.9966666666666667,0.0,1,2651
305,jev-1.13.0,0.9866666666666667,0.0,0.013333333333333334,0,2721
306,jev-1.13.0,0.9966666666666667,0.0,0.0033333333333333335,0,2638
307,jev-1.13.0,1.0,0.0,0.0,0,2614
308,jev-1.13.0,1.0,0.0,0.0,0,2616
309,jev-1.13.0,0.9233333333333333,0.0,0.07666666666666667,0,2623
310,jev-1.13.0,0.013333333333333334,0.9866666666666667,0.0,1,2687
311,jev-1.13.0,1.0,0.0,0.0,0,2615
312,jev-1.13.0,0.0,1.0,0.0,1,2622
313,jev-1.13.0,0.0,1.0,0.0,1,2624
314,jev-1.13.0,1.0,0.0,0.0,0,2626
315,jev-1.13.0,1.0,0.0,0.0,0,2641
316,jev-1.13.0,1.0,0.0,0.0,0,2627
317,jev-1.13.0,0.6866666666666666,0.19333333333333333,0.12,0,2613
318,jev-1.13.0,0.41,0.0,0.59,2,2630
319,jev-1.13.0,0.2933333333333334,0.02333333333333333,0.6833333333333332,2,2631
320,jev-1.13.0,0.12333333333333334,0.0,0.8766666666666666,2,2643
321,jev-1.13.0,0.43,0.15666666666666668,0.41333333333333333,0,2675
322,jev-1.13.0,0.16333333333333336,0.8366666666666666,0.0,1,2726
323,jev-1.13.0,1.0,0.0,0.0,0,2642
324,jev-1.13.0,1.0,0.0,0.0,0,2666
325,jev-1.13.0,1.0,0.0,0.0,0,2616
326,jev-1.13.0,1.0,0.0,0.0,0,2617
327,jev-1.13.0,1.0,0.0,0.0,0,2622
328,jev-1.13.0,0.0,1.0,0.0,1,2642
329,jev-1.13.0,1.0,0.0,0.0,0,2616
330,jev-1.13.0,0.9866666666666667,0.0,0.013333333333333334,0,2639
331,jev-1.13.0,0.98,0.0,0.02,0,2631
332,jev-1.13.0,0.9566666666666667,0.0,0.043333333333333335,0,2624
333,jev-1.13.0,1.0,0.0,0.0,0,2616
334,jev-1.13.0,0.0,0.06666666666666667,0.9333333333333332,2,2646
335,jev-1.13.0,0.0,0.0,1.0,2,2652
336,jev-1.13.0,0.023333333333333334,0.0,0.9766666666666666,2,2639
337,jev-1.13.0,1.0,0.0,0.0,0,2616
338,jev-1.13.0,1.0,0.0,0.0,0,2651
339,jev-1.13.0,0.0,0.0,1.0,2,2831
340,jev-1.13.0,0.0,1.0,0.0,1,2656
341,jev-1.13.0,0.8733333333333334,0.01,0.11666666666666668,0,2701
342,jev-1.13.0,0.8366666666666666,0.14,0.023333333333333334,0,2637
343,jev-1.13.0,1.0,0.0,0.0,0,2623
344,jev-1.13.0,0.77,0.10999999999999999,0.12,0,2664
345,jev-1.13.0,0.9966666666666667,0.0033333333333333335,0.0,0,2613
346,jev-1.13.0,0.0,1.0,0.0,1,2642
347,jev-1.13.0,0.18666666666666668,0.8099999999999999,0.0033333333333333335,1,2662
348,jev-1.13.0,0.20666666666666667,0.0033333333333333335,0.79,2,2672
349,jev-1.13.0,0.9766666666666666,0.02,0.0033333333333333335,0,2615
350,jev-1.13.0,0.0,1.0,0.0,1,2637
351,jev-1.13.0,1.0,0.0,0.0,0,2617
352,jev-1.13.0,1.0,0.0,0.0,0,2616
353,jev-1.13.0,0.7999999999999999,0.07333333333333332,0.12666666666666668,0,2621
354,jev-1.13.0,1.0,0.0,0.0,0,2613
355,jev-1.13.0,0.5033333333333333,0.31666666666666665,0.18000000000000002,0,2617
356,jev-1.13.0,0.9899999999999999,0.0,0.01,0,2674
357,jev-1.13.0,1.0,0.0,0.0,0,2616
358,jev-1.13.0,0.0,1.0,0.0,1,2624
359,jev-1.13.0,1.0,0.0,0.0,0,2633
360,jev-1.13.0,0.7600000000000001,0.08666666666666667,0.15333333333333332,0,2656
361,jev-1.13.0,0.0,1.0,0.0,1,2639
362,jev-1.13.0,0.0,1.0,0.0,1,2665
363,jev-1.13.0,0.3,0.6966666666666667,0.0033333333333333335,1,2683
364,jev-1.13.0,0.32666666666666666,0.0033333333333333335,0.67,2,2644
365,jev-1.13.0,0.9933333333333333,0.006666666666666667,0.0,0,2778
366,jev-1.13.0,0.056666666666666664,0.9433333333333334,0.0,1,2653
367,jev-1.13.0,0.9566666666666667,0.043333333333333335,0.0,0,2615
368,jev-1.13.0,0.0,1.0,0.0,1,2629
369,jev-1.13.0,0.0,1.0,0.0,1,2624
370,jev-1.13.0,0.08333333333333333,0.9066666666666667,0.01,1,2620
371,jev-1.13.0,0.9966666666666667,0.0033333333333333335,0.0,0,2615
372,jev-1.13.0,0.06666666666666667,0.93,0.0033333333333333335,1,2616
373,jev-1.13.0,0.0,0.9966666666666667,0.0033333333333333335,1,2633
374,jev-1.13.0,0.0,1.0,0.0,1,2672
375,jev-1.13.0,0.0,1.0,0.0,1,2624
376,jev-1.13.0,0.0,1.0,0.0,1,2629
377,jev-1.13.0,0.7799999999999999,0.09999999999999999,0.12,0,2636
378,jev-1.13.0,0.3066666666666667,0.6766666666666666,0.016666666666666666,1,2669
379,jev-1.13.0,1.0,0.0,0.0,0,2622
380,jev-1.13.0,1.0,0.0,0.0,0,2670
381,jev-1.13.0,0.9566666666666667,0.0,0.043333333333333335,0,2622
382,jev-1.13.0,0.2866666666666667,0.6966666666666667,0.016666666666666666,1,2700
383,jev-1.13.0,0.6433333333333334,0.03,0.32666666666666666,0,2633
384,jev-1.13.0,1.0,0.0,0.0,0,2726
385,jev-1.13.0,1.0,0.0,0.0,0,2684
386,jev-1.13.0,0.98,0.0,0.02,0,2707
387,jev-1.13.0,0.17,0.13333333333333333,0.6966666666666667,2,2621
388,jev-1.13.0,0.39666666666666667,0.016666666666666666,0.5866666666666666,2,2668
389,jev-1.13.0,0.7233333333333333,0.04,0.2366666666666667,0,2618
390,jev-1.13.0,1.0,0.0,0.0,0,2660
391,jev-1.13.0,1.0,0.0,0.0,0,2700
392,jev-1.13.0,0.7333333333333334,0.0,0.26666666666666666,0,2765
393,jev-1.13.0,0.8466666666666667,0.013333333333333334,0.14,0,2637
394,jev-1.13.0,0.9566666666666667,0.02666666666666667,0.016666666666666666,0,2620
395,jev-1.13.0,0.6,0.33666666666666667,0.06333333333333334,0,3092
396,jev-1.13.0,0.8666666666666667,0.049999999999999996,0.08333333333333333,0,2662
397,jev-1.13.0,0.8133333333333334,0.0,0.18666666666666668,0,2628
398,jev-1.13.0,1.0,0.0,0.0,0,2632
399,jev-1.13.0,0.05333333333333334,0.9466666666666667,0.0,1,2693
400,jev-1.13.0,0.68,0.016666666666666666,0.30333333333333334,0,2633
401,jev-1.13.0,0.02666666666666667,0.9733333333333333,0.0,1,2652
402,jev-1.13.0,1.0,0.0,0.0,0,2645
403,jev-1.13.0,0.05333333333333334,0.0,0.9466666666666667,2,2641
404,jev-1.13.0,0.10666666666666667,0.006666666666666667,0.8866666666666667,2,2625
405,jev-1.13.0,0.0,1.0,0.0,1,2631
406,jev-1.13.0,1.0,0.0,0.0,0,2616
407,jev-1.13.0,0.7866666666666667,0.0,0.21333333333333335,0,2617
408,jev-1.13.0,0.0,1.0,0.0,1,2632
409,jev-1.13.0,0.09666666666666668,0.0,0.9033333333333333,2,2747
410,jev-1.13.0,0.9866666666666667,0.0,0.013333333333333334,0,2615
411,jev-1.13.0,0.4533333333333333,0.0,0.5466666666666667,2,2718
412,jev-1.13.0,0.1466666666666667,0.48,0.3733333333333333,1,2679
413,jev-1.13.0,1.0,0.0,0.0,0,2617
414,jev-1.13.0,1.0,0.0,0.0,0,2617
415,jev-1.13.0,1.0,0.0,0.0,0,2811
416,jev-1.13.0,1.0,0.0,0.0,0,2617
417,jev-1.13.0,0.3499999999999999,0.013333333333333334,0.6366666666666667,2,2624
418,jev-1.13.0,0.006666666666666667,0.9833333333333334,0.01,1,2634
419,jev-1.13.0,0.8366666666666666,0.0,0.16333333333333333,0,2652
420,jev-1.13.0,0.9966666666666667,0.0,0.0033333333333333335,0,2659
421,jev-1.13.0,0.5299999999999999,0.01,0.45999999999999996,0,2630
422,jev-1.13.0,0.7833333333333333,0.07,0.14666666666666664,0,2653
423,jev-1.13.0,0.32666666666666666,0.47000000000000003,0.20333333333333334,1,2701
424,jev-1.13.0,1.0,0.0,0.0,0,2616
425,jev-1.13.0,0.6733333333333333,0.0,0.32666666666666666,0,2789
426,jev-1.13.0,1.0,0.0,0.0,0,2675
427,jev-1.13.0,1.0,0.0,0.0,0,2638
428,jev-1.13.0,1.0,0.0,0.0,0,2615
429,jev-1.13.0,0.5233333333333333,0.023333333333333334,0.4533333333333333,0,2647
430,jev-1.13.0,0.96,0.0,0.04,0,2754
431,jev-1.13.0,0.9866666666666667,0.0,0.013333333333333334,0,2677
432,jev-1.13.0,0.9966666666666667,0.0,0.0033333333333333335,0,2627
433,jev-1.13.0,0.016666666666666666,0.9833333333333334,0.0,1,2624
434,jev-1.13.0,0.02,0.0,0.98,2,2676
435,jev-1.13.0,0.9899999999999999,0.0,0.01,0,2632
436,jev-1.13.0,1.0,0.0,0.0,0,2627
437,jev-1.13.0,0.8733333333333334,0.11666666666666665,0.01,0,2615
438,jev-1.13.0,1.0,0.0,0.0,0,2616
439,jev-1.13.0,0.9533333333333333,0.03333333333333333,0.013333333333333334,0,2618
440,jev-1.13.0,0.45,0.0,0.5499999999999999,2,2626
441,jev-1.13.0,0.9899999999999999,0.0,0.01,0,2629
442,jev-1.13.0,0.64,0.21,0.15,0,2624
443,jev-1.13.0,1.0,0.0,0.0,0,2632
444,jev-1.13.0,1.0,0.0,0.0,0,2615
445,jev-1.13.0,0.056666666666666664,0.0,0.9433333333333334,2,2732
446,jev-1.13.0,0.96,0.013333333333333334,0.02666666666666667,0,2617
447,jev-1.13.0,1.0,0.0,0.0,0,2616
448,jev-1.13.0,0.4366666666666667,0.01,0.5533333333333333,2,2637
449,jev-1.13.0,0.0,1.0,0.0,1,2696
450,jev-1.13.0,0.6033333333333334,0.01,0.3866666666666667,0,2634
451,jev-1.13.0,1.0,0.0,0.0,0,2652
452,jev-1.13.0,0.93,0.05333333333333334,0.016666666666666666,0,2621
453,jev-1.13.0,0.3933333333333333,0.0,0.6066666666666667,2,2630
454,jev-1.13.0,1.0,0.0,0.0,0,2617
455,jev-1.13.0,1.0,0.0,0.0,0,2615
456,jev-1.13.0,1.0,0.0,0.0,0,2620
457,jev-1.13.0,0.0,1.0,0.0,1,2650
458,jev-1.13.0,0.9966666666666667,0.0,0.0033333333333333335,0,2617
459,jev-1.13.0,0.0,1.0,0.0,1,2693
460,jev-1.13.0,1.0,0.0,0.0,0,2660
461,jev-1.13.0,0.8766666666666666,0.05333333333333334,0.07,0,2616
462,jev-1.13.0,0.0,1.0,0.0,1,2618
463,jev-1.13.0,0.0,1.0,0.0,1,2623
464,jev-1.13.0,0.0,1.0,0.0,1,2678
465,jev-1.13.0,0.9700000000000001,0.0,0.03,0,2672
466,jev-1.13.0,0.03,0.96,0.01,1,2681
467,jev-1.13.0,0.07,0.9266666666666666,0.0033333333333333335,1,2614
468,jev-1.13.0,0.0,1.0,0.0,1,2636
469,jev-1.13.0,0.0,1.0,0.0,1,2684
470,jev-1.13.0,0.84,0.0,0.16,0,2649
471,jev-1.13.0,0.023333333333333334,0.9766666666666666,0.0,1,2616
472,jev-1.13.0,0.0,1.0,0.0,1,2630
473,jev-1.13.0,0.0,1.0,0.0,1,2631
474,jev-1.13.0,0.0,1.0,0.0,1,2635
475,jev-1.13.0,0.0,1.0,0.0,1,2692
476,jev-1.13.0,1.0,0.0,0.0,0,2615
477,jev-1.13.0,1.0,0.0,0.0,0,2634
478,jev-1.13.0,1.0,0.0,0.0,0,2623
479,jev-1.13.0,0.0,1.0,0.0,1,2616
480,jev-1.13.0,0.0,0.9899999999999999,0.01,1,2680
481,jev-1.13.0,0.0,1.0,0.0,1,2637
482,jev-1.13.0,0.28,0.0,0.7200000000000001,2,2773
483,jev-1.13.0,0.03666666666666667,0.9633333333333333,0.0,1,2662
484,jev-1.13.0,1.0,0.0,0.0,0,2619
485,jev-1.13.0,1.0,0.0,0.0,0,2655
486,jev-1.13.0,0.9066666666666667,0.01,0.08333333333333333,0,2625
487,jev-1.13.0,0.12333333333333334,0.02,0.8566666666666666,2,2649
488,jev-1.13.0,0.82,0.0,0.18000000000000002,0,2686
489,jev-1.13.0,0.0,1.0,0.0,1,2661
490,jev-1.13.0,0.013333333333333334,0.9866666666666667,0.0,1,2617
491,jev-1.13.0,0.9866666666666667,0.0,0.013333333333333334,0,2660
492,jev-1.13.0,0.0,1.0,0.0,1,2656
493,jev-1.13.0,0.41333333333333333,0.5366666666666666,0.049999999999999996,1,2618
494,jev-1.13.0,0.0,1.0,0.0,1,2657
495,jev-1.13.0,0.0,1.0,0.0,1,2620
496,jev-1.13.0,0.48,0.5166666666666666,0.0033333333333333335,1,2820
497,jev-1.13.0,0.2833333333333333,0.14666666666666667,0.57,2,2639
498,jev-1.13.0,0.01,0.9899999999999999,0.0,1,2672
499,jev-1.13.0,0.9766666666666666,0.023333333333333334,0.0,0,2638
500,jev-1.13.0,0.38999999999999996,0.03,0.58,2,2634
501,jev-1.13.0,0.9233333333333333,0.05000000000000001,0.02666666666666667,0,2680
502,jev-1.13.0,0.18000000000000002,0.0033333333333333335,0.8166666666666668,2,2620
503,jev-1.13.0,0.0033333333333333335,0.9966666666666667,0.0,1,2622
504,jev-1.13.0,0.8366666666666666,0.14333333333333334,0.02,0,2650
505,jev-1.13.0,0.0033333333333333335,0.9866666666666667,0.01,1,2730
506,jev-1.13.0,0.0,0.9966666666666667,0.0033333333333333335,1,2625
507,jev-1.13.0,1.0,0.0,0.0,0,2661
508,jev-1.13.0,0.9899999999999999,0.0,0.01,0,2636
509,jev-1.13.0,0.0033333333333333335,0.9966666666666667,0.0,1,2629
510,jev-1.13.0,0.17333333333333334,0.7799999999999999,0.04666666666666667,1,2620
511,jev-1.13.0,0.0,1.0,0.0,1,2615
512,jev-1.13.0,0.3133333333333333,0.48999999999999994,0.19666666666666668,1,2682
513,jev-1.13.0,0.21333333333333335,0.0,0.7866666666666667,2,2682
514,jev-1.13.0,0.006666666666666667,0.9933333333333333,0.0,1,2659
515,jev-1.13.0,0.006666666666666667,0.9899999999999999,0.0033333333333333335,1,2659
516,jev-1.13.0,1.0,0.0,0.0,0,2618
517,jev-1.13.0,0.12333333333333334,0.7033333333333333,0.17333333333333334,1,2621
518,jev-1.13.0,0.05000000000000001,0.9499999999999998,0.0,1,2618
519,jev-1.13.0,0.0033333333333333335,0.9899999999999999,0.006666666666666667,1,2629
520,jev-1.13.0,0.25666666666666665,0.6933333333333334,0.049999999999999996,1,2621
521,jev-1.13.0,1.0,0.0,0.0,0,2617
522,jev-1.13.0,1.0,0.0,0.0,0,2640
523,jev-1.13.0,0.8866666666666667,0.11333333333333333,0.0,0,2614
524,jev-1.13.0,0.0,1.0,0.0,1,2614
525,jev-1.13.0,0.0,1.0,0.0,1,2617
526,jev-1.13.0,0.3266666666666667,0.6733333333333333,0.0,1,2746
527,jev-1.13.0,0.0,1.0,0.0,1,2622
528,jev-1.13.0,0.01,0.9666666666666667,0.023333333333333334,1,2627
529,jev-1.13.0,1.0,0.0,0.0,0,2615
530,jev-1.13.0,0.013333333333333334,0.98,0.006666666666666667,1,2619
531,jev-1.13.0,0.9733333333333333,0.02666666666666667,0.0,0,2616
532,jev-1.13.0,1.0,0.0,0.0,0,2621
533,jev-1.13.0,0.05000000000000001,0.92,0.03,1,2614
534,jev-1.13.0,0.0,1.0,0.0,1,2633
535,jev-1.13.0,0.02666666666666667,0.9700000000000001,0.0033333333333333335,1,2615
536,jev-1.13.0,0.0,1.0,0.0,1,2617
537,jev-1.13.0,0.0,1.0,0.0,1,2667
538,jev-1.13.0,0.45333333333333337,0.4266666666666667,0.12,0,2673
539,jev-1.13.0,0.5466666666666667,0.45,0.0033333333333333335,0,2686
540,jev-1.13.0,0.0,1.0,0.0,1,2632
541,jev-1.13.0,1.0,0.0,0.0,0,2616
542,jev-1.13.0,1.0,0.0,0.0,0,2615
543,jev-1.13.0,0.20666666666666667,0.6533333333333333,0.14,1,2615
544,jev-1.13.0,0.0,1.0,0.0,1,2634
545,jev-1.13.0,0.6333333333333333,0.0,0.3666666666666667,0,2684
546,jev-1.13.0,0.013333333333333334,0.9866666666666667,0.0,1,2621
547,jev-1.13.0,0.03,0.9666666666666667,0.0033333333333333335,1,2621
548,jev-1.13.0,1.0,0.0,0.0,0,2619
549,jev-1.13.0,0.0,1.0,0.0,1,2636
550,jev-1.13.0,1.0,0.0,0.0,0,2617
551,jev-1.13.0,0.0,1.0,0.0,1,2629
552,jev-1.13.0,0.09666666666666668,0.0,0.9033333333333333,2,2672
553,jev-1.13.0,1.0,0.0,0.0,0,2617
554,jev-1.13.0,0.006666666666666667,0.9933333333333333,0.0,1,2622
555,jev-1.13.0,0.4066666666666667,0.0,0.5933333333333334,2,2644
556,jev-1.13.0,1.0,0.0,0.0,0,2632
557,jev-1.13.0,0.73,0.25,0.02,0,2663
558,jev-1.13.0,1.0,0.0,0.0,0,2617
559,jev-1.13.0,1.0,0.0,0.0,0,2616
560,jev-1.13.0,1.0,0.0,0.0,0,2638
561,jev-1.13.0,0.0,1.0,0.0,1,2621
562,jev-1.13.0,0.8066666666666666,0.006666666666666667,0.18666666666666668,0,2659
563,jev-1.13.0,1.0,0.0,0.0,0,2619
564,jev-1.13.0,0.6966666666666667,0.18000000000000002,0.12333333333333334,0,2616
565,jev-1.13.0,0.0033333333333333335,0.9866666666666667,0.01,1,2672
566,jev-1.13.0,1.0,0.0,0.0,0,2679
567,jev-1.13.0,0.0,1.0,0.0,1,2625
568,jev-1.13.0,0.91,0.0,0.09000000000000001,0,2644
569,jev-1.13.0,0.0,1.0,0.0,1,2622
570,jev-1.13.0,0.023333333333333334,0.9033333333333333,0.07333333333333333,1,2629
571,jev-1.13.0,0.0,1.0,0.0,1,2614
572,jev-1.13.0,0.0,1.0,0.0,1,2613
573,jev-1.13.0,0.0,1.0,0.0,1,2624
574,jev-1.13.0,1.0,0.0,0.0,0,2634
575,jev-1.13.0,0.0,1.0,0.0,1,2641
576,jev-1.13.0,0.6333333333333333,0.06,0.30666666666666664,0,2630
577,jev-1.13.0,0.19333333333333333,0.0,0.8066666666666666,2,2657
578,jev-1.13.0,0.0,1.0,0.0,1,2621
579,jev-1.13.0,0.0,1.0,0.0,1,2701
580,jev-1.13.0,0.0,1.0,0.0,1,2754
581,jev-1.13.0,0.0,0.9899999999999999,0.01,1,2650
582,jev-1.13.0,0.0,1.0,0.0,1,2623
583,jev-1.13.0,1.0,0.0,0.0,0,2628
584,jev-1.13.0,0.0,1.0,0.0,1,2639
585,jev-1.13.0,0.91,0.07333333333333335,0.016666666666666666,0,2619
586,jev-1.13.0,0.9933333333333333,0.006666666666666667,0.0,0,2615
587,jev-1.13.0,0.6966666666666667,0.02666666666666667,0.27666666666666667,0,2631
588,jev-1.13.0,0.92,0.0,0.08,0,2645
589,jev-1.13.0,0.0,1.0,0.0,1,2646
590,jev-1.13.0,0.0,1.0,0.0,1,2651
591,jev-1.13.0,0.24,0.7000000000000001,0.06,1,2626
592,jev-1.13.0,1.0,0.0,0.0,0,2644
593,jev-1.13.0,0.0,1.0,0.0,1,2618
594,jev-1.13.0,0.0,1.0,0.0,1,2653
595,jev-1.13.0,0.98,0.0,0.02,0,2621
596,jev-1.13.0,0.0,1.0,0.0,1,2613
597,jev-1.13.0,1.0,0.0,0.0,0,2615
598,jev-1.13.0,1.0,0.0,0.0,0,2618
599,jev-1.13.0,0.0,1.0,0.0,1,2621
600,jev-1.13.0,0.0,1.0,0.0,1,2622
601,jev-1.13.0,0.9933333333333333,0.0,0.006666666666666667,0,2623
602,jev-1.13.0,0.9700000000000001,0.02,0.01,0,2619
603,jev-1.13.0,0.9466666666666667,0.03333333333333333,0.02,0,2624
604,jev-1.13.0,0.0,1.0,0.0,1,2649
605,jev-1.13.0,0.0,1.0,0.0,1,2626
606,jev-1.13.0,0.0,1.0,0.0,1,2656
607,jev-1.13.0,0.0,0.9833333333333334,0.016666666666666666,1,2650
608,jev-1.13.0,0.016666666666666666,0.9833333333333334,0.0,1,2625
609,jev-1.13.0,0.02,0.98,0.0,1,2626
610,jev-1.13.0,1.0,0.0,0.0,0,2617
611,jev-1.13.0,0.88,0.12000000000000001,0.0,0,2644
612,jev-1.13.0,1.0,0.0,0.0,0,2623
613,jev-1.13.0,0.32666666666666666,0.5933333333333334,0.08,1,2632
614,jev-1.13.0,0.016666666666666666,0.9833333333333334,0.0,1,2625
615,jev-1.13.0,0.9266666666666667,0.07333333333333335,0.0,0,2637
616,jev-1.13.0,0.0,0.9899999999999999,0.01,1,2639
617,jev-1.13.0,1.0,0.0,0.0,0,2615
618,jev-1.13.0,0.61,0.39000000000000007,0.0,0,2649
619,jev-1.13.0,0.06333333333333334,0.9233333333333333,0.013333333333333334,1,2628
620,jev-1.13.0,1.0,0.0,0.0,0,2617
621,jev-1.13.0,0.9933333333333333,0.0,0.006666666666666667,0,2653
622,jev-1.13.0,0.9733333333333333,0.016666666666666666,0.01,0,2616
623,jev-1.13.0,0.41,0.04,0.5499999999999999,2,2639
624,jev-1.13.0,0.21,0.0,0.79,2,2631
625,jev-1.13.0,0.01,0.0,0.9899999999999999,2,2687
626,jev-1.13.0,0.13,0.87,0.0,1,2754
627,jev-1.13.0,0.9833333333333334,0.0,0.016666666666666666,0,2652
628,jev-1.13.0,0.8233333333333333,0.0,0.17666666666666667,0,2705
629,jev-1.13.0,0.9333333333333335,0.06,0.006666666666666667,0,2616
630,jev-1.13.0,0.9933333333333333,0.006666666666666667,0.0,0,2615
631,jev-1.13.0,0.9433333333333334,0.04,0.016666666666666666,0,2627
632,jev-1.13.0,0.2866666666666667,0.0033333333333333335,0.71,2,2638
633,jev-1.13.0,1.0,0.0,0.0,0,2616
634,jev-1.13.0,0.18666666666666668,0.0,0.8133333333333334,2,2789
635,jev-1.13.0,0.14,0.0,0.86,2,2645
636,jev-1.13.0,0.08333333333333333,0.8233333333333333,0.09333333333333334,1,2643
637,jev-1.13.0,0.0,1.0,0.0,1,2618
638,jev-1.13.0,1.0,0.0,0.0,0,2615
639,jev-1.13.0,0.15333333333333332,0.01,0.8366666666666666,2,2719
640,jev-1.13.0,1.0,0.0,0.0,0,2616
641,jev-1.13.0,0.8566666666666666,0.0,0.14333333333333334,0,2621
642,jev-1.13.0,0.46,0.0,0.54,2,2703
643,jev-1.13.0,0.12666666666666668,0.01,0.8633333333333333,2,2647
644,jev-1.13.0,0.44333333333333336,0.43999999999999995,0.11666666666666665,0,2633
645,jev-1.13.0,0.8233333333333334,0.0,0.17666666666666667,0,2633
646,jev-1.13.0,0.89,0.016666666666666666,0.09333333333333334,0,2628
647,jev-1.13.0,1.0,0.0,0.0,0,2615
648,jev-1.13.0,0.11333333333333334,0.8366666666666666,0.05000000000000001,1,2622
649,jev-1.13.0,1.0,0.0,0.0,0,2618
650,jev-1.13.0,1.0,0.0,0.0,0,2617
651,jev-1.13.0,1.0,0.0,0.0,0,2615
652,jev-1.13.0,0.016666666666666666,0.013333333333333334,0.9700000000000001,2,2627
653,jev-1.13.0,1.0,0.0,0.0,0,2616
654,jev-1.13.0,0.15666666666666665,0.4633333333333333,0.38000000000000006,1,2656
655,jev-1.13.0,0.47333333333333333,0.0033333333333333335,0.5233333333333333,2,2640
656,jev-1.13.0,0.7600000000000001,0.01,0.22999999999999998,0,2645
657,jev-1.13.0,1.0,0.0,0.0,0,2615
658,jev-1.13.0,1.0,0.0,0.0,0,2617
659,jev-1.13.0,0.8133333333333334,0.18333333333333335,0.0033333333333333335,0,2628
660,jev-1.13.0,0.9933333333333333,0.0,0.006666666666666667,0,2622
661,jev-1.13.0,0.9766666666666666,0.01,0.013333333333333334,0,2621
662,jev-1.13.0,0.47333333333333333,0.030000000000000002,0.49666666666666665,2,2615
663,jev-1.13.0,1.0,0.0,0.0,0,2625
664,jev-1.13.0,0.9266666666666667,0.013333333333333334,0.056666666666666664,0,2618
665,jev-1.13.0,0.6033333333333334,0.016666666666666666,0.38000000000000006,0,2634
666,jev-1.13.0,0.056666666666666664,0.9333333333333335,0.01,1,2628
667,jev-1.13.0,1.0,0.0,0.0,0,2616
668,jev-1.13.0,1.0,0.0,0.0,0,2615
669,jev-1.13.0,0.9933333333333333,0.0,0.006666666666666667,0,2631
670,jev-1.13.0,0.9133333333333334,0.03333333333333333,0.05333333333333334,0,2615
671,jev-1.13.0,0.0,0.9966666666666667,0.0033333333333333335,1,2634
672,jev-1.13.0,0.9700000000000001,0.023333333333333334,0.006666666666666667,0,2619
673,jev-1.13.0,1.0,0.0,0.0,0,2615
674,jev-1.13.0,0.8733333333333334,0.08333333333333333,0.043333333333333335,0,2617
675,jev-1.13.0,0.5866666666666668,0.0033333333333333335,0.41,0,2652
676,jev-1.13.0,0.03666666666666667,0.5733333333333334,0.38999999999999996,1,2633
677,jev-1.13.0,1.0,0.0,0.0,0,2618
678,jev-1.13.0,1.0,0.0,0.0,0,2629
679,jev-1.13.0,1.0,0.0,0.0,0,2617
680,jev-1.13.0,1.0,0.0,0.0,0,2614
681,jev-1.13.0,0.4533333333333333,0.0,0.5466666666666667,2,2625
682,jev-1.13.0,1.0,0.0,0.0,0,2652
683,jev-1.13.0,0.9466666666666667,0.0,0.05333333333333334,0,2633
684,jev-1.13.0,0.18000000000000002,0.02666666666666667,0.7933333333333333,2,2711
685,jev-1.13.0,0.17666666666666667,0.09000000000000001,0.7333333333333334,2,2642
686,jev-1.13.0,0.5233333333333333,0.4466666666666666,0.03,0,2616
687,jev-1.13.0,1.0,0.0,0.0,0,2656
688,jev-1.13.0,1.0,0.0,0.0,0,2640
689,jev-1.13.0,0.4666666666666666,0.11666666666666668,0.4166666666666667,0,2626
690,jev-1.13.0,0.10666666666666667,0.0,0.8933333333333334,2,2702
691,jev-1.13.0,0.0,0.0,1.0,2,2673
692,jev-1.13.0,0.5366666666666667,0.0,0.4633333333333333,0,2799
693,jev-1.13.0,0.44333333333333336,0.5566666666666668,0.0,1,2745
694,jev-1.13.0,0.02666666666666667,0.043333333333333335,0.93,2,2879
695,jev-1.13.0,0.93,0.0,0.07,0,2674
696,jev-1.13.0,0.03666666666666667,0.9166666666666666,0.04666666666666667,1,2621
697,jev-1.13.0,0.9633333333333333,0.0033333333333333335,0.03333333333333333,0,2731
698,jev-1.13.0,0.48,0.0,0.52,2,2619
699,jev-1.13.0,0.5933333333333334,0.0,0.40666666666666673,0,2652
700,jev-1.13.0,0.0,1.0,0.0,1,2640
701,jev-1.13.0,0.65,0.3233333333333333,0.02666666666666667,0,2629
702,jev-1.13.0,0.006666666666666667,0.016666666666666666,0.9766666666666666,2,2667
703,jev-1.13.0,0.0,1.0,0.0,1,2639
704,jev-1.13.0,0.8300000000000001,0.07,0.09999999999999999,0,2626
705,jev-1.13.0,0.9866666666666667,0.01,0.0033333333333333335,0,2615
706,jev-1.13.0,0.8366666666666666,0.1466666666666667,0.016666666666666666,0,2615
707,jev-1.13.0,0.89,0.043333333333333335,0.06666666666666667,0,2625
708,jev-1.13.0,1.0,0.0,0.0,0,2618
709,jev-1.13.0,0.11666666666666665,0.8833333333333333,0.0,1,2715
710,jev-1.13.0,0.5,0.0,0.5,0,2645
711,jev-1.13.0,0.8133333333333334,0.06,0.12666666666666668,0,2631
712,jev-1.13.0,0.9066666666666667,0.0,0.09333333333333334,0,2642
713,jev-1.13.0,0.030000000000000002,0.0,0.9700000000000001,2,2677
714,jev-1.13.0,1.0,0.0,0.0,0,2662
715,jev-1.13.0,0.11666666666666665,0.18333333333333335,0.6999999999999998,2,2682
716,jev-1.13.0,0.0,1.0,0.0,1,2663
717,jev-1.13.0,1.0,0.0,0.0,0,2624
718,jev-1.13.0,0.2966666666666667,0.17333333333333334,0.5299999999999999,2,2643
719,jev-1.13.0,0.36999999999999994,0.043333333333333335,0.5866666666666668,2,2624
720,jev-1.13.0,1.0,0.0,0.0,0,2753
721,jev-1.13.0,0.9566666666666667,0.0,0.043333333333333335,0,2637
722,jev-1.13.0,0.9899999999999999,0.0,0.01,0,2622
723,jev-1.13.0,1.0,0.0,0.0,0,2676
724,jev-1.13.0,0.26333333333333336,0.01,0.7266666666666667,2,2648
725,jev-1.13.0,0.8266666666666667,0.17333333333333334,0.0,0,2622
726,jev-1.13.0,0.91,0.0,0.09000000000000001,0,2673
727,jev-1.13.0,1.0,0.0,0.0,0,2615
728,jev-1.13.0,1.0,0.0,0.0,0,2631
729,jev-1.13.0,0.93,0.06,0.01,0,2614
730,jev-1.13.0,0.0033333333333333335,0.9966666666666667,0.0,1,2650
731,jev-1.13.0,0.31,0.14,0.5499999999999999,2,2639
732,jev-1.13.0,1.0,0.0,0.0,0,2616
733,jev-1.13.0,1.0,0.0,0.0,0,2618
734,jev-1.13.0,0.7166666666666667,0.013333333333333334,0.27,0,2638
735,jev-1.13.0,1.0,0.0,0.0,0,2617
736,jev-1.13.0,0.9966666666666667,0.0,0.0033333333333333335,0,2620
737,jev-1.13.0,1.0,0.0,0.0,0,2617
738,jev-1.13.0,0.9899999999999999,0.0,0.01,0,2630
739,jev-1.13.0,0.9566666666666667,0.0,0.043333333333333335,0,2627
740,jev-1.13.0,0.0,1.0,0.0,1,2617
741,jev-1.13.0,0.06,0.94,0.0,1,2741
742,jev-1.13.0,0.43999999999999995,0.03333333333333333,0.5266666666666667,2,2861
743,jev-1.13.0,0.9899999999999999,0.0,0.01,0,2633
744,jev-1.13.0,1.0,0.0,0.0,0,2630
745,jev-1.13.0,0.8066666666666666,0.0,0.19333333333333333,0,2666
746,jev-1.13.0,1.0,0.0,0.0,0,2616
747,jev-1.13.0,0.7666666666666666,0.0,0.2333333333333333,0,2691
748,jev-1.13.0,0.06999999999999999,0.68,0.25,1,2619
749,jev-1.13.0,0.89,0.0,0.11,0,2628
750,jev-1.13.0,0.9933333333333333,0.0,0.006666666666666667,0,2938
751,jev-1.13.0,0.9866666666666667,0.01,0.0033333333333333335,0,2617
752,jev-1.13.0,0.9933333333333333,0.006666666666666667,0.0,0,2644
753,jev-1.13.0,0.88,0.05666666666666667,0.06333333333333334,0,2613
754,jev-1.13.0,0.0,1.0,0.0,1,2618
755,jev-1.13.0,0.9933333333333333,0.006666666666666667,0.0,0,2664
756,jev-1.13.0,0.6933333333333334,0.02,0.2866666666666667,0,2643
757,jev-1.13.0,0.9333333333333332,0.043333333333333335,0.023333333333333334,0,2615
758,jev-1.13.0,0.0,1.0,0.0,1,2631
759,jev-1.13.0,0.3566666666666667,0.6333333333333334,0.01,1,2617
760,jev-1.13.0,0.82,0.03333333333333333,0.1466666666666667,0,2671
761,jev-1.13.0,0.20333333333333334,0.7133333333333334,0.08333333333333333,1,2622
762,jev-1.13.0,1.0,0.0,0.0,0,2634
763,jev-1.13.0,0.8166666666666665,0.016666666666666666,0.16666666666666666,0,2692
764,jev-1.13.0,0.21666666666666667,0.5233333333333333,0.26,1,2808
765,jev-1.13.0,0.15333333333333332,0.7966666666666665,0.05000000000000001,1,2616
766,jev-1.13.0,0.4166666666666667,0.34,0.24333333333333332,0,2621
767,jev-1.13.0,0.3333333333333333,0.6466666666666667,0.02,1,2621
768,jev-1.13.0,0.08333333333333333,0.9033333333333333,0.013333333333333334,1,2646
769,jev-1.13.0,0.0,1.0,0.0,1,2620
770,jev-1.13.0,0.0,1.0,0.0,1,2627
771,jev-1.13.0,1.0,0.0,0.0,0,2648
772,jev-1.13.0,0.12333333333333334,0.0,0.8766666666666666,2,2619
773,jev-1.13.0,0.0,1.0,0.0,1,2627
774,jev-1.13.0,0.0,1.0,0.0,1,2636
775,jev-1.13.0,0.0,1.0,0.0,1,2649
776,jev-1.13.0,0.2833333333333333,0.7166666666666667,0.0,1,2741
777,jev-1.13.0,1.0,0.0,0.0,0,2627
778,jev-1.13.0,1.0,0.0,0.0,0,2616
779,jev-1.13.0,0.0,1.0,0.0,1,2629
780,jev-1.13.0,0.0,1.0,0.0,1,2665
781,jev-1.13.0,1.0,0.0,0.0,0,2621
782,jev-1.13.0,1.0,0.0,0.0,0,2623
783,jev-1.13.0,0.49333333333333335,0.0,0.5066666666666667,2,2680
784,jev-1.13.0,0.8266666666666667,0.15333333333333332,0.02,0,2701
785,jev-1.13.0,0.91,0.0,0.09000000000000001,0,2666
786,jev-1.13.0,0.0033333333333333335,0.9866666666666667,0.01,1,2640
787,jev-1.13.0,1.0,0.0,0.0,0,2618
788,jev-1.13.0,0.0033333333333333335,0.9833333333333334,0.013333333333333334,1,2651
789,jev-1.13.0,0.0033333333333333335,0.9966666666666667,0.0,1,2623
790,jev-1.13.0,0.016666666666666666,0.8433333333333334,0.14,1,2628
791,jev-1.13.0,0.13,0.03666666666666667,0.8333333333333334,2,2619
792,jev-1.13.0,1.0,0.0,0.0,0,2615
793,jev-1.13.0,0.8533333333333334,0.07333333333333333,0.07333333333333335,0,2622
794,jev-1.13.0,0.98,0.0,0.02,0,2693
795,jev-1.13.0,0.9933333333333333,0.0,0.006666666666666667,0,2616
796,jev-1.13.0,0.4666666666666666,0.49,0.043333333333333335,1,2714
797,jev-1.13.0,0.3133333333333333,0.0,0.6866666666666666,2,2671
798,jev-1.13.0,1.0,0.0,0.0,0,2640
799,jev-1.13.0,0.30000000000000004,0.006666666666666667,0.6933333333333334,2,2621
800,jev-1.13.0,0.04666666666666667,0.7799999999999999,0.17333333333333334,1,2619
801,jev-1.13.0,0.14666666666666667,0.8300000000000001,0.023333333333333334,1,2624
802,jev-1.13.0,0.6233333333333334,0.0,0.37666666666666665,0,2645
803,jev-1.13.0,1.0,0.0,0.0,0,2752
804,jev-1.13.0,0.35666666666666663,0.016666666666666666,0.6266666666666666,2,2680
805,jev-1.13.0,1.0,0.0,0.0,0,2716
806,jev-1.13.0,0.9833333333333334,0.0,0.016666666666666666,0,2629
807,jev-1.13.0,0.16,0.0033333333333333335,0.8366666666666666,2,2726
808,jev-1.13.0,0.5299999999999999,0.006666666666666667,0.4633333333333333,0,2631
809,jev-1.13.0,1.0,0.0,0.0,0,2663
810,jev-1.13.0,0.6366666666666666,0.1366666666666667,0.22666666666666668,0,2623
811,jev-1.13.0,0.9833333333333334,0.01,0.006666666666666667,0,2621
812,jev-1.13.0,0.19666666666666668,0.013333333333333334,0.7899999999999999,2,2653
813,jev-1.13.0,1.0,0.0,0.0,0,2619
814,jev-1.13.0,0.9933333333333333,0.006666666666666667,0.0,0,2616
815,jev-1.13.0,0.9266666666666667,0.0,0.07333333333333333,0,2630
816,jev-1.13.0,0.71,0.06,0.22999999999999998,0,2632
817,jev-1.13.0,1.0,0.0,0.0,0,2617
818,jev-1.13.0,0.0,1.0,0.0,1,2621
819,jev-1.13.0,0.93,0.0,0.07,0,2674
820,jev-1.13.0,0.9466666666666667,0.01,0.043333333333333335,0,2628
821,jev-1.13.0,0.3666666666666667,0.6,0.03333333333333333,1,2719
822,jev-1.13.0,0.0,1.0,0.0,1,2632
823,jev-1.13.0,0.06666666666666667,0.6966666666666667,0.23666666666666666,1,2674
824,jev-1.13.0,0.7200000000000001,0.23,0.05000000000000001,0,2621
825,jev-1.13.0,0.8766666666666666,0.0,0.12333333333333334,0,2626
826,jev-1.13.0,0.28,0.25666666666666665,0.4633333333333334,2,2626
827,jev-1.13.0,0.8233333333333334,0.02666666666666667,0.15,0,2645
828,jev-1.13.0,0.9833333333333334,0.0,0.016666666666666666,0,2631
829,jev-1.13.0,1.0,0.0,0.0,0,2622
830,jev-1.13.0,0.39333333333333337,0.58,0.02666666666666667,1,2627
831,jev-1.13.0,0.5433333333333333,0.0,0.4566666666666667,0,2666
832,jev-1.13.0,0.6133333333333333,0.060000000000000005,0.32666666666666666,0,2619
833,jev-1.13.0,0.4766666666666666,0.07666666666666666,0.4466666666666666,0,2618
834,jev-1.13.0,0.5299999999999999,0.4566666666666667,0.013333333333333334,0,2757
835,jev-1.13.0,0.9933333333333333,0.006666666666666667,0.0,0,2620
836,jev-1.13.0,0.7533333333333333,0.03333333333333333,0.21333333333333335,0,2629
837,jev-1.13.0,0.9133333333333334,0.0,0.08666666666666667,0,2633
838,jev-1.13.0,0.9566666666666667,0.03333333333333333,0.01,0,2625
839,jev-1.13.0,1.0,0.0,0.0,0,2618
840,jev-1.13.0,0.6633333333333334,0.02,0.31666666666666665,0,2624
841,jev-1.13.0,0.44,0.0,0.56,2,2654
842,jev-1.13.0,1.0,0.0,0.0,0,2615
843,jev-1.13.0,1.0,0.0,0.0,0,2618
844,jev-1.13.0,0.0,0.0,1.0,2,2637
845,jev-1.13.0,0.9133333333333334,0.0,0.08666666666666667,0,2673
846,jev-1.13.0,0.33666666666666667,0.15333333333333332,0.51,2,2620
847,jev-1.13.0,1.0,0.0,0.0,0,2623
848,jev-1.13.0,0.4533333333333333,0.030000000000000002,0.5166666666666667,2,2637
849,jev-1.13.0,1.0,0.0,0.0,0,2619
850,jev-1.13.0,1.0,0.0,0.0,0,2616
851,jev-1.13.0,0.7466666666666667,0.006666666666666667,0.24666666666666667,0,2623
852,jev-1.13.0,1.0,0.0,0.0,0,2616
853,jev-1.13.0,0.9466666666666667,0.013333333333333334,0.04,0,2621
854,jev-1.13.0,1.0,0.0,0.0,0,2615
855,jev-1.13.0,1.0,0.0,0.0,0,2621
856,jev-1.13.0,0.4566666666666666,0.22999999999999998,0.3133333333333333,0,2626
857,jev-1.13.0,0.9966666666666667,0.0033333333333333335,0.0,0,2631
858,jev-1.13.0,0.9366666666666666,0.03,0.03333333333333333,0,2619
859,jev-1.13.0,0.7166666666666667,0.04,0.24333333333333332,0,2626
860,jev-1.13.0,1.0,0.0,0.0,0,2617
861,jev-1.13.0,1.0,0.0,0.0,0,2617
862,jev-1.13.0,0.9933333333333333,0.006666666666666667,0.0,0,2620
863,jev-1.13.0,0.7666666666666666,0.08,0.15333333333333335,0,2627
864,jev-1.13.0,1.0,0.0,0.0,0,2613
865,jev-1.13.0,1.0,0.0,0.0,0,2615
866,jev-1.13.0,1.0,0.0,0.0,0,2616
867,jev-1.13.0,0.9899999999999999,0.01,0.0,0,2617
868,jev-1.13.0,0.9966666666666667,0.0,0.0033333333333333335,0,2630
869,jev-1.13.0,0.20333333333333337,0.0033333333333333335,0.7933333333333333,2,2630
870,jev-1.13.0,0.58,0.0033333333333333335,0.4166666666666667,0,2623
871,jev-1.13.0,0.36999999999999994,0.02,0.6099999999999999,2,2636
872,jev-1.13.0,0.9933333333333333,0.006666666666666667,0.0,0,2618
873,jev-1.13.0,1.0,0.0,0.0,0,2618
874,jev-1.13.0,0.8933333333333334,0.09333333333333334,0.013333333333333334,0,2616
875,jev-1.13.0,0.9133333333333334,0.006666666666666667,0.08,0,2621
876,jev-1.13.0,0.6566666666666667,0.02,0.3233333333333333,0,2636
877,jev-1.13.0,1.0,0.0,0.0,0,2616
878,jev-1.13.0,0.88,0.09333333333333334,0.02666666666666667,0,2636
879,jev-1.13.0,0.8566666666666666,0.12333333333333334,0.02,0,2618
880,jev-1.13.0,1.0,0.0,0.0,0,2616
881,jev-1.13.0,0.9433333333333334,0.04,0.016666666666666666,0,2616
882,jev-1.13.0,0.36333333333333334,0.0033333333333333335,0.6333333333333333,2,2646
883,jev-1.13.0,0.9899999999999999,0.01,0.0,0,2616
884,jev-1.13.0,0.81,0.15,0.04,0,2630
885,jev-1.13.0,0.0,1.0,0.0,1,2620
886,jev-1.13.0,1.0,0.0,0.0,0,2630
887,jev-1.13.0,0.9766666666666666,0.0,0.023333333333333334,0,2622
888,jev-1.13.0,0.0,0.0,1.0,2,2833
889,jev-1.13.0,0.0,1.0,0.0,1,2640
890,jev-1.13.0,0.8633333333333333,0.0033333333333333335,0.13333333333333333,0,2621
891,jev-1.13.0,0.7366666666666667,0.06333333333333334,0.19999999999999998,0,2628
892,jev-1.13.0,1.0,0.0,0.0,0,2619
893,jev-1.13.0,0.0,0.0,1.0,2,2751
894,jev-1.13.0,0.0,0.0,1.0,2,2662
895,jev-1.13.0,0.32333333333333336,0.3866666666666667,0.29,1,2877
896,jev-1.13.0,1.0,0.0,0.0,0,2616
897,jev-1.13.0,1.0,0.0,0.0,0,2616
898,jev-1.13.0,0.5599999999999999,0.006666666666666667,0.43333333333333335,0,2650
899,jev-1.13.0,0.4266666666666667,0.22333333333333336,0.35000000000000003,0,2619
900,jev-1.13.0,0.09666666666666668,0.0,0.9033333333333333,2,2667
901,jev-1.13.0,1.0,0.0,0.0,0,2614
902,jev-1.13.0,0.7966666666666667,0.013333333333333334,0.19000000000000003,0,2622
903,jev-1.13.0,1.0,0.0,0.0,0,2759
904,jev-1.13.0,0.9666666666666667,0.01,0.023333333333333334,0,2625
905,jev-1.13.0,1.0,0.0,0.0,0,2645
906,jev-1.13.0,1.0,0.0,0.0,0,2615
907,jev-1.13.0,0.016666666666666666,0.0,0.9833333333333334,2,2709
908,jev-1.13.0,1.0,0.0,0.0,0,2616
909,jev-1.13.0,0.6666666666666666,0.006666666666666667,0.32666666666666666,0,2689
910,jev-1.13.0,0.8033333333333333,0.03333333333333333,0.16333333333333333,0,2635
911,jev-1.13.0,0.0033333333333333335,0.0,0.9966666666666667,2,2623
912,jev-1.13.0,1.0,0.0,0.0,0,2615
913,jev-1.13.0,0.94,0.0,0.06,0,2657
914,jev-1.13.0,0.89,0.05333333333333334,0.056666666666666664,0,2624
915,jev-1.13.0,0.8366666666666668,0.15333333333333332,0.01,0,2620
916,jev-1.13.0,0.8933333333333334,0.02333333333333333,0.08333333333333333,0,2620
917,jev-1.13.0,0.8033333333333332,0.03333333333333333,0.16333333333333333,0,2613
918,jev-1.13.0,1.0,0.0,0.0,0,2616
919,jev-1.13.0,0.9899999999999999,0.01,0.0,0,2617
920,jev-1.13.0,1.0,0.0,0.0,0,2628
921,jev-1.13.0,0.37000000000000005,0.07333333333333332,0.5566666666666666,2,2624
922,jev-1.13.0,0.0,1.0,0.0,1,2647
923,jev-1.13.0,1.0,0.0,0.0,0,2619
924,jev-1.13.0,0.7533333333333333,0.04,0.20666666666666667,0,2635
925,jev-1.13.0,1.0,0.0,0.0,0,2618
926,jev-1.13.0,1.0,0.0,0.0,0,2615
927,jev-1.13.0,1.0,0.0,0.0,0,2613
928,jev-1.13.0,0.04,0.0,0.96,2,2645
929,jev-1.13.0,1.0,0.0,0.0,0,2613
930,jev-1.13.0,0.3833333333333333,0.22,0.39666666666666667,2,2629
931,jev-1.13.0,0.0,0.0,1.0,2,2770
932,jev-1.13.0,0.27,0.0,0.73,2,2649
933,jev-1.13.0,1.0,0.0,0.0,0,2615
934,jev-1.13.0,0.9966666666666667,0.0033333333333333335,0.0,0,2613
935,jev-1.13.0,0.9833333333333334,0.016666666666666666,0.0,0,2646
936,jev-1.13.0,0.64,0.02666666666666667,0.3333333333333333,0,2639
937,jev-1.13.0,1.0,0.0,0.0,0,2615
938,jev-1.13.0,1.0,0.0,0.0,0,2617
939,jev-1.13.0,0.03,0.0033333333333333335,0.9666666666666667,2,2620
940,jev-1.13.0,0.27,0.0,0.73,2,2652
941,jev-1.13.0,0.66,0.0033333333333333335,0.33666666666666667,0,2663
942,jev-1.13.0,0.10999999999999999,0.0,0.89,2,2773
943,jev-1.13.0,0.5066666666666667,0.016666666666666666,0.4766666666666666,0,2638
944,jev-1.13.0,1.0,0.0,0.0,0,2616
945,jev-1.13.0,0.52,0.0,0.48,0,2664
946,jev-1.13.0,0.9866666666666667,0.0,0.013333333333333334,0,2638
947,jev-1.13.0,0.04666666666666667,0.0033333333333333335,0.9499999999999998,2,2713
948,jev-1.13.0,0.9899999999999999,0.0,0.01,0,2776
949,jev-1.13.0,0.04666666666666667,0.0,0.9533333333333333,2,2702
950,jev-1.13.0,0.030000000000000002,0.0,0.9700000000000001,2,2720
951,jev-1.13.0,0.0,0.0,1.0,2,2717
952,jev-1.13.0,0.0,0.0,1.0,2,2671
953,jev-1.13.0,0.19000000000000003,0.0,0.8099999999999999,2,2710
954,jev-1.13.0,0.06333333333333334,0.016666666666666666,0.92,2,2673
955,jev-1.13.0,0.06666666666666667,0.0,0.9333333333333332,2,2906
956,jev-1.13.0,1.0,0.0,0.0,0,2617
957,jev-1.13.0,0.19333333333333336,0.0033333333333333335,0.8033333333333333,2,2646
958,jev-1.13.0,0.9166666666666666,0.01,0.07333333333333335,0,2647
959,jev-1.13.0,0.38000000000000006,0.04,0.58,2,2626
960,jev-1.13.0,1.0,0.0,0.0,0,2617
961,jev-1.13.0,0.30333333333333334,0.01,0.6866666666666666,2,2701
962,jev-1.13.0,0.73,0.0033333333333333335,0.26666666666666666,0,2658
963,jev-1.13.0,0.6466666666666666,0.07666666666666667,0.27666666666666667,0,2645
964,jev-1.13.0,0.8866666666666667,0.0,0.11333333333333333,0,2635
965,jev-1.13.0,0.11333333333333333,0.0,0.8866666666666667,2,2683
966,jev-1.13.0,0.03333333333333333,0.0,0.9666666666666667,2,2700
967,jev-1.13.0,0.0,0.0,1.0,2,2708
968,jev-1.13.0,0.62,0.12666666666666668,0.25333333333333335,0,2708
969,jev-1.13.0,0.12666666666666668,0.0,0.8733333333333334,2,2944
970,jev-1.13.0,0.7366666666666667,0.03666666666666667,0.22666666666666666,0,2650
971,jev-1.13.0,0.0,0.0,1.0,2,2860
972,jev-1.13.0,0.08666666666666667,0.7233333333333333,0.19000000000000003,1,2894
973,jev-1.13.0,1.0,0.0,0.0,0,2624
974,jev-1.13.0,0.45,0.0,0.55,2,2630
975,jev-1.13.0,0.75,0.013333333333333334,0.2366666666666667,0,2623
976,jev-1.13.0,0.09666666666666668,0.0,0.9033333333333333,2,2842
977,jev-1.13.0,0.07666666666666667,0.9233333333333333,0.0,1,2687
978,jev-1.13.0,0.96,0.0,0.04,0,2707
979,jev-1.13.0,0.0,0.0,1.0,2,2683
980,jev-1.13.0,0.37666666666666665,0.0,0.6233333333333334,2,2814
981,jev-1.13.0,0.12666666666666668,0.0033333333333333335,0.87,2,2660
982,jev-1.13.0,0.8766666666666666,0.04,0.08333333333333333,0,2624
983,jev-1.13.0,0.13,0.06666666666666667,0.8033333333333333,2,2645
984,jev-1.13.0,0.6666666666666666,0.21999999999999997,0.11333333333333333,0,2631
985,jev-1.13.0,0.01,0.0,0.9899999999999999,2,2664
986,jev-1.13.0,0.96,0.0,0.04,0,2637
987,jev-1.13.0,0.030000000000000002,0.0,0.9700000000000001,2,2657
988,jev-1.13.0,0.18333333333333335,0.0,0.8166666666666668,2,2741
989,jev-1.13.0,1.0,0.0,0.0,0,2615
990,jev-1.13.0,0.07333333333333335,0.0,0.9266666666666667,2,2714
991,jev-1.13.0,0.056666666666666664,0.0,0.9433333333333334,2,2757
992,jev-1.13.0,0.9899999999999999,0.01,0.0,0,2615
993,jev-1.13.0,0.9899999999999999,0.0,0.01,0,2772
994,jev-1.13.0,1.0,0.0,0.0,0,2631
995,jev-1.13.0,1.0,0.0,0.0,0,2614
996,jev-1.13.0,0.9899999999999999,0.0033333333333333335,0.006666666666666667,0,2619
997,jev-1.13.0,0.09000000000000001,0.0,0.91,2,2664
998,jev-1.13.0,0.5466666666666665,0.03333333333333333,0.42,0,2623
999,jev-1.13.0,0.0,0.0,1.0,2,2749
1000,jev-1.13.0,0.9633333333333333,0.02666666666666667,0.01,0,2615
1001,jev-1.13.0,0.5966666666666667,0.0,0.4033333333333333,0,2677
1002,jev-1.13.0,0.7133333333333333,0.013333333333333334,0.2733333333333334,0,2665
1003,jev-1.13.0,1.0,0.0,0.0,0,2616
1004,jev-1.13.0,0.0,0.0,1.0,2,2641
1005,jev-1.13.0,0.11333333333333333,0.0,0.8866666666666667,2,2638
1006,jev-1.13.0,0.6233333333333334,0.01,0.3666666666666667,0,2662
1007,jev-1.13.0,0.36000000000000004,0.006666666666666667,0.6333333333333333,2,2644
1008,jev-1.13.0,1.0,0.0,0.0,0,2614
1009,jev-1.13.0,0.006666666666666667,0.0,0.9933333333333333,2,2645
1010,jev-1.13.0,0.21,0.006666666666666667,0.7833333333333333,2,2677
1011,jev-1.13.0,1.0,0.0,0.0,0,2626
1012,jev-1.13.0,0.23,0.013333333333333334,0.7566666666666667,2,2665
1013,jev-1.13.0,0.8366666666666666,0.13333333333333333,0.03,0,2619
1014,jev-1.13.0,0.9499999999999998,0.04,0.01,0,2622
1015,jev-1.13.0,1.0,0.0,0.0,0,2644
1016,jev-1.13.0,0.5533333333333333,0.0,0.4466666666666666,0,2685
1017,jev-1.13.0,0.09999999999999999,0.0,0.9,2,2733
1018,jev-1.13.0,0.9233333333333333,0.0033333333333333335,0.07333333333333335,0,2674
1019,jev-1.13.0,1.0,0.0,0.0,0,2615
1020,jev-1.13.0,1.0,0.0,0.0,0,2616
1021,jev-1.13.0,0.44333333333333336,0.0,0.5566666666666666,2,2715
1022,jev-1.13.0,0.0033333333333333335,0.0,0.9966666666666667,2,2698
1023,jev-1.13.0,1.0,0.0,0.0,0,2614
1024,jev-1.13.0,1.0,0.0,0.0,0,2624
1025,jev-1.13.0,0.81,0.04,0.15000000000000002,0,2630
1026,jev-1.13.0,1.0,0.0,0.0,0,2615
1027,jev-1.13.0,1.0,0.0,0.0,0,2616
1028,jev-1.13.0,0.4466666666666666,0.013333333333333334,0.54,2,2653
1029,jev-1.13.0,0.7466666666666667,0.02,0.23,0,2633
1030,jev-1.13.0,0.02666666666666667,0.9733333333333333,0.0,1,2613
1031,jev-1.13.0,0.8733333333333334,0.0,0.12666666666666668,0,2644
1032,jev-1.13.0,0.7799999999999999,0.0,0.21999999999999997,0,2724
1033,jev-1.13.0,1.0,0.0,0.0,0,2615
1034,jev-1.13.0,1.0,0.0,0.0,0,2616
1035,jev-1.13.0,0.4166666666666667,0.0,0.5833333333333334,2,2663
1036,jev-1.13.0,0.6066666666666666,0.09666666666666668,0.29666666666666663,0,2624
1037,jev-1.13.0,0.34,0.04666666666666666,0.6133333333333333,2,2651
1038,jev-1.13.0,0.13333333333333333,0.0,0.8666666666666667,2,2693
1039,jev-1.13.0,0.03333333333333333,0.9433333333333334,0.023333333333333334,1,2647
1040,jev-1.13.0,0.02,0.0,0.98,2,2658
1041,jev-1.13.0,0.98,0.016666666666666666,0.0033333333333333335,0,2616
1042,jev-1.13.0,1.0,0.0,0.0,0,2617
1043,jev-1.13.0,0.07333333333333332,0.15333333333333332,0.7733333333333333,2,2699
1044,jev-1.13.0,0.61,0.17,0.22,0,2634
1045,jev-1.13.0,0.52,0.023333333333333334,0.4566666666666666,0,2657
1046,jev-1.13.0,0.0033333333333333335,0.0,0.9966666666666667,2,2654
1047,jev-1.13.0,0.9899999999999999,0.01,0.0,0,2619
1048,jev-1.13.0,0.33666666666666667,0.0,0.6633333333333333,2,2886
1049,jev-1.13.0,0.81,0.19000000000000003,0.0,0,2703
1050,jev-1.13.0,1.0,0.0,0.0,0,2617
1051,jev-1.13.0,0.7566666666666667,0.0,0.24333333333333332,0,2678
1052,jev-1.13.0,0.29333333333333333,0.20666666666666667,0.49666666666666676,2,2636
1053,jev-1.13.0,0.49333333333333335,0.0,0.5066666666666667,2,2653
1054,jev-1.13.0,0.4166666666666667,0.07,0.5133333333333333,2,2627
1055,jev-1.13.0,0.8500000000000001,0.023333333333333334,0.12666666666666668,0,2629
1056,jev-1.13.0,0.4366666666666667,0.030000000000000002,0.5333333333333333,2,2646
1057,jev-1.13.0,0.81,0.013333333333333334,0.17666666666666667,0,2712
1058,jev-1.13.0,1.0,0.0,0.0,0,2616
1059,jev-1.13.0,0.8633333333333333,0.05666666666666667,0.08,0,2625
1060,jev-1.13.0,1.0,0.0,0.0,0,2653
1061,jev-1.13.0,0.18333333333333332,0.4566666666666667,0.36000000000000004,1,2673
1062,jev-1.13.0,0.2866666666666667,0.0,0.7133333333333333,2,2640
1063,jev-1.13.0,0.5599999999999999,0.01,0.43,0,2631
1064,jev-1.13.0,0.0,1.0,0.0,1,2627
1065,jev-1.13.0,0.25666666666666665,0.09666666666666666,0.6466666666666666,2,2656
1066,jev-1.13.0,0.6766666666666667,0.0,0.3233333333333333,0,2684
1067,jev-1.13.0,0.0,0.0,1.0,2,2832
1068,jev-1.13.0,0.9933333333333333,0.0033333333333333335,0.0033333333333333335,0,2613
1069,jev-1.13.0,0.08333333333333333,0.9133333333333334,0.0033333333333333335,1,2618
1070,jev-1.13.0,0.3566666666666667,0.5499999999999999,0.09333333333333334,1,2639
1071,jev-1.13.0,0.83,0.02666666666666667,0.14333333333333334,0,2631
1072,jev-1.13.0,0.0033333333333333335,0.9966666666666667,0.0,1,2621
1073,jev-1.13.0,0.4766666666666666,0.03333333333333333,0.49,2,2628
1074,jev-1.13.0,0.5633333333333334,0.013333333333333334,0.42333333333333334,0,2657
1075,jev-1.13.0,0.6833333333333332,0.02666666666666667,0.29,0,2613
1076,jev-1.13.0,1.0,0.0,0.0,0,2615
1077,jev-1.13.0,0.03333333333333333,0.0,0.9666666666666667,2,2655
1078,jev-1.13.0,1.0,0.0,0.0,0,2619
1079,jev-1.13.0,0.4033333333333333,0.0,0.5966666666666667,2,2644
1080,jev-1.13.0,0.7466666666666667,0.05333333333333334,0.19999999999999998,0,2641
1081,jev-1.13.0,0.34333333333333327,0.006666666666666667,0.65,2,2654
1082,jev-1.13.0,1.0,0.0,0.0,0,2617
1083,jev-1.13.0,0.36999999999999994,0.0,0.63,2,2660
1084,jev-1.13.0,0.02,0.0,0.98,2,2638
1085,jev-1.13.0,0.023333333333333334,0.9166666666666666,0.06,1,2634
1086,jev-1.13.0,1.0,0.0,0.0,0,2617
1087,jev-1.13.0,0.6666666666666666,0.013333333333333334,0.32,0,2624
1088,jev-1.13.0,0.07666666666666667,0.0033333333333333335,0.9199999999999999,2,2648
1089,jev-1.13.0,0.4266666666666667,0.0,0.5733333333333334,2,2708
1090,jev-1.13.0,0.25666666666666665,0.7166666666666667,0.02666666666666667,1,2627
1091,jev-1.13.0,1.0,0.0,0.0,0,2618
1092,jev-1.13.0,0.11666666666666665,0.0033333333333333335,0.88,2,2684
1093,jev-1.13.0,0.5233333333333333,0.030000000000000002,0.4466666666666667,0,2615
1094,jev-1.13.0,0.01,0.01,0.98,2,2629
1095,jev-1.13.0,0.8166666666666665,0.0,0.18333333333333335,0,2634
1096,jev-1.13.0,1.0,0.0,0.0,0,2619
1097,jev-1.13.0,0.10666666666666667,0.0,0.8933333333333334,2,2654
1098,jev-1.13.0,0.7233333333333333,0.01,0.26666666666666666,0,2620
1099,jev-1.13.0,1.0,0.0,0.0,0,2616
1100,jev-1.13.0,0.9566666666666667,0.0,0.043333333333333335,0,2630
1101,jev-1.13.0,0.9966666666666667,0.0033333333333333335,0.0,0,2617
1102,jev-1.13.0,1.0,0.0,0.0,0,2620
1103,jev-1.13.0,0.4166666666666667,0.0,0.5833333333333334,2,2651
1104,jev-1.13.0,0.42,0.01,0.5700000000000001,2,2629
1105,jev-1.13.0,0.9433333333333334,0.016666666666666666,0.04,0,2618
1106,jev-1.13.0,0.2833333333333333,0.016666666666666666,0.7000000000000001,2,2617
1107,jev-1.13.0,0.09333333333333334,0.16,0.7466666666666667,2,2706
1108,jev-1.13.0,0.6066666666666668,0.006666666666666667,0.3866666666666667,0,2708
1109,jev-1.13.0,1.0,0.0,0.0,0,2618
1110,jev-1.13.0,0.0,0.0,1.0,2,2727
1111,jev-1.13.0,0.9766666666666666,0.0,0.023333333333333334,0,2623
1112,jev-1.13.0,0.016666666666666666,0.013333333333333334,0.9700000000000001,2,2658
1113,jev-1.13.0,0.9633333333333333,0.016666666666666666,0.02,0,2620
1114,jev-1.13.0,0.34,0.23,0.43,2,2626
1115,jev-1.13.0,0.0,0.0,1.0,2,2798
1116,jev-1.13.0,0.9933333333333333,0.0,0.006666666666666667,0,2617
1117,jev-1.13.0,0.5933333333333333,0.2233333333333333,0.18333333333333335,0,2616
1118,jev-1.13.0,0.9400000000000001,0.02,0.04,0,2621
1119,jev-1.13.0,1.0,0.0,0.0,0,2616
1120,jev-1.13.0,1.0,0.0,0.0,0,2616
1121,jev-1.13.0,1.0,0.0,0.0,0,2617
1122,jev-1.13.0,0.6333333333333333,0.05000000000000001,0.31666666666666665,0,2624
1123,jev-1.13.0,1.0,0.0,0.0,0,2615
1124,jev-1.13.0,0.98,0.01,0.01,0,2622
1125,jev-1.13.0,0.27666666666666667,0.02333333333333333,0.7000000000000001,2,2616
1126,jev-1.13.0,0.4266666666666667,0.01,0.5633333333333334,2,2622
1127,jev-1.13.0,0.5866666666666666,0.03,0.3833333333333333,0,2624
1128,jev-1.13.0,0.3366666666666666,0.006666666666666667,0.6566666666666666,2,2619
1129,jev-1.13.0,0.4633333333333334,0.06333333333333334,0.47333333333333333,2,2621
1130,jev-1.13.0,0.09999999999999999,0.0,0.9,2,2625
1131,jev-1.13.0,1.0,0.0,0.0,0,2616
1132,jev-1.13.0,0.24,0.04,0.7200000000000001,2,2629
1133,jev-1.13.0,1.0,0.0,0.0,0,2617
1134,jev-1.13.0,1.0,0.0,0.0,0,2615
1135,jev-1.13.0,0.8933333333333334,0.03333333333333333,0.07333333333333333,0,2620
1136,jev-1.13.0,0.12333333333333334,0.0,0.8766666666666666,2,2618
1137,jev-1.13.0,0.0,0.0,1.0,2,2614
1138,jev-1.13.0,1.0,0.0,0.0,0,2616
1139,jev-1.13.0,1.0,0.0,0.0,0,2620
1140,jev-1.13.0,1.0,0.0,0.0,0,2622
1141,jev-1.13.0,1.0,0.0,0.0,0,2616
1142,jev-1.13.0,0.0033333333333333335,0.9966666666666667,0.0,1,2621
1143,jev-1.13.0,0.02,0.0,0.98,2,2737
1144,jev-1.13.0,0.0,0.0,1.0,2,2760
1145,jev-1.13.0,1.0,0.0,0.0,0,2634
1146,jev-1.13.0,0.013333333333333334,0.12666666666666668,0.86,2,2686
1147,jev-1.13.0,1.0,0.0,0.0,0,2625
1148,jev-1.13.0,0.63,0.1466666666666667,0.22333333333333336,0,2613
1149,jev-1.13.0,1.0,0.0,0.0,0,2617
1150,jev-1.13.0,0.9833333333333334,0.0,0.016666666666666666,0,2773
1151,jev-1.13.0,1.0,0.0,0.0,0,2616
1152,jev-1.13.0,0.9733333333333333,0.02666666666666667,0.0,0,2620
1153,jev-1.13.0,0.32666666666666666,0.0,0.6733333333333332,2,2717
1154,jev-1.13.0,0.04666666666666667,0.0,0.9533333333333333,2,2732
1155,jev-1.13.0,0.98,0.0,0.02,0,2634
1156,jev-1.13.0,0.9433333333333334,0.03666666666666667,0.02,0,2633
1157,jev-1.13.0,1.0,0.0,0.0,0,2615
1158,jev-1.13.0,1.0,0.0,0.0,0,2651
1159,jev-1.13.0,0.7666666666666666,0.0,0.23333333333333336,0,2703
1160,jev-1.13.0,1.0,0.0,0.0,0,2618
1161,jev-1.13.0,0.0,1.0,0.0,1,2619
1162,jev-1.13.0,1.0,0.0,0.0,0,2617
1163,jev-1.13.0,1.0,0.0,0.0,0,2617
1164,jev-1.13.0,0.0033333333333333335,0.8166666666666668,0.18000000000000002,1,2641
1165,jev-1.13.0,1.0,0.0,0.0,0,2624
1166,jev-1.13.0,0.0,1.0,0.0,1,2636
1167,jev-1.13.0,0.7666666666666666,0.17666666666666667,0.05666666666666667,0,2613
1168,jev-1.13.0,1.0,0.0,0.0,0,2616
1169,jev-1.13.0,1.0,0.0,0.0,0,2619
1170,jev-1.13.0,0.33666666666666667,0.5166666666666666,0.1466666666666667,1,2627
1171,jev-1.13.0,0.0033333333333333335,0.9333333333333332,0.06333333333333334,1,2653
1172,jev-1.13.0,1.0,0.0,0.0,0,2617
1173,jev-1.13.0,1.0,0.0,0.0,0,2616
1174,jev-1.13.0,1.0,0.0,0.0,0,2638
1175,jev-1.13.0,1.0,0.0,0.0,0,2615
1176,jev-1.13.0,0.48333333333333334,0.04666666666666667,0.47,0,2627
1177,jev-1.13.0,0.8966666666666666,0.056666666666666664,0.04666666666666667,0,2624
1178,jev-1.13.0,0.9966666666666667,0.0033333333333333335,0.0,0,2622
1179,jev-1.13.0,0.0033333333333333335,0.9733333333333333,0.023333333333333334,1,2639
1180,jev-1.13.0,0.45,0.0,0.55,2,2910
1181,jev-1.13.0,1.0,0.0,0.0,0,2616
1182,jev-1.13.0,0.4366666666666667,0.0,0.5633333333333334,2,2631
1183,jev-1.13.0,0.0,1.0,0.0,1,2622
1184,jev-1.13.0,0.91,0.0,0.09000000000000001,0,2694
1185,jev-1.13.0,0.0,1.0,0.0,1,2669
1186,jev-1.13.0,0.5433333333333333,0.45333333333333337,0.0033333333333333335,0,2632
1187,jev-1.13.0,0.9833333333333334,0.01,0.006666666666666667,0,2773
1188,jev-1.13.0,0.0,1.0,0.0,1,2616
1189,jev-1.13.0,0.9400000000000001,0.0,0.06,0,2620
1190,jev-1.13.0,0.7666666666666666,0.21999999999999997,0.013333333333333334,0,2716
1191,jev-1.13.0,0.9533333333333333,0.0,0.04666666666666667,0,2666
1192,jev-1.13.0,1.0,0.0,0.0,0,2616
1193,jev-1.13.0,0.0,1.0,0.0,1,2616
1194,jev-1.13.0,0.9899999999999999,0.01,0.0,0,2637
1195,jev-1.13.0,1.0,0.0,0.0,0,2616
1196,jev-1.13.0,0.07,0.0,0.93,2,2627
1197,jev-1.13.0,0.9133333333333334,0.07333333333333335,0.013333333333333334,0,2623
1198,jev-1.13.0,1.0,0.0,0.0,0,2619
1199,jev-1.13.0,0.9899999999999999,0.0,0.01,0,2635
1200,jev-1.13.0,1.0,0.0,0.0,0,2616
1201,jev-1.13.0,0.96,0.04,0.0,0,2617
1202,jev-1.13.0,0.4466666666666666,0.06666666666666667,0.48666666666666664,2,2620
1203,jev-1.13.0,0.0,1.0,0.0,1,2631
1204,jev-1.13.0,0.9966666666666667,0.0033333333333333335,0.0,0,2615
1205,jev-1.13.0,0.38000000000000006,0.0033333333333333335,0.6166666666666667,2,2662
1206,jev-1.13.0,0.07666666666666667,0.043333333333333335,0.88,2,2642
1207,jev-1.13.0,0.5533333333333333,0.42333333333333334,0.023333333333333334,0,2622
1208,jev-1.13.0,0.0,1.0,0.0,1,2648
1209,jev-1.13.0,0.07666666666666667,0.68,0.24333333333333332,1,2625
1210,jev-1.13.0,0.16,0.006666666666666667,0.8333333333333334,2,2648
1211,jev-1.13.0,0.08333333333333333,0.14666666666666667,0.77,2,2639
1212,jev-1.13.0,0.6533333333333333,0.0,0.3466666666666667,0,2636
1213,jev-1.13.0,0.7466666666666667,0.12000000000000001,0.13333333333333333,0,2622
1214,jev-1.13.0,0.04666666666666667,0.0033333333333333335,0.9499999999999998,2,2711
1215,jev-1.13.0,0.10333333333333333,0.01,0.8866666666666667,2,2657
1216,jev-1.13.0,0.5433333333333333,0.08666666666666667,0.36999999999999994,0,2627
1217,jev-1.13.0,1.0,0.0,0.0,0,2635
1218,jev-1.13.0,0.7999999999999999,0.0033333333333333335,0.19666666666666666,0,2676
1219,jev-1.13.0,1.0,0.0,0.0,0,2615
1220,jev-1.13.0,0.21666666666666665,0.7833333333333332,0.0,1,2634
1221,jev-1.13.0,0.18000000000000002,0.6066666666666667,0.21333333333333335,1,2737
1222,jev-1.13.0,1.0,0.0,0.0,0,2615
1223,jev-1.13.0,0.01,0.3133333333333333,0.6766666666666667,2,2660
1224,jev-1.13.0,0.7733333333333334,0.0033333333333333335,0.2233333333333333,0,2663
1225,jev-1.13.0,0.9899999999999999,0.0,0.01,0,2625
1226,jev-1.13.0,0.0033333333333333335,0.9899999999999999,0.006666666666666667,1,2633
1227,jev-1.13.0,0.38666666666666666,0.03333333333333333,0.58,2,2636
1228,jev-1.13.0,0.63,0.2733333333333333,0.09666666666666668,0,2620
1229,jev-1.13.0,0.9466666666666667,0.02666666666666667,0.02666666666666667,0,2615
1230,jev-1.13.0,0.5599999999999999,0.03666666666666667,0.4033333333333333,0,2621
1231,jev-1.13.0,1.0,0.0,0.0,0,2615
1232,jev-1.13.0,1.0,0.0,0.0,0,2627
1233,jev-1.13.0,0.01,0.006666666666666667,0.9833333333333334,2,2707
1234,jev-1.13.0,1.0,0.0,0.0,0,2615
1235,jev-1.13.0,1.0,0.0,0.0,0,2615
1236,jev-1.13.0,1.0,0.0,0.0,0,2788
1237,jev-1.13.0,0.8533333333333334,0.09000000000000001,0.056666666666666664,0,2620
1238,jev-1.13.0,1.0,0.0,0.0,0,2613
1239,jev-1.13.0,0.006666666666666667,0.0,0.9933333333333333,2,2614
1240,jev-1.13.0,0.85,0.0033333333333333335,0.1466666666666667,0,2637
1241,jev-1.13.0,0.26,0.013333333333333334,0.7266666666666666,2,2631
1242,jev-1.13.0,0.16666666666666666,0.0033333333333333335,0.83,2,2682
1243,jev-1.13.0,0.9133333333333334,0.013333333333333334,0.07333333333333333,0,2629
1244,jev-1.13.0,0.6033333333333334,0.3566666666666667,0.04,0,2621
1245,jev-1.13.0,0.9566666666666667,0.013333333333333334,0.03,0,2634
1246,jev-1.13.0,1.0,0.0,0.0,0,2615
1247,jev-1.13.0,1.0,0.0,0.0,0,2616
1248,jev-1.13.0,0.84,0.09666666666666668,0.06333333333333334,0,2615
1249,jev-1.13.0,1.0,0.0,0.0,0,2619
1250,jev-1.13.0,1.0,0.0,0.0,0,2615
1251,jev-1.13.0,1.0,0.0,0.0,0,2618
1252,jev-1.13.0,1.0,0.0,0.0,0,2618
1253,jev-1.13.0,0.9933333333333333,0.006666666666666667,0.0,0,2628
1254,jev-1.13.0,0.5733333333333333,0.16,0.26666666666666666,0,2623
1255,jev-1.13.0,1.0,0.0,0.0,0,2617
1256,jev-1.13.0,0.9033333333333333,0.04666666666666667,0.05000000000000001,0,2624
1257,jev-1.13.0,1.0,0.0,0.0,0,2618
1258,jev-1.13.0,1.0,0.0,0.0,0,2622
1259,jev-1.13.0,1.0,0.0,0.0,0,2615
1260,jev-1.13.0,0.6366666666666667,0.3433333333333333,0.02,0,2615
1261,jev-1.13.0,1.0,0.0,0.0,0,2616
1262,jev-1.13.0,0.9666666666666667,0.03333333333333333,0.0,0,2616
1263,jev-1.13.0,0.0,1.0,0.0,1,2641
1264,jev-1.13.0,0.8933333333333334,0.0,0.10666666666666667,0,2621
1265,jev-1.13.0,1.0,0.0,0.0,0,2613
1266,jev-1.13.0,0.82,0.016666666666666666,0.16333333333333333,0,2686
1267,jev-1.13.0,1.0,0.0,0.0,0,2615
1268,jev-1.13.0,0.7733333333333334,0.17333333333333334,0.05333333333333334,0,2702
1269,jev-1.13.0,0.02,0.0033333333333333335,0.9766666666666666,2,2664
1270,jev-1.13.0,0.33,0.006666666666666667,0.6633333333333334,2,2645
1271,jev-1.13.0,1.0,0.0,0.0,0,2616
1272,jev-1.13.0,0.7033333333333335,0.02,0.27666666666666667,0,2632
1273,jev-1.13.0,1.0,0.0,0.0,0,2805
1274,jev-1.13.0,0.023333333333333334,0.9766666666666666,0.0,1,2723
1275,jev-1.13.0,1.0,0.0,0.0,0,2616
1276,jev-1.13.0,0.22666666666666666,0.01,0.7633333333333333,2,2627
1277,jev-1.13.0,0.9666666666666667,0.0,0.03333333333333333,0,2638
1278,jev-1.13.0,0.4066666666666667,0.41,0.18333333333333335,1,2633
1279,jev-1.13.0,1.0,0.0,0.0,0,2617
1280,jev-1.13.0,0.4166666666666667,0.04666666666666667,0.5366666666666666,2,2628
1281,jev-1.13.0,0.2833333333333333,0.06,0.6566666666666666,2,2624
1282,jev-1.13.0,0.9733333333333333,0.0,0.02666666666666667,0,2644
1283,jev-1.13.0,0.9966666666666667,0.0033333333333333335,0.0,0,2623
1284,jev-1.13.0,0.11666666666666665,0.8366666666666666,0.04666666666666667,1,2622
1285,jev-1.13.0,0.03333333333333333,0.9633333333333333,0.0033333333333333335,1,2694
1286,jev-1.13.0,0.11666666666666665,0.006666666666666667,0.8766666666666666,2,2620
1287,jev-1.13.0,0.0,0.0,1.0,2,2654
1288,jev-1.13.0,0.9966666666666667,0.0033333333333333335,0.0,0,2630
1289,jev-1.13.0,0.9933333333333333,0.0,0.006666666666666667,0,2644
1290,jev-1.13.0,0.19333333333333336,0.37000000000000005,0.4366666666666667,2,2678
1291,jev-1.13.0,0.0,1.0,0.0,1,2650
1292,jev-1.13.0,0.15666666666666668,0.0,0.8433333333333333,2,2697
1293,jev-1.13.0,1.0,0.0,0.0,0,2616
1294,jev-1.13.0,1.0,0.0,0.0,0,2619
1295,jev-1.13.0,0.036666666666666674,0.03,0.9333333333333332,2,2654
1296,jev-1.13.0,0.5766666666666667,0.006666666666666667,0.4166666666666667,0,2653
1297,jev-1.13.0,0.66,0.17666666666666667,0.16333333333333333,0,2638
1298,jev-1.13.0,0.39333333333333337,0.0033333333333333335,0.6033333333333334,2,2631
1299,jev-1.13.0,0.34,0.060000000000000005,0.6,2,2660
1300,jev-1.13.0,0.05333333333333334,0.87,0.07666666666666667,1,2621
1301,jev-1.13.0,0.21666666666666667,0.0,0.7833333333333333,2,2644
1302,jev-1.13.0,0.9966666666666667,0.0,0.0033333333333333335,0,2727
1303,jev-1.13.0,1.0,0.0,0.0,0,2620
1304,jev-1.13.0,0.33666666666666667,0.01,0.6533333333333333,2,2636
1305,jev-1.13.0,1.0,0.0,0.0,0,2617
1306,jev-1.13.0,0.9866666666666667,0.0,0.013333333333333334,0,2653
1307,jev-1.13.0,0.43333333333333335,0.5666666666666668,0.0,1,2655
1308,jev-1.13.0,0.0,0.0,1.0,2,2707
1309,jev-1.13.0,1.0,0.0,0.0,0,2621
1310,jev-1.13.0,1.0,0.0,0.0,0,2634
1311,jev-1.13.0,1.0,0.0,0.0,0,2616
1312,jev-1.13.0,0.32,0.08666666666666667,0.5933333333333334,2,2655
1313,jev-1.13.0,1.0,0.0,0.0,0,2614
1314,jev-1.13.0,1.0,0.0,0.0,0,2614
1315,jev-1.13.0,1.0,0.0,0.0,0,2618
1316,jev-1.13.0,0.09333333333333334,0.82,0.08666666666666667,1,2628
1317,jev-1.13.0,1.0,0.0,0.0,0,2616
1318,jev-1.13.0,0.01,0.98,0.01,1,2619
1319,jev-1.13.0,0.4433333333333333,0.5566666666666666,0.0,1,2616
1320,jev-1.13.0,0.13333333333333333,0.3,0.5666666666666665,2,2624
1321,jev-1.13.0,0.9966666666666667,0.0033333333333333335,0.0,0,2618
1322,jev-1.13.0,0.0,1.0,0.0,1,2620
1323,jev-1.13.0,0.6033333333333334,0.39666666666666667,0.0,0,2676
1324,jev-1.13.0,1.0,0.0,0.0,0,2615
1325,jev-1.13.0,0.0,0.9966666666666667,0.0033333333333333335,1,2758
1326,jev-1.13.0,0.05333333333333334,0.0,0.9466666666666667,2,2638
1327,jev-1.13.0,0.33,0.3033333333333333,0.3666666666666667,2,2696
1328,jev-1.13.0,0.043333333333333335,0.94,0.016666666666666666,1,2657
1329,jev-1.13.0,0.043333333333333335,0.9433333333333334,0.013333333333333334,1,2621
1330,jev-1.13.0,0.0,1.0,0.0,1,2644
1331,jev-1.13.0,0.29333333333333333,0.31,0.39666666666666667,2,2634
1332,jev-1.13.0,1.0,0.0,0.0,0,2618
1333,jev-1.13.0,0.0,0.0,1.0,2,2671
1334,jev-1.13.0,1.0,0.0,0.0,0,2616
1335,jev-1.13.0,0.31666666666666665,0.12333333333333335,0.56,2,2627
1336,jev-1.13.0,0.0,1.0,0.0,1,2645
1337,jev-1.13.0,0.92,0.0033333333333333335,0.07666666666666667,0,2629
1338,jev-1.13.0,0.33,0.023333333333333334,0.6466666666666666,2,2667
1339,jev-1.13.0,1.0,0.0,0.0,0,2622
1340,jev-1.13.0,0.08,0.0,0.92,2,2720
1341,jev-1.13.0,0.9233333333333333,0.0033333333333333335,0.07333333333333335,0,2623
1342,jev-1.13.0,1.0,0.0,0.0,0,2753
1343,jev-1.13.0,1.0,0.0,0.0,0,2615
1344,jev-1.13.0,0.9633333333333333,0.0,0.036666666666666674,0,2624
1345,jev-1.13.0,1.0,0.0,0.0,0,2618
1346,jev-1.13.0,0.9233333333333333,0.07,0.006666666666666667,0,2617
1347,jev-1.13.0,0.29,0.20333333333333337,0.5066666666666667,2,2639
1348,jev-1.13.0,0.8433333333333333,0.043333333333333335,0.11333333333333334,0,2625
1349,jev-1.13.0,1.0,0.0,0.0,0,2641
1350,jev-1.13.0,0.42333333333333334,0.57,0.006666666666666667,1,2628
1351,jev-1.13.0,0.036666666666666674,0.0,0.9633333333333333,2,2614
1352,jev-1.13.0,0.6966666666666667,0.0,0.3033333333333334,0,2621
1353,jev-1.13.0,0.18666666666666668,0.01,0.8033333333333333,2,2643
1354,jev-1.13.0,0.3166666666666667,0.41,0.2733333333333334,1,2625
1355,jev-1.13.0,0.9700000000000001,0.02,0.01,0,2624
1356,jev-1.13.0,0.39666666666666667,0.01,0.5933333333333334,2,2638
1357,jev-1.13.0,0.9066666666666667,0.0,0.09333333333333334,0,2621
1358,jev-1.13.0,1.0,0.0,0.0,0,2628
1359,jev-1.13.0,0.35333333333333333,0.6333333333333333,0.013333333333333334,1,2619
1360,jev-1.13.0,1.0,0.0,0.0,0,2619
1361,jev-1.13.0,0.85,0.04,0.11,0,2621
1362,jev-1.13.0,0.98,0.02,0.0,0,2621
1363,jev-1.13.0,1.0,0.0,0.0,0,2619
1364,jev-1.13.0,0.02,0.9766666666666666,0.0033333333333333335,1,2618
1365,jev-1.13.0,0.6066666666666666,0.06666666666666667,0.32666666666666666,0,2617
1366,jev-1.13.0,0.0,1.0,0.0,1,2674
1367,jev-1.13.0,0.02666666666666667,0.94,0.03333333333333333,1,2623
1368,jev-1.13.0,0.7200000000000001,0.17666666666666667,0.10333333333333333,0,2621
1369,jev-1.13.0,1.0,0.0,0.0,0,2617
1370,jev-1.13.0,0.9700000000000001,0.006666666666666667,0.023333333333333334,0,2616
1371,jev-1.13.0,0.9666666666666667,0.006666666666666667,0.02666666666666667,0,2617
1372,jev-1.13.0,0.023333333333333334,0.0,0.9766666666666666,2,2641
1373,jev-1.13.0,0.8033333333333333,0.0,0.19666666666666668,0,2766
1374,jev-1.13.0,0.19333333333333333,0.0,0.8066666666666666,2,2665
1375,jev-1.13.0,0.32666666666666666,0.02,0.6533333333333333,2,2633
1376,jev-1.13.0,0.07333333333333333,0.9133333333333332,0.013333333333333334,1,2793
1377,jev-1.13.0,0.9933333333333333,0.006666666666666667,0.0,0,2617
1378,jev-1.13.0,0.8633333333333333,0.0,0.1366666666666667,0,2637
1379,jev-1.13.0,0.0,0.0,1.0,2,2633
1380,jev-1.13.0,0.5800000000000001,0.0,0.42,0,2683
1381,jev-1.13.0,0.9133333333333334,0.013333333333333334,0.07,0,2619
1382,jev-1.13.0,0.4033333333333333,0.0033333333333333335,0.5933333333333333,2,2625
1383,jev-1.13.0,0.0,1.0,0.0,1,2668
1384,jev-1.13.0,0.11666666666666665,0.006666666666666667,0.8766666666666666,2,2742
1385,jev-1.13.0,0.12333333333333334,0.01,0.8666666666666667,2,2619
1386,jev-1.13.0,0.10999999999999999,0.8733333333333334,0.016666666666666666,1,2623
1387,jev-1.13.0,0.20333333333333334,0.0,0.7966666666666667,2,2653
1388,jev-1.13.0,0.08,0.0,0.9199999999999999,2,2626
1389,jev-1.13.0,0.0,1.0,0.0,1,2623
1390,jev-1.13.0,0.7466666666666667,0.08666666666666667,0.16666666666666666,0,2625
1391,jev-1.13.0,0.006666666666666667,0.9933333333333333,0.0,1,2615
1392,jev-1.13.0,0.02666666666666667,0.0,0.9733333333333333,2,2642
1393,jev-1.13.0,1.0,0.0,0.0,0,2647
1394,jev-1.13.0,0.9533333333333333,0.0,0.04666666666666667,0,2687
1395,jev-1.13.0,0.35333333333333333,0.37000000000000005,0.27666666666666667,1,2680
1396,jev-1.13.0,0.24666666666666667,0.0,0.7533333333333333,2,2643
1397,jev-1.13.0,1.0,0.0,0.0,0,2752
1398,jev-1.13.0,0.47333333333333333,0.03666666666666667,0.49,2,2620
1399,jev-1.13.0,1.0,0.0,0.0,0,2616
1400,jev-1.13.0,0.57,0.0,0.43,0,2642
1401,jev-1.13.0,0.5466666666666667,0.03333333333333333,0.42,0,2632
1402,jev-1.13.0,0.013333333333333334,0.9866666666666667,0.0,1,2631
1403,jev-1.13.0,0.7666666666666666,0.0,0.2333333333333333,0,2624
1404,jev-1.13.0,1.0,0.0,0.0,0,2632
1405,jev-1.13.0,0.11666666666666668,0.0,0.8833333333333333,2,2768
1406,jev-1.13.0,0.0,1.0,0.0,1,2621
1407,jev-1.13.0,1.0,0.0,0.0,0,2646
1408,jev-1.13.0,0.0033333333333333335,0.9966666666666667,0.0,1,2637
1409,jev-1.13.0,0.21333333333333335,0.030000000000000002,0.7566666666666667,2,2630
1410,jev-1.13.0,0.44333333333333336,0.0,0.5566666666666666,2,2756
1411,jev-1.13.0,0.12,0.05666666666666667,0.8233333333333334,2,2958
1412,jev-1.13.0,0.16666666666666666,0.8333333333333334,0.0,1,2640
1413,jev-1.13.0,0.6033333333333334,0.38999999999999996,0.006666666666666667,0,2673
1414,jev-1.13.0,0.0,0.0,1.0,2,2632
1415,jev-1.13.0,0.88,0.016666666666666666,0.10333333333333333,0,2629
1416,jev-1.13.0,0.8766666666666666,0.043333333333333335,0.08,0,2619
1417,jev-1.13.0,0.06,0.02666666666666667,0.9133333333333334,2,2658
1418,jev-1.13.0,0.19666666666666666,0.34,0.4633333333333334,2,2632
1419,jev-1.13.0,1.0,0.0,0.0,0,2616
1420,jev-1.13.0,0.25333333333333335,0.08666666666666667,0.66,2,2619
1421,jev-1.13.0,0.0,0.02,0.98,2,2722
1422,jev-1.13.0,0.9933333333333333,0.006666666666666667,0.0,0,2621
1423,jev-1.13.0,0.09333333333333332,0.9066666666666667,0.0,1,2642
1424,jev-1.13.0,1.0,0.0,0.0,0,2756
1425,jev-1.13.0,0.5033333333333333,0.1366666666666667,0.36000000000000004,0,2629
1426,jev-1.13.0,0.6333333333333333,0.17,0.19666666666666666,0,2616
1427,jev-1.13.0,1.0,0.0,0.0,0,2617
1428,jev-1.13.0,0.47000000000000003,0.02666666666666667,0.5,2,2635
1429,jev-1.13.0,0.8166666666666668,0.0,0.18333333333333335,0,2637
1430,jev-1.13.0,0.7833333333333333,0.043333333333333335,0.17333333333333334,0,2625
1431,jev-1.13.0,0.43999999999999995,0.0,0.56,2,2633
1432,jev-1.13.0,0.03,0.8933333333333334,0.07666666666666667,1,2680
1433,jev-1.13.0,0.9933333333333333,0.0,0.006666666666666667,0,2619
1434,jev-1.13.0,0.5,0.043333333333333335,0.4566666666666666,0,2622
1435,jev-1.13.0,0.0,1.0,0.0,1,2621
1436,jev-1.13.0,0.7200000000000001,0.25,0.03,0,2614
1437,jev-1.13.0,0.13,0.023333333333333334,0.8466666666666667,2,2637
1438,jev-1.13.0,0.2866666666666667,0.0,0.7133333333333334,2,2639
1439,jev-1.13.0,0.0,1.0,0.0,1,2618
1440,jev-1.13.0,0.08666666666666667,0.8966666666666666,0.016666666666666666,1,2624
1441,jev-1.13.0,0.16666666666666666,0.013333333333333334,0.82,2,2623
1442,jev-1.13.0,0.49,0.0,0.51,2,2660
1443,jev-1.13.0,0.7833333333333333,0.14,0.07666666666666666,0,2619
1444,jev-1.13.0,0.013333333333333334,0.9700000000000001,0.016666666666666666,1,2639
1445,jev-1.13.0,0.49333333333333335,0.02333333333333333,0.48333333333333334,0,2633
1446,jev-1.13.0,0.023333333333333334,0.9366666666666666,0.04,1,2620
1447,jev-1.13.0,0.17,0.18333333333333335,0.6466666666666666,2,2630
1448,jev-1.13.0,0.9933333333333333,0.006666666666666667,0.0,0,2617
1449,jev-1.13.0,0.9933333333333333,0.006666666666666667,0.0,0,2684
1450,jev-1.13.0,0.006666666666666667,0.9933333333333333,0.0,1,2631
1451,jev-1.13.0,0.38999999999999996,0.07,0.54,2,2636
1452,jev-1.13.0,0.6366666666666666,0.013333333333333334,0.35000000000000003,0,2633
1453,jev-1.13.0,0.77,0.17666666666666664,0.05333333333333334,0,2630
1454,jev-1.13.0,1.0,0.0,0.0,0,2626
1455,jev-1.13.0,0.6933333333333334,0.03333333333333333,0.2733333333333334,0,2646
1456,jev-1.13.0,0.9899999999999999,0.01,0.0,0,2620
1457,jev-1.13.0,1.0,0.0,0.0,0,2616
1458,jev-1.13.0,0.8300000000000001,0.01,0.16,0,2627
1459,jev-1.13.0,0.9899999999999999,0.0,0.01,0,2623
1460,jev-1.13.0,0.0,1.0,0.0,1,2651
1461,jev-1.13.0,0.01,0.9566666666666667,0.03333333333333333,1,2642
1462,jev-1.13.0,0.01,0.98,0.01,1,2642
1463,jev-1.13.0,0.0,1.0,0.0,1,2660
1464,jev-1.13.0,0.0,1.0,0.0,1,2648
1465,jev-1.13.0,0.0,1.0,0.0,1,2615
1466,jev-1.13.0,1.0,0.0,0.0,0,2652
1467,jev-1.13.0,0.09666666666666668,0.30000000000000004,0.6033333333333334,2,2782
1468,jev-1.13.0,0.0,1.0,0.0,1,2615
1469,jev-1.13.0,0.9466666666666667,0.04,0.013333333333333334,0,2631
1470,jev-1.13.0,0.0,1.0,0.0,1,2648
1471,jev-1.13.0,0.02666666666666667,0.38000000000000006,0.5933333333333333,2,2662
1472,jev-1.13.0,0.28,0.7166666666666668,0.0033333333333333335,1,2643
1473,jev-1.13.0,0.0,0.6333333333333333,0.3666666666666667,1,2764
1474,jev-1.13.0,0.0,1.0,0.0,1,2656
1475,jev-1.13.0,0.0,1.0,0.0,1,2636
1476,jev-1.13.0,0.0,1.0,0.0,1,2635
1477,jev-1.13.0,0.0,1.0,0.0,1,2616
1478,jev-1.13.0,0.013333333333333334,0.9866666666666667,0.0,1,2621
1479,jev-1.13.0,0.38666666666666666,0.4166666666666667,0.19666666666666666,1,2623
1480,jev-1.13.0,0.043333333333333335,0.21666666666666667,0.7399999999999999,2,2729
1481,jev-1.13.0,1.0,0.0,0.0,0,2615
1482,jev-1.13.0,0.01,0.9666666666666667,0.023333333333333334,1,2655
1483,jev-1.13.0,0.9933333333333333,0.0,0.006666666666666667,0,2625
1484,jev-1.13.0,1.0,0.0,0.0,0,2618
1485,jev-1.13.0,0.0,1.0,0.0,1,2618
1486,jev-1.13.0,0.8633333333333333,0.023333333333333334,0.11333333333333334,0,2644
1487,jev-1.13.0,0.03666666666666667,0.9633333333333333,0.0,1,2618
1488,jev-1.13.0,0.0,1.0,0.0,1,2625
1489,jev-1.13.0,0.5266666666666666,0.06333333333333334,0.41,0,2629
1490,jev-1.13.0,0.20666666666666667,0.7733333333333334,0.02,1,2654
1491,jev-1.13.0,0.0,1.0,0.0,1,2620
1492,jev-1.13.0,0.0,1.0,0.0,1,2627
1493,jev-1.13.0,0.9633333333333333,0.0,0.03666666666666667,0,2631
1494,jev-1.13.0,0.01,0.98,0.01,1,2633
1495,jev-1.13.0,0.9266666666666667,0.0,0.07333333333333335,0,2634
1496,jev-1.13.0,1.0,0.0,0.0,0,2615
1497,jev-1.13.0,0.14666666666666664,0.85,0.0033333333333333335,1,2663
1498,jev-1.13.0,0.09000000000000001,0.9066666666666667,0.0033333333333333335,1,2626
1499,jev-1.13.0,0.15333333333333335,0.75,0.09666666666666668,1,2624
1500,jev-1.13.0,0.013333333333333334,0.9033333333333333,0.08,1,2646
1501,jev-1.13.0,0.0,1.0,0.0,1,2630
1502,jev-1.13.0,0.7233333333333333,0.11333333333333334,0.16333333333333333,0,2623
1503,jev-1.13.0,0.07,0.8700000000000001,0.06,1,2620
1504,jev-1.13.0,0.016666666666666666,0.0,0.9833333333333334,2,2638
1505,jev-1.13.0,0.5499999999999999,0.29333333333333333,0.1566666666666667,0,2635
1506,jev-1.13.0,0.0,1.0,0.0,1,2629
1507,jev-1.13.0,0.0,1.0,0.0,1,2629
1508,jev-1.13.0,0.7233333333333333,0.0033333333333333335,0.2733333333333334,0,2677
1509,jev-1.13.0,0.0,0.9833333333333334,0.016666666666666666,1,2625
1510,jev-1.13.0,0.03333333333333333,0.9666666666666667,0.0,1,2619
1511,jev-1.13.0,0.0,1.0,0.0,1,2623
1512,jev-1.13.0,0.01,0.9899999999999999,0.0,1,2622
1513,jev-1.13.0,0.03,0.9700000000000001,0.0,1,2614
1514,jev-1.13.0,1.0,0.0,0.0,0,2754
1515,jev-1.13.0,0.006666666666666667,0.9933333333333333,0.0,1,2622
1516,jev-1.13.0,0.18000000000000002,0.45,0.36999999999999994,1,2671
1517,jev-1.13.0,0.9199999999999999,0.08,0.0,0,2619
1518,jev-1.13.0,0.26666666666666666,0.32666666666666666,0.4066666666666667,2,2618
1519,jev-1.13.0,0.013333333333333334,0.9833333333333334,0.0033333333333333335,1,2624
1520,jev-1.13.0,0.0,1.0,0.0,1,2637
1521,jev-1.13.0,0.6533333333333333,0.06666666666666667,0.27999999999999997,0,2627
1522,jev-1.13.0,0.013333333333333334,0.9500000000000001,0.03666666666666667,1,2616
1523,jev-1.13.0,0.0,1.0,0.0,1,2643
1524,jev-1.13.0,0.016666666666666666,0.9700000000000001,0.013333333333333334,1,2628
1525,jev-1.13.0,0.006666666666666667,0.96,0.03333333333333333,1,2637
1526,jev-1.13.0,1.0,0.0,0.0,0,2616
1527,jev-1.13.0,1.0,0.0,0.0,0,2618
1528,jev-1.13.0,0.26333333333333336,0.016666666666666666,0.7200000000000001,2,2622
1529,jev-1.13.0,0.08,0.88,0.04,1,2631
1530,jev-1.13.0,0.5466666666666667,0.10000000000000002,0.35333333333333333,0,2623
1531,jev-1.13.0,0.33666666666666667,0.006666666666666667,0.6566666666666667,2,2648
1532,jev-1.13.0,0.0,1.0,0.0,1,2637
1533,jev-1.13.0,0.006666666666666667,0.9833333333333334,0.01,1,2635
1534,jev-1.13.0,0.30000000000000004,0.01,0.6900000000000001,2,2620
1535,jev-1.13.0,0.023333333333333334,0.9766666666666666,0.0,1,2613
1536,jev-1.13.0,0.016666666666666666,0.98,0.0033333333333333335,1,2631
1537,jev-1.13.0,0.016666666666666666,0.98,0.0033333333333333335,1,2620
1538,jev-1.13.0,0.62,0.21,0.17,0,2614
1539,jev-1.13.0,0.9933333333333333,0.006666666666666667,0.0,0,2618
1540,jev-1.13.0,0.013333333333333334,0.9866666666666667,0.0,1,2656
1541,jev-1.13.0,0.07333333333333333,0.01,0.9166666666666666,2,2620
1542,jev-1.13.0,0.0,1.0,0.0,1,2622
1543,jev-1.13.0,0.0,1.0,0.0,1,2620
1544,jev-1.13.0,0.9700000000000001,0.013333333333333334,0.016666666666666666,0,2618
1545,jev-1.13.0,0.013333333333333334,0.9866666666666667,0.0,1,2621
1546,jev-1.13.0,0.013333333333333334,0.98,0.006666666666666667,1,2626
1547,jev-1.13.0,0.22,0.7233333333333333,0.056666666666666664,1,2623
1548,jev-1.13.0,0.28,0.013333333333333334,0.7066666666666667,2,2642
1549,jev-1.13.0,0.7066666666666667,0.0,0.2933333333333334,0,2719
1550,jev-1.13.0,0.39666666666666667,0.03666666666666667,0.5666666666666667,2,2619
1551,jev-1.13.0,1.0,0.0,0.0,0,2625
1552,jev-1.13.0,1.0,0.0,0.0,0,2617
1553,jev-1.13.0,1.0,0.0,0.0,0,2616
1554,jev-1.13.0,0.0,1.0,0.0,1,2627
1555,jev-1.13.0,0.21333333333333335,0.02,0.7666666666666666,2,2682
1556,jev-1.13.0,0.9866666666666667,0.006666666666666667,0.006666666666666667,0,2612
1557,jev-1.13.0,0.9333333333333332,0.013333333333333334,0.05333333333333334,0,2620
1558,jev-1.13.0,0.8666666666666667,0.016666666666666666,0.11666666666666665,0,2624
1559,jev-1.13.0,0.65,0.0033333333333333335,0.3466666666666667,0,2698
1560,jev-1.13.0,0.41,0.023333333333333334,0.5666666666666665,2,2623
1561,jev-1.13.0,0.9966666666666667,0.0,0.0033333333333333335,0,2771
1562,jev-1.13.0,1.0,0.0,0.0,0,2616
1563,jev-1.13.0,0.0,1.0,0.0,1,2637
1564,jev-1.13.0,0.6766666666666666,0.09666666666666668,0.22666666666666668,0,2620
1565,jev-1.13.0,0.18666666666666668,0.0,0.8133333333333335,2,2651
1566,jev-1.13.0,0.01,0.9899999999999999,0.0,1,2670
1567,jev-1.13.0,0.8833333333333333,0.05333333333333334,0.06333333333333334,0,2629
1568,jev-1.13.0,0.12666666666666668,0.013333333333333334,0.86,2,2619
1569,jev-1.13.0,1.0,0.0,0.0,0,2618
1570,jev-1.13.0,0.0,1.0,0.0,1,2621
1571,jev-1.13.0,0.5,0.4033333333333333,0.09666666666666666,0,2629
1572,jev-1.13.0,0.84,0.04666666666666667,0.11333333333333333,0,2639
1573,jev-1.13.0,0.08333333333333333,0.0,0.9166666666666666,2,2680
1574,jev-1.13.0,0.0,1.0,0.0,1,2636
1575,jev-1.13.0,1.0,0.0,0.0,0,2614
1576,jev-1.13.0,0.64,0.030000000000000002,0.33,0,2623
1577,jev-1.13.0,0.9433333333333334,0.0,0.05666666666666667,0,2641
1578,jev-1.13.0,0.0,1.0,0.0,1,2656
1579,jev-1.13.0,0.25333333333333335,0.13333333333333333,0.6133333333333333,2,2641
1580,jev-1.13.0,0.9966666666666667,0.0,0.0033333333333333335,0,2624
1581,jev-1.13.0,0.6333333333333333,0.013333333333333334,0.35333333333333333,0,2638
1582,jev-1.13.0,0.06333333333333334,0.0,0.9366666666666665,2,2614
1583,jev-1.13.0,0.7166666666666668,0.20000000000000004,0.08333333333333333,0,2626
1584,jev-1.13.0,0.02666666666666667,0.0,0.9733333333333333,2,2614
1585,jev-1.13.0,1.0,0.0,0.0,0,2619
1586,jev-1.13.0,0.030000000000000002,0.0,0.9700000000000001,2,2637
1587,jev-1.13.0,0.0,1.0,0.0,1,2632
1588,jev-1.13.0,0.6533333333333333,0.016666666666666666,0.33,0,2632
1589,jev-1.13.0,0.12666666666666668,0.016666666666666666,0.8566666666666666,2,2635
1590,jev-1.13.0,1.0,0.0,0.0,0,2616
1591,jev-1.13.0,0.43,0.0,0.57,2,2620
1592,jev-1.13.0,1.0,0.0,0.0,0,2616
1593,jev-1.13.0,0.9833333333333334,0.016666666666666666,0.0,0,2621
1594,jev-1.13.0,0.0,1.0,0.0,1,2625
1595,jev-1.13.0,0.0,0.0,1.0,2,2750
1596,jev-1.13.0,0.8366666666666666,0.15,0.013333333333333334,0,2682
1597,jev-1.13.0,0.0,0.0,1.0,2,2614
1598,jev-1.13.0,0.08,0.8766666666666666,0.043333333333333335,1,2644
1599,jev-1.13.0,0.35333333333333333,0.0,0.6466666666666666,2,2747
1600,jev-1.13.0,0.9433333333333334,0.016666666666666666,0.04,0,2630
1601,jev-1.13.0,0.2866666666666667,0.02,0.6933333333333334,2,2634
1602,jev-1.13.0,0.0,0.0,1.0,2,2624
1603,jev-1.13.0,0.8233333333333333,0.08666666666666667,0.09000000000000001,0,2676
1604,jev-1.13.0,1.0,0.0,0.0,0,2679
1605,jev-1.13.0,0.41,0.013333333333333334,0.5766666666666667,2,2629
1606,jev-1.13.0,0.16333333333333333,0.36000000000000004,0.4766666666666666,2,2621
1607,jev-1.13.0,0.09999999999999999,0.9,0.0,1,2616
1608,jev-1.13.0,0.7166666666666667,0.1366666666666667,0.1466666666666667,0,2631
1609,jev-1.13.0,0.21,0.0,0.79,2,2648
1610,jev-1.13.0,0.5766666666666667,0.016666666666666666,0.40666666666666673,0,2652
1611,jev-1.13.0,0.2333333333333333,0.6033333333333334,0.16333333333333333,1,2629
1612,jev-1.13.0,0.8666666666666667,0.0,0.13333333333333333,0,2649
1613,jev-1.13.0,0.6833333333333332,0.01,0.30666666666666664,0,2630
1614,jev-1.13.0,0.6233333333333333,0.0,0.3766666666666667,0,2675
1615,jev-1.13.0,0.9899999999999999,0.0,0.01,0,2631
1616,jev-1.13.0,1.0,0.0,0.0,0,2617
1617,jev-1.13.0,0.04,0.12666666666666668,0.8333333333333334,2,2656
1618,jev-1.13.0,1.0,0.0,0.0,0,2617
1619,jev-1.13.0,1.0,0.0,0.0,0,2615
1620,jev-1.13.0,1.0,0.0,0.0,0,2615
1621,jev-1.13.0,1.0,0.0,0.0,0,2641
1622,jev-1.13.0,0.93,0.023333333333333334,0.04666666666666667,0,2640
1623,jev-1.13.0,0.49333333333333335,0.016666666666666666,0.49,0,2655
1624,jev-1.13.0,0.49333333333333335,0.030000000000000002,0.4766666666666666,0,2617
1625,jev-1.13.0,0.31333333333333335,0.0,0.6866666666666666,2,2656
1626,jev-1.13.0,1.0,0.0,0.0,0,2617
1627,jev-1.13.0,0.4366666666666667,0.01,0.5533333333333333,2,2695
1628,jev-1.13.0,1.0,0.0,0.0,0,2625
1629,jev-1.13.0,0.8566666666666666,0.14333333333333334,0.0,0,2674
1630,jev-1.13.0,0.08333333333333333,0.08666666666666667,0.8300000000000001,2,2637
1631,jev-1.13.0,1.0,0.0,0.0,0,2619
1632,jev-1.13.0,1.0,0.0,0.0,0,2789
1633,jev-1.13.0,0.8733333333333334,0.0,0.12666666666666668,0,2633
1634,jev-1.13.0,1.0,0.0,0.0,0,2618
1635,jev-1.13.0,0.030000000000000002,0.0033333333333333335,0.9666666666666667,2,2634
1636,jev-1.13.0,0.0033333333333333335,0.0,0.9966666666666667,2,2615
1637,jev-1.13.0,1.0,0.0,0.0,0,2621
1638,jev-1.13.0,1.0,0.0,0.0,0,2617
1639,jev-1.13.0,0.23666666666666666,0.01,0.7533333333333333,2,2653
1640,jev-1.13.0,0.9766666666666666,0.0033333333333333335,0.02,0,2620
1641,jev-1.13.0,0.6666666666666666,0.006666666666666667,0.32666666666666666,0,2649
1642,jev-1.13.0,0.93,0.056666666666666664,0.013333333333333334,0,2617
1643,jev-1.13.0,1.0,0.0,0.0,0,2616
1644,jev-1.13.0,0.47,0.0,0.53,2,2642
1645,jev-1.13.0,0.23666666666666666,0.0033333333333333335,0.7600000000000001,2,2637
1646,jev-1.13.0,0.4466666666666667,0.1366666666666667,0.4166666666666667,0,2616
1647,jev-1.13.0,1.0,0.0,0.0,0,2620
1648,jev-1.13.0,0.64,0.09999999999999999,0.26,0,2621
1649,jev-1.13.0,0.8633333333333333,0.07333333333333333,0.06333333333333334,0,2614
1650,jev-1.13.0,0.9533333333333333,0.02,0.02666666666666667,0,2623
1651,jev-1.13.0,0.9700000000000001,0.006666666666666667,0.023333333333333334,0,2619
1652,jev-1.13.0,0.9499999999999998,0.01,0.04,0,2621
1653,jev-1.13.0,0.07,0.006666666666666667,0.9233333333333333,2,2634
1654,jev-1.13.0,1.0,0.0,0.0,0,2618
1655,jev-1.13.0,1.0,0.0,0.0,0,2616
1656,jev-1.13.0,1.0,0.0,0.0,0,2615
1657,jev-1.13.0,0.44,0.03333333333333333,0.5266666666666667,2,2637
1658,jev-1.13.0,0.5766666666666667,0.08333333333333333,0.34,0,2623
1659,jev-1.13.0,0.47333333333333333,0.01,0.5166666666666667,2,2651
1660,jev-1.13.0,0.56,0.24,0.19999999999999998,0,2627
1661,jev-1.13.0,1.0,0.0,0.0,0,2620
1662,jev-1.13.0,0.17,0.0,0.83,2,2633
1663,jev-1.13.0,0.17666666666666667,0.0033333333333333335,0.82,2,2717
1664,jev-1.13.0,0.41333333333333333,0.0,0.5866666666666666,2,2643
1665,jev-1.13.0,0.023333333333333334,0.0,0.9766666666666666,2,2666
1666,jev-1.13.0,0.5833333333333334,0.05666666666666667,0.36000000000000004,0,2615
1667,jev-1.13.0,0.04,0.0,0.96,2,2659
1668,jev-1.13.0,0.8300000000000001,0.09666666666666668,0.07333333333333333,0,2613
1669,jev-1.13.0,0.01,0.9899999999999999,0.0,1,2624
1670,jev-1.13.0,1.0,0.0,0.0,0,2618
1671,jev-1.13.0,0.10000000000000002,0.0,0.9,2,2645
1672,jev-1.13.0,1.0,0.0,0.0,0,2619
1673,jev-1.13.0,0.02666666666666667,0.0,0.9733333333333333,2,2634
1674,jev-1.13.0,0.07,0.0033333333333333335,0.9266666666666667,2,2668
1675,jev-1.13.0,1.0,0.0,0.0,0,2615
1676,jev-1.13.0,0.3833333333333333,0.10666666666666667,0.51,2,2623
1677,jev-1.13.0,0.49,0.29,0.22,0,2627
1678,jev-1.13.0,0.9933333333333333,0.006666666666666667,0.0,0,2615
1679,jev-1.13.0,0.34,0.0,0.66,2,2635
1680,jev-1.13.0,0.8166666666666668,0.060000000000000005,0.12333333333333334,0,2623
1681,jev-1.13.0,0.09333333333333334,0.006666666666666667,0.9,2,2619
1682,jev-1.13.0,1.0,0.0,0.0,0,2616
1683,jev-1.13.0,0.48666666666666664,0.02333333333333333,0.49,2,2621
1684,jev-1.13.0,1.0,0.0,0.0,0,2618
1685,jev-1.13.0,1.0,0.0,0.0,0,2784
1686,jev-1.13.0,0.5166666666666667,0.3866666666666667,0.09666666666666666,0,2626
1687,jev-1.13.0,0.7600000000000001,0.12333333333333334,0.11666666666666665,0,2631
1688,jev-1.13.0,0.8833333333333333,0.06333333333333334,0.05333333333333334,0,2627
1689,jev-1.13.0,0.12333333333333334,0.7000000000000001,0.17666666666666667,1,2632
1690,jev-1.13.0,0.01,0.0,0.9899999999999999,2,2616
1691,jev-1.13.0,0.48333333333333334,0.11,0.4066666666666667,0,2619
1692,jev-1.13.0,0.94,0.04,0.02,0,2621
1693,jev-1.13.0,0.18999999999999997,0.12666666666666668,0.6833333333333332,2,2669
1694,jev-1.13.0,0.4066666666666667,0.27666666666666667,0.31666666666666665,0,2681
1695,jev-1.13.0,0.9899999999999999,0.0,0.01,0,2624
1696,jev-1.13.0,0.8000000000000002,0.0,0.20000000000000004,0,2636
1697,jev-1.13.0,0.8133333333333334,0.0,0.18666666666666668,0,2653
1698,jev-1.13.0,0.2866666666666667,0.64,0.07333333333333332,1,2619
1699,jev-1.13.0,0.32,0.013333333333333334,0.6666666666666666,2,2628
1700,jev-1.13.0,0.7033333333333333,0.013333333333333334,0.2833333333333334,0,2649
1701,jev-1.13.0,0.0,0.006666666666666667,0.9933333333333333,2,2670
1702,jev-1.13.0,0.33,0.6,0.07,1,2622
1703,jev-1.13.0,0.14333333333333334,0.02,0.8366666666666668,2,2633
1704,jev-1.13.0,1.0,0.0,0.0,0,2617
1705,jev-1.13.0,1.0,0.0,0.0,0,2616
1706,jev-1.13.0,1.0,0.0,0.0,0,2616
1707,jev-1.13.0,1.0,0.0,0.0,0,2617
1708,jev-1.13.0,0.61,0.2833333333333333,0.10666666666666667,0,2617
1709,jev-1.13.0,0.3733333333333333,0.4066666666666667,0.22,1,2614
1710,jev-1.13.0,0.8433333333333333,0.016666666666666666,0.13999999999999999,0,2653
1711,jev-1.13.0,0.8833333333333333,0.04666666666666667,0.07,0,2621
1712,jev-1.13.0,0.0,1.0,0.0,1,2614
1713,jev-1.13.0,0.10333333333333333,0.8333333333333334,0.06333333333333334,1,2621
1714,jev-1.13.0,0.7633333333333333,0.0,0.23666666666666666,0,2639
1715,jev-1.13.0,0.05333333333333334,0.0033333333333333335,0.9433333333333334,2,2642
1716,jev-1.13.0,0.9700000000000001,0.01,0.02,0,2622
1717,jev-1.13.0,0.6566666666666667,0.04666666666666666,0.29666666666666663,0,2635
1718,jev-1.13.0,0.9266666666666667,0.0,0.07333333333333333,0,2637
1719,jev-1.13.0,1.0,0.0,0.0,0,2616
1720,jev-1.13.0,1.0,0.0,0.0,0,2779
1721,jev-1.13.0,1.0,0.0,0.0,0,2615
1722,jev-1.13.0,1.0,0.0,0.0,0,2618
1723,jev-1.13.0,0.3866666666666667,0.013333333333333334,0.6,2,2695
1724,jev-1.13.0,0.013333333333333334,0.9766666666666666,0.01,1,2657
1725,jev-1.13.0,0.0,1.0,0.0,1,2628
1726,jev-1.13.0,0.4466666666666666,0.013333333333333334,0.54,2,2630
1727,jev-1.13.0,0.7966666666666665,0.03333333333333333,0.17,0,2625
1728,jev-1.13.0,0.5933333333333333,0.03666666666666667,0.36999999999999994,0,2625
1729,jev-1.13.0,0.9166666666666666,0.006666666666666667,0.07666666666666667,0,2642
1730,jev-1.13.0,0.92,0.0,0.08,0,2636
1731,jev-1.13.0,0.21666666666666667,0.006666666666666667,0.7766666666666667,2,2719
1732,jev-1.13.0,0.5633333333333334,0.01,0.4266666666666667,0,2650
1733,jev-1.13.0,0.0,1.0,0.0,1,2620
1734,jev-1.13.0,0.6666666666666666,0.0033333333333333335,0.33,0,2639
1735,jev-1.13.0,0.9500000000000001,0.0,0.049999999999999996,0,2625
1736,jev-1.13.0,0.25333333333333335,0.049999999999999996,0.6966666666666667,2,2625
1737,jev-1.13.0,0.6999999999999998,0.15,0.15,0,2634
1738,jev-1.13.0,0.84,0.06666666666666667,0.09333333333333334,0,2623
1739,jev-1.13.0,0.8533333333333334,0.03333333333333333,0.11333333333333334,0,2650
1740,jev-1.13.0,0.82,0.06666666666666667,0.11333333333333333,0,2625
1741,jev-1.13.0,0.27,0.7166666666666668,0.013333333333333334,1,2646
1742,jev-1.13.0,0.7266666666666666,0.14333333333333334,0.13,0,2627
1743,jev-1.13.0,0.5366666666666667,0.02666666666666667,0.4366666666666667,0,2634
1744,jev-1.13.0,0.9233333333333333,0.03333333333333333,0.043333333333333335,0,2630
1745,jev-1.13.0,0.8466666666666667,0.01,0.14333333333333334,0,2615
1746,jev-1.13.0,0.9899999999999999,0.006666666666666667,0.0033333333333333335,0,2617
1747,jev-1.13.0,0.0,1.0,0.0,1,2617
1748,jev-1.13.0,1.0,0.0,0.0,0,2615
1749,jev-1.13.0,0.94,0.0,0.06,0,2618
1750,jev-1.13.0,1.0,0.0,0.0,0,2616
1751,jev-1.13.0,0.6866666666666665,0.043333333333333335,0.27,0,2630
1752,jev-1.13.0,1.0,0.0,0.0,0,2650
1753,jev-1.13.0,0.016666666666666666,0.9466666666666667,0.03666666666666667,1,2641
1754,jev-1.13.0,0.01,0.0,0.9899999999999999,2,2701
1755,jev-1.13.0,0.9766666666666666,0.0033333333333333335,0.02,0,2624
1756,jev-1.13.0,0.7333333333333334,0.0,0.26666666666666666,0,2664
1757,jev-1.13.0,0.0,1.0,0.0,1,2622
1758,jev-1.13.0,1.0,0.0,0.0,0,2618
1759,jev-1.13.0,0.5333333333333333,0.17333333333333334,0.2933333333333334,0,2771
1760,jev-1.13.0,0.03333333333333333,0.0,0.9666666666666667,2,2630
1761,jev-1.13.0,0.37666666666666665,0.0,0.6233333333333334,2,2686
1762,jev-1.13.0,0.21333333333333335,0.03,0.7566666666666667,2,2685
1763,jev-1.13.0,0.32666666666666666,0.41,0.26333333333333336,1,2686
1764,jev-1.13.0,0.05000000000000001,0.0,0.9499999999999998,2,2897
1765,jev-1.13.0,0.39333333333333337,0.0033333333333333335,0.6033333333333334,2,2701
1766,jev-1.13.0,0.8300000000000001,0.04,0.13,0,2633
1767,jev-1.13.0,0.32,0.45,0.22999999999999998,1,2663
1768,jev-1.13.0,0.88,0.05333333333333334,0.06666666666666667,0,2630
1769,jev-1.13.0,0.41333333333333333,0.4166666666666667,0.17,1,2656
1770,jev-1.13.0,0.1366666666666667,0.29333333333333333,0.57,2,2646
1771,jev-1.13.0,0.5,0.023333333333333334,0.4766666666666666,0,2740
1772,jev-1.13.0,0.0,1.0,0.0,1,2623
1773,jev-1.13.0,0.05666666666666667,0.09000000000000001,0.8533333333333334,2,2625
1774,jev-1.13.0,1.0,0.0,0.0,0,2618
1775,jev-1.13.0,1.0,0.0,0.0,0,2615
1776,jev-1.13.0,0.32333333333333336,0.0033333333333333335,0.6733333333333333,2,2629
1777,jev-1.13.0,0.87,0.0,0.13,0,2792
1778,jev-1.13.0,0.9433333333333334,0.0,0.056666666666666664,0,2619
1779,jev-1.13.0,0.11,0.7933333333333333,0.09666666666666668,1,2832
1780,jev-1.13.0,0.06333333333333334,0.0033333333333333335,0.9333333333333332,2,2627
1781,jev-1.13.0,0.3066666666666667,0.013333333333333334,0.68,2,2646
1782,jev-1.13.0,0.09333333333333334,0.8933333333333334,0.013333333333333334,1,2651
1783,jev-1.13.0,1.0,0.0,0.0,0,2782
1784,jev-1.13.0,0.62,0.06666666666666667,0.3133333333333334,0,2632
1785,jev-1.13.0,0.7933333333333333,0.02666666666666667,0.18000000000000002,0,2631
1786,jev-1.13.0,0.30333333333333334,0.0,0.6966666666666667,2,2631
1787,jev-1.13.0,0.9466666666666667,0.0,0.05333333333333334,0,2620
1788,jev-1.13.0,0.43,0.03666666666666667,0.5333333333333333,2,2634
1789,jev-1.13.0,0.0,1.0,0.0,1,2628
1790,jev-1.13.0,0.98,0.02,0.0,0,2624
1791,jev-1.13.0,0.8300000000000001,0.0033333333333333335,0.16666666666666666,0,2629
1792,jev-1.13.0,0.0,1.0,0.0,1,2653
1793,jev-1.13.0,1.0,0.0,0.0,0,2616
1794,jev-1.13.0,0.1366666666666667,0.006666666666666667,0.8566666666666666,2,2627
1795,jev-1.13.0,1.0,0.0,0.0,0,2616
1796,jev-1.13.0,0.9499999999999998,0.04666666666666667,0.0033333333333333335,0,2631
1797,jev-1.13.0,0.9833333333333334,0.0,0.016666666666666666,0,2623
1798,jev-1.13.0,0.0,1.0,0.0,1,2651
1799,jev-1.13.0,0.41333333333333333,0.06666666666666667,0.52,2,2636
1800,jev-1.13.0,1.0,0.0,0.0,0,2615
1801,jev-1.13.0,1.0,0.0,0.0,0,2615
1802,jev-1.13.0,0.29,0.41333333333333333,0.2966666666666667,1,2625
1803,jev-1.13.0,0.9933333333333333,0.006666666666666667,0.0,0,2625
1804,jev-1.13.0,1.0,0.0,0.0,0,2616
1805,jev-1.13.0,0.43,0.51,0.060000000000000005,1,2618
1806,jev-1.13.0,0.01,0.013333333333333334,0.9766666666666666,2,2657
1807,jev-1.13.0,1.0,0.0,0.0,0,2622
1808,jev-1.13.0,0.02,0.9766666666666666,0.0033333333333333335,1,2619
1809,jev-1.13.0,1.0,0.0,0.0,0,2617
1810,jev-1.13.0,0.20000000000000004,0.19000000000000003,0.61,2,2619
1811,jev-1.13.0,0.03333333333333333,0.8766666666666666,0.09000000000000001,1,2625
1812,jev-1.13.0,0.7000000000000001,0.01,0.29,0,2627
1813,jev-1.13.0,0.0033333333333333335,0.9966666666666667,0.0,1,2628
1814,jev-1.13.0,0.0,0.0,1.0,2,2620
1815,jev-1.13.0,0.35666666666666663,0.12333333333333334,0.52,2,2619
1816,jev-1.13.0,1.0,0.0,0.0,0,2619
1817,jev-1.13.0,0.69,0.29333333333333333,0.016666666666666666,0,2616
1818,jev-1.13.0,0.8633333333333333,0.06,0.07666666666666666,0,2620
1819,jev-1.13.0,0.85,0.0,0.15,0,2660
1820,jev-1.13.0,1.0,0.0,0.0,0,2615
1821,jev-1.13.0,0.15666666666666668,0.006666666666666667,0.8366666666666666,2,2654
1822,jev-1.13.0,0.006666666666666667,0.9933333333333333,0.0,1,2626
1823,jev-1.13.0,0.0,1.0,0.0,1,2642
1824,jev-1.13.0,0.0,1.0,0.0,1,2642
1825,jev-1.13.0,0.82,0.060000000000000005,0.12,0,2618
1826,jev-1.13.0,0.52,0.05333333333333334,0.4266666666666667,0,2631
1827,jev-1.13.0,0.9433333333333334,0.03,0.02666666666666667,0,2629
1828,jev-1.13.0,1.0,0.0,0.0,0,2626
1829,jev-1.13.0,0.7866666666666667,0.006666666666666667,0.20666666666666667,0,2633
1830,jev-1.13.0,0.87,0.0033333333333333335,0.12666666666666668,0,2619
1831,jev-1.13.0,0.10000000000000002,0.87,0.03,1,2633
1832,jev-1.13.0,0.5466666666666667,0.4533333333333333,0.0,0,2656
1833,jev-1.13.0,0.0,1.0,0.0,1,2614
1834,jev-1.13.0,0.9966666666666667,0.0033333333333333335,0.0,0,2615
1835,jev-1.13.0,0.9533333333333333,0.04,0.006666666666666667,0,2613
1836,jev-1.13.0,0.0,1.0,0.0,1,2632
1837,jev-1.13.0,0.6266666666666666,0.2833333333333334,0.09000000000000001,0,2623
1838,jev-1.13.0,1.0,0.0,0.0,0,2616
1839,jev-1.13.0,0.17333333333333334,0.29,0.5366666666666667,2,2633
1840,jev-1.13.0,1.0,0.0,0.0,0,2628
1841,jev-1.13.0,0.42333333333333334,0.5766666666666667,0.0,1,2613
1842,jev-1.13.0,1.0,0.0,0.0,0,2644
1843,jev-1.13.0,0.03333333333333333,0.9133333333333334,0.05333333333333334,1,2628
1844,jev-1.13.0,0.13,0.8333333333333334,0.03666666666666667,1,2626
1845,jev-1.13.0,0.0,1.0,0.0,1,2632
1846,jev-1.13.0,0.0,1.0,0.0,1,2665
1847,jev-1.13.0,1.0,0.0,0.0,0,2619
1848,jev-1.13.0,0.03666666666666667,0.9633333333333333,0.0,1,2623
1849,jev-1.13.0,0.6966666666666667,0.17666666666666667,0.12666666666666668,0,2628
1850,jev-1.13.0,0.9199999999999999,0.03333333333333333,0.04666666666666667,0,2624
1851,jev-1.13.0,0.0,1.0,0.0,1,2633
1852,jev-1.13.0,1.0,0.0,0.0,0,2772
1853,jev-1.13.0,0.01,0.9899999999999999,0.0,1,2619
1854,jev-1.13.0,0.7866666666666666,0.04666666666666667,0.16666666666666666,0,2622
1855,jev-1.13.0,0.42333333333333334,0.09666666666666666,0.48,2,2615
1856,jev-1.13.0,0.0,1.0,0.0,1,2646
1857,jev-1.13.0,0.0,1.0,0.0,1,2642
1858,jev-1.13.0,0.12333333333333334,0.8300000000000001,0.04666666666666667,1,2625
1859,jev-1.13.0,0.7833333333333333,0.11,0.10666666666666667,0,2627
1860,jev-1.13.0,0.85,0.006666666666666667,0.14333333333333334,0,2631
1861,jev-1.13.0,0.38000000000000006,0.22333333333333336,0.39666666666666667,2,2657
1862,jev-1.13.0,0.0,1.0,0.0,1,2616
1863,jev-1.13.0,0.40666666666666673,0.016666666666666666,0.5766666666666667,2,2622
1864,jev-1.13.0,0.20666666666666667,0.0033333333333333335,0.79,2,2636
1865,jev-1.13.0,0.18000000000000002,0.03666666666666667,0.7833333333333333,2,2626
1866,jev-1.13.0,0.043333333333333335,0.9566666666666667,0.0,1,2639
1867,jev-1.13.0,1.0,0.0,0.0,0,2619
1868,jev-1.13.0,0.0,1.0,0.0,1,2695
1869,jev-1.13.0,0.0,1.0,0.0,1,2650
1870,jev-1.13.0,0.6166666666666667,0.13666666666666666,0.24666666666666667,0,2615
1871,jev-1.13.0,0.4033333333333333,0.5833333333333334,0.013333333333333334,1,2621
1872,jev-1.13.0,0.0,1.0,0.0,1,2629
1873,jev-1.13.0,1.0,0.0,0.0,0,2619
1874,jev-1.13.0,1.0,0.0,0.0,0,2620
1875,jev-1.13.0,0.0,1.0,0.0,1,2619
1876,jev-1.13.0,0.8266666666666667,0.10333333333333333,0.06999999999999999,0,2615
1877,jev-1.13.0,1.0,0.0,0.0,0,2616
1878,jev-1.13.0,0.0,1.0,0.0,1,2633
1879,jev-1.13.0,1.0,0.0,0.0,0,2617
1880,jev-1.13.0,0.0,0.9966666666666667,0.0033333333333333335,1,2659
1881,jev-1.13.0,0.0,1.0,0.0,1,2626
1882,jev-1.13.0,0.0,1.0,0.0,1,2618
1883,jev-1.13.0,0.013333333333333334,0.9866666666666667,0.0,1,2627
1884,jev-1.13.0,0.01,0.9899999999999999,0.0,1,2614
1885,jev-1.13.0,0.6266666666666666,0.0,0.37333333333333335,0,2638
1886,jev-1.13.0,0.01,0.9899999999999999,0.0,1,2660
1887,jev-1.13.0,0.7133333333333334,0.06,0.22666666666666666,0,2617
1888,jev-1.13.0,0.0,1.0,0.0,1,2616
1889,jev-1.13.0,0.17,0.0033333333333333335,0.8266666666666667,2,2643
1890,jev-1.13.0,0.0,1.0,0.0,1,2637
1891,jev-1.13.0,0.0,1.0,0.0,1,2637
1892,jev-1.13.0,0.01,0.9899999999999999,0.0,1,2633
1893,jev-1.13.0,0.0,1.0,0.0,1,2630
1894,jev-1.13.0,0.51,0.13333333333333333,0.3566666666666667,0,2616
1895,jev-1.13.0,0.0,1.0,0.0,1,2622
1896,jev-1.13.0,0.9966666666666667,0.0033333333333333335,0.0,0,2621
1897,jev-1.13.0,0.0,0.9899999999999999,0.01,1,2619
1898,jev-1.13.0,1.0,0.0,0.0,0,2653
1899,jev-1.13.0,0.02,0.98,0.0,1,2623
1900,jev-1.13.0,0.5433333333333333,0.0,0.4566666666666666,0,2633
1901,jev-1.13.0,0.0,1.0,0.0,1,2617
1902,jev-1.13.0,0.2966666666666667,0.6733333333333333,0.030000000000000002,1,2617
1903,jev-1.13.0,0.22999999999999998,0.0033333333333333335,0.7666666666666666,2,2631
1904,jev-1.13.0,0.6533333333333333,0.3333333333333333,0.013333333333333334,0,2628
1905,jev-1.13.0,0.12666666666666668,0.8433333333333334,0.03,1,2617
1906,jev-1.13.0,0.9866666666666667,0.0,0.013333333333333334,0,2626
1907,jev-1.13.0,0.0,1.0,0.0,1,2623
1908,jev-1.13.0,0.006666666666666667,0.9566666666666667,0.03666666666666667,1,2635
1909,jev-1.13.0,0.03,0.9700000000000001,0.0,1,2627
1910,jev-1.13.0,0.0,1.0,0.0,1,2662
1911,jev-1.13.0,1.0,0.0,0.0,0,2616
1912,jev-1.13.0,0.0,1.0,0.0,1,2649
1913,jev-1.13.0,1.0,0.0,0.0,0,2616
1914,jev-1.13.0,0.0,1.0,0.0,1,2642
1915,jev-1.13.0,0.07333333333333335,0.47666666666666674,0.45,1,2631
1916,jev-1.13.0,0.0,1.0,0.0,1,2633
1917,jev-1.13.0,0.5066666666666667,0.09000000000000001,0.4033333333333333,0,2625
1918,jev-1.13.0,1.0,0.0,0.0,0,2779
1919,jev-1.13.0,0.0,1.0,0.0,1,2617
1920,jev-1.13.0,0.69,0.14333333333333334,0.16666666666666666,0,2618
1921,jev-1.13.0,0.7866666666666667,0.18333333333333335,0.03,0,2623
1922,jev-1.13.0,0.35666666666666663,0.01,0.6333333333333333,2,2636
1923,jev-1.13.0,0.0,1.0,0.0,1,2622
1924,jev-1.13.0,0.9700000000000001,0.0,0.030000000000000002,0,2661
1925,jev-1.13.0,0.0,1.0,0.0,1,2654
1926,jev-1.13.0,1.0,0.0,0.0,0,2617
1927,jev-1.13.0,0.9833333333333334,0.006666666666666667,0.01,0,2623
1928,jev-1.13.0,0.006666666666666667,0.98,0.013333333333333334,1,2625
1929,jev-1.13.0,0.25666666666666665,0.01,0.7333333333333334,2,2627
1930,jev-1.13.0,0.30666666666666664,0.02,0.6733333333333333,2,2630
1931,jev-1.13.0,0.30666666666666664,0.6933333333333334,0.0,1,2659
1932,jev-1.13.0,0.7399999999999999,0.016666666666666666,0.24333333333333332,0,2620
1933,jev-1.13.0,0.0,1.0,0.0,1,2620
1934,jev-1.13.0,0.9633333333333333,0.03666666666666667,0.0,0,2630
1935,jev-1.13.0,0.9566666666666667,0.016666666666666666,0.02666666666666667,0,2627
1936,jev-1.13.0,0.006666666666666667,0.9933333333333333,0.0,1,2626
1937,jev-1.13.0,1.0,0.0,0.0,0,2617
1938,jev-1.13.0,0.7000000000000001,0.01,0.29000000000000004,0,2625
1939,jev-1.13.0,0.4466666666666667,0.03333333333333333,0.52,2,2621
1940,jev-1.13.0,0.0,1.0,0.0,1,2625
1941,jev-1.13.0,0.9766666666666666,0.0033333333333333335,0.02,0,2623
1942,jev-1.13.0,0.29000000000000004,0.6733333333333333,0.03666666666666667,1,2622
1943,jev-1.13.0,0.0,1.0,0.0,1,2627
1944,jev-1.13.0,0.0,0.0,1.0,2,2745
1945,jev-1.13.0,0.0,1.0,0.0,1,2636
1946,jev-1.13.0,0.9633333333333333,0.0,0.03666666666666667,0,2649
1947,jev-1.13.0,0.0,1.0,0.0,1,2614
1948,jev-1.13.0,0.0,1.0,0.0,1,2651
1949,jev-1.13.0,0.07666666666666667,0.8133333333333334,0.10999999999999999,1,2637
1950,jev-1.13.0,0.0,1.0,0.0,1,2645
1951,jev-1.13.0,0.01,0.9899999999999999,0.0,1,2649
1952,jev-1.13.0,0.05333333333333334,0.7599999999999999,0.18666666666666668,1,2659
1953,jev-1.13.0,0.0,1.0,0.0,1,2629
1954,jev-1.13.0,0.0,1.0,0.0,1,2637
1955,jev-1.13.0,0.0,1.0,0.0,1,2632
1956,jev-1.13.0,0.25666666666666665,0.7133333333333334,0.030000000000000002,1,2634
1957,jev-1.13.0,0.0033333333333333335,0.9966666666666667,0.0,1,2621
1958,jev-1.13.0,1.0,0.0,0.0,0,2617
1959,jev-1.13.0,1.0,0.0,0.0,0,2776
1960,jev-1.13.0,0.0,1.0,0.0,1,2625
1961,jev-1.13.0,0.0,1.0,0.0,1,2619
1962,jev-1.13.0,0.82,0.05333333333333334,0.12333333333333334,0,2626
1963,jev-1.13.0,0.5566666666666666,0.02666666666666667,0.4166666666666667,0,2634
1964,jev-1.13.0,0.10666666666666665,0.8933333333333334,0.0,1,2636
1965,jev-1.13.0,0.38000000000000006,0.3666666666666667,0.25333333333333335,0,2624
1966,jev-1.13.0,1.0,0.0,0.0,0,2615
1967,jev-1.13.0,0.006666666666666667,0.98,0.013333333333333334,1,2616
1968,jev-1.13.0,0.0,1.0,0.0,1,2618
1969,jev-1.13.0,1.0,0.0,0.0,0,2616
1970,jev-1.13.0,0.0,0.9966666666666667,0.0033333333333333335,1,2623
1971,jev-1.13.0,0.0,0.9533333333333333,0.04666666666666667,1,2635
1972,jev-1.13.0,0.9366666666666666,0.023333333333333334,0.04,0,2616
1973,jev-1.13.0,0.05000000000000001,0.9500000000000001,0.0,1,2615
1974,jev-1.13.0,0.043333333333333335,0.9466666666666667,0.01,1,2628
1975,jev-1.13.0,0.89,0.06666666666666667,0.043333333333333335,0,2619
1976,jev-1.13.0,0.056666666666666664,0.91,0.03333333333333333,1,2619
1977,jev-1.13.0,0.0,1.0,0.0,1,2615
1978,jev-1.13.0,0.0033333333333333335,0.9966666666666667,0.0,1,2624
1979,jev-1.13.0,0.07666666666666667,0.9233333333333333,0.0,1,2652
1980,jev-1.13.0,0.08333333333333333,0.9,0.016666666666666666,1,2673
1981,jev-1.13.0,1.0,0.0,0.0,0,2617
1982,jev-1.13.0,0.0,1.0,0.0,1,2629
1983,jev-1.13.0,1.0,0.0,0.0,0,2620
1984,jev-1.13.0,0.3433333333333333,0.5233333333333333,0.13333333333333333,1,2623
1985,jev-1.13.0,0.0,1.0,0.0,1,2619
1986,jev-1.13.0,0.0,1.0,0.0,1,2621
1987,jev-1.13.0,0.9066666666666666,0.030000000000000002,0.06333333333333334,0,2615
1988,jev-1.13.0,0.0,1.0,0.0,1,2620
1989,jev-1.13.0,0.0,0.0033333333333333335,0.9966666666666667,2,2670
1990,jev-1.13.0,0.31666666666666665,0.0033333333333333335,0.68,2,2644
1991,jev-1.13.0,0.18000000000000002,0.82,0.0,1,2642
1992,jev-1.13.0,0.36999999999999994,0.26,0.36999999999999994,0,2682
1993,jev-1.13.0,0.0,1.0,0.0,1,2629
1994,jev-1.13.0,0.21333333333333335,0.7366666666666667,0.049999999999999996,1,2623
1995,jev-1.13.0,0.0,1.0,0.0,1,2632
1996,jev-1.13.0,0.52,0.03333333333333333,0.4466666666666667,0,2632
1997,jev-1.13.0,1.0,0.0,0.0,0,2632
1998,jev-1.13.0,0.9966666666666667,0.0033333333333333335,0.0,0,2617
1999,jev-1.13.0,0.0,1.0,0.0,1,2640
2000,jev-1.13.0,0.0,1.0,0.0,1,2648
2001,jev-1.13.0,0.7333333333333334,0.07,0.19666666666666668,0,2622
2002,jev-1.13.0,0.05666666666666667,0.4000000000000001,0.5433333333333333,2,2678
2003,jev-1.13.0,0.0,1.0,0.0,1,2617
2004,jev-1.13.0,0.17333333333333334,0.0,0.8266666666666667,2,2630
2005,jev-1.13.0,0.26666666666666666,0.7333333333333334,0.0,1,2626
2006,jev-1.13.0,0.0,1.0,0.0,1,2618
2007,jev-1.13.0,1.0,0.0,0.0,0,2776
2008,jev-1.13.0,1.0,0.0,0.0,0,2616
2009,jev-1.13.0,0.9466666666666667,0.03,0.023333333333333334,0,2620
2010,jev-1.13.0,0.9899999999999999,0.0,0.01,0,2623
2011,jev-1.13.0,0.9033333333333333,0.006666666666666667,0.09000000000000001,0,2624
2012,jev-1.13.0,0.05666666666666667,0.92,0.023333333333333334,1,2617
2013,jev-1.13.0,0.3133333333333333,0.21000000000000005,0.4766666666666666,2,2627
2014,jev-1.13.0,0.6433333333333333,0.3333333333333333,0.023333333333333334,0,2619
2015,jev-1.13.0,1.0,0.0,0.0,0,2617
2016,jev-1.13.0,0.8333333333333334,0.02,0.1466666666666667,0,2620
2017,jev-1.13.0,0.0,1.0,0.0,1,2632
2018,jev-1.13.0,0.0,1.0,0.0,1,2618
2019,jev-1.13.0,0.4766666666666666,0.05000000000000001,0.47333333333333333,0,2617
2020,jev-1.13.0,0.0,1.0,0.0,1,2632
2021,jev-1.13.0,1.0,0.0,0.0,0,2615
2022,jev-1.13.0,0.01,0.9633333333333333,0.02666666666666667,1,2636
2023,jev-1.13.0,0.8033333333333333,0.016666666666666666,0.18000000000000002,0,2634
2024,jev-1.13.0,0.0,1.0,0.0,1,2628
2025,jev-1.13.0,0.0,1.0,0.0,1,2623
2026,jev-1.13.0,0.4033333333333333,0.49333333333333335,0.10333333333333333,1,2649
2027,jev-1.13.0,0.14,0.86,0.0,1,2622
2028,jev-1.13.0,0.9466666666666667,0.0,0.05333333333333334,0,2647
2029,jev-1.13.0,0.0,1.0,0.0,1,2617
2030,jev-1.13.0,1.0,0.0,0.0,0,2617
2031,jev-1.13.0,0.06,0.29,0.6499999999999999,2,2637
2032,jev-1.13.0,0.8966666666666666,0.04666666666666667,0.05666666666666667,0,2619
2033,jev-1.13.0,0.7233333333333333,0.15,0.12666666666666668,0,2745
2034,jev-1.13.0,0.8566666666666666,0.02666666666666667,0.11666666666666668,0,2622
2035,jev-1.13.0,0.9899999999999999,0.01,0.0,0,2625
2036,jev-1.13.0,0.023333333333333334,0.9666666666666667,0.01,1,2631
2037,jev-1.13.0,0.17,0.0,0.8300000000000001,2,2629
2038,jev-1.13.0,0.023333333333333334,0.96,0.016666666666666666,1,2623
2039,jev-1.13.0,0.9899999999999999,0.0,0.01,0,2660
2040,jev-1.13.0,0.9466666666666667,0.03666666666666667,0.016666666666666666,0,2622
2041,jev-1.13.0,0.0,1.0,0.0,1,2635
2042,jev-1.13.0,0.8933333333333334,0.06666666666666667,0.03666666666666667,0,2617
2043,jev-1.13.0,0.043333333333333335,0.9499999999999998,0.006666666666666667,1,2623
2044,jev-1.13.0,1.0,0.0,0.0,0,2617
2045,jev-1.13.0,0.7266666666666666,0.10333333333333333,0.17,0,2625
2046,jev-1.13.0,0.9633333333333333,0.0,0.03666666666666667,0,2625
2047,jev-1.13.0,0.12333333333333334,0.0,0.8766666666666666,2,2632
2048,jev-1.13.0,0.0,1.0,0.0,1,2630
2049,jev-1.13.0,0.07666666666666667,0.8833333333333333,0.04,1,2621
2050,jev-1.13.0,0.016666666666666666,0.9833333333333334,0.0,1,2621
2051,jev-1.13.0,0.2333333333333333,0.043333333333333335,0.7233333333333333,2,2615
2052,jev-1.13.0,0.0,1.0,0.0,1,2626
2053,jev-1.13.0,0.9700000000000001,0.0,0.030000000000000002,0,2631
2054,jev-1.13.0,0.0033333333333333335,0.9700000000000001,0.02666666666666667,1,2657
2055,jev-1.13.0,0.0033333333333333335,0.98,0.016666666666666666,1,2665
2056,jev-1.13.0,0.0,1.0,0.0,1,2663
2057,jev-1.13.0,0.9966666666666667,0.0,0.0033333333333333335,0,2627
2058,jev-1.13.0,0.8466666666666667,0.06333333333333334,0.09000000000000001,0,2635
2059,jev-1.13.0,0.28,0.48666666666666664,0.2333333333333333,1,2616
2060,jev-1.13.0,0.69,0.03,0.28,0,2643
2061,jev-1.13.0,0.7833333333333332,0.09000000000000001,0.12666666666666668,0,2617
2062,jev-1.13.0,0.0033333333333333335,0.9966666666666667,0.0,1,2617
2063,jev-1.13.0,1.0,0.0,0.0,0,2619
2064,jev-1.13.0,0.0,1.0,0.0,1,2632
2065,jev-1.13.0,0.0,1.0,0.0,1,2618
2066,jev-1.13.0,1.0,0.0,0.0,0,2786
2067,jev-1.13.0,0.0,1.0,0.0,1,2627
2068,jev-1.13.0,0.8766666666666666,0.013333333333333334,0.11,0,2637
2069,jev-1.13.0,0.0,1.0,0.0,1,2694
2070,jev-1.13.0,0.0,1.0,0.0,1,2616
2071,jev-1.13.0,0.7633333333333333,0.013333333333333334,0.2233333333333333,0,2642
2072,jev-1.13.0,0.8966666666666666,0.01,0.09333333333333334,0,2625
2073,jev-1.13.0,0.0,1.0,0.0,1,2628
2074,jev-1.13.0,0.41,0.5133333333333333,0.07666666666666666,1,2624
2075,jev-1.13.0,0.51,0.0,0.49,0,2653
2076,jev-1.13.0,0.6366666666666667,0.09666666666666668,0.26666666666666666,0,2626
2077,jev-1.13.0,0.5666666666666668,0.4066666666666667,0.02666666666666667,0,2618
2078,jev-1.13.0,0.4633333333333333,0.05666666666666667,0.48,2,2628
2079,jev-1.13.0,0.0,1.0,0.0,1,2616
2080,jev-1.13.0,0.26333333333333336,0.38000000000000006,0.35666666666666663,1,2623
2081,jev-1.13.0,0.023333333333333334,0.9666666666666667,0.01,1,2628
2082,jev-1.13.0,0.0,1.0,0.0,1,2630
2083,jev-1.13.0,0.0,1.0,0.0,1,2622
2084,jev-1.13.0,0.09666666666666668,0.89,0.013333333333333334,1,2628
2085,jev-1.13.0,1.0,0.0,0.0,0,2615
2086,jev-1.13.0,0.0,1.0,0.0,1,2640
2087,jev-1.13.0,1.0,0.0,0.0,0,2616
2088,jev-1.13.0,0.006666666666666667,0.9933333333333333,0.0,1,2630
2089,jev-1.13.0,0.0,1.0,0.0,1,2679
2090,jev-1.13.0,0.02,0.9700000000000001,0.01,1,2627
2091,jev-1.13.0,0.5433333333333333,0.0,0.4566666666666666,0,2634
2092,jev-1.13.0,0.10000000000000002,0.3566666666666667,0.5433333333333333,2,2646
2093,jev-1.13.0,0.9466666666666667,0.0,0.05333333333333334,0,2619
2094,jev-1.13.0,0.8366666666666666,0.11333333333333333,0.049999999999999996,0,2616
2095,jev-1.13.0,0.8666666666666667,0.013333333333333334,0.12000000000000001,0,2624
2096,jev-1.13.0,0.016666666666666666,0.05000000000000001,0.9333333333333332,2,2646
2097,jev-1.13.0,0.0,1.0,0.0,1,2628
2098,jev-1.13.0,0.0,1.0,0.0,1,2617
2099,jev-1.13.0,0.4366666666666666,0.043333333333333335,0.52,2,2621
2100,jev-1.13.0,0.023333333333333334,0.9633333333333333,0.013333333333333334,1,2632
2101,jev-1.13.0,0.06333333333333334,0.0,0.9366666666666666,2,2663
2102,jev-1.13.0,1.0,0.0,0.0,0,2791
2103,jev-1.13.0,0.0,1.0,0.0,1,2624
2104,jev-1.13.0,0.0,1.0,0.0,1,2618
2105,jev-1.13.0,1.0,0.0,0.0,0,2620
2106,jev-1.13.0,0.14,0.0,0.86,2,2663
2107,jev-1.13.0,0.84,0.08,0.08,0,2618
2108,jev-1.13.0,1.0,0.0,0.0,0,2615
2109,jev-1.13.0,0.07666666666666667,0.9233333333333333,0.0,1,2651
2110,jev-1.13.0,1.0,0.0,0.0,0,2621
2111,jev-1.13.0,0.0,1.0,0.0,1,2664
2112,jev-1.13.0,0.93,0.03333333333333333,0.036666666666666674,0,2647
2113,jev-1.13.0,0.0,0.0,1.0,2,2677
2114,jev-1.13.0,0.9766666666666666,0.02,0.0033333333333333335,0,2628
2115,jev-1.13.0,0.0,1.0,0.0,1,2630
2116,jev-1.13.0,0.4366666666666667,0.3433333333333333,0.22,0,2632
2117,jev-1.13.0,0.01,0.9333333333333332,0.056666666666666664,1,2625
2118,jev-1.13.0,0.0,1.0,0.0,1,2614
2119,jev-1.13.0,0.043333333333333335,0.9566666666666667,0.0,1,2615
2120,jev-1.13.0,1.0,0.0,0.0,0,2617
2121,jev-1.13.0,1.0,0.0,0.0,0,2630
2122,jev-1.13.0,0.12333333333333334,0.006666666666666667,0.87,2,2629
2123,jev-1.13.0,0.01,0.0,0.9899999999999999,2,2669
2124,jev-1.13.0,0.93,0.0033333333333333335,0.06666666666666667,0,2624
2125,jev-1.13.0,0.9766666666666666,0.01,0.013333333333333334,0,2622
2126,jev-1.13.0,1.0,0.0,0.0,0,2616
2127,jev-1.13.0,0.8633333333333333,0.09000000000000001,0.04666666666666667,0,2620
2128,jev-1.13.0,0.0,1.0,0.0,1,2648
2129,jev-1.13.0,0.63,0.31,0.06,0,2622
2130,jev-1.13.0,1.0,0.0,0.0,0,2615
2131,jev-1.13.0,1.0,0.0,0.0,0,2619
2132,jev-1.13.0,0.36000000000000004,0.25,0.38999999999999996,2,2631
2133,jev-1.13.0,0.013333333333333334,0.9866666666666667,0.0,1,2630
2134,jev-1.13.0,0.0,1.0,0.0,1,2640
2135,jev-1.13.0,0.023333333333333334,0.9733333333333333,0.0033333333333333335,1,2625
2136,jev-1.13.0,0.9933333333333333,0.0,0.006666666666666667,0,2625
2137,jev-1.13.0,0.0,1.0,0.0,1,2631
2138,jev-1.13.0,0.9833333333333334,0.0,0.016666666666666666,0,2672
2139,jev-1.13.0,0.04,0.96,0.0,1,2656
2140,jev-1.13.0,0.9966666666666667,0.0,0.0033333333333333335,0,2622
2141,jev-1.13.0,0.3666666666666667,0.0,0.6333333333333333,2,2692
2142,jev-1.13.0,0.19666666666666666,0.7933333333333333,0.01,1,2739
2143,jev-1.13.0,0.42333333333333334,0.0033333333333333335,0.5733333333333334,2,2645
2144,jev-1.13.0,1.0,0.0,0.0,0,2774
2145,jev-1.13.0,0.1466666666666667,0.0,0.8533333333333334,2,2627
2146,jev-1.13.0,1.0,0.0,0.0,0,2626
2147,jev-1.13.0,0.9833333333333334,0.0,0.016666666666666666,0,2622
2148,jev-1.13.0,0.9166666666666666,0.08333333333333333,0.0,0,2615
2149,jev-1.13.0,1.0,0.0,0.0,0,2627
2150,jev-1.13.0,0.62,0.0,0.38000000000000006,0,2659
2151,jev-1.13.0,0.9866666666666667,0.0,0.013333333333333334,0,2673
2152,jev-1.13.0,0.9933333333333333,0.0033333333333333335,0.0033333333333333335,0,2642
2153,jev-1.13.0,0.3633333333333333,0.11666666666666665,0.5199999999999999,2,2613
2154,jev-1.13.0,0.0,1.0,0.0,1,2622
2155,jev-1.13.0,0.9700000000000001,0.006666666666666667,0.023333333333333334,0,2625
2156,jev-1.13.0,0.9866666666666667,0.0,0.013333333333333334,0,2679
2157,jev-1.13.0,0.7466666666666667,0.2233333333333333,0.03,0,2635
2158,jev-1.13.0,0.0,1.0,0.0,1,2626
2159,jev-1.13.0,1.0,0.0,0.0,0,2617
2160,jev-1.13.0,0.07333333333333333,0.27666666666666667,0.65,2,2657
2161,jev-1.13.0,0.013333333333333334,0.94,0.043333333333333335,1,2707
2162,jev-1.13.0,0.18666666666666668,0.023333333333333334,0.79,2,2856
2163,jev-1.13.0,0.013333333333333334,0.9766666666666666,0.01,1,2624
2164,jev-1.13.0,0.4666666666666666,0.006666666666666667,0.5266666666666666,2,2683
2165,jev-1.13.0,0.36999999999999994,0.36000000000000004,0.27,0,2633
2166,jev-1.13.0,0.023333333333333334,0.8333333333333334,0.14333333333333334,1,2637
2167,jev-1.13.0,0.8433333333333333,0.0,0.15666666666666665,0,2652
2168,jev-1.13.0,0.7033333333333335,0.05333333333333334,0.24333333333333332,0,2628
2169,jev-1.13.0,0.14,0.0,0.86,2,2632
2170,jev-1.13.0,0.30000000000000004,0.0,0.7000000000000001,2,2649
2171,jev-1.13.0,0.0,1.0,0.0,1,2618
2172,jev-1.13.0,0.0,1.0,0.0,1,2616
2173,jev-1.13.0,0.0,0.0,1.0,2,2624
2174,jev-1.13.0,0.6466666666666666,0.22333333333333336,0.13,0,2619
2175,jev-1.13.0,0.0,1.0,0.0,1,2632
2176,jev-1.13.0,0.0,1.0,0.0,1,2631
2177,jev-1.13.0,0.0,1.0,0.0,1,2621
2178,jev-1.13.0,0.0,1.0,0.0,1,2627
2179,jev-1.13.0,0.023333333333333334,0.9766666666666666,0.0,1,2612
2180,jev-1.13.0,0.0,1.0,0.0,1,2636
2181,jev-1.13.0,0.9700000000000001,0.0033333333333333335,0.02666666666666667,0,2618
2182,jev-1.13.0,0.013333333333333334,0.9866666666666667,0.0,1,2618
2183,jev-1.13.0,1.0,0.0,0.0,0,2615
2184,jev-1.13.0,0.0,1.0,0.0,1,2615
2185,jev-1.13.0,0.0,1.0,0.0,1,2618
2186,jev-1.13.0,0.7200000000000001,0.04,0.24,0,2630
2187,jev-1.13.0,0.0,1.0,0.0,1,2627
2188,jev-1.13.0,0.0,1.0,0.0,1,2625
2189,jev-1.13.0,1.0,0.0,0.0,0,2618
2190,jev-1.13.0,0.8266666666666667,0.07666666666666667,0.09666666666666668,0,2630
2191,jev-1.13.0,0.0,0.9899999999999999,0.01,1,2644
2192,jev-1.13.0,0.0,1.0,0.0,1,2621
2193,jev-1.13.0,0.7633333333333333,0.0,0.23666666666666666,0,2637
2194,jev-1.13.0,1.0,0.0,0.0,0,2796
2195,jev-1.13.0,0.0,0.9833333333333334,0.016666666666666666,1,2639
2196,jev-1.13.0,0.013333333333333334,0.7999999999999999,0.18666666666666668,1,2642
2197,jev-1.13.0,0.2966666666666667,0.6866666666666666,0.016666666666666666,1,2621
2198,jev-1.13.0,0.013333333333333334,0.9766666666666666,0.01,1,2635
2199,jev-1.13.0,0.0,1.0,0.0,1,2636
2200,jev-1.13.0,0.16000000000000003,0.83,0.01,1,2623
2201,jev-1.13.0,0.01,0.98,0.01,1,2639
2202,jev-1.13.0,0.6999999999999998,0.01,0.29000000000000004,0,2642
2203,jev-1.13.0,0.023333333333333334,0.5166666666666667,0.45999999999999996,1,2634
2204,jev-1.13.0,1.0,0.0,0.0,0,2617
2205,jev-1.13.0,0.0,0.9866666666666667,0.013333333333333334,1,2662
2206,jev-1.13.0,0.01,0.9899999999999999,0.0,1,2640
2207,jev-1.13.0,0.0,1.0,0.0,1,2635
2208,jev-1.13.0,0.2133333333333333,0.6633333333333333,0.12333333333333334,1,2626
2209,jev-1.13.0,1.0,0.0,0.0,0,2616
2210,jev-1.13.0,0.17333333333333334,0.6233333333333334,0.20333333333333334,1,2620
2211,jev-1.13.0,0.08666666666666667,0.0,0.9133333333333334,2,2622
2212,jev-1.13.0,0.0,0.98,0.02,1,2626
2213,jev-1.13.0,0.0,1.0,0.0,1,2614
2214,jev-1.13.0,0.9933333333333333,0.0033333333333333335,0.0033333333333333335,0,2624
2215,jev-1.13.0,0.0,0.9500000000000001,0.05000000000000001,1,2651
2216,jev-1.13.0,0.34,0.21,0.44999999999999996,2,2634
2217,jev-1.13.0,0.0,0.9933333333333333,0.006666666666666667,1,2617
2218,jev-1.13.0,0.043333333333333335,0.9233333333333333,0.03333333333333333,1,2635
2219,jev-1.13.0,0.0,1.0,0.0,1,2632
2220,jev-1.13.0,0.02,0.98,0.0,1,2618
2221,jev-1.13.0,1.0,0.0,0.0,0,2618
2222,jev-1.13.0,0.2333333333333333,0.43333333333333335,0.3333333333333333,1,2665
2223,jev-1.13.0,1.0,0.0,0.0,0,2629
2224,jev-1.13.0,0.0,1.0,0.0,1,2652
2225,jev-1.13.0,1.0,0.0,0.0,0,2638
2226,jev-1.13.0,0.0,1.0,0.0,1,2759
2227,jev-1.13.0,0.06666666666666667,0.0,0.9333333333333332,2,2634
2228,jev-1.13.0,0.0,1.0,0.0,1,2614
2229,jev-1.13.0,0.4466666666666667,0.0,0.5533333333333333,2,2634
2230,jev-1.13.0,0.0,1.0,0.0,1,2635
2231,jev-1.13.0,0.0,1.0,0.0,1,2641
2232,jev-1.13.0,0.11666666666666665,0.0033333333333333335,0.88,2,2621
2233,jev-1.13.0,0.0,1.0,0.0,1,2621
2234,jev-1.13.0,0.06333333333333334,0.9366666666666666,0.0,1,2621
2235,jev-1.13.0,0.8766666666666666,0.09666666666666668,0.02666666666666667,0,2623
2236,jev-1.13.0,0.01,0.9899999999999999,0.0,1,2617
2237,jev-1.13.0,0.37666666666666665,0.04666666666666667,0.5766666666666667,2,2620
2238,jev-1.13.0,1.0,0.0,0.0,0,2639
2239,jev-1.13.0,0.0,1.0,0.0,1,2625
2240,jev-1.13.0,0.8033333333333333,0.01,0.18666666666666668,0,2643
2241,jev-1.13.0,0.006666666666666667,0.9666666666666667,0.02666666666666667,1,2637
2242,jev-1.13.0,0.03,0.89,0.08,1,2619
2243,jev-1.13.0,0.01,0.9899999999999999,0.0,1,2621
2244,jev-1.13.0,0.8766666666666666,0.04666666666666667,0.07666666666666666,0,2621
2245,jev-1.13.0,0.18000000000000002,0.7166666666666667,0.10333333333333333,1,2623
2246,jev-1.13.0,0.0,1.0,0.0,1,2637
2247,jev-1.13.0,0.06,0.5933333333333334,0.3466666666666667,1,2622
2248,jev-1.13.0,0.4166666666666667,0.030000000000000002,0.5533333333333333,2,2621
2249,jev-1.13.0,0.0,1.0,0.0,1,2642
2250,jev-1.13.0,0.2833333333333334,0.6833333333333332,0.03333333333333333,1,2634
2251,jev-1.13.0,0.24,0.006666666666666667,0.7533333333333333,2,2631
2252,jev-1.13.0,0.0,1.0,0.0,1,2644
2253,jev-1.13.0,0.28,0.03666666666666667,0.6833333333333335,2,2619
2254,jev-1.13.0,1.0,0.0,0.0,0,2615
2255,jev-1.13.0,0.9866666666666667,0.0,0.013333333333333334,0,2618
2256,jev-1.13.0,1.0,0.0,0.0,0,2617
2257,jev-1.13.0,0.006666666666666667,0.9866666666666667,0.006666666666666667,1,2633
2258,jev-1.13.0,0.06666666666666667,0.9133333333333334,0.02,1,2612
2259,jev-1.13.0,1.0,0.0,0.0,0,2618
2260,jev-1.13.0,0.0033333333333333335,0.0,0.9966666666666667,2,2670
2261,jev-1.13.0,0.0,1.0,0.0,1,2619
2262,jev-1.13.0,0.35000000000000003,0.0,0.6499999999999999,2,2636
2263,jev-1.13.0,0.0,0.9966666666666667,0.0033333333333333335,1,2633
2264,jev-1.13.0,0.0,1.0,0.0,1,2635
2265,jev-1.13.0,0.5466666666666667,0.08666666666666667,0.3666666666666667,0,2637
2266,jev-1.13.0,0.9933333333333333,0.0033333333333333335,0.0033333333333333335,0,2617
2267,jev-1.13.0,0.9899999999999999,0.0,0.01,0,2646
2268,jev-1.13.0,0.4166666666666667,0.02,0.5633333333333334,2,2622
2269,jev-1.13.0,0.0,1.0,0.0,1,2640
2270,jev-1.13.0,0.013333333333333334,0.9866666666666667,0.0,1,2615
2271,jev-1.13.0,0.0,0.9933333333333333,0.006666666666666667,1,2615
2272,jev-1.13.0,0.6866666666666666,0.11,0.20333333333333334,0,2627
2273,jev-1.13.0,0.31,0.013333333333333334,0.6766666666666666,2,2624
2274,jev-1.13.0,0.39666666666666667,0.06333333333333334,0.54,2,2631
2275,jev-1.13.0,0.09999999999999999,0.8933333333333334,0.006666666666666667,1,2690
2276,jev-1.13.0,0.03333333333333333,0.9666666666666667,0.0,1,2622
2277,jev-1.13.0,0.030000000000000002,0.04,0.93,2,2641
2278,jev-1.13.0,0.1366666666666667,0.08333333333333333,0.7799999999999999,2,2639
2279,jev-1.13.0,0.0033333333333333335,0.9966666666666667,0.0,1,2620
2280,jev-1.13.0,0.8066666666666666,0.16666666666666666,0.02666666666666667,0,2626
2281,jev-1.13.0,0.23,0.0,0.77,2,2624
2282,jev-1.13.0,0.023333333333333334,0.9766666666666666,0.0,1,2617
2283,jev-1.13.0,0.0,1.0,0.0,1,2668
2284,jev-1.13.0,1.0,0.0,0.0,0,2793
2285,jev-1.13.0,0.5333333333333333,0.02666666666666667,0.44,0,2634
2286,jev-1.13.0,0.16666666666666666,0.01,0.8233333333333333,2,2626
2287,jev-1.13.0,1.0,0.0,0.0,0,2617
2288,jev-1.13.0,0.7066666666666667,0.13333333333333333,0.16,0,2614
2289,jev-1.13.0,0.2333333333333333,0.7166666666666668,0.049999999999999996,1,2618
2290,jev-1.13.0,0.0,0.9899999999999999,0.01,1,2634
2291,jev-1.13.0,0.0,1.0,0.0,1,2642
2292,jev-1.13.0,0.0,1.0,0.0,1,2650
2293,jev-1.13.0,0.0033333333333333335,0.9899999999999999,0.006666666666666667,1,2636
2294,jev-1.13.0,0.0,1.0,0.0,1,2622
2295,jev-1.13.0,0.5733333333333334,0.060000000000000005,0.3666666666666667,0,2659
2296,jev-1.13.0,0.59,0.3833333333333333,0.02666666666666667,0,2621
2297,jev-1.13.0,0.0,0.9966666666666667,0.0033333333333333335,1,2620
2298,jev-1.13.0,0.0,0.9700000000000001,0.03,1,2622
2299,jev-1.13.0,0.8833333333333333,0.023333333333333334,0.09333333333333334,0,2621
2300,jev-1.13.0,0.0,0.9466666666666667,0.05333333333333334,1,2665
2301,jev-1.13.0,0.08,0.016666666666666666,0.9033333333333333,2,2643
2302,jev-1.13.0,0.0,1.0,0.0,1,2629
2303,jev-1.13.0,0.79,0.013333333333333334,0.19666666666666666,0,2621
2304,jev-1.13.0,0.0,1.0,0.0,1,2626
2305,jev-1.13.0,0.0,1.0,0.0,1,2617
2306,jev-1.13.0,0.0,0.9966666666666667,0.0033333333333333335,1,2626
2307,jev-1.13.0,0.013333333333333334,0.9499999999999998,0.036666666666666674,1,2635
2308,jev-1.13.0,1.0,0.0,0.0,0,2614
2309,jev-1.13.0,0.8733333333333334,0.08666666666666667,0.04,0,2637
2310,jev-1.13.0,0.8566666666666666,0.06,0.08333333333333333,0,2621
2311,jev-1.13.0,0.9933333333333333,0.006666666666666667,0.0,0,2615
2312,jev-1.13.0,0.01,0.9899999999999999,0.0,1,2614
2313,jev-1.13.0,0.22666666666666666,0.7733333333333333,0.0,1,2620
2314,jev-1.13.0,0.88,0.06666666666666667,0.05333333333333334,0,2618
2315,jev-1.13.0,0.9966666666666667,0.0,0.0033333333333333335,0,2618
2316,jev-1.13.0,0.0,1.0,0.0,1,2616
2317,jev-1.13.0,0.0,1.0,0.0,1,2628
2318,jev-1.13.0,1.0,0.0,0.0,0,2616
2319,jev-1.13.0,0.03,0.9700000000000001,0.0,1,2613
2320,jev-1.13.0,0.10333333333333335,0.6766666666666667,0.21999999999999997,1,2633
2321,jev-1.13.0,1.0,0.0,0.0,0,2615
2322,jev-1.13.0,0.6266666666666666,0.0,0.37333333333333335,0,2693
2323,jev-1.13.0,0.023333333333333334,0.9700000000000001,0.006666666666666667,1,2619
2324,jev-1.13.0,0.0,1.0,0.0,1,2620
2325,jev-1.13.0,0.0,1.0,0.0,1,2631
2326,jev-1.13.0,0.0,1.0,0.0,1,2620
2327,jev-1.13.0,0.023333333333333334,0.9466666666666667,0.03,1,2620
2328,jev-1.13.0,0.0,1.0,0.0,1,2619
2329,jev-1.13.0,0.6233333333333334,0.03666666666666667,0.34,0,2618
2330,jev-1.13.0,0.0,1.0,0.0,1,2620
2331,jev-1.13.0,0.9266666666666667,0.06,0.013333333333333334,0,2618
2332,jev-1.13.0,1.0,0.0,0.0,0,2623
2333,jev-1.13.0,0.0,1.0,0.0,1,2626
2334,jev-1.13.0,0.0,1.0,0.0,1,2642
2335,jev-1.13.0,0.0,1.0,0.0,1,2653
2336,jev-1.13.0,0.2966666666666667,0.0,0.7033333333333333,2,2627
2337,jev-1.13.0,0.9833333333333334,0.013333333333333334,0.0033333333333333335,0,2614
2338,jev-1.13.0,0.7466666666666667,0.21333333333333335,0.04,0,2627
2339,jev-1.13.0,0.0,1.0,0.0,1,2650
2340,jev-1.13.0,0.02666666666666667,0.9633333333333333,0.01,1,2613
2341,jev-1.13.0,0.0,1.0,0.0,1,2621
2342,jev-1.13.0,0.0,1.0,0.0,1,2624
2343,jev-1.13.0,0.5766666666666667,0.09000000000000001,0.3333333333333333,0,2620
2344,jev-1.13.0,1.0,0.0,0.0,0,2618
2345,jev-1.13.0,0.0033333333333333335,0.9933333333333333,0.0033333333333333335,1,2630
2346,jev-1.13.0,0.61,0.19999999999999998,0.18999999999999997,0,2615
2347,jev-1.13.0,0.0,1.0,0.0,1,2614
2348,jev-1.13.0,0.0,1.0,0.0,1,2622
2349,jev-1.13.0,0.05333333333333334,0.9333333333333332,0.013333333333333334,1,2627
2350,jev-1.13.0,0.0,1.0,0.0,1,2621
2351,jev-1.13.0,0.01,0.9899999999999999,0.0,1,2617
2352,jev-1.13.0,0.5433333333333333,0.016666666666666666,0.44,0,2633
2353,jev-1.13.0,1.0,0.0,0.0,0,2615
2354,jev-1.13.0,0.03333333333333333,0.9666666666666667,0.0,1,2615
2355,jev-1.13.0,0.0,0.9899999999999999,0.01,1,2614
2356,jev-1.13.0,0.0,1.0,0.0,1,2638
2357,jev-1.13.0,0.0,1.0,0.0,1,2628
2358,jev-1.13.0,0.9966666666666667,0.0033333333333333335,0.0,0,2626
2359,jev-1.13.0,0.08333333333333333,0.91,0.006666666666666667,1,2630
2360,jev-1.13.0,0.09000000000000001,0.89,0.02,1,2614
2361,jev-1.13.0,0.05666666666666667,0.9066666666666667,0.03666666666666667,1,2622
2362,jev-1.13.0,0.9066666666666667,0.08333333333333333,0.01,0,2613
2363,jev-1.13.0,0.0033333333333333335,0.9966666666666667,0.0,1,2615
2364,jev-1.13.0,0.006666666666666667,0.9933333333333333,0.0,1,2623
2365,jev-1.13.0,0.4533333333333333,0.18333333333333335,0.3633333333333333,0,2627
2366,jev-1.13.0,0.06,0.7266666666666667,0.2133333333333333,1,2620
2367,jev-1.13.0,0.9933333333333333,0.006666666666666667,0.0,0,2645
2368,jev-1.13.0,0.8933333333333334,0.03333333333333333,0.07333333333333335,0,2614
2369,jev-1.13.0,0.0,1.0,0.0,1,2616
2370,jev-1.13.0,0.10333333333333335,0.6900000000000001,0.20666666666666667,1,2628
2371,jev-1.13.0,0.8633333333333333,0.06333333333333334,0.07333333333333335,0,2623
2372,jev-1.13.0,1.0,0.0,0.0,0,2616
2373,jev-1.13.0,0.0,1.0,0.0,1,2621
2374,jev-1.13.0,0.9333333333333332,0.0,0.06666666666666667,0,2616
2375,jev-1.13.0,1.0,0.0,0.0,0,2631
2376,jev-1.13.0,0.3466666666666667,0.18333333333333335,0.47000000000000003,2,2634
2377,jev-1.13.0,1.0,0.0,0.0,0,2633
2378,jev-1.13.0,0.0,1.0,0.0,1,2717
2379,jev-1.13.0,0.0,1.0,0.0,1,2642
2380,jev-1.13.0,1.0,0.0,0.0,0,2634
2381,jev-1.13.0,0.0,1.0,0.0,1,2636
2382,jev-1.13.0,0.16333333333333333,0.06,0.7766666666666667,2,2641
2383,jev-1.13.0,0.0033333333333333335,0.9766666666666666,0.02,1,2649
2384,jev-1.13.0,0.0,1.0,0.0,1,2639
2385,jev-1.13.0,0.0,1.0,0.0,1,2620
2386,jev-1.13.0,0.0,1.0,0.0,1,2619
2387,jev-1.13.0,0.32666666666666666,0.6366666666666667,0.03666666666666667,1,2629
2388,jev-1.13.0,0.0,1.0,0.0,1,2616
2389,jev-1.13.0,0.0,1.0,0.0,1,2614
2390,jev-1.13.0,0.0,1.0,0.0,1,2758
2391,jev-1.13.0,0.6499999999999999,0.06,0.29000000000000004,0,2621
2392,jev-1.13.0,0.0,1.0,0.0,1,2625
2393,jev-1.13.0,0.7033333333333335,0.23333333333333336,0.06333333333333334,0,2640
2394,jev-1.13.0,0.04666666666666667,0.9533333333333333,0.0,1,2624
2395,jev-1.13.0,1.0,0.0,0.0,0,2790
2396,jev-1.13.0,1.0,0.0,0.0,0,2616
2397,jev-1.13.0,0.63,0.060000000000000005,0.31,0,2613
2398,jev-1.13.0,1.0,0.0,0.0,0,2616
2399,jev-1.13.0,1.0,0.0,0.0,0,2616
2400,jev-1.13.0,0.0,1.0,0.0,1,2623
2401,jev-1.13.0,0.43333333333333335,0.08333333333333333,0.4833333333333334,2,2622
2402,jev-1.13.0,0.73,0.25666666666666665,0.013333333333333334,0,2617
2403,jev-1.13.0,0.01,0.9700000000000001,0.02,1,2660
2404,jev-1.13.0,0.0,1.0,0.0,1,2623
2405,jev-1.13.0,0.4033333333333333,0.016666666666666666,0.58,2,2628
2406,jev-1.13.0,0.10333333333333333,0.023333333333333334,0.8733333333333334,2,2638
2407,jev-1.13.0,0.0,1.0,0.0,1,2655
2408,jev-1.13.0,0.0,1.0,0.0,1,2662
2409,jev-1.13.0,0.01,0.9899999999999999,0.0,1,2618
2410,jev-1.13.0,0.0,1.0,0.0,1,2619
2411,jev-1.13.0,0.15333333333333332,0.016666666666666666,0.83,2,2662
2412,jev-1.13.0,0.0,1.0,0.0,1,2623
2413,jev-1.13.0,0.0,1.0,0.0,1,2631
2414,jev-1.13.0,0.4033333333333333,0.006666666666666667,0.59,2,2658
2415,jev-1.13.0,1.0,0.0,0.0,0,2618
2416,jev-1.13.0,0.98,0.016666666666666666,0.0033333333333333335,0,2623
2417,jev-1.13.0,1.0,0.0,0.0,0,2612
2418,jev-1.13.0,0.6133333333333333,0.27666666666666667,0.11,0,2616
2419,jev-1.13.0,0.5266666666666667,0.016666666666666666,0.4566666666666666,0,2637
2420,jev-1.13.0,0.7133333333333333,0.013333333333333334,0.2733333333333334,0,2625
2421,jev-1.13.0,0.01,0.9899999999999999,0.0,1,2636
2422,jev-1.13.0,0.0,1.0,0.0,1,2650
2423,jev-1.13.0,0.0,1.0,0.0,1,2663
2424,jev-1.13.0,0.6133333333333333,0.10999999999999999,0.27666666666666667,0,2616
2425,jev-1.13.0,0.2333333333333333,0.7666666666666666,0.0,1,2650
2426,jev-1.13.0,0.17,0.02,0.81,2,2631
2427,jev-1.13.0,0.9966666666666667,0.0033333333333333335,0.0,0,2617
2428,jev-1.13.0,0.0,1.0,0.0,1,2617
2429,jev-1.13.0,0.15666666666666665,0.05666666666666667,0.7866666666666666,2,2639
2430,jev-1.13.0,0.0,1.0,0.0,1,2646
2431,jev-1.13.0,0.0,1.0,0.0,1,2654
2432,jev-1.13.0,0.9966666666666667,0.0033333333333333335,0.0,0,2790
2433,jev-1.13.0,0.47666666666666674,0.02,0.5033333333333333,2,2628
2434,jev-1.13.0,0.0,1.0,0.0,1,2651
2435,jev-1.13.0,0.6166666666666667,0.09000000000000001,0.2933333333333334,0,2623
2436,jev-1.13.0,0.35333333333333333,0.04666666666666667,0.6,2,2629
2437,jev-1.13.0,0.0,1.0,0.0,1,2622
2438,jev-1.13.0,1.0,0.0,0.0,0,2617
2439,jev-1.13.0,0.0,1.0,0.0,1,2664
2440,jev-1.13.0,0.03,0.92,0.049999999999999996,1,2678
2441,jev-1.13.0,0.0,1.0,0.0,1,2622
2442,jev-1.13.0,0.03,0.9700000000000001,0.0,1,2616
2443,jev-1.13.0,0.13999999999999999,0.82,0.036666666666666674,1,2616
2444,jev-1.13.0,0.25333333333333335,0.0033333333333333335,0.7433333333333333,2,2636
2445,jev-1.13.0,0.9433333333333334,0.0,0.056666666666666664,0,2632
2446,jev-1.13.0,0.0,1.0,0.0,1,2632
2447,jev-1.13.0,0.07333333333333335,0.66,0.26666666666666666,1,2625
2448,jev-1.13.0,0.016666666666666666,0.9833333333333334,0.0,1,2627
2449,jev-1.13.0,0.0,1.0,0.0,1,2617
2450,jev-1.13.0,0.006666666666666667,0.9933333333333333,0.0,1,2618
2451,jev-1.13.0,0.0,1.0,0.0,1,2679
2452,jev-1.13.0,0.9266666666666666,0.01,0.06333333333333334,0,2626
2453,jev-1.13.0,0.5833333333333334,0.006666666666666667,0.41,0,2632
2454,jev-1.13.0,0.006666666666666667,0.9933333333333333,0.0,1,2613
2455,jev-1.13.0,0.3633333333333333,0.49,0.1466666666666667,1,2625
2456,jev-1.13.0,0.15,0.8233333333333333,0.02666666666666667,1,2619
2457,jev-1.13.0,0.6133333333333333,0.0,0.3866666666666667,0,2619
2458,jev-1.13.0,0.49333333333333335,0.0,0.5066666666666667,2,2668
2459,jev-1.13.0,0.6000000000000001,0.35666666666666663,0.043333333333333335,0,2673
2460,jev-1.13.0,0.06666666666666667,0.21,0.7233333333333333,2,2636
2461,jev-1.13.0,0.0,0.9866666666666667,0.013333333333333334,1,2639
2462,jev-1.13.0,0.0,1.0,0.0,1,2628
2463,jev-1.13.0,1.0,0.0,0.0,0,2614
2464,jev-1.13.0,0.013333333333333334,0.9566666666666667,0.03,1,2633
2465,jev-1.13.0,0.7833333333333333,0.09666666666666666,0.12,0,2647
2466,jev-1.13.0,0.0,1.0,0.0,1,2652
2467,jev-1.13.0,0.15666666666666668,0.030000000000000002,0.8133333333333334,2,2633
2468,jev-1.13.0,1.0,0.0,0.0,0,2614
2469,jev-1.13.0,0.016666666666666666,0.9833333333333334,0.0,1,2648
2470,jev-1.13.0,0.11666666666666665,0.7933333333333333,0.09000000000000001,1,2620
2471,jev-1.13.0,0.0,1.0,0.0,1,2670
2472,jev-1.13.0,0.68,0.03333333333333333,0.2866666666666666,0,2627
2473,jev-1.13.0,1.0,0.0,0.0,0,2615
2474,jev-1.13.0,0.01,0.0,0.9899999999999999,2,2639
2475,jev-1.13.0,1.0,0.0,0.0,0,2616
2476,jev-1.13.0,1.0,0.0,0.0,0,2628
2477,jev-1.13.0,0.0,1.0,0.0,1,2625
2478,jev-1.13.0,0.9133333333333334,0.07333333333333335,0.013333333333333334,0,2632
2479,jev-1.13.0,0.05333333333333334,0.9266666666666666,0.02,1,2682
2480,jev-1.13.0,1.0,0.0,0.0,0,2616
2481,jev-1.13.0,0.0,1.0,0.0,1,2617
2482,jev-1.13.0,0.35333333333333333,0.013333333333333334,0.6333333333333333,2,2646
2483,jev-1.13.0,0.11,0.0,0.89,2,2641
2484,jev-1.13.0,0.96,0.04,0.0,0,2614
2485,jev-1.13.0,0.0,1.0,0.0,1,2661
2486,jev-1.13.0,0.02,0.98,0.0,1,2624
2487,jev-1.13.0,0.6366666666666667,0.08666666666666667,0.27666666666666667,0,2624
2488,jev-1.13.0,0.0,1.0,0.0,1,2633
2489,jev-1.13.0,0.9966666666666667,0.0033333333333333335,0.0,0,2792
2490,jev-1.13.0,0.87,0.07,0.06,0,2621
2491,jev-1.13.0,0.9766666666666666,0.023333333333333334,0.0,0,2618
2492,jev-1.13.0,0.9666666666666667,0.0,0.03333333333333333,0,2650
2493,jev-1.13.0,0.0,1.0,0.0,1,2637
2494,jev-1.13.0,0.7000000000000001,0.26,0.04,0,2615
2495,jev-1.13.0,1.0,0.0,0.0,0,2613
2496,jev-1.13.0,0.02,0.98,0.0,1,2625
2497,jev-1.13.0,1.0,0.0,0.0,0,2616
2498,jev-1.13.0,0.0,1.0,0.0,1,2671
2499,jev-1.13.0,0.6433333333333334,0.036666666666666674,0.32,0,2625
2500,jev-1.13.0,0.8733333333333334,0.0,0.12666666666666668,0,2622
2501,jev-1.13.0,1.0,0.0,0.0,0,2612
2502,jev-1.13.0,1.0,0.0,0.0,0,2620
2503,jev-1.13.0,0.8033333333333333,0.043333333333333335,0.15333333333333335,0,2621
2504,jev-1.13.0,0.07666666666666667,0.0,0.9233333333333333,2,2622
2505,jev-1.13.0,0.8133333333333334,0.11666666666666665,0.06999999999999999,0,2635
2506,jev-1.13.0,0.04666666666666667,0.14333333333333334,0.81,2,2648
2507,jev-1.13.0,0.7066666666666667,0.26666666666666666,0.02666666666666667,0,2625
2508,jev-1.13.0,0.5366666666666667,0.27666666666666667,0.18666666666666668,0,2618
2509,jev-1.13.0,1.0,0.0,0.0,0,2618
2510,jev-1.13.0,1.0,0.0,0.0,0,2616
2511,jev-1.13.0,0.59,0.20333333333333334,0.20666666666666667,0,2634
2512,jev-1.13.0,0.2933333333333334,0.2866666666666666,0.42,2,2623
2513,jev-1.13.0,1.0,0.0,0.0,0,2614
2514,jev-1.13.0,0.18999999999999997,0.5266666666666666,0.2833333333333334,1,2636
2515,jev-1.13.0,0.6466666666666666,0.08,0.2733333333333334,0,2622
2516,jev-1.13.0,0.0,0.9933333333333333,0.006666666666666667,1,2636
2517,jev-1.13.0,0.01,0.9899999999999999,0.0,1,2614
2518,jev-1.13.0,0.6066666666666668,0.02,0.37333333333333335,0,2642
2519,jev-1.13.0,0.31,0.6699999999999999,0.02,1,2618
2520,jev-1.13.0,0.02666666666666667,0.9733333333333333,0.0,1,2634
2521,jev-1.13.0,0.06333333333333334,0.8866666666666667,0.049999999999999996,1,2616
2522,jev-1.13.0,1.0,0.0,0.0,0,2617
2523,jev-1.13.0,0.05333333333333334,0.9333333333333335,0.013333333333333334,1,2618
2524,jev-1.13.0,0.7266666666666666,0.0033333333333333335,0.26999999999999996,0,2620
2525,jev-1.13.0,0.5533333333333333,0.02666666666666667,0.42,0,2632
2526,jev-1.13.0,0.9866666666666667,0.0033333333333333335,0.01,0,2626
2527,jev-1.13.0,0.0,1.0,0.0,1,2631
2528,jev-1.13.0,1.0,0.0,0.0,0,2616
2529,jev-1.13.0,0.0,1.0,0.0,1,2625
2530,jev-1.13.0,0.5266666666666667,0.013333333333333334,0.45999999999999996,0,2619
2531,jev-1.13.0,1.0,0.0,0.0,0,2622
2532,jev-1.13.0,0.3666666666666667,0.08666666666666667,0.5466666666666667,2,2622
2533,jev-1.13.0,0.4566666666666666,0.0033333333333333335,0.54,2,2652
2534,jev-1.13.0,0.9866666666666667,0.0,0.013333333333333334,0,2624
2535,jev-1.13.0,0.33,0.34,0.33,1,2704
2536,jev-1.13.0,0.9166666666666666,0.01,0.07333333333333333,0,2662
2537,jev-1.13.0,0.4566666666666667,0.4366666666666667,0.10666666666666667,0,2711
2538,jev-1.13.0,0.29333333333333333,0.0,0.7066666666666667,2,2747
2539,jev-1.13.0,0.6733333333333333,0.0033333333333333335,0.3233333333333333,0,2648
2540,jev-1.13.0,0.86,0.01,0.13,0,2626
2541,jev-1.13.0,0.12333333333333334,0.2733333333333334,0.6033333333333334,2,2862
2542,jev-1.13.0,1.0,0.0,0.0,0,2619
2543,jev-1.13.0,0.15666666666666668,0.0,0.8433333333333333,2,2652
2544,jev-1.13.0,1.0,0.0,0.0,0,2792
2545,jev-1.13.0,0.59,0.05666666666666667,0.35333333333333333,0,2622
2546,jev-1.13.0,0.9400000000000001,0.0,0.060000000000000005,0,2642
2547,jev-1.13.0,1.0,0.0,0.0,0,2623
2548,jev-1.13.0,0.5733333333333333,0.05333333333333334,0.37333333333333335,0,2644
2549,jev-1.13.0,1.0,0.0,0.0,0,2636
2550,jev-1.13.0,0.18666666666666668,0.06666666666666667,0.7466666666666667,2,2633
2551,jev-1.13.0,0.01,0.8733333333333334,0.11666666666666665,1,2661
2552,jev-1.13.0,0.32333333333333336,0.20666666666666667,0.47,2,2620
2553,jev-1.13.0,0.6,0.12,0.28,0,2630
2554,jev-1.13.0,0.8166666666666668,0.043333333333333335,0.14,0,2622
2555,jev-1.13.0,0.08666666666666667,0.0,0.9133333333333334,2,2708
2556,jev-1.13.0,0.7399999999999999,0.03666666666666667,0.2233333333333333,0,2628
2557,jev-1.13.0,0.5533333333333333,0.01,0.4366666666666667,0,2635
2558,jev-1.13.0,0.35666666666666663,0.20333333333333337,0.44,2,2636
2559,jev-1.13.0,0.5366666666666666,0.0,0.4633333333333334,0,2645
2560,jev-1.13.0,0.9766666666666666,0.006666666666666667,0.016666666666666666,0,2624
2561,jev-1.13.0,0.62,0.01,0.36999999999999994,0,2636
2562,jev-1.13.0,0.31,0.03666666666666667,0.6533333333333333,2,2625
2563,jev-1.13.0,0.0,0.9966666666666667,0.0033333333333333335,1,2644
2564,jev-1.13.0,0.98,0.02,0.0,0,2621
2565,jev-1.13.0,0.9033333333333333,0.0,0.09666666666666668,0,2634
2566,jev-1.13.0,0.2966666666666667,0.006666666666666667,0.6966666666666667,2,2641
2567,jev-1.13.0,1.0,0.0,0.0,0,2614
2568,jev-1.13.0,0.7766666666666667,0.09000000000000001,0.13333333333333333,0,2621
2569,jev-1.13.0,0.98,0.0033333333333333335,0.016666666666666666,0,2624
2570,jev-1.13.0,0.6366666666666667,0.06333333333333334,0.3,0,2618
2571,jev-1.13.0,0.9666666666666667,0.0033333333333333335,0.03,0,2619
2572,jev-1.13.0,0.4666666666666666,0.29333333333333333,0.24,0,2622
2573,jev-1.13.0,0.40666666666666673,0.016666666666666666,0.5766666666666667,2,2620
2574,jev-1.13.0,0.5533333333333333,0.016666666666666666,0.43,0,2623
2575,jev-1.13.0,1.0,0.0,0.0,0,2614
2576,jev-1.13.0,1.0,0.0,0.0,0,2617
2577,jev-1.13.0,0.9,0.0,0.10000000000000002,0,2657
2578,jev-1.13.0,0.6633333333333334,0.02666666666666667,0.31000000000000005,0,2636
2579,jev-1.13.0,0.6733333333333333,0.0,0.32666666666666666,0,2664
2580,jev-1.13.0,0.0,0.0,1.0,2,2635
2581,jev-1.13.0,0.0,0.0,1.0,2,2669
2582,jev-1.13.0,0.48333333333333334,0.0,0.5166666666666667,2,2632
2583,jev-1.13.0,0.4666666666666666,0.0,0.5333333333333333,2,2669
2584,jev-1.13.0,0.01,0.0,0.9899999999999999,2,2632
2585,jev-1.13.0,0.43333333333333335,0.01,0.5566666666666668,2,2628
2586,jev-1.13.0,0.9966666666666667,0.0033333333333333335,0.0,0,2658
2587,jev-1.13.0,0.4266666666666667,0.006666666666666667,0.5666666666666667,2,2635
2588,jev-1.13.0,0.5166666666666667,0.03666666666666667,0.4466666666666667,0,2634
2589,jev-1.13.0,0.21666666666666667,0.0,0.7833333333333333,2,2688
2590,jev-1.13.0,0.013333333333333334,0.0,0.9866666666666667,2,2730
2591,jev-1.13.0,0.94,0.0,0.06,0,2651
2592,jev-1.13.0,0.25666666666666665,0.0,0.7433333333333333,2,2771
2593,jev-1.13.0,0.9833333333333334,0.0,0.016666666666666666,0,2652
2594,jev-1.13.0,0.9033333333333333,0.0,0.09666666666666668,0,2626
2595,jev-1.13.0,0.9899999999999999,0.0,0.01,0,2625
2596,jev-1.13.0,0.3866666666666667,0.0,0.6133333333333333,2,2787
2597,jev-1.13.0,0.16666666666666666,0.4033333333333333,0.43,2,2772
2598,jev-1.13.0,0.04666666666666667,0.0,0.9533333333333333,2,2640
2599,jev-1.13.0,0.10666666666666667,0.1566666666666667,0.7366666666666667,2,2626
2600,jev-1.13.0,0.6999999999999998,0.12666666666666668,0.17333333333333334,0,2614
2601,jev-1.13.0,0.5166666666666667,0.05666666666666667,0.4266666666666667,0,2634
2602,jev-1.13.0,0.0,0.0,1.0,2,2659
2603,jev-1.13.0,0.48666666666666664,0.013333333333333334,0.5,2,2624
2604,jev-1.13.0,1.0,0.0,0.0,0,2663
2605,jev-1.13.0,0.8566666666666666,0.0,0.14333333333333334,0,2682
2606,jev-1.13.0,0.8833333333333333,0.0,0.11666666666666665,0,2639
2607,jev-1.13.0,0.8099999999999999,0.02,0.17,0,2689
2608,jev-1.13.0,1.0,0.0,0.0,0,2617
2609,jev-1.13.0,0.89,0.07333333333333335,0.036666666666666674,0,2614
2610,jev-1.13.0,0.7333333333333334,0.03,0.2366666666666667,0,2627
2611,jev-1.13.0,0.77,0.013333333333333334,0.21666666666666667,0,2653
2612,jev-1.13.0,0.32,0.0,0.68,2,2659
2613,jev-1.13.0,0.18666666666666668,0.02,0.7933333333333333,2,2635
2614,jev-1.13.0,1.0,0.0,0.0,0,2624
2615,jev-1.13.0,1.0,0.0,0.0,0,2615
2616,jev-1.13.0,0.26666666666666666,0.006666666666666667,0.7266666666666666,2,2748
2617,jev-1.13.0,0.11666666666666665,0.0,0.8833333333333333,2,2655
2618,jev-1.13.0,0.12333333333333334,0.0033333333333333335,0.8733333333333334,2,2653
2619,jev-1.13.0,0.0,0.0,1.0,2,2623
2620,jev-1.13.0,0.7233333333333333,0.0,0.27666666666666667,0,2633
2621,jev-1.13.0,0.14333333333333334,0.0,0.8566666666666666,2,2647
2622,jev-1.13.0,0.8166666666666668,0.0,0.18333333333333335,0,2633
2623,jev-1.13.0,0.3866666666666667,0.0,0.6133333333333333,2,2661
2624,jev-1.13.0,0.04,0.7666666666666666,0.19333333333333333,1,2678
2625,jev-1.13.0,0.03333333333333333,0.006666666666666667,0.96,2,2793
2626,jev-1.13.0,0.15333333333333332,0.013333333333333334,0.8333333333333334,2,2620
2627,jev-1.13.0,0.31,0.0,0.69,2,2724
2628,jev-1.13.0,0.6633333333333332,0.03333333333333333,0.3033333333333334,0,2620
2629,jev-1.13.0,1.0,0.0,0.0,0,2795
2630,jev-1.13.0,0.44333333333333336,0.013333333333333334,0.5433333333333333,2,2644
2631,jev-1.13.0,0.8966666666666666,0.01,0.09333333333333334,0,2682
2632,jev-1.13.0,0.37999999999999995,0.013333333333333334,0.6066666666666666,2,2634
2633,jev-1.13.0,0.06333333333333334,0.0,0.9366666666666666,2,2711
2634,jev-1.13.0,0.56,0.02666666666666667,0.41333333333333333,0,2621
2635,jev-1.13.0,0.016666666666666666,0.0,0.9833333333333334,2,2686
2636,jev-1.13.0,0.6933333333333334,0.10333333333333333,0.20333333333333337,0,2617
2637,jev-1.13.0,1.0,0.0,0.0,0,2617
2638,jev-1.13.0,0.6333333333333333,0.01,0.35666666666666663,0,2642
2639,jev-1.13.0,0.48666666666666664,0.013333333333333334,0.5,2,2641
2640,jev-1.13.0,0.2933333333333334,0.0,0.7066666666666667,2,2679
2641,jev-1.13.0,0.4166666666666667,0.0,0.5833333333333334,2,2629
2642,jev-1.13.0,0.34,0.09000000000000001,0.57,2,2619
2643,jev-1.13.0,0.3833333333333333,0.006666666666666667,0.61,2,2634
2644,jev-1.13.0,0.9899999999999999,0.0,0.01,0,2618
2645,jev-1.13.0,0.7833333333333332,0.01,0.20666666666666667,0,2628
2646,jev-1.13.0,0.0,0.006666666666666667,0.9933333333333333,2,2645
2647,jev-1.13.0,0.4666666666666666,0.3933333333333333,0.14,0,2620
2648,jev-1.13.0,0.43,0.006666666666666667,0.5633333333333334,2,2625
2649,jev-1.13.0,0.3333333333333333,0.02333333333333333,0.6433333333333334,2,2638
2650,jev-1.13.0,0.7799999999999999,0.013333333333333334,0.2066666666666667,0,2637
2651,jev-1.13.0,0.29333333333333333,0.0,0.7066666666666667,2,2628
2652,jev-1.13.0,0.7533333333333333,0.013333333333333334,0.2333333333333333,0,2638
2653,jev-1.13.0,0.02666666666666667,0.0033333333333333335,0.9700000000000001,2,2716
2654,jev-1.13.0,0.3866666666666667,0.09000000000000001,0.52,2,2637
2655,jev-1.13.0,0.9133333333333334,0.0,0.08666666666666667,0,2615
2656,jev-1.13.0,0.9899999999999999,0.0,0.01,0,2612
2657,jev-1.13.0,0.06666666666666667,0.0,0.9333333333333332,2,2639
2658,jev-1.13.0,0.8133333333333334,0.006666666666666667,0.18000000000000002,0,2627
2659,jev-1.13.0,0.0,0.0,1.0,2,2647
2660,jev-1.13.0,0.6699999999999999,0.22,0.10999999999999999,0,2623
2661,jev-1.13.0,0.10999999999999999,0.0,0.89,2,2626
2662,jev-1.13.0,0.02,0.0,0.98,2,2640
2663,jev-1.13.0,0.59,0.30666666666666664,0.10333333333333335,0,2628
2664,jev-1.13.0,0.013333333333333334,0.0,0.9866666666666667,2,2636
2665,jev-1.13.0,0.6566666666666666,0.006666666666666667,0.33666666666666667,0,2618
2666,jev-1.13.0,0.47000000000000003,0.08,0.45,0,2624
2667,jev-1.13.0,0.13333333333333333,0.0,0.8666666666666667,2,2621
2668,jev-1.13.0,0.7600000000000001,0.05000000000000001,0.18999999999999997,0,2618
2669,jev-1.13.0,1.0,0.0,0.0,0,2615
2670,jev-1.13.0,0.9966666666666667,0.0033333333333333335,0.0,0,2615
2671,jev-1.13.0,0.8866666666666667,0.09333333333333334,0.02,0,2613
2672,jev-1.13.0,0.6933333333333334,0.07666666666666666,0.22999999999999998,0,2676
2673,jev-1.13.0,0.5066666666666667,0.016666666666666666,0.47666666666666674,0,2636
2674,jev-1.13.0,0.14666666666666667,0.7066666666666667,0.1466666666666667,1,2624
2675,jev-1.13.0,0.52,0.0033333333333333335,0.4766666666666666,0,2640
2676,jev-1.13.0,0.5666666666666668,0.0,0.43333333333333335,0,2716
2677,jev-1.13.0,0.54,0.20333333333333334,0.25666666666666665,0,2623
2678,jev-1.13.0,0.0033333333333333335,0.0,0.9966666666666667,2,2632
2679,jev-1.13.0,0.9633333333333333,0.02,0.016666666666666666,0,2621
2680,jev-1.13.0,0.6699999999999999,0.10000000000000002,0.22999999999999998,0,2619
2681,jev-1.13.0,0.09000000000000001,0.013333333333333334,0.8966666666666666,2,2645
2682,jev-1.13.0,0.053333333333333344,0.0,0.9466666666666667,2,2618
2683,jev-1.13.0,0.9,0.01,0.09000000000000001,0,2640
2684,jev-1.13.0,0.7433333333333333,0.02666666666666667,0.22999999999999998,0,2647
2685,jev-1.13.0,0.9933333333333333,0.0,0.006666666666666667,0,2620
2686,jev-1.13.0,1.0,0.0,0.0,0,2622
2687,jev-1.13.0,0.25333333333333335,0.006666666666666667,0.7399999999999999,2,2637
2688,jev-1.13.0,0.08666666666666667,0.0,0.9133333333333334,2,2684
2689,jev-1.13.0,0.8733333333333334,0.04,0.08666666666666667,0,2627
2690,jev-1.13.0,0.9533333333333333,0.0,0.04666666666666667,0,2630
2691,jev-1.13.0,0.05333333333333334,0.01,0.9366666666666666,2,2640
2692,jev-1.13.0,0.01,0.0,0.9899999999999999,2,2706
2693,jev-1.13.0,0.3333333333333333,0.1366666666666667,0.5299999999999999,2,2636
2694,jev-1.13.0,1.0,0.0,0.0,0,2613
2695,jev-1.13.0,0.02,0.006666666666666667,0.9733333333333333,2,2621
2696,jev-1.13.0,0.0,0.0,1.0,2,2658
2697,jev-1.13.0,0.5366666666666666,0.07333333333333332,0.38999999999999996,0,2613
2698,jev-1.13.0,0.0,0.0,1.0,2,2684
2699,jev-1.13.0,0.44333333333333336,0.0033333333333333335,0.5533333333333333,2,2651
2700,jev-1.13.0,0.34,0.030000000000000002,0.63,2,2619
2701,jev-1.13.0,0.9566666666666667,0.0033333333333333335,0.04,0,2718
2702,jev-1.13.0,0.05333333333333334,0.0,0.9466666666666667,2,2932
2703,jev-1.13.0,0.38999999999999996,0.09333333333333334,0.5166666666666666,2,2653
2704,jev-1.13.0,0.05666666666666667,0.25333333333333335,0.6900000000000001,2,2642
2705,jev-1.13.0,0.36000000000000004,0.26666666666666666,0.37333333333333335,2,2621
2706,jev-1.13.0,1.0,0.0,0.0,0,2618
2707,jev-1.13.0,0.14333333333333334,0.023333333333333334,0.8333333333333334,2,2628
2708,jev-1.13.0,0.88,0.10333333333333333,0.016666666666666666,0,2657
2709,jev-1.13.0,0.16666666666666666,0.0033333333333333335,0.83,2,2699
2710,jev-1.13.0,1.0,0.0,0.0,0,2616
2711,jev-1.13.0,0.8866666666666667,0.0,0.11333333333333333,0,2735
2712,jev-1.13.0,0.22,0.0,0.7799999999999999,2,2864
2713,jev-1.13.0,0.19000000000000003,0.0033333333333333335,0.8066666666666666,2,2664
2714,jev-1.13.0,0.0033333333333333335,0.0,0.9966666666666667,2,2747
2715,jev-1.13.0,0.43333333333333335,0.0,0.5666666666666667,2,2678
2716,jev-1.13.0,0.8233333333333333,0.01,0.16666666666666666,0,2663
2717,jev-1.13.0,0.02666666666666667,0.0,0.9733333333333333,2,2688
2718,jev-1.13.0,1.0,0.0,0.0,0,2822
2719,jev-1.13.0,0.5866666666666667,0.12333333333333334,0.29000000000000004,0,2618
2720,jev-1.13.0,0.013333333333333334,0.0033333333333333335,0.9833333333333334,2,2627
2721,jev-1.13.0,0.0,0.0,1.0,2,2699
2722,jev-1.13.0,0.8366666666666666,0.02,0.14333333333333334,0,2653
2723,jev-1.13.0,0.5033333333333333,0.07,0.4266666666666667,0,2627
2724,jev-1.13.0,0.8533333333333334,0.08333333333333333,0.06333333333333334,0,2612
2725,jev-1.13.0,0.2966666666666667,0.006666666666666667,0.6966666666666667,2,2644
2726,jev-1.13.0,0.41,0.030000000000000002,0.5599999999999999,2,2649
2727,jev-1.13.0,0.10333333333333333,0.8866666666666667,0.01,1,2620
2728,jev-1.13.0,0.91,0.07333333333333333,0.016666666666666666,0,2701
2729,jev-1.13.0,0.24666666666666667,0.01,0.7433333333333333,2,2653
2730,jev-1.13.0,0.6933333333333334,0.05333333333333334,0.25333333333333335,0,2624
2731,jev-1.13.0,0.26,0.0,0.7399999999999999,2,2654
2732,jev-1.13.0,0.09666666666666668,0.71,0.19333333333333333,1,2717
2733,jev-1.13.0,0.52,0.39666666666666667,0.08333333333333333,0,2634
2734,jev-1.13.0,0.4566666666666666,0.006666666666666667,0.5366666666666667,2,2632
2735,jev-1.13.0,0.73,0.0033333333333333335,0.26666666666666666,0,2637
2736,jev-1.13.0,0.9733333333333333,0.0033333333333333335,0.023333333333333334,0,2620
2737,jev-1.13.0,0.9866666666666667,0.0,0.013333333333333334,0,2668
2738,jev-1.13.0,1.0,0.0,0.0,0,2626
2739,jev-1.13.0,0.79,0.016666666666666666,0.19333333333333333,0,2619
2740,jev-1.13.0,0.39333333333333337,0.21,0.39666666666666667,2,2631
2741,jev-1.13.0,0.7600000000000001,0.02,0.22,0,2626
2742,jev-1.13.0,0.9499999999999998,0.0,0.049999999999999996,0,2620
2743,jev-1.13.0,0.18333333333333335,0.02,0.7966666666666665,2,2650
2744,jev-1.13.0,0.013333333333333334,0.02333333333333333,0.9633333333333333,2,2660
2745,jev-1.13.0,0.39666666666666667,0.06666666666666667,0.5366666666666667,2,2626
2746,jev-1.13.0,0.0033333333333333335,0.0033333333333333335,0.9933333333333333,2,2643
2747,jev-1.13.0,0.6066666666666666,0.22999999999999998,0.16333333333333333,0,2685
2748,jev-1.13.0,0.2933333333333334,0.0,0.7066666666666667,2,2625
2749,jev-1.13.0,0.92,0.043333333333333335,0.036666666666666674,0,2621
2750,jev-1.13.0,0.9766666666666666,0.01,0.013333333333333334,0,2633
2751,jev-1.13.0,0.38999999999999996,0.3433333333333333,0.26666666666666666,0,2631
2752,jev-1.13.0,0.12333333333333334,0.0,0.8766666666666666,2,2640
2753,jev-1.13.0,1.0,0.0,0.0,0,2619
2754,jev-1.13.0,0.15333333333333332,0.0033333333333333335,0.8433333333333333,2,2646
2755,jev-1.13.0,0.0,0.0,1.0,2,2639
2756,jev-1.13.0,1.0,0.0,0.0,0,2616
2757,jev-1.13.0,0.3066666666666667,0.0,0.6933333333333334,2,2628
2758,jev-1.13.0,0.06,0.02,0.92,2,2618
2759,jev-1.13.0,0.7833333333333332,0.02,0.19666666666666666,0,2620
2760,jev-1.13.0,0.96,0.0,0.04,0,2625
2761,jev-1.13.0,0.49333333333333335,0.21666666666666667,0.29000000000000004,0,2619
2762,jev-1.13.0,0.07333333333333333,0.01,0.9166666666666666,2,2635
2763,jev-1.13.0,1.0,0.0,0.0,0,2625
2764,jev-1.13.0,0.10666666666666667,0.006666666666666667,0.8866666666666667,2,2638
2765,jev-1.13.0,0.016666666666666666,0.0,0.9833333333333334,2,2786
2766,jev-1.13.0,0.6366666666666667,0.013333333333333334,0.35000000000000003,0,2621
2767,jev-1.13.0,0.0,0.0,1.0,2,2685
2768,jev-1.13.0,0.07,0.0,0.93,2,2663
2769,jev-1.13.0,0.37666666666666665,0.013333333333333334,0.61,2,2650
2770,jev-1.13.0,0.08666666666666667,0.01,0.9033333333333333,2,2655
2771,jev-1.13.0,0.24,0.0,0.7600000000000001,2,2962
2772,jev-1.13.0,0.8300000000000001,0.0,0.17,0,2674
2773,jev-1.13.0,0.06,0.0033333333333333335,0.9366666666666666,2,2662
2774,jev-1.13.0,0.8866666666666667,0.06333333333333334,0.05000000000000001,0,2617
2775,jev-1.13.0,0.6766666666666666,0.19000000000000003,0.13333333333333333,0,2624
2776,jev-1.13.0,0.5,0.09666666666666668,0.4033333333333333,0,2650
2777,jev-1.13.0,0.04,0.0,0.96,2,2663
2778,jev-1.13.0,0.10666666666666667,0.0,0.8933333333333334,2,2621
2779,jev-1.13.0,1.0,0.0,0.0,0,2621
2780,jev-1.13.0,0.4533333333333333,0.2933333333333334,0.25333333333333335,0,2626
2781,jev-1.13.0,0.33666666666666667,0.030000000000000002,0.6333333333333333,2,2624
2782,jev-1.13.0,0.67,0.14666666666666667,0.18333333333333335,0,2634
2783,jev-1.13.0,0.8466666666666667,0.013333333333333334,0.14,0,2640
2784,jev-1.13.0,0.48,0.03666666666666667,0.48333333333333334,2,2667
2785,jev-1.13.0,0.10999999999999999,0.0033333333333333335,0.8866666666666667,2,2682
2786,jev-1.13.0,0.25,0.03666666666666667,0.71,2,2641
2787,jev-1.13.0,0.12333333333333334,0.0,0.8766666666666666,2,2718
2788,jev-1.13.0,1.0,0.0,0.0,0,2621
2789,jev-1.13.0,0.006666666666666667,0.0,0.9933333333333333,2,2616
2790,jev-1.13.0,0.53,0.0,0.47,0,2702
2791,jev-1.13.0,0.7600000000000001,0.13,0.11,0,2616
2792,jev-1.13.0,0.96,0.0,0.04,0,2622
2793,jev-1.13.0,0.9033333333333333,0.03333333333333333,0.06333333333333334,0,2630
2794,jev-1.13.0,0.6833333333333332,0.006666666666666667,0.31,0,2653
2795,jev-1.13.0,0.01,0.0,0.9899999999999999,2,2654
2796,jev-1.13.0,0.9499999999999998,0.0,0.05000000000000001,0,2653
2797,jev-1.13.0,0.43999999999999995,0.0033333333333333335,0.5566666666666666,2,2691
2798,jev-1.13.0,0.08333333333333333,0.0,0.9166666666666666,2,2651
2799,jev-1.13.0,0.9,0.0,0.10000000000000002,0,2667
2800,jev-1.13.0,0.0,1.0,0.0,1,2682
2801,jev-1.13.0,1.0,0.0,0.0,0,2614
2802,jev-1.13.0,0.73,0.013333333333333334,0.25666666666666665,0,2683
2803,jev-1.13.0,0.4266666666666667,0.006666666666666667,0.5666666666666668,2,2635
2804,jev-1.13.0,0.0,1.0,0.0,1,2642
2805,jev-1.13.0,0.62,0.016666666666666666,0.36333333333333334,0,2623
2806,jev-1.13.0,0.5533333333333332,0.31666666666666665,0.13,0,2627
2807,jev-1.13.0,0.0,0.0,1.0,2,2665
2808,jev-1.13.0,0.7366666666666667,0.08666666666666667,0.17666666666666667,0,2641
2809,jev-1.13.0,0.07333333333333335,0.22999999999999998,0.6966666666666667,2,2650
2810,jev-1.13.0,0.16,0.0,0.84,2,2663
2811,jev-1.13.0,0.07,0.9266666666666666,0.0033333333333333335,1,2649
2812,jev-1.13.0,0.6066666666666666,0.023333333333333334,0.37000000000000005,0,2616
2813,jev-1.13.0,0.5666666666666668,0.10333333333333333,0.33,0,2620
2814,jev-1.13.0,0.4266666666666667,0.03,0.5433333333333333,2,2632
2815,jev-1.13.0,0.41,0.013333333333333334,0.5766666666666667,2,2675
2816,jev-1.13.0,0.8766666666666666,0.01,0.11333333333333334,0,2630
2817,jev-1.13.0,0.07,0.0033333333333333335,0.9266666666666667,2,2625
2818,jev-1.13.0,0.016666666666666666,0.0,0.9833333333333334,2,2629
2819,jev-1.13.0,1.0,0.0,0.0,0,2818
2820,jev-1.13.0,1.0,0.0,0.0,0,2619
2821,jev-1.13.0,0.24333333333333332,0.04,0.7166666666666668,2,2658
2822,jev-1.13.0,0.9133333333333334,0.01,0.07666666666666667,0,2641
2823,jev-1.13.0,0.05333333333333334,0.006666666666666667,0.9400000000000001,2,2642
2824,jev-1.13.0,1.0,0.0,0.0,0,2619
2825,jev-1.13.0,0.09000000000000001,0.0,0.91,2,2643
2826,jev-1.13.0,0.08333333333333333,0.0,0.9166666666666666,2,2632
2827,jev-1.13.0,0.25333333333333335,0.06,0.6866666666666665,2,2628
2828,jev-1.13.0,1.0,0.0,0.0,0,2615
2829,jev-1.13.0,0.17,0.7933333333333333,0.03666666666666667,1,2683
2830,jev-1.13.0,0.11,0.006666666666666667,0.8833333333333333,2,2626
2831,jev-1.13.0,0.17333333333333334,0.05666666666666667,0.77,2,2653
2832,jev-1.13.0,1.0,0.0,0.0,0,2619
2833,jev-1.13.0,0.73,0.049999999999999996,0.22,0,2626
2834,jev-1.13.0,0.8533333333333334,0.0,0.14666666666666667,0,2674
2835,jev-1.13.0,0.023333333333333334,0.9766666666666666,0.0,1,2699
2836,jev-1.13.0,0.66,0.02666666666666667,0.3133333333333334,0,2625
2837,jev-1.13.0,0.4566666666666666,0.08333333333333333,0.45999999999999996,2,2619
2838,jev-1.13.0,0.49,0.22,0.29000000000000004,0,2625
2839,jev-1.13.0,0.0,1.0,0.0,1,2624
2840,jev-1.13.0,0.86,0.0033333333333333335,0.1366666666666667,0,2623
2841,jev-1.13.0,0.06,0.0,0.9400000000000001,2,2691
2842,jev-1.13.0,0.1566666666666667,0.0033333333333333335,0.84,2,2631
2843,jev-1.13.0,0.7866666666666667,0.0,0.21333333333333335,0,2644
2844,jev-1.13.0,0.01,0.0,0.9899999999999999,2,2638
2845,jev-1.13.0,0.8533333333333334,0.02,0.12666666666666668,0,2625
2846,jev-1.13.0,0.006666666666666667,0.08333333333333333,0.91,2,2743
2847,jev-1.13.0,0.25,0.0,0.75,2,2658
2848,jev-1.13.0,0.24,0.0,0.7600000000000001,2,2632
2849,jev-1.13.0,0.9566666666666667,0.0,0.043333333333333335,0,2629
2850,jev-1.13.0,1.0,0.0,0.0,0,2616
2851,jev-1.13.0,1.0,0.0,0.0,0,2624
2852,jev-1.13.0,1.0,0.0,0.0,0,2616
2853,jev-1.13.0,0.43,0.0033333333333333335,0.5666666666666668,2,2631
2854,jev-1.13.0,0.01,0.0,0.9899999999999999,2,2621
2855,jev-1.13.0,0.3499999999999999,0.043333333333333335,0.6066666666666668,2,2618
2856,jev-1.13.0,0.9733333333333333,0.013333333333333334,0.013333333333333334,0,2620
2857,jev-1.13.0,0.19333333333333336,0.0033333333333333335,0.8033333333333332,2,2665
2858,jev-1.13.0,0.4833333333333334,0.06666666666666667,0.45,0,2627
2859,jev-1.13.0,0.36999999999999994,0.22,0.41,2,2623
2860,jev-1.13.0,0.03333333333333333,0.0,0.9666666666666667,2,2671
2861,jev-1.13.0,0.7133333333333334,0.0,0.2866666666666667,0,2615
2862,jev-1.13.0,1.0,0.0,0.0,0,2617
2863,jev-1.13.0,0.26666666666666666,0.0,0.7333333333333334,2,2669
2864,jev-1.13.0,1.0,0.0,0.0,0,2615
2865,jev-1.13.0,0.82,0.08666666666666667,0.09333333333333334,0,2623
2866,jev-1.13.0,0.08,0.006666666666666667,0.9133333333333334,2,2617
2867,jev-1.13.0,0.016666666666666666,0.0,0.9833333333333334,2,2626
2868,jev-1.13.0,1.0,0.0,0.0,0,2617
2869,jev-1.13.0,1.0,0.0,0.0,0,2615
2870,jev-1.13.0,0.5266666666666667,0.02333333333333333,0.45,0,2627
2871,jev-1.13.0,0.06,0.3,0.64,2,2650
2872,jev-1.13.0,1.0,0.0,0.0,0,2615
2873,jev-1.13.0,0.6233333333333334,0.013333333333333334,0.3633333333333333,0,2623
2874,jev-1.13.0,0.09666666666666668,0.0,0.9033333333333333,2,2634
2875,jev-1.13.0,0.41333333333333333,0.006666666666666667,0.58,2,2632
2876,jev-1.13.0,1.0,0.0,0.0,0,2617
2877,jev-1.13.0,0.98,0.01,0.01,0,2614
2878,jev-1.13.0,0.2333333333333333,0.006666666666666667,0.7600000000000001,2,2628
2879,jev-1.13.0,0.67,0.049999999999999996,0.28,0,2625
2880,jev-1.13.0,0.4566666666666667,0.0,0.5433333333333333,2,2630
2881,jev-1.13.0,0.5133333333333333,0.013333333333333334,0.47333333333333333,0,2627
2882,jev-1.13.0,0.94,0.03333333333333333,0.02666666666666667,0,2621
2883,jev-1.13.0,0.2866666666666667,0.6433333333333333,0.07,1,2624
2884,jev-1.13.0,0.21666666666666667,0.08333333333333333,0.7000000000000001,2,2624
2885,jev-1.13.0,0.8966666666666666,0.05000000000000001,0.05333333333333334,0,2620
2886,jev-1.13.0,0.9466666666666667,0.0,0.05333333333333334,0,2621
2887,jev-1.13.0,0.04,0.0,0.96,2,2638
2888,jev-1.13.0,0.5166666666666667,0.030000000000000002,0.4533333333333333,0,2633
2889,jev-1.13.0,0.42333333333333334,0.03666666666666667,0.54,2,2616
2890,jev-1.13.0,0.44333333333333336,0.02333333333333333,0.5333333333333333,2,2621
2891,jev-1.13.0,0.71,0.16666666666666666,0.12333333333333334,0,2620
2892,jev-1.13.0,0.5933333333333333,0.3333333333333333,0.07333333333333335,0,2621
2893,jev-1.13.0,1.0,0.0,0.0,0,2613
2894,jev-1.13.0,0.38000000000000006,0.1466666666666667,0.47333333333333333,2,2633
2895,jev-1.13.0,0.26,0.006666666666666667,0.7333333333333334,2,2615
2896,jev-1.13.0,0.5833333333333334,0.043333333333333335,0.3733333333333333,0,2624
2897,jev-1.13.0,0.6166666666666667,0.0033333333333333335,0.38000000000000006,0,2631
2898,jev-1.13.0,0.4566666666666667,0.006666666666666667,0.5366666666666667,2,2633
2899,jev-1.13.0,0.67,0.013333333333333334,0.3166666666666667,0,2663
2900,jev-1.13.0,1.0,0.0,0.0,0,2627
2901,jev-1.13.0,1.0,0.0,0.0,0,2616
2902,jev-1.13.0,1.0,0.0,0.0,0,2725
2903,jev-1.13.0,1.0,0.0,0.0,0,2805
2904,jev-1.13.0,0.9733333333333333,0.02666666666666667,0.0,0,2617
2905,jev-1.13.0,0.5633333333333334,0.2333333333333333,0.20333333333333334,0,2630
2906,jev-1.13.0,0.20333333333333334,0.006666666666666667,0.79,2,2681
2907,jev-1.13.0,0.44,0.02,0.54,2,2612
2908,jev-1.13.0,0.0,0.0,1.0,2,2710
2909,jev-1.13.0,0.5533333333333333,0.0,0.4466666666666666,0,2702
2910,jev-1.13.0,0.57,0.0,0.43,0,2645
2911,jev-1.13.0,0.8366666666666666,0.0,0.16333333333333333,0,2796
2912,jev-1.13.0,0.9966666666666667,0.0,0.0033333333333333335,0,2690
2913,jev-1.13.0,0.9499999999999998,0.04,0.01,0,2623
2914,jev-1.13.0,0.13333333333333333,0.03333333333333333,0.8333333333333334,2,2674
2915,jev-1.13.0,0.47333333333333333,0.0,0.5266666666666667,2,2632
2916,jev-1.13.0,0.7066666666666667,0.2833333333333334,0.01,0,2624
2917,jev-1.13.0,0.01,0.0,0.9899999999999999,2,2628
2918,jev-1.13.0,1.0,0.0,0.0,0,2625
2919,jev-1.13.0,0.6033333333333334,0.13,0.26666666666666666,0,2620
2920,jev-1.13.0,0.9733333333333333,0.02666666666666667,0.0,0,2652
2921,jev-1.13.0,0.0033333333333333335,0.006666666666666667,0.9899999999999999,2,2704
2922,jev-1.13.0,0.16,0.7166666666666667,0.12333333333333334,1,2621
2923,jev-1.13.0,0.5933333333333333,0.006666666666666667,0.4000000000000001,0,2633
2924,jev-1.13.0,1.0,0.0,0.0,0,2616
2925,jev-1.13.0,0.8666666666666667,0.0033333333333333335,0.13,0,2622
2926,jev-1.13.0,1.0,0.0,0.0,0,2616
2927,jev-1.13.0,0.02,0.006666666666666667,0.9733333333333333,2,2623
2928,jev-1.13.0,0.8133333333333334,0.013333333333333334,0.17333333333333334,0,2623
2929,jev-1.13.0,1.0,0.0,0.0,0,2615
2930,jev-1.13.0,0.5433333333333333,0.02,0.4366666666666667,0,2633
2931,jev-1.13.0,0.9899999999999999,0.01,0.0,0,2628
2932,jev-1.13.0,0.8566666666666666,0.10999999999999999,0.03333333333333333,0,2621
2933,jev-1.13.0,0.71,0.016666666666666666,0.2733333333333334,0,2633
2934,jev-1.13.0,0.04666666666666667,0.0,0.9533333333333333,2,2644
2935,jev-1.13.0,0.0,0.0,1.0,2,2674
2936,jev-1.13.0,0.09666666666666668,0.0,0.9033333333333333,2,2637
2937,jev-1.13.0,0.8566666666666666,0.07333333333333333,0.07,0,2619
2938,jev-1.13.0,0.66,0.016666666666666666,0.3233333333333333,0,2625
2939,jev-1.13.0,0.83,0.16,0.01,0,2618
2940,jev-1.13.0,0.7566666666666667,0.24,0.0033333333333333335,0,2619
2941,jev-1.13.0,0.9433333333333334,0.0,0.056666666666666664,0,2621
2942,jev-1.13.0,0.05000000000000001,0.0,0.9499999999999998,2,2629
2943,jev-1.13.0,0.8133333333333334,0.05333333333333334,0.13333333333333333,0,2621
2944,jev-1.13.0,0.0,1.0,0.0,1,2649
2945,jev-1.13.0,0.0,1.0,0.0,1,2652
2946,jev-1.13.0,1.0,0.0,0.0,0,2650
2947,jev-1.13.0,0.14,0.006666666666666667,0.8533333333333334,2,2654
2948,jev-1.13.0,1.0,0.0,0.0,0,2623
2949,jev-1.13.0,0.9133333333333334,0.0,0.08666666666666667,0,2656
2950,jev-1.13.0,0.31666666666666665,0.0,0.6833333333333332,2,2630
2951,jev-1.13.0,0.9266666666666667,0.02,0.05333333333333334,0,2681
2952,jev-1.13.0,0.5633333333333334,0.08666666666666667,0.35000000000000003,0,2647
2953,jev-1.13.0,0.8033333333333333,0.18333333333333335,0.013333333333333334,0,2619
2954,jev-1.13.0,0.21333333333333335,0.7833333333333332,0.0033333333333333335,1,2616
2955,jev-1.13.0,0.8966666666666666,0.013333333333333334,0.09000000000000001,0,2629
2956,jev-1.13.0,0.11333333333333334,0.0,0.8866666666666667,2,2637
2957,jev-1.13.0,0.7799999999999999,0.01,0.21,0,2647
2958,jev-1.13.0,0.7799999999999999,0.01,0.20999999999999996,0,2616
2959,jev-1.13.0,0.09666666666666668,0.8733333333333334,0.03,1,2622
2960,jev-1.13.0,1.0,0.0,0.0,0,2615
2961,jev-1.13.0,0.9566666666666667,0.0,0.043333333333333335,0,2634
2962,jev-1.13.0,0.0,0.0,1.0,2,2866
2963,jev-1.13.0,0.8933333333333334,0.02,0.08666666666666667,0,2628
2964,jev-1.13.0,0.02,0.48333333333333334,0.49666666666666665,2,2686
2965,jev-1.13.0,0.02666666666666667,0.39666666666666667,0.5766666666666667,2,2643
2966,jev-1.13.0,0.34,0.016666666666666666,0.6433333333333334,2,2636
2967,jev-1.13.0,0.45,0.13,0.42,0,2642
2968,jev-1.13.0,0.0,0.0,1.0,2,2615
2969,jev-1.13.0,1.0,0.0,0.0,0,2616
2970,jev-1.13.0,0.32666666666666666,0.11,0.5633333333333334,2,2652
2971,jev-1.13.0,0.6833333333333332,0.016666666666666666,0.30000000000000004,0,2642
2972,jev-1.13.0,0.6833333333333332,0.02666666666666667,0.29000000000000004,0,2632
2973,jev-1.13.0,0.21333333333333335,0.61,0.17666666666666667,1,2674
2974,jev-1.13.0,0.3333333333333333,0.6533333333333333,0.013333333333333334,1,2841
2975,jev-1.13.0,0.16333333333333333,0.39999999999999997,0.4366666666666667,2,2627
2976,jev-1.13.0,0.9266666666666667,0.013333333333333334,0.06,0,2668
2977,jev-1.13.0,0.25,0.7300000000000001,0.02,1,2620
2978,jev-1.13.0,0.05333333333333334,0.0,0.9466666666666667,2,2680
2979,jev-1.13.0,0.53,0.016666666666666666,0.4533333333333333,0,2638
2980,jev-1.13.0,0.07666666666666667,0.0,0.9233333333333333,2,2624
2981,jev-1.13.0,0.57,0.006666666666666667,0.42333333333333334,0,2663
2982,jev-1.13.0,0.0,0.0,1.0,2,2613
2983,jev-1.13.0,1.0,0.0,0.0,0,2617
2984,jev-1.13.0,0.33666666666666667,0.5366666666666666,0.12666666666666668,1,2616
2985,jev-1.13.0,0.06666666666666667,0.0033333333333333335,0.93,2,2762
2986,jev-1.13.0,1.0,0.0,0.0,0,2616
2987,jev-1.13.0,1.0,0.0,0.0,0,2615
2988,jev-1.13.0,0.08333333333333333,0.0,0.9166666666666666,2,2629
2989,jev-1.13.0,0.9133333333333334,0.0,0.08666666666666667,0,2640
2990,jev-1.13.0,0.21,0.7000000000000001,0.09000000000000001,1,2624
2991,jev-1.13.0,0.9566666666666667,0.0,0.043333333333333335,0,2641
2992,jev-1.13.0,0.6866666666666666,0.07333333333333335,0.24,0,2628
2993,jev-1.13.0,0.85,0.11,0.04,0,2649
2994,jev-1.13.0,0.38999999999999996,0.14333333333333334,0.4666666666666666,2,2633
2995,jev-1.13.0,0.35333333333333333,0.44333333333333336,0.20333333333333334,1,2615
2996,jev-1.13.0,0.6966666666666667,0.06666666666666667,0.23666666666666666,0,2670
2997,jev-1.13.0,0.18333333333333335,0.006666666666666667,0.81,2,2649
2998,jev-1.13.0,0.16,0.05000000000000001,0.79,2,2636
2999,jev-1.13.0,0.043333333333333335,0.9566666666666667,0.0,1,2617
3000,jev-1.13.0,0.18666666666666668,0.7533333333333333,0.06,1,2616
3001,jev-1.13.0,0.9166666666666666,0.02,0.06333333333333334,0,2618
3002,jev-1.13.0,1.0,0.0,0.0,0,2801
3003,jev-1.13.0,0.17333333333333334,0.21,0.6166666666666667,2,2629
3004,jev-1.13.0,0.75,0.19000000000000003,0.06,0,2619
3005,jev-1.13.0,0.5800000000000001,0.24333333333333337,0.17666666666666667,0,2624
3006,jev-1.13.0,0.049999999999999996,0.006666666666666667,0.9433333333333334,2,2633
3007,jev-1.13.0,0.98,0.01,0.01,0,2622
3008,jev-1.13.0,1.0,0.0,0.0,0,2621
3009,jev-1.13.0,0.20333333333333337,0.10999999999999999,0.6866666666666666,2,2624
3010,jev-1.13.0,0.9899999999999999,0.01,0.0,0,2618
3011,jev-1.13.0,0.9899999999999999,0.01,0.0,0,2612
3012,jev-1.13.0,0.0,1.0,0.0,1,2616
3013,jev-1.13.0,0.03333333333333333,0.8733333333333334,0.09333333333333334,1,2622
3014,jev-1.13.0,0.5033333333333333,0.02666666666666667,0.47,0,2618
3015,jev-1.13.0,1.0,0.0,0.0,0,2636
3016,jev-1.13.0,0.3333333333333333,0.5499999999999999,0.11666666666666665,1,2616
3017,jev-1.13.0,0.9866666666666667,0.0,0.013333333333333334,0,2760
3018,jev-1.13.0,1.0,0.0,0.0,0,2628
3019,jev-1.13.0,0.21666666666666667,0.7233333333333333,0.06,1,2616
3020,jev-1.13.0,0.04,0.0,0.96,2,2715
3021,jev-1.13.0,0.043333333333333335,0.0,0.9566666666666667,2,2654
3022,jev-1.13.0,0.06,0.02333333333333333,0.9166666666666666,2,2648
3023,jev-1.13.0,0.42333333333333334,0.19000000000000003,0.3866666666666667,0,2626
3024,jev-1.13.0,0.6233333333333334,0.07666666666666666,0.3,0,2624
3025,jev-1.13.0,0.5033333333333333,0.0,0.49666666666666665,0,2637
3026,jev-1.13.0,0.9700000000000001,0.0,0.03,0,2624
3027,jev-1.13.0,0.4266666666666667,0.13333333333333333,0.44,2,2631
3028,jev-1.13.0,0.29000000000000004,0.0,0.71,2,2619
3029,jev-1.13.0,0.9766666666666666,0.023333333333333334,0.0,0,2632
3030,jev-1.13.0,0.9866666666666667,0.006666666666666667,0.006666666666666667,0,2626
3031,jev-1.13.0,0.43333333333333335,0.5533333333333333,0.013333333333333334,1,2637
3032,jev-1.13.0,0.013333333333333334,0.0,0.9866666666666667,2,2641
3033,jev-1.13.0,0.66,0.0,0.34,0,2625
3034,jev-1.13.0,0.31,0.41999999999999993,0.27,1,2630
3035,jev-1.13.0,1.0,0.0,0.0,0,2613
3036,jev-1.13.0,0.8933333333333334,0.04666666666666667,0.06,0,2624
3037,jev-1.13.0,0.5066666666666667,0.01,0.48333333333333334,0,2652
3038,jev-1.13.0,0.05000000000000001,0.5666666666666667,0.3833333333333333,1,2644
3039,jev-1.13.0,0.44,0.006666666666666667,0.5533333333333333,2,2618
3040,jev-1.13.0,0.24666666666666667,0.04,0.7133333333333333,2,2627
3041,jev-1.13.0,0.85,0.0,0.15,0,2641
3042,jev-1.13.0,0.049999999999999996,0.030000000000000002,0.9199999999999999,2,2675
3043,jev-1.13.0,0.9499999999999998,0.0033333333333333335,0.04666666666666667,0,2624
3044,jev-1.13.0,1.0,0.0,0.0,0,2614
3045,jev-1.13.0,0.2733333333333333,0.16,0.5666666666666668,2,2623
3046,jev-1.13.0,1.0,0.0,0.0,0,2804
3047,jev-1.13.0,0.12,0.013333333333333334,0.8666666666666667,2,2629
3048,jev-1.13.0,0.25666666666666665,0.0,0.7433333333333333,2,2692
3049,jev-1.13.0,0.43,0.006666666666666667,0.5633333333333334,2,2666
3050,jev-1.13.0,0.9766666666666666,0.0033333333333333335,0.02,0,2640
3051,jev-1.13.0,0.3333333333333333,0.5133333333333333,0.15333333333333335,1,2632
3052,jev-1.13.0,0.6233333333333334,0.19333333333333333,0.18333333333333335,0,2625
3053,jev-1.13.0,0.31666666666666665,0.02,0.6633333333333332,2,2629
3054,jev-1.13.0,0.9866666666666667,0.0,0.013333333333333334,0,2653
3055,jev-1.13.0,1.0,0.0,0.0,0,2622
3056,jev-1.13.0,0.83,0.01,0.16,0,2627
3057,jev-1.13.0,0.5633333333333334,0.26666666666666666,0.17,0,2625
3058,jev-1.13.0,0.4366666666666667,0.07333333333333333,0.49,2,2630
3059,jev-1.13.0,0.15,0.0,0.85,2,2673
3060,jev-1.13.0,0.9766666666666666,0.0,0.023333333333333334,0,2712
3061,jev-1.13.0,1.0,0.0,0.0,0,2637
3062,jev-1.13.0,0.0,1.0,0.0,1,2617
3063,jev-1.13.0,0.08333333333333333,0.006666666666666667,0.91,2,2635
3064,jev-1.13.0,1.0,0.0,0.0,0,2620
3065,jev-1.13.0,0.84,0.02333333333333333,0.1366666666666667,0,2624
3066,jev-1.13.0,0.9766666666666666,0.023333333333333334,0.0,0,2617
3067,jev-1.13.0,0.6900000000000001,0.14666666666666667,0.16333333333333333,0,2623
3068,jev-1.13.0,1.0,0.0,0.0,0,2616
3069,jev-1.13.0,0.006666666666666667,0.0,0.9933333333333333,2,2658
3070,jev-1.13.0,0.0,0.9966666666666667,0.0033333333333333335,1,2625
3071,jev-1.13.0,0.0,0.0,1.0,2,2693
3072,jev-1.13.0,0.049999999999999996,0.0,0.9499999999999998,2,2635
3073,jev-1.13.0,0.17,0.0,0.83,2,2710
3074,jev-1.13.0,0.9933333333333333,0.0,0.006666666666666667,0,2616
3075,jev-1.13.0,0.0,0.0,1.0,2,2619
3076,jev-1.13.0,0.36333333333333334,0.02,0.6166666666666667,2,2618
3077,jev-1.13.0,0.59,0.1366666666666667,0.2733333333333334,0,2625
3078,jev-1.13.0,0.9666666666666667,0.023333333333333334,0.01,0,2627
3079,jev-1.13.0,1.0,0.0,0.0,0,2643
3080,jev-1.13.0,1.0,0.0,0.0,0,2806
3081,jev-1.13.0,0.5333333333333333,0.14,0.32666666666666666,0,2951
3082,jev-1.13.0,0.8833333333333333,0.006666666666666667,0.11,0,2648
3083,jev-1.13.0,0.6066666666666666,0.11,0.2833333333333334,0,2636
3084,jev-1.13.0,0.5333333333333333,0.013333333333333334,0.45333333333333337,0,2627
3085,jev-1.13.0,0.12,0.6900000000000001,0.19000000000000003,1,2629
3086,jev-1.13.0,0.5566666666666666,0.25333333333333335,0.19000000000000003,0,2627
3087,jev-1.13.0,0.8966666666666666,0.0,0.10333333333333333,0,2636
3088,jev-1.13.0,0.016666666666666666,0.0,0.9833333333333334,2,2634
3089,jev-1.13.0,0.35333333333333333,0.006666666666666667,0.64,2,2630
3090,jev-1.13.0,0.05333333333333334,0.45333333333333337,0.49333333333333335,2,2659
3091,jev-1.13.0,0.9633333333333333,0.0,0.03666666666666667,0,2616
3092,jev-1.13.0,1.0,0.0,0.0,0,2618
3093,jev-1.13.0,0.0,1.0,0.0,1,2623
3094,jev-1.13.0,0.56,0.08666666666666667,0.35333333333333333,0,2619
3095,jev-1.13.0,0.39999999999999997,0.03333333333333333,0.5666666666666667,2,2630
3096,jev-1.13.0,0.56,0.013333333333333334,0.4266666666666667,0,2624
3097,jev-1.13.0,0.9733333333333333,0.006666666666666667,0.02,0,2631
3098,jev-1.13.0,0.9433333333333334,0.0033333333333333335,0.05333333333333334,0,2627
3099,jev-1.13.0,1.0,0.0,0.0,0,2614
3100,jev-1.13.0,0.04666666666666667,0.9366666666666666,0.016666666666666666,1,2618
3101,jev-1.13.0,0.7633333333333333,0.03,0.2066666666666667,0,2613
3102,jev-1.13.0,0.98,0.013333333333333334,0.006666666666666667,0,2615
3103,jev-1.13.0,0.9766666666666666,0.016666666666666666,0.006666666666666667,0,2615
3104,jev-1.13.0,0.9899999999999999,0.0,0.01,0,2635
3105,jev-1.13.0,0.9033333333333333,0.02666666666666667,0.07,0,2618
3106,jev-1.13.0,0.0,1.0,0.0,1,2619
3107,jev-1.13.0,0.013333333333333334,0.0,0.9866666666666667,2,2633
3108,jev-1.13.0,0.9899999999999999,0.0,0.01,0,2754
3109,jev-1.13.0,0.05333333333333334,0.023333333333333334,0.9233333333333333,2,2635
3110,jev-1.13.0,0.5966666666666667,0.006666666666666667,0.39666666666666667,0,2634
3111,jev-1.13.0,1.0,0.0,0.0,0,2617
3112,jev-1.13.0,0.5833333333333334,0.39999999999999997,0.016666666666666666,0,2662
3113,jev-1.13.0,0.15333333333333332,0.006666666666666667,0.84,2,2660
3114,jev-1.13.0,0.1366666666666667,0.7433333333333333,0.12,1,2629
3115,jev-1.13.0,0.17333333333333334,0.8266666666666667,0.0,1,2622
3116,jev-1.13.0,0.4033333333333333,0.06333333333333334,0.5333333333333333,2,2651
3117,jev-1.13.0,0.0,1.0,0.0,1,2626
3118,jev-1.13.0,0.20000000000000004,0.77,0.02666666666666667,1,2621
3119,jev-1.13.0,0.0,1.0,0.0,1,2637
3120,jev-1.13.0,0.9366666666666666,0.0,0.06333333333333334,0,2633
3121,jev-1.13.0,1.0,0.0,0.0,0,2801
3122,jev-1.13.0,1.0,0.0,0.0,0,2616
3123,jev-1.13.0,0.16333333333333336,0.6933333333333334,0.14333333333333334,1,2616
3124,jev-1.13.0,0.39333333333333337,0.09666666666666666,0.51,2,2630
3125,jev-1.13.0,0.7366666666666667,0.18000000000000002,0.08333333333333333,0,2631
3126,jev-1.13.0,0.11333333333333333,0.67,0.21666666666666667,1,2621
3127,jev-1.13.0,0.6666666666666666,0.043333333333333335,0.29000000000000004,0,2636
3128,jev-1.13.0,0.013333333333333334,0.0,0.9866666666666667,2,2632
3129,jev-1.13.0,0.03333333333333333,0.9666666666666667,0.0,1,2616
3130,jev-1.13.0,0.016666666666666666,0.9833333333333334,0.0,1,2622
3131,jev-1.13.0,0.24333333333333332,0.41333333333333333,0.34333333333333327,1,2636
3132,jev-1.13.0,0.8733333333333334,0.06666666666666667,0.06,0,2627
3133,jev-1.13.0,1.0,0.0,0.0,0,2617
3134,jev-1.13.0,1.0,0.0,0.0,0,2615
3135,jev-1.13.0,0.7266666666666667,0.01,0.26333333333333336,0,2624
3136,jev-1.13.0,0.43,0.39666666666666667,0.17333333333333334,0,2626
3137,jev-1.13.0,0.6833333333333332,0.01,0.3066666666666667,0,2666
3138,jev-1.13.0,0.27666666666666667,0.006666666666666667,0.7166666666666668,2,2648
3139,jev-1.13.0,0.88,0.05000000000000001,0.07,0,2628
3140,jev-1.13.0,0.49333333333333335,0.18000000000000002,0.32666666666666666,0,2620
3141,jev-1.13.0,0.6999999999999998,0.22666666666666666,0.07333333333333335,0,2629
3142,jev-1.13.0,0.7533333333333333,0.043333333333333335,0.20333333333333337,0,2620
3143,jev-1.13.0,0.42,0.5,0.08,1,2644
3144,jev-1.13.0,0.5533333333333333,0.01,0.4366666666666667,0,2625
3145,jev-1.13.0,0.9899999999999999,0.0,0.01,0,2625
3146,jev-1.13.0,0.7033333333333333,0.09666666666666668,0.20000000000000004,0,2636
3147,jev-1.13.0,0.23666666666666666,0.08333333333333333,0.68,2,2630
3148,jev-1.13.0,0.10333333333333333,0.7333333333333334,0.16333333333333333,1,2635
3149,jev-1.13.0,0.02,0.01,0.9700000000000001,2,2635
3150,jev-1.13.0,1.0,0.0,0.0,0,2616
3151,jev-1.13.0,0.13333333333333333,0.8300000000000001,0.03666666666666667,1,2620
3152,jev-1.13.0,1.0,0.0,0.0,0,2615
3153,jev-1.13.0,0.02,0.0,0.98,2,2636
3154,jev-1.13.0,1.0,0.0,0.0,0,2801
3155,jev-1.13.0,0.9533333333333333,0.0,0.04666666666666667,0,2698
3156,jev-1.13.0,0.37666666666666665,0.016666666666666666,0.6066666666666666,2,2625
3157,jev-1.13.0,0.52,0.02,0.46,0,2621
3158,jev-1.13.0,0.34,0.6533333333333333,0.006666666666666667,1,2618
3159,jev-1.13.0,0.9700000000000001,0.0,0.03,0,2631
3160,jev-1.13.0,0.9066666666666667,0.04,0.05333333333333334,0,2627
3161,jev-1.13.0,0.06666666666666667,0.0,0.9333333333333332,2,2634
3162,jev-1.13.0,0.09333333333333332,0.17,0.7366666666666667,2,2633
3163,jev-1.13.0,0.0,1.0,0.0,1,2638
3164,jev-1.13.0,1.0,0.0,0.0,0,2618
3165,jev-1.13.0,0.10333333333333333,0.8466666666666667,0.05000000000000001,1,2646
3166,jev-1.13.0,0.6133333333333333,0.15666666666666665,0.23,0,2622
3167,jev-1.13.0,0.0,1.0,0.0,1,2625
3168,jev-1.13.0,0.77,0.21666666666666665,0.013333333333333334,0,2624
3169,jev-1.13.0,0.12,0.8666666666666667,0.013333333333333334,1,2622
3170,jev-1.13.0,0.013333333333333334,0.9866666666666667,0.0,1,2616
3171,jev-1.13.0,0.9400000000000001,0.03333333333333333,0.02666666666666667,0,2627
3172,jev-1.13.0,0.9499999999999998,0.0033333333333333335,0.04666666666666667,0,2616
3173,jev-1.13.0,0.09666666666666666,0.0,0.9033333333333333,2,2655
3174,jev-1.13.0,0.20333333333333334,0.7366666666666667,0.06,1,2624
3175,jev-1.13.0,0.98,0.0,0.02,0,2655
3176,jev-1.13.0,0.2733333333333334,0.06333333333333334,0.6633333333333332,2,2639
3177,jev-1.13.0,0.8566666666666666,0.08333333333333333,0.06,0,2613
3178,jev-1.13.0,0.0,1.0,0.0,1,2637
3179,jev-1.13.0,0.7266666666666666,0.016666666666666666,0.25666666666666665,0,2626
3180,jev-1.13.0,0.86,0.02666666666666667,0.11333333333333333,0,2614
3181,jev-1.13.0,0.9933333333333333,0.0,0.006666666666666667,0,2625
3182,jev-1.13.0,0.4266666666666667,0.16333333333333333,0.41,0,2652
3183,jev-1.13.0,0.006666666666666667,0.02,0.9733333333333333,2,2631
3184,jev-1.13.0,0.0,1.0,0.0,1,2632
3185,jev-1.13.0,0.0,1.0,0.0,1,2628
3186,jev-1.13.0,0.04,0.5,0.45999999999999996,1,2627
3187,jev-1.13.0,0.27666666666666667,0.006666666666666667,0.7166666666666668,2,2633
3188,jev-1.13.0,0.7533333333333333,0.05666666666666667,0.18999999999999997,0,2617
3189,jev-1.13.0,0.01,0.09666666666666666,0.8933333333333334,2,2725
3190,jev-1.13.0,0.15333333333333335,0.04666666666666667,0.7999999999999999,2,2621
3191,jev-1.13.0,0.9899999999999999,0.01,0.0,0,2617
3192,jev-1.13.0,0.19999999999999998,0.79,0.01,1,2626
3193,jev-1.13.0,1.0,0.0,0.0,0,2670
3194,jev-1.13.0,0.0,1.0,0.0,1,2619
3195,jev-1.13.0,0.09000000000000001,0.6566666666666667,0.25333333333333335,1,2641
3196,jev-1.13.0,0.91,0.05333333333333334,0.03666666666666667,0,2622
3197,jev-1.13.0,0.8066666666666666,0.0033333333333333335,0.19000000000000003,0,2627
3198,jev-1.13.0,0.15666666666666665,0.016666666666666666,0.8266666666666667,2,2619
3199,jev-1.13.0,0.0,0.0,1.0,2,2627
3200,jev-1.13.0,0.11,0.006666666666666667,0.8833333333333333,2,2809
3201,jev-1.13.0,0.06999999999999999,0.01,0.9199999999999999,2,2669
3202,jev-1.13.0,0.0,1.0,0.0,1,2662
3203,jev-1.13.0,0.0,1.0,0.0,1,2659
3204,jev-1.13.0,0.036666666666666674,0.0,0.9633333333333333,2,2805
3205,jev-1.13.0,0.04,0.96,0.0,1,2674
3206,jev-1.13.0,1.0,0.0,0.0,0,2616
3207,jev-1.13.0,1.0,0.0,0.0,0,2616
3208,jev-1.13.0,0.0,1.0,0.0,1,2648
3209,jev-1.13.0,0.0,0.0,1.0,2,2675
3210,jev-1.13.0,0.7200000000000001,0.04,0.24,0,2621
3211,jev-1.13.0,0.0,1.0,0.0,1,2624
3212,jev-1.13.0,0.0,1.0,0.0,1,2689
3213,jev-1.13.0,0.9966666666666667,0.0033333333333333335,0.0,0,2628
3214,jev-1.13.0,0.11666666666666665,0.75,0.13333333333333333,1,2624
3215,jev-1.13.0,0.13,0.013333333333333334,0.8566666666666666,2,2627
3216,jev-1.13.0,0.18999999999999997,0.0,0.81,2,2632
3217,jev-1.13.0,1.0,0.0,0.0,0,2615
3218,jev-1.13.0,1.0,0.0,0.0,0,2615
3219,jev-1.13.0,0.043333333333333335,0.8766666666666666,0.08,1,2646
3220,jev-1.13.0,0.0,1.0,0.0,1,2630
3221,jev-1.13.0,0.7166666666666668,0.0033333333333333335,0.28,0,2629
3222,jev-1.13.0,0.9266666666666667,0.006666666666666667,0.06666666666666667,0,2634
3223,jev-1.13.0,0.006666666666666667,0.9733333333333333,0.02,1,2618
3224,jev-1.13.0,0.0,1.0,0.0,1,2628
3225,jev-1.13.0,0.0,1.0,0.0,1,2624
3226,jev-1.13.0,0.3,0.5833333333333334,0.11666666666666668,1,2617
3227,jev-1.13.0,0.5866666666666666,0.15,0.26333333333333336,0,2700
3228,jev-1.13.0,0.0,1.0,0.0,1,2618
3229,jev-1.13.0,0.23666666666666666,0.6566666666666666,0.10666666666666665,1,2677
3230,jev-1.13.0,0.06,0.94,0.0,1,2615
3231,jev-1.13.0,0.0,0.9899999999999999,0.01,1,2659
3232,jev-1.13.0,0.013333333333333334,0.9833333333333334,0.0033333333333333335,1,2615
3233,jev-1.13.0,0.7600000000000001,0.02,0.21999999999999997,0,2631
3234,jev-1.13.0,0.016666666666666666,0.96,0.023333333333333334,1,2660
3235,jev-1.13.0,0.049999999999999996,0.9366666666666666,0.013333333333333334,1,2621
3236,jev-1.13.0,0.44333333333333336,0.01,0.5466666666666667,2,2656
3237,jev-1.13.0,0.7266666666666666,0.25333333333333335,0.02,0,2614
3238,jev-1.13.0,1.0,0.0,0.0,0,2805
3239,jev-1.13.0,0.24,0.42,0.34,1,2655
3240,jev-1.13.0,0.28,0.5966666666666667,0.12333333333333334,1,2629
3241,jev-1.13.0,0.5166666666666667,0.18000000000000002,0.30333333333333334,0,2629
3242,jev-1.13.0,0.09000000000000001,0.6466666666666666,0.26333333333333336,1,2626
3243,jev-1.13.0,0.38666666666666666,0.38999999999999996,0.2233333333333333,1,2622
3244,jev-1.13.0,0.62,0.26666666666666666,0.11333333333333333,0,2617
3245,jev-1.13.0,0.9499999999999998,0.023333333333333334,0.02666666666666667,0,2618
3246,jev-1.13.0,0.0,1.0,0.0,1,2617
3247,jev-1.13.0,0.9433333333333334,0.016666666666666666,0.04,0,2623
3248,jev-1.13.0,0.61,0.09666666666666668,0.2933333333333334,0,2625
3249,jev-1.13.0,0.0,1.0,0.0,1,2619
3250,jev-1.13.0,0.0,1.0,0.0,1,2626
3251,jev-1.13.0,0.9333333333333335,0.03666666666666667,0.03,0,2617
3252,jev-1.13.0,0.0,1.0,0.0,1,2633
3253,jev-1.13.0,0.0,1.0,0.0,1,2621
3254,jev-1.13.0,0.006666666666666667,0.9933333333333333,0.0,1,2619
3255,jev-1.13.0,0.06333333333333334,0.0,0.9366666666666666,2,2619
3256,jev-1.13.0,0.013333333333333334,0.9166666666666666,0.07,1,2637
3257,jev-1.13.0,0.98,0.006666666666666667,0.013333333333333334,0,2619
3258,jev-1.13.0,0.17,0.6866666666666666,0.14333333333333334,1,2626
3259,jev-1.13.0,0.10000000000000002,0.0033333333333333335,0.8966666666666666,2,2697
3260,jev-1.13.0,0.9933333333333333,0.006666666666666667,0.0,0,2614
3261,jev-1.13.0,0.06333333333333334,0.0,0.9366666666666666,2,2637
3262,jev-1.13.0,0.02,0.0,0.98,2,2678
3263,jev-1.13.0,0.5833333333333334,0.056666666666666664,0.36000000000000004,0,2624
3264,jev-1.13.0,0.3666666666666667,0.02333333333333333,0.61,2,2636
3265,jev-1.13.0,0.0,0.0,1.0,2,2708
3266,jev-1.13.0,0.14333333333333334,0.0,0.8566666666666666,2,2652
3267,jev-1.13.0,0.1466666666666667,0.0033333333333333335,0.85,2,2634
3268,jev-1.13.0,0.3233333333333333,0.03666666666666667,0.64,2,2621
3269,jev-1.13.0,0.16666666666666666,0.0,0.8333333333333334,2,2613
3270,jev-1.13.0,0.84,0.0,0.16,0,2644
3271,jev-1.13.0,0.4466666666666666,0.0,0.5533333333333333,2,2854
3272,jev-1.13.0,0.21666666666666667,0.0,0.7833333333333332,2,2690
3273,jev-1.13.0,0.8933333333333334,0.0,0.10666666666666667,0,2639
3274,jev-1.13.0,0.07333333333333335,0.023333333333333334,0.9033333333333333,2,2636
3275,jev-1.13.0,0.20000000000000004,0.03666666666666667,0.7600000000000001,2,2631
3276,jev-1.13.0,0.7333333333333334,0.14666666666666667,0.12,0,2618
3277,jev-1.13.0,0.88,0.03666666666666667,0.08333333333333333,0,2622
3278,jev-1.13.0,0.45,0.013333333333333334,0.5366666666666667,2,2636
3279,jev-1.13.0,0.18666666666666665,0.19333333333333336,0.62,2,2725
3280,jev-1.13.0,0.0,0.0,1.0,2,2652
3281,jev-1.13.0,0.35333333333333333,0.016666666666666666,0.63,2,2623
3282,jev-1.13.0,0.8733333333333334,0.0,0.12666666666666668,0,2640
3283,jev-1.13.0,0.9466666666666667,0.023333333333333334,0.03,0,2620
3284,jev-1.13.0,0.10666666666666667,0.0,0.8933333333333334,2,2617
3285,jev-1.13.0,0.06333333333333334,0.0,0.9366666666666666,2,2666
3286,jev-1.13.0,0.7433333333333333,0.043333333333333335,0.21333333333333335,0,2622
3287,jev-1.13.0,0.13,0.0033333333333333335,0.8666666666666667,2,2632
3288,jev-1.13.0,0.6,0.04,0.36000000000000004,0,2613
3289,jev-1.13.0,0.7000000000000001,0.06,0.24,0,2613
3290,jev-1.13.0,0.0,0.0,1.0,2,2623
3291,jev-1.13.0,0.57,0.09000000000000001,0.34,0,2616
3292,jev-1.13.0,0.9933333333333333,0.006666666666666667,0.0,0,2617
3293,jev-1.13.0,0.7966666666666667,0.02333333333333333,0.18000000000000002,0,2643
3294,jev-1.13.0,0.66,0.013333333333333334,0.32666666666666666,0,2633
3295,jev-1.13.0,0.15,0.0,0.85,2,2731
3296,jev-1.13.0,0.22999999999999998,0.043333333333333335,0.7266666666666666,2,2623
3297,jev-1.13.0,0.013333333333333334,0.0,0.9866666666666667,2,2635
3298,jev-1.13.0,0.05333333333333334,0.013333333333333334,0.9333333333333332,2,2634
3299,jev-1.13.0,0.6699999999999999,0.023333333333333334,0.30666666666666664,0,2655
3300,jev-1.13.0,0.7533333333333333,0.14,0.10666666666666667,0,2618
3301,jev-1.13.0,0.13,0.0,0.87,2,2708
3302,jev-1.13.0,0.8333333333333334,0.023333333333333334,0.14333333333333334,0,2626
3303,jev-1.13.0,1.0,0.0,0.0,0,2615
3304,jev-1.13.0,0.3633333333333333,0.0,0.6366666666666667,2,2645
3305,jev-1.13.0,0.29,0.030000000000000002,0.68,2,2637
3306,jev-1.13.0,0.09333333333333334,0.6933333333333334,0.21333333333333335,1,2630
3307,jev-1.13.0,0.44,0.10666666666666667,0.4533333333333333,2,2626
3308,jev-1.13.0,0.07666666666666667,0.35333333333333333,0.57,2,2648
3309,jev-1.13.0,0.7166666666666668,0.036666666666666674,0.24666666666666667,0,2625
3310,jev-1.13.0,0.8133333333333334,0.01,0.17666666666666667,0,2656
3311,jev-1.13.0,0.18333333333333335,0.0,0.8166666666666668,2,2645
3312,jev-1.13.0,0.3499999999999999,0.03666666666666667,0.6133333333333333,2,2624
3313,jev-1.13.0,0.15,0.02,0.8300000000000001,2,2623
3314,jev-1.13.0,0.32666666666666666,0.03333333333333333,0.6366666666666667,2,2624
3315,jev-1.13.0,0.6933333333333334,0.0,0.3066666666666667,0,2648
3316,jev-1.13.0,0.5333333333333333,0.016666666666666666,0.44999999999999996,0,2626
3317,jev-1.13.0,0.0,0.0,1.0,2,2620
3318,jev-1.13.0,0.023333333333333334,0.8366666666666666,0.14,1,2629
3319,jev-1.13.0,0.9233333333333333,0.04666666666666666,0.03,0,2614
3320,jev-1.13.0,0.41333333333333333,0.013333333333333334,0.5733333333333334,2,2639
3321,jev-1.13.0,0.48666666666666664,0.013333333333333334,0.5,2,2626
3322,jev-1.13.0,0.8233333333333334,0.02666666666666667,0.15,0,2642
3323,jev-1.13.0,0.26666666666666666,0.02666666666666667,0.7066666666666667,2,2624
3324,jev-1.13.0,0.0,1.0,0.0,1,2620
3325,jev-1.13.0,0.29000000000000004,0.006666666666666667,0.7033333333333333,2,2630
3326,jev-1.13.0,0.0,0.0,1.0,2,2718
3327,jev-1.13.0,0.0,1.0,0.0,1,2617
3328,jev-1.13.0,0.043333333333333335,0.01,0.9466666666666667,2,2621
3329,jev-1.13.0,0.4766666666666666,0.22666666666666668,0.2966666666666667,0,2624
3330,jev-1.13.0,0.73,0.03666666666666667,0.2333333333333333,0,2666
3331,jev-1.13.0,0.9066666666666666,0.09333333333333334,0.0,0,2618
3332,jev-1.13.0,1.0,0.0,0.0,0,2622
3333,jev-1.13.0,0.8733333333333334,0.0,0.12666666666666668,0,2649
3334,jev-1.13.0,0.9733333333333333,0.01,0.016666666666666666,0,2672
3335,jev-1.13.0,1.0,0.0,0.0,0,2624
3336,jev-1.13.0,0.24,0.6666666666666666,0.09333333333333334,1,2620
3337,jev-1.13.0,0.6233333333333334,0.016666666666666666,0.35999999999999993,0,2629
3338,jev-1.13.0,0.38000000000000006,0.0033333333333333335,0.6166666666666667,2,2652
3339,jev-1.13.0,0.4466666666666666,0.5,0.05333333333333334,1,2617
3340,jev-1.13.0,1.0,0.0,0.0,0,2613
3341,jev-1.13.0,0.8933333333333334,0.01,0.09666666666666668,0,2620
3342,jev-1.13.0,0.5066666666666667,0.02666666666666667,0.4666666666666666,0,2623
3343,jev-1.13.0,0.41333333333333333,0.023333333333333334,0.5633333333333334,2,2633
3344,jev-1.13.0,0.8566666666666666,0.0033333333333333335,0.13999999999999999,0,2625
3345,jev-1.13.0,0.0,1.0,0.0,1,2657
3346,jev-1.13.0,0.7933333333333333,0.0033333333333333335,0.20333333333333334,0,2657
3347,jev-1.13.0,0.8166666666666665,0.02333333333333333,0.16,0,2622
3348,jev-1.13.0,0.04666666666666667,0.0,0.9533333333333333,2,2645
3349,jev-1.13.0,0.47333333333333333,0.22333333333333336,0.3033333333333333,0,2620
3350,jev-1.13.0,0.05000000000000001,0.9500000000000001,0.0,1,2616
3351,jev-1.13.0,0.6666666666666666,0.06666666666666667,0.26666666666666666,0,2619
3352,jev-1.13.0,0.05000000000000001,0.9366666666666666,0.013333333333333334,1,2628
3353,jev-1.13.0,1.0,0.0,0.0,0,2617
3354,jev-1.13.0,0.6066666666666666,0.016666666666666666,0.37666666666666665,0,2634
3355,jev-1.13.0,0.9700000000000001,0.016666666666666666,0.013333333333333334,0,2622
3356,jev-1.13.0,0.08,0.5933333333333334,0.3233333333333333,1,2644
3357,jev-1.13.0,0.9066666666666667,0.0,0.09333333333333334,0,2630
3358,jev-1.13.0,0.03333333333333333,0.9566666666666667,0.01,1,2618
3359,jev-1.13.0,0.51,0.016666666666666666,0.47333333333333333,0,2639
3360,jev-1.13.0,0.5966666666666667,0.1466666666666667,0.25666666666666665,0,2622
3361,jev-1.13.0,0.9666666666666667,0.0033333333333333335,0.03,0,2626
3362,jev-1.13.0,0.6466666666666666,0.013333333333333334,0.34,0,2653
3363,jev-1.13.0,0.44,0.13,0.43,0,2621
3364,jev-1.13.0,0.6733333333333332,0.043333333333333335,0.2833333333333333,0,2622
3365,jev-1.13.0,0.59,0.049999999999999996,0.36000000000000004,0,2624
3366,jev-1.13.0,0.9233333333333333,0.049999999999999996,0.02666666666666667,0,2617
3367,jev-1.13.0,0.8233333333333334,0.02666666666666667,0.15000000000000002,0,2621
3368,jev-1.13.0,0.42333333333333334,0.0,0.5766666666666667,2,2786
3369,jev-1.13.0,0.13,0.0033333333333333335,0.8666666666666667,2,2628
3370,jev-1.13.0,0.016666666666666666,0.0,0.9833333333333334,2,2643
3371,jev-1.13.0,0.9766666666666666,0.0,0.023333333333333334,0,2620
3372,jev-1.13.0,0.04,0.0,0.96,2,2649
3373,jev-1.13.0,0.06,0.5599999999999999,0.38000000000000006,1,2642
3374,jev-1.13.0,0.39999999999999997,0.0033333333333333335,0.5966666666666667,2,2632
3375,jev-1.13.0,0.82,0.0,0.18000000000000002,0,2694
3376,jev-1.13.0,0.08333333333333333,0.02,0.8966666666666666,2,2694
3377,jev-1.13.0,0.8366666666666666,0.05333333333333334,0.11,0,2637
3378,jev-1.13.0,0.9666666666666667,0.016666666666666666,0.016666666666666666,0,2618
3379,jev-1.13.0,0.0,0.0,1.0,2,2648
3380,jev-1.13.0,0.7033333333333335,0.0033333333333333335,0.29333333333333333,0,2617
3381,jev-1.13.0,0.043333333333333335,0.0,0.9566666666666667,2,2674
3382,jev-1.13.0,0.9199999999999999,0.013333333333333334,0.06666666666666667,0,2670
3383,jev-1.13.0,0.32333333333333336,0.04,0.6366666666666667,2,2626
3384,jev-1.13.0,0.043333333333333335,0.8366666666666666,0.12,1,2622
3385,jev-1.13.0,0.006666666666666667,0.0,0.9933333333333333,2,2648
3386,jev-1.13.0,1.0,0.0,0.0,0,2617
3387,jev-1.13.0,0.29,0.02666666666666667,0.6833333333333332,2,2623
3388,jev-1.13.0,0.8033333333333332,0.1366666666666667,0.06,0,2619
3389,jev-1.13.0,0.006666666666666667,0.0,0.9933333333333333,2,2668
3390,jev-1.13.0,0.07333333333333333,0.25666666666666665,0.6699999999999999,2,2677
3391,jev-1.13.0,0.17,0.0,0.83,2,2637
3392,jev-1.13.0,0.12666666666666668,0.7999999999999999,0.07333333333333333,1,2649
3393,jev-1.13.0,0.05000000000000001,0.0,0.9499999999999998,2,2637
3394,jev-1.13.0,1.0,0.0,0.0,0,2616
3395,jev-1.13.0,0.0033333333333333335,0.0,0.9966666666666667,2,2644
3396,jev-1.13.0,1.0,0.0,0.0,0,2616
3397,jev-1.13.0,0.7533333333333334,0.016666666666666666,0.22999999999999998,0,2621
3398,jev-1.13.0,0.9133333333333334,0.02666666666666667,0.06,0,2625
3399,jev-1.13.0,1.0,0.0,0.0,0,2622
3400,jev-1.13.0,0.12666666666666668,0.02,0.8533333333333334,2,2640
3401,jev-1.13.0,0.21666666666666667,0.11333333333333333,0.6666666666666666,2,2704
3402,jev-1.13.0,0.33666666666666667,0.6066666666666666,0.05666666666666667,1,2657
3403,jev-1.13.0,0.6866666666666666,0.16,0.15333333333333332,0,2621
3404,jev-1.13.0,0.3033333333333334,0.6766666666666667,0.02,1,2631
3405,jev-1.13.0,0.73,0.25,0.02,0,2627
3406,jev-1.13.0,0.0,0.0,1.0,2,2647
3407,jev-1.13.0,0.013333333333333334,0.02,0.9666666666666667,2,2627
3408,jev-1.13.0,0.19333333333333336,0.036666666666666674,0.77,2,2629
3409,jev-1.13.0,0.9966666666666667,0.0033333333333333335,0.0,0,2642
3410,jev-1.13.0,0.9899999999999999,0.0,0.01,0,2636
3411,jev-1.13.0,0.9700000000000001,0.013333333333333334,0.016666666666666666,0,2617
3412,jev-1.13.0,0.53,0.06333333333333334,0.4066666666666667,0,2640
3413,jev-1.13.0,1.0,0.0,0.0,0,2614
3414,jev-1.13.0,0.9566666666666667,0.043333333333333335,0.0,0,2614
3415,jev-1.13.0,1.0,0.0,0.0,0,2616
3416,jev-1.13.0,0.01,0.006666666666666667,0.9833333333333334,2,2651
3417,jev-1.13.0,0.24666666666666667,0.0,0.7533333333333333,2,2654
3418,jev-1.13.0,0.3233333333333333,0.06333333333333334,0.6133333333333333,2,2656
3419,jev-1.13.0,0.01,0.0033333333333333335,0.9866666666666667,2,2668
3420,jev-1.13.0,0.3866666666666667,0.6,0.013333333333333334,1,2622
3421,jev-1.13.0,0.0,0.0,1.0,2,2643
3422,jev-1.13.0,0.3333333333333333,0.0,0.6666666666666666,2,2650
3423,jev-1.13.0,0.98,0.0033333333333333335,0.016666666666666666,0,2620
3424,jev-1.13.0,0.39666666666666667,0.02,0.5833333333333334,2,2646
3425,jev-1.13.0,0.53,0.013333333333333334,0.4566666666666666,0,2652
3426,jev-1.13.0,0.023333333333333334,0.0,0.9766666666666666,2,2636
3427,jev-1.13.0,0.92,0.030000000000000002,0.05000000000000001,0,2620
3428,jev-1.13.0,0.8866666666666667,0.053333333333333344,0.06,0,2625
3429,jev-1.13.0,0.68,0.043333333333333335,0.27666666666666667,0,2634
3430,jev-1.13.0,0.5933333333333334,0.22999999999999998,0.17666666666666667,0,2627
3431,jev-1.13.0,0.023333333333333334,0.0,0.9766666666666666,2,2661
3432,jev-1.13.0,0.030000000000000002,0.0033333333333333335,0.9666666666666667,2,2637
3433,jev-1.13.0,0.96,0.0,0.04,0,2649
3434,jev-1.13.0,0.6066666666666668,0.0,0.39333333333333337,0,2634
3435,jev-1.13.0,0.0033333333333333335,0.0,0.9966666666666667,2,2641
3436,jev-1.13.0,0.023333333333333334,0.0,0.9766666666666666,2,2616
3437,jev-1.13.0,0.5499999999999999,0.0,0.44999999999999996,0,2642
3438,jev-1.13.0,0.5,0.013333333333333334,0.48666666666666664,0,2625
3439,jev-1.13.0,0.9899999999999999,0.0,0.01,0,2626
3440,jev-1.13.0,0.43333333333333335,0.01,0.5566666666666668,2,2626
3441,jev-1.13.0,0.9133333333333332,0.05666666666666667,0.03,0,2617
3442,jev-1.13.0,0.17,0.42333333333333334,0.4066666666666667,1,2649
3443,jev-1.13.0,0.54,0.02,0.43999999999999995,0,2637
3444,jev-1.13.0,0.48666666666666664,0.31666666666666665,0.19666666666666668,0,2620
3445,jev-1.13.0,0.7333333333333334,0.0,0.26666666666666666,0,2638
3446,jev-1.13.0,0.5499999999999999,0.13999999999999999,0.3066666666666667,0,2626
3447,jev-1.13.0,0.27666666666666667,0.03666666666666667,0.6833333333333332,2,2667
3448,jev-1.13.0,0.3233333333333333,0.21333333333333335,0.4633333333333334,2,2616
3449,jev-1.13.0,0.9933333333333333,0.0,0.006666666666666667,0,2635
3450,jev-1.13.0,0.6,0.25,0.15,0,2628
3451,jev-1.13.0,0.7799999999999999,0.0033333333333333335,0.21666666666666667,0,2673
3452,jev-1.13.0,0.7866666666666666,0.07666666666666666,0.1366666666666667,0,2626
3453,jev-1.13.0,0.6266666666666666,0.04,0.33,0,2619
3454,jev-1.13.0,0.043333333333333335,0.0,0.9566666666666667,2,2685
3455,jev-1.13.0,0.5866666666666668,0.006666666666666667,0.4066666666666667,0,2644
3456,jev-1.13.0,1.0,0.0,0.0,0,2618
3457,jev-1.13.0,0.0,0.0,1.0,2,2620
3458,jev-1.13.0,1.0,0.0,0.0,0,2617
3459,jev-1.13.0,0.26666666666666666,0.05666666666666667,0.6766666666666667,2,2628
3460,jev-1.13.0,0.5833333333333334,0.10666666666666667,0.31,0,2637
3461,jev-1.13.0,0.0,0.0,1.0,2,2647
3462,jev-1.13.0,0.053333333333333344,0.03333333333333333,0.91,2,2620
3463,jev-1.13.0,0.33,0.5066666666666666,0.16333333333333333,1,2669
3464,jev-1.13.0,0.9766666666666666,0.02,0.0033333333333333335,0,2615
3465,jev-1.13.0,0.9499999999999998,0.023333333333333334,0.02666666666666667,0,2616
3466,jev-1.13.0,0.0,0.0,1.0,2,2659
3467,jev-1.13.0,0.09999999999999999,0.0,0.9,2,2636
3468,jev-1.13.0,0.49333333333333335,0.06666666666666667,0.44,0,2623
3469,jev-1.13.0,0.9766666666666666,0.02,0.0033333333333333335,0,2618
3470,jev-1.13.0,0.93,0.0,0.07,0,2634
3471,jev-1.13.0,0.5066666666666667,0.07666666666666667,0.4166666666666667,0,2622
3472,jev-1.13.0,0.9366666666666666,0.0,0.06333333333333334,0,2618
3473,jev-1.13.0,0.06666666666666667,0.0,0.9333333333333335,2,2625
3474,jev-1.13.0,0.9733333333333333,0.02,0.006666666666666667,0,2622
3475,jev-1.13.0,1.0,0.0,0.0,0,2621
3476,jev-1.13.0,0.9033333333333333,0.0,0.09666666666666668,0,2631
3477,jev-1.13.0,0.8533333333333334,0.02666666666666667,0.12,0,2615
3478,jev-1.13.0,0.6499999999999999,0.13,0.22,0,2615
3479,jev-1.13.0,1.0,0.0,0.0,0,2616
3480,jev-1.13.0,0.7233333333333333,0.09000000000000001,0.18666666666666668,0,2624
3481,jev-1.13.0,1.0,0.0,0.0,0,2655
3482,jev-1.13.0,0.0,1.0,0.0,1,2620
3483,jev-1.13.0,0.9933333333333333,0.006666666666666667,0.0,0,2617
3484,jev-1.13.0,0.13,0.05333333333333334,0.8166666666666665,2,2617
3485,jev-1.13.0,0.73,0.006666666666666667,0.26333333333333336,0,2631
3486,jev-1.13.0,0.11666666666666665,0.0,0.8833333333333333,2,2637
3487,jev-1.13.0,0.02,0.9266666666666667,0.05333333333333334,1,2618
3488,jev-1.13.0,0.17333333333333334,0.8066666666666666,0.02,1,2620
3489,jev-1.13.0,0.6066666666666668,0.0,0.39333333333333337,0,2647
3490,jev-1.13.0,0.043333333333333335,0.9266666666666666,0.03,1,2646
3491,jev-1.13.0,0.81,0.0,0.19000000000000003,0,2664
3492,jev-1.13.0,0.37000000000000005,0.013333333333333334,0.6166666666666667,2,2647
3493,jev-1.13.0,0.9933333333333333,0.006666666666666667,0.0,0,2622
3494,jev-1.13.0,0.4366666666666667,0.25,0.3133333333333333,0,2620
3495,jev-1.13.0,0.6433333333333332,0.12666666666666668,0.22999999999999998,0,2622
3496,jev-1.13.0,0.98,0.02,0.0,0,2613
3497,jev-1.13.0,0.7266666666666666,0.19333333333333336,0.08,0,2623
3498,jev-1.13.0,0.06333333333333334,0.9366666666666666,0.0,1,2616
3499,jev-1.13.0,0.0,0.0,1.0,2,2635
3500,jev-1.13.0,0.45,0.27,0.28,0,2631
3501,jev-1.13.0,0.0,0.0,1.0,2,2951
3502,jev-1.13.0,0.5366666666666666,0.013333333333333334,0.45,0,2634
3503,jev-1.13.0,0.57,0.04,0.38999999999999996,0,2631
3504,jev-1.13.0,0.8566666666666666,0.0033333333333333335,0.14,0,2630
3505,jev-1.13.0,0.0,1.0,0.0,1,2631
3506,jev-1.13.0,0.15000000000000002,0.6833333333333332,0.16666666666666666,1,2643
3507,jev-1.13.0,0.57,0.023333333333333334,0.4066666666666667,0,2640
3508,jev-1.13.0,0.94,0.04,0.02,0,2618
3509,jev-1.13.0,0.7966666666666667,0.006666666666666667,0.19666666666666668,0,2668
3510,jev-1.13.0,0.89,0.03333333333333333,0.07333333333333335,0,2626
3511,jev-1.13.0,0.5266666666666667,0.10666666666666667,0.3666666666666667,0,2618
3512,jev-1.13.0,1.0,0.0,0.0,0,2617
3513,jev-1.13.0,0.9700000000000001,0.0033333333333333335,0.02666666666666667,0,2625
3514,jev-1.13.0,0.05333333333333334,0.9333333333333332,0.013333333333333334,1,2618
3515,jev-1.13.0,0.0,1.0,0.0,1,2624
3516,jev-1.13.0,1.0,0.0,0.0,0,2617
3517,jev-1.13.0,0.0,1.0,0.0,1,2624
3518,jev-1.13.0,0.5866666666666666,0.16,0.25333333333333335,0,2630
3519,jev-1.13.0,0.5366666666666666,0.18000000000000002,0.2833333333333334,0,2620
3520,jev-1.13.0,0.9033333333333333,0.013333333333333334,0.08333333333333333,0,2619
3521,jev-1.13.0,0.15333333333333332,0.7666666666666666,0.08,1,2620
3522,jev-1.13.0,0.0,1.0,0.0,1,2659
3523,jev-1.13.0,0.9666666666666667,0.0,0.03333333333333333,0,2612
3524,jev-1.13.0,0.2833333333333333,0.049999999999999996,0.6666666666666666,2,2633
3525,jev-1.13.0,0.02,0.0,0.98,2,2645
3526,jev-1.13.0,0.19999999999999998,0.5366666666666666,0.26333333333333336,1,2646
3527,jev-1.13.0,0.7133333333333334,0.17333333333333334,0.11333333333333333,0,2623
3528,jev-1.13.0,0.0,1.0,0.0,1,2629
3529,jev-1.13.0,0.5499999999999999,0.18333333333333335,0.26666666666666666,0,2622
3530,jev-1.13.0,1.0,0.0,0.0,0,2615
3531,jev-1.13.0,0.6466666666666666,0.03333333333333333,0.32,0,2620
3532,jev-1.13.0,0.0,1.0,0.0,1,2625
3533,jev-1.13.0,0.0,1.0,0.0,1,2620
3534,jev-1.13.0,0.06666666666666667,0.16333333333333333,0.77,2,2742
3535,jev-1.13.0,1.0,0.0,0.0,0,2613
3536,jev-1.13.0,0.9866666666666667,0.0,0.013333333333333334,0,2619
3537,jev-1.13.0,0.7633333333333333,0.07,0.16666666666666666,0,2622
3538,jev-1.13.0,1.0,0.0,0.0,0,2617
3539,jev-1.13.0,0.9899999999999999,0.0033333333333333335,0.006666666666666667,0,2619
3540,jev-1.13.0,0.8033333333333332,0.08666666666666667,0.11,0,2618
3541,jev-1.13.0,0.7933333333333333,0.1366666666666667,0.07,0,2615
3542,jev-1.13.0,0.0,1.0,0.0,1,2636
3543,jev-1.13.0,0.6333333333333333,0.03666666666666667,0.33,0,2641
3544,jev-1.13.0,0.04,0.13,0.83,2,2629
3545,jev-1.13.0,0.0,1.0,0.0,1,2620
3546,jev-1.13.0,0.01,0.9899999999999999,0.0,1,2621
3547,jev-1.13.0,0.10999999999999999,0.016666666666666666,0.8733333333333334,2,2620
3548,jev-1.13.0,0.5966666666666667,0.16666666666666666,0.23666666666666666,0,2624
3549,jev-1.13.0,0.10666666666666669,0.8333333333333334,0.060000000000000005,1,2668
3550,jev-1.13.0,0.0,1.0,0.0,1,2616
3551,jev-1.13.0,0.25333333333333335,0.62,0.12666666666666668,1,2626
3552,jev-1.13.0,0.03666666666666667,0.7699999999999999,0.19333333333333336,1,2623
3553,jev-1.13.0,1.0,0.0,0.0,0,2616
3554,jev-1.13.0,1.0,0.0,0.0,0,2617
3555,jev-1.13.0,0.0,0.9700000000000001,0.03,1,2650
3556,jev-1.13.0,0.6333333333333333,0.0,0.3666666666666667,0,2628
3557,jev-1.13.0,0.013333333333333334,0.9666666666666667,0.02,1,2638
3558,jev-1.13.0,0.0,1.0,0.0,1,2668
3559,jev-1.13.0,0.6966666666666667,0.013333333333333334,0.29,0,2626
3560,jev-1.13.0,0.01,0.9433333333333334,0.04666666666666667,1,2620
3561,jev-1.13.0,0.0,0.98,0.02,1,2680
3562,jev-1.13.0,1.0,0.0,0.0,0,2618
3563,jev-1.13.0,0.4633333333333333,0.013333333333333334,0.5233333333333333,2,2630
3564,jev-1.13.0,0.4833333333333334,0.18333333333333335,0.3333333333333333,0,2622
3565,jev-1.13.0,1.0,0.0,0.0,0,2616
3566,jev-1.13.0,0.006666666666666667,0.0,0.9933333333333333,2,2621
3567,jev-1.13.0,0.5933333333333333,0.3866666666666667,0.02,0,2621
3568,jev-1.13.0,0.8266666666666667,0.023333333333333334,0.15,0,2637
3569,jev-1.13.0,0.79,0.18000000000000002,0.03,0,2618
3570,jev-1.13.0,0.15,0.01,0.84,2,2633
3571,jev-1.13.0,0.8099999999999999,0.023333333333333334,0.16666666666666666,0,2623
3572,jev-1.13.0,0.1366666666666667,0.7200000000000001,0.14333333333333334,1,2635
3573,jev-1.13.0,0.7433333333333333,0.043333333333333335,0.21333333333333335,0,2645
3574,jev-1.13.0,0.013333333333333334,0.9766666666666666,0.01,1,2622
3575,jev-1.13.0,0.0,1.0,0.0,1,2630
3576,jev-1.13.0,0.0,1.0,0.0,1,2627
3577,jev-1.13.0,0.40666666666666673,0.16,0.43333333333333335,2,2626
3578,jev-1.13.0,0.7366666666666667,0.03333333333333333,0.23,0,2633
3579,jev-1.13.0,0.25,0.26333333333333336,0.48666666666666664,2,2630
3580,jev-1.13.0,0.0033333333333333335,0.023333333333333334,0.9733333333333333,2,2715
3581,jev-1.13.0,0.9833333333333334,0.0,0.016666666666666666,0,2627
3582,jev-1.13.0,0.6966666666666667,0.06,0.24333333333333332,0,2621
3583,jev-1.13.0,0.44,0.05333333333333334,0.5066666666666667,2,2621
3584,jev-1.13.0,0.7566666666666667,0.0,0.24333333333333332,0,2626
3585,jev-1.13.0,0.57,0.3566666666666667,0.07333333333333335,0,2628
3586,jev-1.13.0,0.53,0.0033333333333333335,0.4666666666666666,0,2635
3587,jev-1.13.0,0.0,1.0,0.0,1,2637
3588,jev-1.13.0,0.8766666666666666,0.12333333333333334,0.0,0,2614
3589,jev-1.13.0,0.6866666666666666,0.013333333333333334,0.3,0,2627
3590,jev-1.13.0,0.42333333333333334,0.3,0.27666666666666667,0,2624
3591,jev-1.13.0,0.5766666666666667,0.08666666666666667,0.33666666666666667,0,2617
3592,jev-1.13.0,0.5466666666666665,0.31666666666666665,0.1366666666666667,0,2624
3593,jev-1.13.0,0.0,1.0,0.0,1,2617
3594,jev-1.13.0,0.7966666666666667,0.0033333333333333335,0.20000000000000004,0,2631
3595,jev-1.13.0,0.59,0.17666666666666667,0.2333333333333333,0,2621
3596,jev-1.13.0,0.0,1.0,0.0,1,2654
3597,jev-1.13.0,0.14,0.0033333333333333335,0.8566666666666666,2,2622
3598,jev-1.13.0,0.0,1.0,0.0,1,2676
3599,jev-1.13.0,0.3733333333333333,0.5366666666666666,0.09000000000000001,1,2620
3600,jev-1.13.0,0.48,0.006666666666666667,0.5133333333333333,2,2643
3601,jev-1.13.0,1.0,0.0,0.0,0,2618
3602,jev-1.13.0,0.8933333333333334,0.08333333333333333,0.023333333333333334,0,2636
3603,jev-1.13.0,0.0,1.0,0.0,1,2621
3604,jev-1.13.0,0.0,0.0,1.0,2,2640
3605,jev-1.13.0,0.0033333333333333335,0.9733333333333333,0.023333333333333334,1,2617
3606,jev-1.13.0,0.09999999999999999,0.20666666666666667,0.6933333333333334,2,2625
3607,jev-1.13.0,1.0,0.0,0.0,0,2628
3608,jev-1.13.0,0.6066666666666666,0.37333333333333335,0.02,0,2617
3609,jev-1.13.0,0.4266666666666667,0.17,0.4033333333333333,0,2621
3610,jev-1.13.0,0.7366666666666667,0.14666666666666667,0.11666666666666668,0,2618
3611,jev-1.13.0,0.47333333333333333,0.23666666666666666,0.29,0,2622
3612,jev-1.13.0,0.22,0.37000000000000005,0.41,2,2632
3613,jev-1.13.0,0.0,0.9966666666666667,0.0033333333333333335,1,2634
3614,jev-1.13.0,0.6233333333333334,0.32,0.05666666666666667,0,2622
3615,jev-1.13.0,0.6066666666666666,0.04,0.35333333333333333,0,2621
3616,jev-1.13.0,0.0,1.0,0.0,1,2625
3617,jev-1.13.0,0.7466666666666667,0.11666666666666665,0.1366666666666667,0,2628
3618,jev-1.13.0,0.5499999999999999,0.13333333333333333,0.3166666666666667,0,2624
3619,jev-1.13.0,0.2833333333333334,0.01,0.7066666666666667,2,2665
3620,jev-1.13.0,0.59,0.08,0.33,0,2631
3621,jev-1.13.0,0.5466666666666666,0.04666666666666667,0.4066666666666667,0,2623
3622,jev-1.13.0,0.0,0.0,1.0,2,2660
3623,jev-1.13.0,0.7566666666666667,0.03333333333333333,0.21,0,2622
3624,jev-1.13.0,0.15666666666666665,0.48666666666666664,0.3566666666666667,1,2623
3625,jev-1.13.0,0.7166666666666667,0.15,0.13333333333333333,0,2625
3626,jev-1.13.0,1.0,0.0,0.0,0,2617
3627,jev-1.13.0,0.5666666666666668,0.02666666666666667,0.40666666666666673,0,2626
3628,jev-1.13.0,0.64,0.12,0.24000000000000002,0,2624
3629,jev-1.13.0,0.7666666666666666,0.09000000000000001,0.14333333333333334,0,2618
3630,jev-1.13.0,0.64,0.10000000000000002,0.25999999999999995,0,2629
3631,jev-1.13.0,0.0033333333333333335,0.9866666666666667,0.01,1,2638
3632,jev-1.13.0,0.5633333333333334,0.07333333333333333,0.36333333333333334,0,2626
3633,jev-1.13.0,0.08666666666666667,0.03666666666666667,0.8766666666666666,2,2631
3634,jev-1.13.0,0.61,0.22333333333333336,0.16666666666666666,0,2621
3635,jev-1.13.0,0.013333333333333334,0.3566666666666667,0.63,2,2643
3636,jev-1.13.0,0.0,1.0,0.0,1,2615
3637,jev-1.13.0,0.0033333333333333335,0.9833333333333334,0.013333333333333334,1,2624
3638,jev-1.13.0,0.7133333333333334,0.04666666666666666,0.24000000000000002,0,2622
3639,jev-1.13.0,0.02,0.8766666666666666,0.10333333333333335,1,2628
3640,jev-1.13.0,0.03333333333333333,0.9666666666666667,0.0,1,2629
3641,jev-1.13.0,0.8733333333333334,0.02,0.10666666666666667,0,2629
3642,jev-1.13.0,0.0,1.0,0.0,1,2618
3643,jev-1.13.0,0.4366666666666667,0.016666666666666666,0.5466666666666667,2,2636
3644,jev-1.13.0,0.7666666666666666,0.22666666666666666,0.006666666666666667,0,2615
3645,jev-1.13.0,0.05000000000000001,0.006666666666666667,0.9433333333333334,2,2622
3646,jev-1.13.0,0.20666666666666667,0.0033333333333333335,0.79,2,2682
3647,jev-1.13.0,0.5800000000000001,0.2333333333333333,0.18666666666666668,0,2619
3648,jev-1.13.0,0.5333333333333333,0.45999999999999996,0.006666666666666667,0,2623
3649,jev-1.13.0,0.9166666666666666,0.0033333333333333335,0.08,0,2615
3650,jev-1.13.0,0.8099999999999999,0.013333333333333334,0.17666666666666667,0,2635
3651,jev-1.13.0,0.3633333333333333,0.0,0.6366666666666666,2,2634
3652,jev-1.13.0,0.6933333333333334,0.0,0.30666666666666664,0,2634
3653,jev-1.13.0,0.36333333333333334,0.006666666666666667,0.63,2,2621
3654,jev-1.13.0,0.10666666666666667,0.0,0.8933333333333334,2,2629
3655,jev-1.13.0,1.0,0.0,0.0,0,2622
3656,jev-1.13.0,0.9233333333333333,0.07666666666666667,0.0,0,2657
3657,jev-1.13.0,0.01,0.0,0.9899999999999999,2,2620
3658,jev-1.13.0,0.9933333333333333,0.0033333333333333335,0.0033333333333333335,0,2618
3659,jev-1.13.0,0.4266666666666667,0.21333333333333335,0.36000000000000004,0,2616
3660,jev-1.13.0,0.38000000000000006,0.016666666666666666,0.6033333333333334,2,2640
3661,jev-1.13.0,0.7566666666666665,0.0033333333333333335,0.24,0,2625
3662,jev-1.13.0,0.9666666666666667,0.0,0.03333333333333333,0,2630
3663,jev-1.13.0,0.6466666666666666,0.016666666666666666,0.33666666666666667,0,2636
3664,jev-1.13.0,0.4566666666666666,0.0,0.5433333333333333,2,2659
3665,jev-1.13.0,0.9266666666666667,0.06,0.013333333333333334,0,2617
3666,jev-1.13.0,1.0,0.0,0.0,0,2616
3667,jev-1.13.0,0.6066666666666668,0.06,0.3333333333333333,0,2630
3668,jev-1.13.0,0.9466666666666667,0.036666666666666674,0.016666666666666666,0,2626
3669,jev-1.13.0,0.12666666666666668,0.21333333333333335,0.66,2,2626
3670,jev-1.13.0,0.17999999999999997,0.0,0.82,2,2627
3671,jev-1.13.0,0.16,0.01,0.8300000000000001,2,2620
3672,jev-1.13.0,0.19333333333333336,0.013333333333333334,0.7933333333333333,2,2624
3673,jev-1.13.0,0.9666666666666667,0.0,0.03333333333333333,0,2620
3674,jev-1.13.0,0.9666666666666667,0.006666666666666667,0.02666666666666667,0,2626
3675,jev-1.13.0,0.7200000000000001,0.14666666666666667,0.13333333333333333,0,2622
3676,jev-1.13.0,0.4166666666666667,0.15333333333333335,0.43,2,2662
3677,jev-1.13.0,0.35000000000000003,0.013333333333333334,0.6366666666666666,2,2620
3678,jev-1.13.0,0.77,0.006666666666666667,0.2233333333333333,0,2623
3679,jev-1.13.0,0.9400000000000001,0.0,0.06,0,2627
3680,jev-1.13.0,0.12666666666666668,0.0,0.8733333333333334,2,2637
3681,jev-1.13.0,0.7966666666666665,0.15333333333333335,0.049999999999999996,0,2633
3682,jev-1.13.0,0.9033333333333333,0.0,0.09666666666666668,0,2625
3683,jev-1.13.0,0.9166666666666666,0.01,0.07333333333333333,0,2633
3684,jev-1.13.0,0.21666666666666667,0.0,0.7833333333333333,2,2616
3685,jev-1.13.0,0.03333333333333333,0.060000000000000005,0.9066666666666667,2,2618
3686,jev-1.13.0,0.82,0.02,0.16,0,2624
3687,jev-1.13.0,0.0,0.0,1.0,2,2621
3688,jev-1.13.0,1.0,0.0,0.0,0,2616
3689,jev-1.13.0,0.7666666666666666,0.02333333333333333,0.21000000000000005,0,2627
3690,jev-1.13.0,0.33666666666666667,0.03333333333333333,0.63,2,2618
3691,jev-1.13.0,0.17,0.5566666666666668,0.2733333333333334,1,2637
3692,jev-1.13.0,0.20666666666666667,0.0,0.7933333333333333,2,2632
3693,jev-1.13.0,0.62,0.03333333333333333,0.3466666666666667,0,2626
3694,jev-1.13.0,0.3133333333333333,0.02333333333333333,0.6633333333333332,2,2620
3695,jev-1.13.0,1.0,0.0,0.0,0,2615
3696,jev-1.13.0,0.7066666666666667,0.05666666666666667,0.23666666666666666,0,2618
3697,jev-1.13.0,0.7200000000000001,0.013333333333333334,0.26666666666666666,0,2623
3698,jev-1.13.0,0.0,1.0,0.0,1,2631
3699,jev-1.13.0,0.9533333333333333,0.02,0.02666666666666667,0,2618
3700,jev-1.13.0,0.23666666666666666,0.04666666666666667,0.7166666666666667,2,2655
3701,jev-1.13.0,0.8833333333333333,0.036666666666666674,0.08,0,2705
3702,jev-1.13.0,0.6566666666666667,0.04,0.3033333333333334,0,2631
3703,jev-1.13.0,0.10666666666666667,0.0,0.8933333333333334,2,2690
3704,jev-1.13.0,0.9533333333333335,0.02333333333333333,0.023333333333333334,0,2621
3705,jev-1.13.0,1.0,0.0,0.0,0,2616
3706,jev-1.13.0,0.82,0.01,0.17,0,2662
3707,jev-1.13.0,0.47333333333333333,0.01,0.5166666666666667,2,2635
3708,jev-1.13.0,0.43,0.12333333333333335,0.4466666666666666,2,2624
3709,jev-1.13.0,0.6,0.02,0.37999999999999995,0,2632
3710,jev-1.13.0,0.12666666666666668,0.0,0.8733333333333334,2,2636
3711,jev-1.13.0,0.9233333333333333,0.04666666666666667,0.03,0,2628
3712,jev-1.13.0,0.63,0.08333333333333333,0.2866666666666666,0,2620
3713,jev-1.13.0,0.32666666666666666,0.24666666666666667,0.4266666666666667,2,2631
3714,jev-1.13.0,1.0,0.0,0.0,0,2621
3715,jev-1.13.0,0.65,0.09999999999999999,0.25,0,2614
3716,jev-1.13.0,0.09333333333333334,0.0033333333333333335,0.9033333333333333,2,2659
3717,jev-1.13.0,0.12666666666666668,0.04666666666666667,0.8233333333333334,2,2630
3718,jev-1.13.0,0.3133333333333334,0.04,0.6466666666666666,2,2657
3719,jev-1.13.0,0.9833333333333334,0.01,0.006666666666666667,0,2617
3720,jev-1.13.0,0.19666666666666666,0.7233333333333333,0.08,1,2644
3721,jev-1.13.0,0.8233333333333334,0.02,0.15666666666666665,0,2620
3722,jev-1.13.0,0.006666666666666667,0.9933333333333333,0.0,1,2629
3723,jev-1.13.0,0.98,0.0,0.02,0,2626
3724,jev-1.13.0,0.8099999999999999,0.013333333333333334,0.17666666666666667,0,2626
3725,jev-1.13.0,0.0,1.0,0.0,1,2640
3726,jev-1.13.0,0.20000000000000004,0.02666666666666667,0.7733333333333334,2,2634
3727,jev-1.13.0,1.0,0.0,0.0,0,2617
3728,jev-1.13.0,0.21000000000000005,0.07333333333333333,0.7166666666666667,2,2628
3729,jev-1.13.0,0.04,0.043333333333333335,0.9166666666666666,2,2652
3730,jev-1.13.0,1.0,0.0,0.0,0,2620
3731,jev-1.13.0,0.35000000000000003,0.03333333333333333,0.6166666666666667,2,2642
3732,jev-1.13.0,0.27,0.02,0.71,2,2628
3733,jev-1.13.0,0.9233333333333333,0.0033333333333333335,0.07333333333333333,0,2622
3734,jev-1.13.0,0.0,1.0,0.0,1,2618
3735,jev-1.13.0,0.05333333333333334,0.0,0.9466666666666667,2,2639
3736,jev-1.13.0,0.5833333333333334,0.013333333333333334,0.4033333333333333,0,2621
3737,jev-1.13.0,0.0,1.0,0.0,1,2618
3738,jev-1.13.0,0.0,1.0,0.0,1,2655
3739,jev-1.13.0,0.5633333333333334,0.06333333333333334,0.3733333333333333,0,2623
3740,jev-1.13.0,0.43,0.03666666666666667,0.5333333333333333,2,2637
3741,jev-1.13.0,0.9700000000000001,0.016666666666666666,0.013333333333333334,0,2627
3742,jev-1.13.0,1.0,0.0,0.0,0,2616
3743,jev-1.13.0,0.63,0.02,0.35000000000000003,0,2630
3744,jev-1.13.0,0.38999999999999996,0.02,0.59,2,2623
3745,jev-1.13.0,0.0,1.0,0.0,1,2630
3746,jev-1.13.0,0.9333333333333332,0.0,0.06666666666666667,0,2628
3747,jev-1.13.0,0.5633333333333334,0.08333333333333333,0.35333333333333333,0,2633
3748,jev-1.13.0,0.6366666666666667,0.15333333333333332,0.21,0,2634
3749,jev-1.13.0,0.4266666666666667,0.29666666666666663,0.27666666666666667,0,2615
3750,jev-1.13.0,0.0,1.0,0.0,1,2616
3751,jev-1.13.0,0.06333333333333334,0.016666666666666666,0.92,2,2669
3752,jev-1.13.0,0.8966666666666666,0.05333333333333334,0.049999999999999996,0,2627
3753,jev-1.13.0,0.0,0.0,1.0,2,2700
3754,jev-1.13.0,1.0,0.0,0.0,0,2620
3755,jev-1.13.0,0.0,1.0,0.0,1,2621
3756,jev-1.13.0,0.9499999999999998,0.036666666666666674,0.013333333333333334,0,2619
3757,jev-1.13.0,0.6133333333333333,0.006666666666666667,0.37999999999999995,0,2646
3758,jev-1.13.0,0.0033333333333333335,0.0,0.9966666666666667,2,2644
3759,jev-1.13.0,0.43999999999999995,0.07666666666666666,0.48333333333333334,2,2620
3760,jev-1.13.0,0.0,0.9933333333333333,0.006666666666666667,1,2632
3761,jev-1.13.0,1.0,0.0,0.0,0,2617
3762,jev-1.13.0,0.37333333333333335,0.29,0.3366666666666666,0,2624
3763,jev-1.13.0,0.9866666666666667,0.0,0.013333333333333334,0,2627
3764,jev-1.13.0,0.24,0.0,0.7600000000000001,2,2638
3765,jev-1.13.0,0.9433333333333334,0.013333333333333334,0.043333333333333335,0,2655
3766,jev-1.13.0,0.8300000000000001,0.01,0.16,0,2623
3767,jev-1.13.0,0.9033333333333333,0.013333333333333334,0.08333333333333333,0,2624
3768,jev-1.13.0,1.0,0.0,0.0,0,2617
3769,jev-1.13.0,1.0,0.0,0.0,0,2616
3770,jev-1.13.0,0.8300000000000001,0.0033333333333333335,0.16666666666666666,0,2627
3771,jev-1.13.0,0.9766666666666666,0.013333333333333334,0.01,0,2623
3772,jev-1.13.0,0.23666666666666666,0.69,0.07333333333333333,1,2624
3773,jev-1.13.0,0.9466666666666667,0.04,0.013333333333333334,0,2612
3774,jev-1.13.0,0.6933333333333334,0.03,0.27666666666666667,0,2630
3775,jev-1.13.0,0.0,0.0,1.0,2,2628
3776,jev-1.13.0,0.8233333333333333,0.01,0.16666666666666666,0,2628
3777,jev-1.13.0,0.6766666666666667,0.0,0.3233333333333333,0,2662
3778,jev-1.13.0,0.8433333333333333,0.09666666666666668,0.06,0,2627
3779,jev-1.13.0,0.18000000000000002,0.0033333333333333335,0.8166666666666665,2,2627
3780,jev-1.13.0,0.7966666666666667,0.0,0.20333333333333334,0,2656
3781,jev-1.13.0,0.7166666666666667,0.01,0.2733333333333334,0,2615
3782,jev-1.13.0,0.02666666666666667,0.016666666666666666,0.9566666666666667,2,2650
3783,jev-1.13.0,0.53,0.06333333333333334,0.40666666666666673,0,2648
3784,jev-1.13.0,0.77,0.036666666666666674,0.19333333333333336,0,2627
3785,jev-1.13.0,0.023333333333333334,0.0,0.9766666666666666,2,2716
3786,jev-1.13.0,0.54,0.41,0.049999999999999996,0,2614
3787,jev-1.13.0,0.35666666666666663,0.02,0.6233333333333334,2,2624
3788,jev-1.13.0,0.0,1.0,0.0,1,2617
3789,jev-1.13.0,0.14,0.02,0.84,2,2621
3790,jev-1.13.0,0.5933333333333333,0.06333333333333334,0.3433333333333333,0,2622
3791,jev-1.13.0,1.0,0.0,0.0,0,2616
3792,jev-1.13.0,0.6533333333333333,0.01,0.33666666666666667,0,2635
3793,jev-1.13.0,0.05666666666666667,0.9433333333333334,0.0,1,2686
3794,jev-1.13.0,0.8366666666666666,0.0033333333333333335,0.16,0,2631
3795,jev-1.13.0,1.0,0.0,0.0,0,2615
3796,jev-1.13.0,0.8966666666666666,0.09333333333333334,0.01,0,2627
3797,jev-1.13.0,0.9133333333333334,0.0,0.08666666666666667,0,2675
3798,jev-1.13.0,1.0,0.0,0.0,0,2613
3799,jev-1.13.0,1.0,0.0,0.0,0,2616
3800,jev-1.13.0,0.06,0.0,0.9400000000000001,2,2623
3801,jev-1.13.0,1.0,0.0,0.0,0,2618
3802,jev-1.13.0,0.6900000000000001,0.24333333333333332,0.06666666666666667,0,2625
3803,jev-1.13.0,0.4666666666666666,0.11666666666666668,0.4166666666666667,0,2626
3804,jev-1.13.0,0.85,0.01,0.14,0,2625
3805,jev-1.13.0,0.2833333333333334,0.48666666666666664,0.23,1,2624
3806,jev-1.13.0,0.9,0.0,0.10000000000000002,0,2636
3807,jev-1.13.0,0.2966666666666667,0.01,0.6933333333333334,2,2633
3808,jev-1.13.0,0.6133333333333333,0.049999999999999996,0.33666666666666667,0,2628
3809,jev-1.13.0,0.5499999999999999,0.013333333333333334,0.4366666666666666,0,2641
3810,jev-1.13.0,0.09000000000000001,0.01,0.9,2,2655
3811,jev-1.13.0,0.56,0.17666666666666667,0.26333333333333336,0,2618
3812,jev-1.13.0,1.0,0.0,0.0,0,2619
3813,jev-1.13.0,0.3033333333333333,0.02,0.6766666666666667,2,2629
3814,jev-1.13.0,0.45999999999999996,0.52,0.02,1,2722
3815,jev-1.13.0,1.0,0.0,0.0,0,2616
3816,jev-1.13.0,0.82,0.0,0.18000000000000002,0,2628
3817,jev-1.13.0,0.8099999999999999,0.07666666666666666,0.11333333333333333,0,2620
3818,jev-1.13.0,0.38999999999999996,0.016666666666666666,0.5933333333333334,2,2640
3819,jev-1.13.0,0.7399999999999999,0.07,0.18999999999999997,0,2634
3820,jev-1.13.0,0.28333333333333327,0.06,0.6566666666666667,2,2621
3821,jev-1.13.0,0.35666666666666663,0.013333333333333334,0.63,2,2639
3822,jev-1.13.0,0.5866666666666666,0.02,0.39333333333333337,0,2642
3823,jev-1.13.0,0.5133333333333333,0.060000000000000005,0.4266666666666667,0,2622
3824,jev-1.13.0,0.5233333333333333,0.09999999999999999,0.37666666666666665,0,2625
3825,jev-1.13.0,0.48666666666666664,0.016666666666666666,0.49666666666666665,2,2633
3826,jev-1.13.0,0.8666666666666667,0.049999999999999996,0.08333333333333333,0,2622
3827,jev-1.13.0,0.3766666666666667,0.0033333333333333335,0.6200000000000001,2,2673
3828,jev-1.13.0,0.47333333333333333,0.08333333333333333,0.44333333333333336,0,2622
3829,jev-1.13.0,0.0,1.0,0.0,1,2618
3830,jev-1.13.0,0.3633333333333333,0.01,0.6266666666666666,2,2629
3831,jev-1.13.0,0.5366666666666667,0.0,0.4633333333333333,0,2660
3832,jev-1.13.0,0.6633333333333333,0.0,0.33666666666666667,0,2646
3833,jev-1.13.0,1.0,0.0,0.0,0,2686
3834,jev-1.13.0,0.11333333333333333,0.5433333333333333,0.3433333333333333,1,2681
3835,jev-1.13.0,0.20666666666666667,0.0,0.7933333333333333,2,2662
3836,jev-1.13.0,0.44,0.3566666666666667,0.20333333333333337,0,2631
3837,jev-1.13.0,0.18333333333333335,0.0,0.8166666666666668,2,2661
3838,jev-1.13.0,0.2833333333333334,0.006666666666666667,0.71,2,2632
3839,jev-1.13.0,0.62,0.060000000000000005,0.32,0,2621
3840,jev-1.13.0,0.8533333333333334,0.08,0.06666666666666667,0,2612
3841,jev-1.13.0,0.12666666666666668,0.0,0.8733333333333334,2,2652
3842,jev-1.13.0,0.06333333333333334,0.0,0.9366666666666666,2,2640
3843,jev-1.13.0,0.71,0.013333333333333334,0.27666666666666667,0,2629
3844,jev-1.13.0,0.013333333333333334,0.41,0.5766666666666667,2,2701
3845,jev-1.13.0,0.9366666666666666,0.0,0.06333333333333334,0,2619
3846,jev-1.13.0,0.9566666666666667,0.016666666666666666,0.02666666666666667,0,2637
3847,jev-1.13.0,0.4166666666666667,0.08333333333333333,0.5,2,2635
3848,jev-1.13.0,0.75,0.05333333333333334,0.19666666666666666,0,2651
3849,jev-1.13.0,0.0,1.0,0.0,1,2669
3850,jev-1.13.0,0.0,1.0,0.0,1,2619
3851,jev-1.13.0,0.0033333333333333335,0.9966666666666667,0.0,1,2803
3852,jev-1.13.0,0.42333333333333334,0.16,0.4166666666666667,0,2626
3853,jev-1.13.0,0.5933333333333333,0.19000000000000003,0.21666666666666667,0,2617
3854,jev-1.13.0,0.6233333333333334,0.06,0.31666666666666665,0,2631
3855,jev-1.13.0,0.9066666666666667,0.01,0.08333333333333333,0,2626
3856,jev-1.13.0,0.9899999999999999,0.0,0.01,0,2638
3857,jev-1.13.0,0.02666666666666667,0.0,0.9733333333333333,2,2647
3858,jev-1.13.0,0.0,0.0,1.0,2,2636
3859,jev-1.13.0,0.31,0.09000000000000001,0.6,2,2635
3860,jev-1.13.0,0.69,0.0,0.31,0,2645
3861,jev-1.13.0,0.0,1.0,0.0,1,2619
3862,jev-1.13.0,0.98,0.013333333333333334,0.006666666666666667,0,2614
3863,jev-1.13.0,0.47333333333333333,0.0033333333333333335,0.5233333333333333,2,2648
3864,jev-1.13.0,1.0,0.0,0.0,0,2615
3865,jev-1.13.0,0.7066666666666667,0.22,0.07333333333333333,0,2626
3866,jev-1.13.0,0.14,0.0033333333333333335,0.8566666666666666,2,2626
3867,jev-1.13.0,0.30666666666666664,0.05333333333333334,0.64,2,2630
3868,jev-1.13.0,0.06333333333333334,0.9366666666666666,0.0,1,2621
3869,jev-1.13.0,1.0,0.0,0.0,0,2617
3870,jev-1.13.0,1.0,0.0,0.0,0,2630
3871,jev-1.13.0,0.8766666666666666,0.0,0.12333333333333334,0,2626
3872,jev-1.13.0,0.15666666666666665,0.0033333333333333335,0.84,2,2646
3873,jev-1.13.0,0.0,1.0,0.0,1,2674
3874,jev-1.13.0,0.22666666666666668,0.006666666666666667,0.7666666666666666,2,2624
3875,jev-1.13.0,1.0,0.0,0.0,0,2617
3876,jev-1.13.0,0.03,0.01,0.96,2,2718
3877,jev-1.13.0,0.0033333333333333335,0.9966666666666667,0.0,1,2615
3878,jev-1.13.0,0.16666666666666666,0.01,0.8233333333333333,2,2615
3879,jev-1.13.0,0.28,0.0033333333333333335,0.7166666666666667,2,2665
3880,jev-1.13.0,0.6666666666666666,0.0,0.3333333333333333,0,2625
3881,jev-1.13.0,0.7833333333333333,0.19666666666666668,0.02,0,2616
3882,jev-1.13.0,0.5766666666666667,0.0,0.42333333333333334,0,2622
3883,jev-1.13.0,1.0,0.0,0.0,0,2624
3884,jev-1.13.0,0.03666666666666667,0.9266666666666666,0.03666666666666667,1,2623
3885,jev-1.13.0,0.9,0.0033333333333333335,0.09666666666666666,0,2624
3886,jev-1.13.0,1.0,0.0,0.0,0,2613
3887,jev-1.13.0,0.37333333333333335,0.0033333333333333335,0.6233333333333334,2,2640
3888,jev-1.13.0,0.01,0.9866666666666667,0.0033333333333333335,1,2619
3889,jev-1.13.0,0.3866666666666667,0.0,0.6133333333333333,2,2727
3890,jev-1.13.0,0.3366666666666666,0.01,0.6533333333333333,2,2615
3891,jev-1.13.0,1.0,0.0,0.0,0,2662
3892,jev-1.13.0,0.8566666666666666,0.11666666666666665,0.02666666666666667,0,2614
3893,jev-1.13.0,0.0,0.0,1.0,2,2639
3894,jev-1.13.0,0.08,0.8099999999999999,0.11,1,2630
3895,jev-1.13.0,0.4833333333333334,0.4666666666666666,0.049999999999999996,0,2667
3896,jev-1.13.0,0.15666666666666665,0.0,0.8433333333333334,2,2637
3897,jev-1.13.0,0.9933333333333333,0.006666666666666667,0.0,0,2612
3898,jev-1.13.0,0.2833333333333334,0.0,0.7166666666666667,2,2687
3899,jev-1.13.0,1.0,0.0,0.0,0,2617
3900,jev-1.13.0,0.93,0.0033333333333333335,0.06666666666666667,0,2626
3901,jev-1.13.0,0.09000000000000001,0.7599999999999999,0.15000000000000002,1,2668
3902,jev-1.13.0,0.33666666666666667,0.06333333333333334,0.6000000000000001,2,2623
3903,jev-1.13.0,0.61,0.30666666666666664,0.08333333333333333,0,2641
3904,jev-1.13.0,0.9899999999999999,0.006666666666666667,0.0033333333333333335,0,2627
3905,jev-1.13.0,0.86,0.006666666666666667,0.13333333333333333,0,2624
3906,jev-1.13.0,0.08,0.7366666666666667,0.18333333333333335,1,2627
3907,jev-1.13.0,0.03333333333333333,0.0,0.9666666666666667,2,2660
3908,jev-1.13.0,0.5266666666666667,0.02666666666666667,0.4466666666666667,0,2623
3909,jev-1.13.0,0.08666666666666667,0.006666666666666667,0.9066666666666667,2,2619
3910,jev-1.13.0,0.0,1.0,0.0,1,2614
3911,jev-1.13.0,0.5533333333333333,0.030000000000000002,0.4166666666666667,0,2630
3912,jev-1.13.0,0.22666666666666668,0.7633333333333333,0.01,1,2639
3913,jev-1.13.0,0.18000000000000002,0.19999999999999998,0.6200000000000001,2,2688
3914,jev-1.13.0,1.0,0.0,0.0,0,2618
3915,jev-1.13.0,0.23666666666666666,0.5599999999999999,0.20333333333333334,1,2621
3916,jev-1.13.0,0.43333333333333335,0.21,0.35666666666666663,0,2648
3917,jev-1.13.0,0.6533333333333333,0.0,0.3466666666666667,0,2635
3918,jev-1.13.0,0.08666666666666667,0.4766666666666666,0.4366666666666667,1,2624
3919,jev-1.13.0,0.9566666666666667,0.006666666666666667,0.036666666666666674,0,2622
3920,jev-1.13.0,0.8666666666666667,0.06666666666666667,0.06666666666666667,0,2623
3921,jev-1.13.0,0.3,0.02,0.68,2,2629
3922,jev-1.13.0,0.28,0.0033333333333333335,0.7166666666666667,2,2632
3923,jev-1.13.0,0.8333333333333334,0.0,0.16666666666666666,0,2627
3924,jev-1.13.0,1.0,0.0,0.0,0,2617
3925,jev-1.13.0,1.0,0.0,0.0,0,2618
3926,jev-1.13.0,0.06,0.49,0.45,1,2625
3927,jev-1.13.0,0.6566666666666667,0.03333333333333333,0.31,0,2622
3928,jev-1.13.0,0.43999999999999995,0.0033333333333333335,0.5566666666666666,2,2678
3929,jev-1.13.0,0.6900000000000001,0.12333333333333334,0.18666666666666668,0,2625
3930,jev-1.13.0,0.41,0.060000000000000005,0.5299999999999999,2,2633
3931,jev-1.13.0,0.9499999999999998,0.006666666666666667,0.043333333333333335,0,2620
3932,jev-1.13.0,0.5566666666666666,0.27999999999999997,0.16333333333333333,0,2614
3933,jev-1.13.0,0.11,0.0,0.89,2,2623
3934,jev-1.13.0,0.6666666666666666,0.02666666666666667,0.3066666666666667,0,2657
3935,jev-1.13.0,0.6633333333333334,0.05333333333333334,0.2833333333333333,0,2628
3936,jev-1.13.0,0.4033333333333333,0.08,0.5166666666666667,2,2642
3937,jev-1.13.0,0.9766666666666666,0.013333333333333334,0.01,0,2625
3938,jev-1.13.0,0.17666666666666667,0.049999999999999996,0.7733333333333333,2,2705
3939,jev-1.13.0,0.02666666666666667,0.0,0.9733333333333333,2,2683
3940,jev-1.13.0,0.013333333333333334,0.0,0.9866666666666667,2,2643
3941,jev-1.13.0,0.03,0.8933333333333334,0.07666666666666667,1,2622
3942,jev-1.13.0,0.05000000000000001,0.0,0.9500000000000001,2,2667
3943,jev-1.13.0,0.5966666666666667,0.006666666666666667,0.39666666666666667,0,2643
3944,jev-1.13.0,0.9666666666666667,0.006666666666666667,0.02666666666666667,0,2629
3945,jev-1.13.0,0.7633333333333333,0.043333333333333335,0.19333333333333336,0,2646
3946,jev-1.13.0,0.9966666666666667,0.0033333333333333335,0.0,0,2617
3947,jev-1.13.0,0.5633333333333334,0.1366666666666667,0.3,0,2626
3948,jev-1.13.0,0.4466666666666667,0.006666666666666667,0.5466666666666667,2,2634
3949,jev-1.13.0,0.25666666666666665,0.0,0.7433333333333333,2,2636
3950,jev-1.13.0,0.6866666666666666,0.0,0.3133333333333333,0,2616
3951,jev-1.13.0,0.88,0.01,0.11,0,2622
3952,jev-1.13.0,0.81,0.056666666666666664,0.13333333333333333,0,2637
3953,jev-1.13.0,1.0,0.0,0.0,0,2615
3954,jev-1.13.0,0.2733333333333333,0.013333333333333334,0.7133333333333333,2,2688
3955,jev-1.13.0,0.6466666666666666,0.043333333333333335,0.31,0,2634
3956,jev-1.13.0,0.7633333333333333,0.22333333333333336,0.013333333333333334,0,2615
3957,jev-1.13.0,0.23666666666666666,0.01,0.7533333333333333,2,2665
3958,jev-1.13.0,0.39999999999999997,0.4666666666666666,0.13333333333333333,1,2625
3959,jev-1.13.0,0.9333333333333332,0.023333333333333334,0.043333333333333335,0,2613
3960,jev-1.13.0,0.14,0.01,0.85,2,2618
3961,jev-1.13.0,0.37666666666666665,0.0,0.6233333333333334,2,2648
3962,jev-1.13.0,0.9533333333333333,0.02,0.02666666666666667,0,2636
3963,jev-1.13.0,1.0,0.0,0.0,0,2614
3964,jev-1.13.0,0.9233333333333333,0.006666666666666667,0.06999999999999999,0,2632
3965,jev-1.13.0,1.0,0.0,0.0,0,2617
3966,jev-1.13.0,0.5333333333333333,0.11666666666666665,0.3499999999999999,0,2614
3967,jev-1.13.0,0.63,0.08333333333333333,0.2866666666666667,0,2633
3968,jev-1.13.0,0.4333333333333333,0.016666666666666666,0.5499999999999999,2,2627
3969,jev-1.13.0,0.03,0.0,0.9700000000000001,2,2634
3970,jev-1.13.0,0.14333333333333334,0.0033333333333333335,0.8533333333333334,2,2631
3971,jev-1.13.0,0.03333333333333333,0.0,0.9666666666666667,2,2642
3972,jev-1.13.0,0.06666666666666667,0.0033333333333333335,0.93,2,2647
3973,jev-1.13.0,1.0,0.0,0.0,0,2623
3974,jev-1.13.0,0.35333333333333333,0.0,0.6466666666666666,2,2618
3975,jev-1.13.0,0.24,0.07,0.6900000000000001,2,2628
3976,jev-1.13.0,0.3233333333333333,0.013333333333333334,0.6633333333333334,2,2636
3977,jev-1.13.0,0.18000000000000002,0.7200000000000001,0.09999999999999999,1,2644
3978,jev-1.13.0,0.9899999999999999,0.0,0.01,0,2627
3979,jev-1.13.0,0.023333333333333334,0.0,0.9766666666666666,2,2634
3980,jev-1.13.0,0.6233333333333334,0.04666666666666667,0.33,0,2619
3981,jev-1.13.0,1.0,0.0,0.0,0,2617
3982,jev-1.13.0,0.96,0.0,0.04,0,2615
3983,jev-1.13.0,0.6999999999999998,0.14333333333333334,0.15666666666666665,0,2634
3984,jev-1.13.0,0.52,0.030000000000000002,0.44999999999999996,0,2620
3985,jev-1.13.0,0.8966666666666666,0.0,0.10333333333333333,0,2626
3986,jev-1.13.0,0.7466666666666667,0.02666666666666666,0.22666666666666666,0,2622
3987,jev-1.13.0,0.73,0.0,0.27,0,2624
3988,jev-1.13.0,0.9033333333333333,0.043333333333333335,0.05333333333333334,0,2617
3989,jev-1.13.0,0.26333333333333336,0.053333333333333344,0.6833333333333332,2,2623
3990,jev-1.13.0,0.7966666666666667,0.12,0.08,0,2619
3991,jev-1.13.0,1.0,0.0,0.0,0,2615
3992,jev-1.13.0,0.6733333333333333,0.0033333333333333335,0.3233333333333333,0,2646
3993,jev-1.13.0,0.93,0.07,0.0,0,2758
3994,jev-1.13.0,0.24666666666666667,0.01,0.7433333333333333,2,2652
3995,jev-1.13.0,1.0,0.0,0.0,0,2621
3996,jev-1.13.0,0.09000000000000001,0.006666666666666667,0.9033333333333333,2,2641
3997,jev-1.13.0,0.0,0.0,1.0,2,2704
3998,jev-1.13.0,1.0,0.0,0.0,0,2628
3999,jev-1.13.0,0.4766666666666666,0.0033333333333333335,0.52,2,2634
4000,jev-1.13.0,0.006666666666666667,0.01,0.9833333333333334,2,2708
4001,jev-1.13.0,0.9899999999999999,0.0,0.01,0,2621
4002,jev-1.13.0,0.016666666666666666,0.9666666666666667,0.016666666666666666,1,2626
4003,jev-1.13.0,0.9933333333333333,0.0,0.006666666666666667,0,2626
4004,jev-1.13.0,0.47666666666666674,0.47333333333333333,0.049999999999999996,0,2635
4005,jev-1.13.0,0.9700000000000001,0.0,0.030000000000000002,0,2628
4006,jev-1.13.0,0.39666666666666667,0.04,0.5633333333333334,2,2637
4007,jev-1.13.0,1.0,0.0,0.0,0,2625
4008,jev-1.13.0,0.09999999999999999,0.0,0.9,2,2638
4009,jev-1.13.0,0.013333333333333334,0.0,0.9866666666666667,2,2645
4010,jev-1.13.0,0.17333333333333334,0.0,0.8266666666666667,2,2667
4011,jev-1.13.0,0.9,0.0,0.10000000000000002,0,2627
4012,jev-1.13.0,0.2733333333333334,0.0,0.7266666666666666,2,2630
4013,jev-1.13.0,0.43,0.0033333333333333335,0.5666666666666668,2,2625
4014,jev-1.13.0,0.15,0.0033333333333333335,0.8466666666666667,2,2664
4015,jev-1.13.0,0.43333333333333335,0.0033333333333333335,0.5633333333333334,2,2636
4016,jev-1.13.0,0.5266666666666667,0.0033333333333333335,0.47,0,2632
4017,jev-1.13.0,0.17,0.01,0.82,2,2631
4018,jev-1.13.0,0.5499999999999999,0.0,0.44999999999999996,0,2648
4019,jev-1.13.0,0.05333333333333334,0.0,0.9466666666666667,2,2647
4020,jev-1.13.0,1.0,0.0,0.0,0,2621
4021,jev-1.13.0,0.0,0.0,1.0,2,2688
4022,jev-1.13.0,1.0,0.0,0.0,0,2632
4023,jev-1.13.0,0.25,0.043333333333333335,0.7066666666666667,2,2631
4024,jev-1.13.0,0.16333333333333333,0.0,0.8366666666666666,2,2630
4025,jev-1.13.0,0.09666666666666668,0.0,0.9033333333333333,2,2666
4026,jev-1.13.0,0.6366666666666667,0.25,0.11333333333333334,0,2624
4027,jev-1.13.0,0.9966666666666667,0.0,0.0033333333333333335,0,2622
4028,jev-1.13.0,0.8066666666666666,0.0,0.19333333333333336,0,2637
4029,jev-1.13.0,0.013333333333333334,0.0,0.9866666666666667,2,2626
4030,jev-1.13.0,0.87,0.04,0.09000000000000001,0,2637
4031,jev-1.13.0,0.6066666666666666,0.0033333333333333335,0.38999999999999996,0,2631
4032,jev-1.13.0,0.96,0.0,0.04,0,2625
4033,jev-1.13.0,0.7166666666666668,0.056666666666666664,0.22666666666666666,0,2658
4034,jev-1.13.0,0.4366666666666667,0.07666666666666666,0.48666666666666664,2,2638
4035,jev-1.13.0,1.0,0.0,0.0,0,2630
4036,jev-1.13.0,0.22666666666666668,0.0,0.7733333333333333,2,2637
4037,jev-1.13.0,0.89,0.049999999999999996,0.06,0,2620
4038,jev-1.13.0,0.36000000000000004,0.04,0.6,2,2626
4039,jev-1.13.0,0.9933333333333333,0.0,0.006666666666666667,0,2633
4040,jev-1.13.0,1.0,0.0,0.0,0,2653
4041,jev-1.13.0,1.0,0.0,0.0,0,2617
4042,jev-1.13.0,0.016666666666666666,0.0,0.9833333333333334,2,2620
4043,jev-1.13.0,0.6966666666666667,0.06666666666666667,0.23666666666666666,0,2617
4044,jev-1.13.0,0.43,0.006666666666666667,0.5633333333333334,2,2620
4045,jev-1.13.0,0.7933333333333333,0.18000000000000002,0.02666666666666667,0,2620
4046,jev-1.13.0,0.32666666666666666,0.08333333333333333,0.59,2,2619
4047,jev-1.13.0,1.0,0.0,0.0,0,2621
4048,jev-1.13.0,0.8066666666666666,0.0,0.19333333333333336,0,2630
4049,jev-1.13.0,0.91,0.02333333333333333,0.06666666666666667,0,2636
4050,jev-1.13.0,0.5166666666666667,0.0,0.48333333333333334,0,2624
4051,jev-1.13.0,1.0,0.0,0.0,0,2622
4052,jev-1.13.0,0.06333333333333334,0.0,0.9366666666666666,2,2625
4053,jev-1.13.0,0.89,0.0033333333333333335,0.10666666666666667,0,2616
4054,jev-1.13.0,0.9166666666666666,0.0,0.08333333333333333,0,2618
4055,jev-1.13.0,0.02,0.0,0.98,2,2634
4056,jev-1.13.0,0.03333333333333333,0.0,0.9666666666666667,2,2643
4057,jev-1.13.0,0.12,0.8566666666666666,0.023333333333333334,1,2664
4058,jev-1.13.0,0.006666666666666667,0.0,0.9933333333333333,2,2616
4059,jev-1.13.0,0.5833333333333334,0.016666666666666666,0.39999999999999997,0,2627
4060,jev-1.13.0,0.7399999999999999,0.006666666666666667,0.25333333333333335,0,2624
4061,jev-1.13.0,0.8633333333333333,0.0,0.1366666666666667,0,2620
4062,jev-1.13.0,0.41,0.0,0.59,2,2631
4063,jev-1.13.0,1.0,0.0,0.0,0,2623
4064,jev-1.13.0,0.7600000000000001,0.006666666666666667,0.23333333333333336,0,2652
4065,jev-1.13.0,0.7433333333333333,0.03,0.22666666666666666,0,2618
4066,jev-1.13.0,0.9933333333333333,0.0,0.006666666666666667,0,2627
4067,jev-1.13.0,1.0,0.0,0.0,0,2619
4068,jev-1.13.0,1.0,0.0,0.0,0,2619
4069,jev-1.13.0,0.01,0.0,0.9899999999999999,2,2632
4070,jev-1.13.0,0.6466666666666666,0.030000000000000002,0.3233333333333333,0,2619
4071,jev-1.13.0,0.7733333333333334,0.20000000000000004,0.02666666666666667,0,2620
4072,jev-1.13.0,0.01,0.0,0.9899999999999999,2,2648
4073,jev-1.13.0,0.8533333333333334,0.07,0.07666666666666666,0,2628
4074,jev-1.13.0,1.0,0.0,0.0,0,2613
4075,jev-1.13.0,0.33666666666666667,0.01,0.6533333333333333,2,2629
4076,jev-1.13.0,0.9666666666666667,0.0033333333333333335,0.03,0,2629
4077,jev-1.13.0,0.8933333333333334,0.0033333333333333335,0.10333333333333333,0,2626
4078,jev-1.13.0,1.0,0.0,0.0,0,2620
4079,jev-1.13.0,0.44,0.04666666666666666,0.5133333333333333,2,2621
4080,jev-1.13.0,0.48666666666666664,0.07,0.44333333333333336,0,2629
4081,jev-1.13.0,1.0,0.0,0.0,0,2613
4082,jev-1.13.0,0.0,0.0,1.0,2,2632
4083,jev-1.13.0,0.3133333333333333,0.03666666666666667,0.65,2,2617
4084,jev-1.13.0,0.47333333333333333,0.030000000000000002,0.49666666666666665,2,2621
4085,jev-1.13.0,1.0,0.0,0.0,0,2627
4086,jev-1.13.0,0.9766666666666666,0.0,0.023333333333333334,0,2615
4087,jev-1.13.0,1.0,0.0,0.0,0,2616
4088,jev-1.13.0,1.0,0.0,0.0,0,2622
4089,jev-1.13.0,0.043333333333333335,0.0,0.9566666666666667,2,2647
4090,jev-1.13.0,0.61,0.01,0.37999999999999995,0,2636
4091,jev-1.13.0,0.0,0.0,1.0,2,2648
4092,jev-1.13.0,0.02666666666666667,0.0,0.9733333333333333,2,2628
4093,jev-1.13.0,0.43,0.06666666666666667,0.5033333333333333,2,2633
4094,jev-1.13.0,1.0,0.0,0.0,0,2630
4095,jev-1.13.0,0.52,0.0,0.48,0,2624
4096,jev-1.13.0,0.64,0.16666666666666666,0.19333333333333336,0,2621
4097,jev-1.13.0,0.6633333333333334,0.13,0.20666666666666667,0,2625
4098,jev-1.13.0,0.01,0.9899999999999999,0.0,1,2616
4099,jev-1.13.0,0.39999999999999997,0.013333333333333334,0.5866666666666666,2,2627
4100,jev-1.13.0,0.14333333333333334,0.0,0.8566666666666666,2,2669
4101,jev-1.13.0,1.0,0.0,0.0,0,2617
4102,jev-1.13.0,0.9566666666666667,0.0,0.043333333333333335,0,2623
4103,jev-1.13.0,0.93,0.04,0.03,0,2623
4104,jev-1.13.0,0.4000000000000001,0.09000000000000001,0.51,2,2626
4105,jev-1.13.0,0.7999999999999999,0.05333333333333334,0.14666666666666667,0,2626
4106,jev-1.13.0,1.0,0.0,0.0,0,2615
4107,jev-1.13.0,0.8866666666666667,0.01,0.10333333333333333,0,2641
4108,jev-1.13.0,0.7400000000000001,0.01,0.25,0,2622
4109,jev-1.13.0,0.9733333333333333,0.0033333333333333335,0.023333333333333334,0,2658
4110,jev-1.13.0,0.6333333333333333,0.3333333333333333,0.03333333333333333,0,2625
4111,jev-1.13.0,0.5499999999999999,0.0,0.44999999999999996,0,2665
4112,jev-1.13.0,0.7833333333333333,0.016666666666666666,0.19999999999999998,0,2643
4113,jev-1.13.0,0.7966666666666667,0.006666666666666667,0.19666666666666668,0,2653
4114,jev-1.13.0,0.8933333333333334,0.07666666666666667,0.03,0,2623
4115,jev-1.13.0,1.0,0.0,0.0,0,2614
4116,jev-1.13.0,0.98,0.0,0.02,0,2632
4117,jev-1.13.0,0.8933333333333334,0.03,0.07666666666666667,0,2620
4118,jev-1.13.0,0.5133333333333333,0.13,0.35666666666666663,0,2621
4119,jev-1.13.0,0.10333333333333333,0.7966666666666665,0.09999999999999999,1,2634
4120,jev-1.13.0,0.27,0.27999999999999997,0.45,2,2671
4121,jev-1.13.0,0.47000000000000003,0.0033333333333333335,0.5266666666666667,2,2633
4122,jev-1.13.0,0.28,0.01,0.71,2,2624
4123,jev-1.13.0,0.6900000000000001,0.060000000000000005,0.25,0,2630
4124,jev-1.13.0,0.35333333333333333,0.6233333333333334,0.023333333333333334,1,2623
4125,jev-1.13.0,1.0,0.0,0.0,0,2630
4126,jev-1.13.0,0.10999999999999999,0.05333333333333334,0.8366666666666668,2,2631
4127,jev-1.13.0,0.9666666666666667,0.0033333333333333335,0.03,0,2637
4128,jev-1.13.0,0.39333333333333337,0.06333333333333334,0.5433333333333333,2,2636
4129,jev-1.13.0,0.5333333333333333,0.25666666666666665,0.21,0,2624
4130,jev-1.13.0,0.54,0.01,0.45,0,2643
4131,jev-1.13.0,0.6466666666666666,0.02333333333333333,0.33,0,2625
4132,jev-1.13.0,0.86,0.03666666666666667,0.10333333333333335,0,2622
4133,jev-1.13.0,0.25666666666666665,0.023333333333333334,0.7200000000000001,2,2770
4134,jev-1.13.0,0.05000000000000001,0.013333333333333334,0.9366666666666666,2,2631
4135,jev-1.13.0,0.01,0.9499999999999998,0.04,1,2647
4136,jev-1.13.0,0.07666666666666667,0.6566666666666666,0.26666666666666666,1,2618
4137,jev-1.13.0,0.8633333333333333,0.05333333333333334,0.08333333333333333,0,2651
4138,jev-1.13.0,0.0,1.0,0.0,1,2619
4139,jev-1.13.0,0.8233333333333334,0.09999999999999999,0.07666666666666667,0,2630
4140,jev-1.13.0,0.89,0.02,0.09000000000000001,0,2624
4141,jev-1.13.0,0.5466666666666666,0.02666666666666667,0.4266666666666667,0,2626
4142,jev-1.13.0,0.01,0.08,0.91,2,2733
4143,jev-1.13.0,0.09666666666666668,0.3233333333333333,0.5800000000000001,2,2681
4144,jev-1.13.0,0.9899999999999999,0.01,0.0,0,2616
4145,jev-1.13.0,0.24,0.22,0.54,2,2623
4146,jev-1.13.0,1.0,0.0,0.0,0,2620
4147,jev-1.13.0,0.02,0.98,0.0,1,2651
4148,jev-1.13.0,0.07,0.02,0.9066666666666667,2,2659
4149,jev-1.13.0,0.44999999999999996,0.016666666666666666,0.5333333333333333,2,2633
4150,jev-1.13.0,0.17,0.0,0.8300000000000001,2,2638
4151,jev-1.13.0,0.0,1.0,0.0,1,2649
4152,jev-1.13.0,0.6566666666666666,0.13,0.21333333333333335,0,2626
4153,jev-1.13.0,0.87,0.02,0.10999999999999999,0,2619
4154,jev-1.13.0,0.060000000000000005,0.0,0.9400000000000001,2,2645
4155,jev-1.13.0,0.18666666666666668,0.013333333333333334,0.7999999999999999,2,2640
4156,jev-1.13.0,0.77,0.0033333333333333335,0.22666666666666666,0,2621
4157,jev-1.13.0,0.0,1.0,0.0,1,2768
4158,jev-1.13.0,0.37999999999999995,0.03333333333333333,0.5866666666666667,2,2629
4159,jev-1.13.0,0.2966666666666667,0.0,0.7033333333333333,2,2674
4160,jev-1.13.0,0.5566666666666668,0.0033333333333333335,0.44,0,2631
4161,jev-1.13.0,0.27,0.3933333333333333,0.33666666666666667,1,2649
4162,jev-1.13.0,0.15000000000000002,0.0,0.85,2,2648
4163,jev-1.13.0,0.5633333333333334,0.06666666666666667,0.36999999999999994,0,2642
4164,jev-1.13.0,0.04666666666666667,0.0,0.9533333333333333,2,2649
4165,jev-1.13.0,0.0,0.0,1.0,2,2641
4166,jev-1.13.0,0.83,0.12666666666666668,0.043333333333333335,0,2613
4167,jev-1.13.0,0.86,0.006666666666666667,0.13333333333333333,0,2620
4168,jev-1.13.0,0.6233333333333334,0.22999999999999998,0.14666666666666667,0,2631
4169,jev-1.13.0,0.2966666666666667,0.07,0.6333333333333333,2,2618
4170,jev-1.13.0,0.2833333333333334,0.0,0.7166666666666667,2,2688
4171,jev-1.13.0,0.023333333333333334,0.006666666666666667,0.9700000000000001,2,2615
4172,jev-1.13.0,0.8266666666666667,0.04,0.13333333333333333,0,2621
4173,jev-1.13.0,0.43333333333333335,0.03666666666666667,0.53,2,2619
4174,jev-1.13.0,0.11,0.006666666666666667,0.8833333333333333,2,2629
4175,jev-1.13.0,0.32,0.049999999999999996,0.6266666666666666,2,2621
4176,jev-1.13.0,0.0,1.0,0.0,1,2638
4177,jev-1.13.0,0.03666666666666667,0.043333333333333335,0.92,2,2641
4178,jev-1.13.0,1.0,0.0,0.0,0,2618
4179,jev-1.13.0,0.27666666666666667,0.04666666666666667,0.6766666666666666,2,2626
4180,jev-1.13.0,0.21000000000000005,0.7533333333333333,0.03666666666666667,1,2633
4181,jev-1.13.0,1.0,0.0,0.0,0,2661
4182,jev-1.13.0,0.03333333333333333,0.0,0.9666666666666667,2,2652
4183,jev-1.13.0,0.5366666666666666,0.05666666666666667,0.4066666666666667,0,2622
4184,jev-1.13.0,0.0,0.0,1.0,2,2635
4185,jev-1.13.0,0.09999999999999999,0.0,0.9,2,2703
4186,jev-1.13.0,0.61,0.006666666666666667,0.3833333333333333,0,2669
4187,jev-1.13.0,0.07,0.2933333333333334,0.6366666666666667,2,2636
4188,jev-1.13.0,0.8433333333333333,0.06999999999999999,0.08666666666666667,0,2619
4189,jev-1.13.0,0.0,0.0,1.0,2,2703
4190,jev-1.13.0,0.12,0.043333333333333335,0.8366666666666668,2,2630
4191,jev-1.13.0,0.7466666666666667,0.03,0.22333333333333336,0,2636
4192,jev-1.13.0,0.19666666666666668,0.0,0.8033333333333333,2,2651
4193,jev-1.13.0,0.96,0.0,0.04,0,2668
4194,jev-1.13.0,0.5333333333333333,0.03666666666666667,0.43,0,2616
4195,jev-1.13.0,0.19333333333333336,0.03333333333333333,0.7733333333333333,2,2619
4196,jev-1.13.0,0.9266666666666667,0.013333333333333334,0.06,0,2631
4197,jev-1.13.0,0.05000000000000001,0.0,0.9499999999999998,2,2759
4198,jev-1.13.0,0.01,0.006666666666666667,0.9833333333333334,2,2636
4199,jev-1.13.0,0.8966666666666666,0.06666666666666667,0.03666666666666667,0,2623
4200,jev-1.13.0,0.3033333333333333,0.0,0.6966666666666667,2,2648
4201,jev-1.13.0,0.19333333333333336,0.006666666666666667,0.8000000000000002,2,2694
4202,jev-1.13.0,0.9766666666666666,0.016666666666666666,0.006666666666666667,0,2618
4203,jev-1.13.0,0.33666666666666667,0.056666666666666664,0.6066666666666666,2,2697
4204,jev-1.13.0,0.013333333333333334,0.056666666666666664,0.93,2,2681
4205,jev-1.13.0,0.24,0.08,0.68,2,2650
4206,jev-1.13.0,1.0,0.0,0.0,0,2648
4207,jev-1.13.0,1.0,0.0,0.0,0,2622
4208,jev-1.13.0,0.7833333333333333,0.07666666666666666,0.14,0,2626
4209,jev-1.13.0,0.7533333333333334,0.12000000000000001,0.12666666666666668,0,2635
4210,jev-1.13.0,0.01,0.0,0.9899999999999999,2,2720
4211,jev-1.13.0,0.01,0.0,0.9899999999999999,2,2656
4212,jev-1.13.0,0.7833333333333333,0.07,0.1466666666666667,0,2616
4213,jev-1.13.0,0.6766666666666666,0.14333333333333334,0.18000000000000002,0,2619
4214,jev-1.13.0,1.0,0.0,0.0,0,2617
4215,jev-1.13.0,0.023333333333333334,0.0,0.9766666666666666,2,2685
4216,jev-1.13.0,0.3166666666666667,0.66,0.023333333333333334,1,2621
4217,jev-1.13.0,1.0,0.0,0.0,0,2616
4218,jev-1.13.0,1.0,0.0,0.0,0,2617
4219,jev-1.13.0,0.66,0.08666666666666667,0.25333333333333335,0,2614
4220,jev-1.13.0,0.5233333333333333,0.0,0.4766666666666666,0,2633
4221,jev-1.13.0,0.0,1.0,0.0,1,2618
4222,jev-1.13.0,0.24333333333333332,0.01,0.7433333333333333,2,2625
4223,jev-1.13.0,0.0,0.023333333333333334,0.9766666666666666,2,2706
4224,jev-1.13.0,0.39666666666666667,0.0033333333333333335,0.6,2,2628
4225,jev-1.13.0,0.6033333333333334,0.04,0.35666666666666663,0,2629
4226,jev-1.13.0,0.7933333333333333,0.05666666666666667,0.15,0,2630
4227,jev-1.13.0,0.5299999999999999,0.030000000000000002,0.4366666666666667,0,2621
4228,jev-1.13.0,0.22999999999999998,0.02333333333333333,0.7466666666666667,2,2626
4229,jev-1.13.0,0.8233333333333334,0.03,0.1466666666666667,0,2617
4230,jev-1.13.0,0.9566666666666667,0.006666666666666667,0.036666666666666674,0,2629
4231,jev-1.13.0,0.5566666666666668,0.0033333333333333335,0.43999999999999995,0,2630
4232,jev-1.13.0,0.9833333333333334,0.0,0.016666666666666666,0,2617
4233,jev-1.13.0,0.24,0.056666666666666664,0.7033333333333335,2,2635
4234,jev-1.13.0,1.0,0.0,0.0,0,2620
4235,jev-1.13.0,0.41333333333333333,0.013333333333333334,0.5733333333333334,2,2631
4236,jev-1.13.0,0.98,0.013333333333333334,0.006666666666666667,0,2619
4237,jev-1.13.0,0.5133333333333333,0.06,0.4266666666666667,0,2632
4238,jev-1.13.0,1.0,0.0,0.0,0,2617
4239,jev-1.13.0,0.26666666666666666,0.06,0.6733333333333333,2,2628
4240,jev-1.13.0,0.26666666666666666,0.0,0.7333333333333334,2,2686
4241,jev-1.13.0,1.0,0.0,0.0,0,2616
4242,jev-1.13.0,0.7600000000000001,0.0033333333333333335,0.23666666666666666,0,2635
4243,jev-1.13.0,0.49333333333333335,0.07333333333333333,0.43333333333333335,0,2626
4244,jev-1.13.0,0.9566666666666667,0.0,0.043333333333333335,0,2619
4245,jev-1.13.0,0.8533333333333334,0.03666666666666667,0.11,0,2635
4246,jev-1.13.0,0.016666666666666666,0.12333333333333334,0.86,2,2720
4247,jev-1.13.0,0.2333333333333333,0.0,0.7666666666666666,2,2636
4248,jev-1.13.0,0.42,0.12000000000000001,0.45999999999999996,2,2622
4249,jev-1.13.0,0.6733333333333333,0.06666666666666667,0.26,0,2622
4250,jev-1.13.0,0.31666666666666665,0.25,0.43333333333333335,2,2616
4251,jev-1.13.0,0.3366666666666666,0.0,0.6633333333333334,2,2637
4252,jev-1.13.0,1.0,0.0,0.0,0,2629
4253,jev-1.13.0,0.44333333333333336,0.013333333333333334,0.5433333333333333,2,2627
4254,jev-1.13.0,0.7033333333333335,0.0,0.2966666666666667,0,2617
4255,jev-1.13.0,0.13333333333333333,0.0,0.8666666666666667,2,2638
4256,jev-1.13.0,0.22,0.4366666666666667,0.3433333333333333,1,2620
4257,jev-1.13.0,0.6900000000000001,0.03333333333333333,0.27666666666666667,0,2632
4258,jev-1.13.0,0.06999999999999999,0.4366666666666666,0.49333333333333335,2,2626
4259,jev-1.13.0,0.7233333333333333,0.0,0.27666666666666667,0,2816
4260,jev-1.13.0,0.6,0.0,0.39999999999999997,0,2738
4261,jev-1.13.0,0.5866666666666666,0.0033333333333333335,0.41,0,2636
4262,jev-1.13.0,0.98,0.0,0.02,0,2629
4263,jev-1.13.0,0.26,0.42333333333333334,0.31666666666666665,1,2649
4264,jev-1.13.0,0.42,0.013333333333333334,0.5666666666666668,2,2634
4265,jev-1.13.0,1.0,0.0,0.0,0,2618
4266,jev-1.13.0,0.13,0.0,0.87,2,2620
4267,jev-1.13.0,0.9266666666666667,0.0,0.07333333333333335,0,2629
4268,jev-1.13.0,0.28,0.006666666666666667,0.7133333333333333,2,2643
4269,jev-1.13.0,0.32333333333333336,0.01,0.6666666666666666,2,2642
4270,jev-1.13.0,0.8566666666666666,0.10666666666666667,0.03666666666666667,0,2614
4271,jev-1.13.0,0.4066666666666667,0.02666666666666667,0.5666666666666667,2,2619
4272,jev-1.13.0,0.9866666666666667,0.0,0.013333333333333334,0,2633
4273,jev-1.13.0,0.13999999999999999,0.02666666666666667,0.8333333333333334,2,2636
4274,jev-1.13.0,0.7666666666666666,0.0033333333333333335,0.22999999999999998,0,2630
4275,jev-1.13.0,0.10333333333333333,0.006666666666666667,0.89,2,2624
4276,jev-1.13.0,0.57,0.013333333333333334,0.4166666666666667,0,2634
4277,jev-1.13.0,0.30333333333333334,0.0,0.6966666666666667,2,2632
4278,jev-1.13.0,0.8166666666666665,0.09333333333333334,0.09000000000000001,0,2619
4279,jev-1.13.0,0.33,0.006666666666666667,0.6633333333333334,2,2638
4280,jev-1.13.0,0.9199999999999999,0.01,0.07,0,2623
4281,jev-1.13.0,1.0,0.0,0.0,0,2625
4282,jev-1.13.0,0.8166666666666665,0.013333333333333334,0.17,0,2628
4283,jev-1.13.0,0.043333333333333335,0.9433333333333334,0.013333333333333334,1,2620
4284,jev-1.13.0,0.16333333333333333,0.0,0.8366666666666666,2,2636
4285,jev-1.13.0,0.5066666666666667,0.08333333333333333,0.41,0,2615
4286,jev-1.13.0,0.6466666666666666,0.006666666666666667,0.3466666666666667,0,2624
4287,jev-1.13.0,0.9166666666666666,0.0,0.08333333333333333,0,2633
4288,jev-1.13.0,0.01,0.9700000000000001,0.02,1,2620
4289,jev-1.13.0,0.8266666666666667,0.05000000000000001,0.12333333333333334,0,2620
4290,jev-1.13.0,0.9733333333333333,0.0,0.02666666666666667,0,2624
4291,jev-1.13.0,0.08666666666666667,0.0,0.9133333333333334,2,2622
4292,jev-1.13.0,0.31666666666666665,0.013333333333333334,0.6699999999999999,2,2627
4293,jev-1.13.0,0.7633333333333333,0.0033333333333333335,0.2333333333333333,0,2631
4294,jev-1.13.0,0.75,0.02,0.23,0,2630
4295,jev-1.13.0,0.04666666666666667,0.06666666666666667,0.8866666666666667,2,2625
4296,jev-1.13.0,0.59,0.04,0.36999999999999994,0,2619
4297,jev-1.13.0,1.0,0.0,0.0,0,2618
4298,jev-1.13.0,0.9966666666666667,0.0,0.0033333333333333335,0,2630
4299,jev-1.13.0,0.9566666666666667,0.023333333333333334,0.02,0,2623
4300,jev-1.13.0,0.5566666666666666,0.19666666666666668,0.24666666666666667,0,2630
4301,jev-1.13.0,0.8233333333333333,0.10333333333333333,0.07333333333333333,0,2619
4302,jev-1.13.0,1.0,0.0,0.0,0,2617
4303,jev-1.13.0,0.9033333333333333,0.043333333333333335,0.053333333333333344,0,2616
4304,jev-1.13.0,0.030000000000000002,0.0,0.9700000000000001,2,2635
4305,jev-1.13.0,0.9966666666666667,0.0,0.0033333333333333335,0,2619
4306,jev-1.13.0,0.9333333333333335,0.006666666666666667,0.06,0,2625
4307,jev-1.13.0,0.31666666666666665,0.0,0.6833333333333332,2,2687
4308,jev-1.13.0,0.8033333333333333,0.02333333333333333,0.17333333333333334,0,2626
4309,jev-1.13.0,0.9666666666666667,0.01,0.023333333333333334,0,2623
4310,jev-1.13.0,0.79,0.043333333333333335,0.16666666666666666,0,2635
4311,jev-1.13.0,0.01,0.9533333333333333,0.036666666666666674,1,2627
4312,jev-1.13.0,0.11,0.016666666666666666,0.8733333333333334,2,2628
4313,jev-1.13.0,0.8066666666666666,0.13333333333333333,0.06,0,2623
4314,jev-1.13.0,0.10333333333333333,0.0,0.8966666666666666,2,2620
4315,jev-1.13.0,0.88,0.0,0.12,0,2636
4316,jev-1.13.0,0.013333333333333334,0.0,0.9866666666666667,2,2634
4317,jev-1.13.0,0.08666666666666667,0.0033333333333333335,0.91,2,2633
4318,jev-1.13.0,0.3833333333333333,0.02,0.5966666666666667,2,2639
4319,jev-1.13.0,0.8233333333333334,0.0,0.17666666666666667,0,2618
4320,jev-1.13.0,0.04666666666666667,0.7533333333333333,0.20000000000000004,1,2624
4321,jev-1.13.0,0.006666666666666667,0.9933333333333333,0.0,1,2622
4322,jev-1.13.0,0.8933333333333332,0.08333333333333333,0.02,0,2618
4323,jev-1.13.0,0.22666666666666666,0.013333333333333334,0.7600000000000001,2,2614
4324,jev-1.13.0,1.0,0.0,0.0,0,2614
4325,jev-1.13.0,0.7799999999999999,0.016666666666666666,0.20333333333333334,0,2620
4326,jev-1.13.0,0.48666666666666664,0.08333333333333333,0.43,0,2617
4327,jev-1.13.0,1.0,0.0,0.0,0,2620
4328,jev-1.13.0,0.8766666666666666,0.03333333333333333,0.09000000000000001,0,2630
4329,jev-1.13.0,0.7200000000000001,0.03666666666666667,0.24333333333333332,0,2632
4330,jev-1.13.0,1.0,0.0,0.0,0,2658
4331,jev-1.13.0,0.17,0.0,0.83,2,2662
4332,jev-1.13.0,0.13333333333333333,0.0,0.8666666666666667,2,2619
4333,jev-1.13.0,0.006666666666666667,0.0,0.9933333333333333,2,2691
4334,jev-1.13.0,0.7200000000000001,0.0,0.28,0,2642
4335,jev-1.13.0,0.0,0.0,1.0,2,2695
4336,jev-1.13.0,0.0,0.0,1.0,2,2801
4337,jev-1.13.0,0.25,0.02,0.73,2,2635
4338,jev-1.13.0,0.0033333333333333335,0.0,0.9966666666666667,2,2683
4339,jev-1.13.0,0.48333333333333334,0.0,0.5166666666666667,2,2667
4340,jev-1.13.0,0.9433333333333334,0.01,0.04666666666666667,0,2624
4341,jev-1.13.0,0.0,0.0,1.0,2,2657
4342,jev-1.13.0,0.04666666666666667,0.0,0.9533333333333333,2,2659
4343,jev-1.13.0,0.5333333333333333,0.01,0.4566666666666667,0,2625
4344,jev-1.13.0,0.63,0.0,0.36999999999999994,0,2620
4345,jev-1.13.0,0.6566666666666667,0.0,0.3433333333333333,0,2646
4346,jev-1.13.0,0.35666666666666663,0.006666666666666667,0.6366666666666667,2,2636
4347,jev-1.13.0,0.0,0.0,1.0,2,2660
4348,jev-1.13.0,0.14333333333333334,0.01,0.8466666666666667,2,2617
4349,jev-1.13.0,0.24,0.0,0.7600000000000001,2,2649
4350,jev-1.13.0,0.9466666666666667,0.0,0.05333333333333334,0,2630
4351,jev-1.13.0,0.37333333333333335,0.01,0.6166666666666667,2,2626
4352,jev-1.13.0,0.9366666666666666,0.02666666666666667,0.03666666666666667,0,2616
4353,jev-1.13.0,0.7733333333333333,0.11666666666666665,0.11,0,2619
4354,jev-1.13.0,0.0,0.0,1.0,2,2666
4355,jev-1.13.0,0.3466666666666667,0.0,0.6533333333333333,2,2647
4356,jev-1.13.0,1.0,0.0,0.0,0,2616
4357,jev-1.13.0,0.94,0.0,0.06,0,2623
4358,jev-1.13.0,0.14333333333333334,0.3833333333333333,0.47333333333333333,2,2735
4359,jev-1.13.0,0.3033333333333333,0.07333333333333335,0.6233333333333334,2,2628
4360,jev-1.13.0,0.9899999999999999,0.0,0.01,0,2632
4361,jev-1.13.0,0.01,0.0,0.9899999999999999,2,2708
4362,jev-1.13.0,0.25,0.01,0.7399999999999999,2,2620
4363,jev-1.13.0,0.4366666666666667,0.0,0.5633333333333334,2,2636
4364,jev-1.13.0,0.11333333333333333,0.5666666666666667,0.32,1,2622
4365,jev-1.13.0,0.6766666666666667,0.12666666666666668,0.19666666666666666,0,2638
4366,jev-1.13.0,0.02,0.9566666666666667,0.023333333333333334,1,2619
4367,jev-1.13.0,0.7200000000000001,0.09000000000000001,0.19000000000000003,0,2627
4368,jev-1.13.0,0.053333333333333344,0.0,0.9466666666666667,2,2650
4369,jev-1.13.0,0.6333333333333333,0.15666666666666665,0.21,0,2615
4370,jev-1.13.0,0.8666666666666667,0.056666666666666664,0.07666666666666667,0,2634
4371,jev-1.13.0,0.9066666666666667,0.013333333333333334,0.08,0,2619
4372,jev-1.13.0,0.24333333333333332,0.0,0.7566666666666667,2,2635
4373,jev-1.13.0,0.0,0.0,1.0,2,2644
4374,jev-1.13.0,0.7333333333333334,0.0,0.26666666666666666,0,2645
4375,jev-1.13.0,0.26,0.006666666666666667,0.7333333333333334,2,2683
4376,jev-1.13.0,0.0,0.0033333333333333335,0.9966666666666667,2,2622
4377,jev-1.13.0,0.013333333333333334,0.0,0.9866666666666667,2,2667
4378,jev-1.13.0,0.26,0.04666666666666667,0.6933333333333334,2,2617
4379,jev-1.13.0,0.9933333333333333,0.0,0.006666666666666667,0,2630
4380,jev-1.13.0,0.23666666666666666,0.03333333333333333,0.73,2,2624
4381,jev-1.13.0,0.1366666666666667,0.12333333333333334,0.7400000000000001,2,2656
4382,jev-1.13.0,0.09333333333333334,0.9,0.006666666666666667,1,2615
4383,jev-1.13.0,0.61,0.02333333333333333,0.3666666666666667,0,2641
4384,jev-1.13.0,1.0,0.0,0.0,0,2615
4385,jev-1.13.0,0.21333333333333335,0.03666666666666667,0.75,2,2617
4386,jev-1.13.0,0.09333333333333334,0.0,0.9066666666666667,2,2627
4387,jev-1.13.0,0.5700000000000001,0.0033333333333333335,0.4266666666666667,0,2628
4388,jev-1.13.0,0.8266666666666667,0.11,0.06333333333333334,0,2618
4389,jev-1.13.0,0.24666666666666667,0.0,0.7533333333333333,2,2678
4390,jev-1.13.0,1.0,0.0,0.0,0,2621
4391,jev-1.13.0,1.0,0.0,0.0,0,2620
4392,jev-1.13.0,0.8099999999999999,0.016666666666666666,0.17333333333333334,0,2628
4393,jev-1.13.0,0.7333333333333334,0.02333333333333333,0.24333333333333332,0,2640
4394,jev-1.13.0,0.08,0.0,0.92,2,2688
4395,jev-1.13.0,0.18333333333333335,0.006666666666666667,0.8099999999999999,2,2659
4396,jev-1.13.0,0.9733333333333333,0.0,0.02666666666666667,0,2631
4397,jev-1.13.0,0.19000000000000003,0.07666666666666667,0.7333333333333334,2,2663
4398,jev-1.13.0,0.14,0.2333333333333333,0.6266666666666666,2,2630
4399,jev-1.13.0,0.10000000000000002,0.006666666666666667,0.8933333333333334,2,2619
4400,jev-1.13.0,0.35000000000000003,0.0,0.65,2,2707
4401,jev-1.13.0,0.6566666666666666,0.19333333333333336,0.15,0,2617
4402,jev-1.13.0,0.16,0.0033333333333333335,0.8366666666666666,2,2649
4403,jev-1.13.0,0.6833333333333335,0.0033333333333333335,0.3133333333333333,0,2624
4404,jev-1.13.0,0.6766666666666667,0.04,0.2833333333333334,0,2629
4405,jev-1.13.0,0.47333333333333333,0.02,0.5066666666666667,2,2625
4406,jev-1.13.0,0.0,0.0,1.0,2,2658
4407,jev-1.13.0,0.31666666666666665,0.37666666666666665,0.30666666666666664,1,2625
4408,jev-1.13.0,0.77,0.16,0.07,0,2644
4409,jev-1.13.0,0.049999999999999996,0.0033333333333333335,0.9466666666666667,2,2631
4410,jev-1.13.0,0.75,0.04,0.21,0,2626
4411,jev-1.13.0,0.8333333333333334,0.013333333333333334,0.15333333333333335,0,2628
4412,jev-1.13.0,0.14666666666666667,0.02666666666666667,0.8266666666666667,2,2631
4413,jev-1.13.0,0.11666666666666665,0.8666666666666667,0.016666666666666666,1,2618
4414,jev-1.13.0,0.6866666666666666,0.0033333333333333335,0.31000000000000005,0,2624
4415,jev-1.13.0,0.9833333333333334,0.0,0.016666666666666666,0,2685
4416,jev-1.13.0,0.3066666666666667,0.0,0.6933333333333334,2,2665
4417,jev-1.13.0,0.5,0.13333333333333333,0.3666666666666667,0,2629
4418,jev-1.13.0,0.8733333333333334,0.0,0.12666666666666668,0,2633
4419,jev-1.13.0,0.36999999999999994,0.0,0.63,2,2715
4420,jev-1.13.0,0.51,0.3633333333333333,0.12666666666666668,0,2644
4421,jev-1.13.0,0.7399999999999999,0.02666666666666667,0.2333333333333333,0,2639
4422,jev-1.13.0,0.09000000000000001,0.34,0.57,2,2625
4423,jev-1.13.0,0.9566666666666667,0.0033333333333333335,0.04,0,2627
4424,jev-1.13.0,0.18000000000000002,0.82,0.0,1,2617
4425,jev-1.13.0,0.01,0.0,0.9899999999999999,2,2682
4426,jev-1.13.0,0.016666666666666666,0.0,0.9833333333333334,2,2642
4427,jev-1.13.0,0.8233333333333333,0.0,0.17666666666666667,0,2643
4428,jev-1.13.0,0.10333333333333333,0.8966666666666666,0.0,1,2619
4429,jev-1.13.0,0.22,0.0033333333333333335,0.7766666666666667,2,2631
4430,jev-1.13.0,0.7066666666666667,0.043333333333333335,0.25,0,2621
4431,jev-1.13.0,0.9899999999999999,0.0,0.01,0,2640
4432,jev-1.13.0,0.6633333333333333,0.2833333333333333,0.05333333333333334,0,2617
4433,jev-1.13.0,0.8133333333333334,0.0,0.18666666666666665,0,2668
4434,jev-1.13.0,0.57,0.21,0.22,0,2654
4435,jev-1.13.0,0.35666666666666663,0.16666666666666666,0.4766666666666666,2,2630
4436,jev-1.13.0,0.43999999999999995,0.013333333333333334,0.5466666666666667,2,2617
4437,jev-1.13.0,0.68,0.10666666666666667,0.21333333333333335,0,2640
4438,jev-1.13.0,0.19000000000000003,0.0,0.81,2,2646
4439,jev-1.13.0,0.26666666666666666,0.17333333333333334,0.56,2,2649
4440,jev-1.13.0,0.7366666666666667,0.01,0.25333333333333335,0,2626
4441,jev-1.13.0,0.9,0.02,0.08,0,2620
4442,jev-1.13.0,0.6566666666666666,0.049999999999999996,0.29333333333333333,0,2625
4443,jev-1.13.0,0.86,0.05666666666666667,0.08333333333333333,0,2620
4444,jev-1.13.0,0.5599999999999999,0.13333333333333333,0.3066666666666667,0,2617
4445,jev-1.13.0,0.62,0.013333333333333334,0.3666666666666667,0,2626
4446,jev-1.13.0,0.27666666666666667,0.0,0.7233333333333333,2,2618
4447,jev-1.13.0,1.0,0.0,0.0,0,2613
4448,jev-1.13.0,0.22,0.0,0.7799999999999999,2,2632
4449,jev-1.13.0,0.5866666666666668,0.04666666666666667,0.3666666666666667,0,2620
4450,jev-1.13.0,0.56,0.24666666666666667,0.19333333333333336,0,2621
4451,jev-1.13.0,0.9733333333333333,0.0,0.02666666666666667,0,2616
4452,jev-1.13.0,0.10666666666666667,0.0,0.8933333333333334,2,2639
4453,jev-1.13.0,0.7566666666666667,0.06333333333333334,0.17999999999999997,0,2614
4454,jev-1.13.0,0.5766666666666667,0.0,0.42333333333333334,0,2632
4455,jev-1.13.0,1.0,0.0,0.0,0,2619
4456,jev-1.13.0,0.86,0.04666666666666667,0.09333333333333332,0,2626
4457,jev-1.13.0,0.24333333333333332,0.62,0.1366666666666667,1,2614
4458,jev-1.13.0,0.03,0.8933333333333334,0.07666666666666667,1,2625
4459,jev-1.13.0,0.24666666666666667,0.016666666666666666,0.7366666666666667,2,2616
4460,jev-1.13.0,0.6866666666666665,0.006666666666666667,0.30666666666666664,0,2627
4461,jev-1.13.0,0.5566666666666666,0.013333333333333334,0.42999999999999994,0,2631
4462,jev-1.13.0,0.04,0.9566666666666667,0.0033333333333333335,1,2617
4463,jev-1.13.0,0.25333333333333335,0.01,0.7366666666666667,2,2637
4464,jev-1.13.0,0.6233333333333334,0.09666666666666668,0.28,0,2621
4465,jev-1.13.0,0.31666666666666665,0.02333333333333333,0.6599999999999999,2,2628
4466,jev-1.13.0,0.06,0.9133333333333334,0.02666666666666667,1,2634
4467,jev-1.13.0,0.0,0.0,1.0,2,2629
4468,jev-1.13.0,0.9366666666666665,0.03,0.03333333333333333,0,2613
4469,jev-1.13.0,0.33666666666666667,0.62,0.043333333333333335,1,2618
4470,jev-1.13.0,0.21333333333333335,0.006666666666666667,0.7799999999999999,2,2622
4471,jev-1.13.0,0.9466666666666667,0.0,0.05333333333333334,0,2619
4472,jev-1.13.0,0.9933333333333333,0.0,0.006666666666666667,0,2625
4473,jev-1.13.0,0.47333333333333333,0.016666666666666666,0.51,2,2622
4474,jev-1.13.0,0.61,0.0033333333333333335,0.3866666666666667,0,2623
4475,jev-1.13.0,0.03,0.9033333333333333,0.06666666666666667,1,2620
4476,jev-1.13.0,1.0,0.0,0.0,0,2616
4477,jev-1.13.0,1.0,0.0,0.0,0,2615
4478,jev-1.13.0,0.15333333333333335,0.33,0.5166666666666666,2,2647
4479,jev-1.13.0,0.2333333333333333,0.32666666666666666,0.44,2,2626
4480,jev-1.13.0,0.33,0.03666666666666667,0.6333333333333333,2,2623
4481,jev-1.13.0,0.62,0.04,0.34,0,2621
4482,jev-1.13.0,0.21999999999999997,0.0033333333333333335,0.7766666666666667,2,2638
4483,jev-1.13.0,0.6233333333333334,0.14666666666666667,0.23,0,2623
4484,jev-1.13.0,0.5666666666666665,0.4166666666666667,0.016666666666666666,0,2623
4485,jev-1.13.0,0.11,0.89,0.0,1,2620
4486,jev-1.13.0,0.06666666666666667,0.93,0.0033333333333333335,1,2616
4487,jev-1.13.0,0.013333333333333334,0.0,0.9866666666666667,2,2639
4488,jev-1.13.0,0.7333333333333334,0.0,0.26666666666666666,0,2615
4489,jev-1.13.0,0.39666666666666667,0.06333333333333334,0.54,2,2620
4490,jev-1.13.0,0.08333333333333333,0.07666666666666666,0.84,2,2617
4491,jev-1.13.0,1.0,0.0,0.0,0,2617
4492,jev-1.13.0,1.0,0.0,0.0,0,2615
4493,jev-1.13.0,0.5266666666666667,0.15666666666666665,0.31666666666666665,0,2625
4494,jev-1.13.0,0.11,0.8833333333333333,0.006666666666666667,1,2616
4495,jev-1.13.0,1.0,0.0,0.0,0,2620
4496,jev-1.13.0,0.9033333333333333,0.09666666666666668,0.0,0,2623
4497,jev-1.13.0,0.32,0.023333333333333334,0.6566666666666667,2,2625
4498,jev-1.13.0,0.023333333333333334,0.0,0.9766666666666666,2,2622
4499,jev-1.13.0,0.48,0.016666666666666666,0.5033333333333333,2,2619
4500,jev-1.13.0,0.1366666666666667,0.77,0.09333333333333332,1,2678
4501,jev-1.13.0,1.0,0.0,0.0,0,2617
4502,jev-1.13.0,1.0,0.0,0.0,0,2613
4503,jev-1.13.0,0.20666666666666664,0.006666666666666667,0.7866666666666667,2,2654
4504,jev-1.13.0,0.4766666666666666,0.12666666666666668,0.39666666666666667,0,2620
4505,jev-1.13.0,0.9533333333333333,0.02333333333333333,0.023333333333333334,0,2624
4506,jev-1.13.0,0.9566666666666667,0.01,0.03333333333333333,0,2618
4507,jev-1.13.0,0.9433333333333334,0.01,0.04666666666666667,0,2625
4508,jev-1.13.0,0.83,0.0,0.17,0,2620
4509,jev-1.13.0,0.11666666666666665,0.0,0.8833333333333333,2,2637
4510,jev-1.13.0,0.98,0.0,0.02,0,2628
4511,jev-1.13.0,0.7866666666666666,0.05333333333333334,0.16,0,2630
4512,jev-1.13.0,0.3333333333333333,0.08666666666666667,0.5800000000000001,2,2635
4513,jev-1.13.0,0.03,0.013333333333333334,0.9566666666666667,2,2678
4514,jev-1.13.0,0.8833333333333333,0.013333333333333334,0.10333333333333335,0,2634
4515,jev-1.13.0,0.8066666666666666,0.09333333333333334,0.10000000000000002,0,2632
4516,jev-1.13.0,0.6966666666666667,0.02666666666666667,0.27666666666666667,0,2635
4517,jev-1.13.0,0.9666666666666667,0.013333333333333334,0.02,0,2667
4518,jev-1.13.0,0.31,0.006666666666666667,0.6833333333333332,2,2638
4519,jev-1.13.0,0.48666666666666664,0.05666666666666667,0.4566666666666667,0,2654
4520,jev-1.13.0,0.44333333333333336,0.20666666666666667,0.35000000000000003,0,2631
4521,jev-1.13.0,0.006666666666666667,0.0,0.9933333333333333,2,2757
4522,jev-1.13.0,0.4166666666666667,0.01,0.5733333333333334,2,2638
4523,jev-1.13.0,1.0,0.0,0.0,0,2615
4524,jev-1.13.0,1.0,0.0,0.0,0,2617
4525,jev-1.13.0,0.16333333333333333,0.0,0.8366666666666668,2,2669
4526,jev-1.13.0,0.41333333333333333,0.56,0.02666666666666667,1,2624
4527,jev-1.13.0,1.0,0.0,0.0,0,2617
4528,jev-1.13.0,0.9966666666666667,0.0033333333333333335,0.0,0,2616
4529,jev-1.13.0,1.0,0.0,0.0,0,2615
4530,jev-1.13.0,0.30333333333333334,0.016666666666666666,0.68,2,2646
4531,jev-1.13.0,0.4433333333333333,0.013333333333333334,0.5433333333333333,2,2665
4532,jev-1.13.0,0.5033333333333333,0.0,0.49666666666666665,0,2646
4533,jev-1.13.0,0.9033333333333333,0.03,0.06666666666666667,0,2634
4534,jev-1.13.0,0.5,0.06666666666666667,0.43333333333333335,0,2630
4535,jev-1.13.0,1.0,0.0,0.0,0,2623
4536,jev-1.13.0,0.29000000000000004,0.21,0.5,2,2617
4537,jev-1.13.0,0.1366666666666667,0.7799999999999999,0.08333333333333333,1,2617
4538,jev-1.13.0,0.0,0.0,1.0,2,2638
4539,jev-1.13.0,0.49333333333333335,0.10333333333333333,0.4033333333333333,0,2617
4540,jev-1.13.0,1.0,0.0,0.0,0,2734
4541,jev-1.13.0,0.44,0.37000000000000005,0.18999999999999997,0,2628
4542,jev-1.13.0,0.9733333333333333,0.0,0.02666666666666667,0,2626
4543,jev-1.13.0,0.9,0.07666666666666667,0.023333333333333334,0,2613
4544,jev-1.13.0,0.2833333333333333,0.6866666666666666,0.03,1,2622
4545,jev-1.13.0,0.82,0.09666666666666668,0.08333333333333333,0,2618
4546,jev-1.13.0,0.47,0.08333333333333333,0.4466666666666667,0,2628
4547,jev-1.13.0,0.006666666666666667,0.9933333333333333,0.0,1,2615
4548,jev-1.13.0,0.88,0.0,0.12,0,2634
4549,jev-1.13.0,0.8966666666666666,0.006666666666666667,0.09666666666666668,0,2624
4550,jev-1.13.0,0.37000000000000005,0.12333333333333334,0.5066666666666667,2,2628
4551,jev-1.13.0,0.5166666666666667,0.013333333333333334,0.47,0,2631
4552,jev-1.13.0,1.0,0.0,0.0,0,2616
4553,jev-1.13.0,0.27999999999999997,0.0,0.7200000000000001,2,2715
4554,jev-1.13.0,0.26333333333333336,0.013333333333333334,0.7233333333333333,2,2644
4555,jev-1.13.0,0.9,0.013333333333333334,0.08666666666666667,0,2623
4556,jev-1.13.0,0.8000000000000002,0.02,0.18000000000000002,0,2622
4557,jev-1.13.0,0.6966666666666667,0.016666666666666666,0.2866666666666667,0,2629
4558,jev-1.13.0,0.5666666666666665,0.0033333333333333335,0.43,0,2655
4559,jev-1.13.0,0.6166666666666667,0.0033333333333333335,0.38000000000000006,0,2637
4560,jev-1.13.0,0.9700000000000001,0.02666666666666667,0.0033333333333333335,0,2625
4561,jev-1.13.0,0.6866666666666666,0.0,0.3133333333333333,0,2653
4562,jev-1.13.0,0.96,0.0,0.04,0,2653
4563,jev-1.13.0,0.3066666666666667,0.013333333333333334,0.68,2,2630
4564,jev-1.13.0,0.056666666666666664,0.9199999999999999,0.023333333333333334,1,2645
4565,jev-1.13.0,0.4433333333333333,0.08,0.4766666666666666,2,2628
4566,jev-1.13.0,0.0,0.0,1.0,2,2689
4567,jev-1.13.0,0.41,0.02666666666666667,0.5633333333333334,2,2631
4568,jev-1.13.0,0.8333333333333334,0.023333333333333334,0.14333333333333334,0,2651
4569,jev-1.13.0,0.8066666666666666,0.016666666666666666,0.17666666666666667,0,2629
4570,jev-1.13.0,0.6533333333333333,0.03333333333333333,0.3133333333333333,0,2637
4571,jev-1.13.0,0.9666666666666667,0.023333333333333334,0.01,0,2613
4572,jev-1.13.0,0.35000000000000003,0.056666666666666664,0.5933333333333334,2,2620
4573,jev-1.13.0,0.9766666666666666,0.0033333333333333335,0.02,0,2639
4574,jev-1.13.0,0.8966666666666666,0.013333333333333334,0.09000000000000001,0,2630
4575,jev-1.13.0,0.56,0.013333333333333334,0.4266666666666667,0,2623
4576,jev-1.13.0,0.7666666666666666,0.0,0.2333333333333333,0,2635
4577,jev-1.13.0,0.21000000000000005,0.03666666666666667,0.7533333333333334,2,2625
4578,jev-1.13.0,1.0,0.0,0.0,0,2618
4579,jev-1.13.0,0.5299999999999999,0.4266666666666667,0.043333333333333335,0,2620
4580,jev-1.13.0,0.4033333333333333,0.016666666666666666,0.58,2,2623
4581,jev-1.13.0,1.0,0.0,0.0,0,2620
4582,jev-1.13.0,1.0,0.0,0.0,0,2616
4583,jev-1.13.0,0.39000000000000007,0.16,0.45,2,2619
4584,jev-1.13.0,0.19999999999999998,0.26333333333333336,0.5366666666666666,2,2620
4585,jev-1.13.0,0.2866666666666667,0.043333333333333335,0.6699999999999999,2,2624
4586,jev-1.13.0,0.9866666666666667,0.01,0.0033333333333333335,0,2617
4587,jev-1.13.0,0.6566666666666667,0.24666666666666667,0.09666666666666666,0,2627
4588,jev-1.13.0,0.23666666666666666,0.5599999999999999,0.20333333333333337,1,2624
4589,jev-1.13.0,0.49666666666666665,0.4366666666666667,0.06666666666666667,0,2628
4590,jev-1.13.0,0.5966666666666667,0.01,0.39333333333333337,0,2635
4591,jev-1.13.0,0.9533333333333333,0.0,0.04666666666666667,0,2626
4592,jev-1.13.0,0.3033333333333333,0.0033333333333333335,0.6933333333333334,2,2627
4593,jev-1.13.0,0.0,0.0,1.0,2,2645
4594,jev-1.13.0,0.79,0.02,0.18999999999999997,0,2686
4595,jev-1.13.0,0.01,0.0033333333333333335,0.9866666666666667,2,2632
4596,jev-1.13.0,0.18666666666666668,0.0033333333333333335,0.81,2,2690
4597,jev-1.13.0,0.0,1.0,0.0,1,2672
4598,jev-1.13.0,1.0,0.0,0.0,0,2643
4599,jev-1.13.0,0.07666666666666667,0.9166666666666666,0.006666666666666667,1,2616
4600,jev-1.13.0,0.6233333333333334,0.10666666666666667,0.27,0,2626
4601,jev-1.13.0,0.6033333333333334,0.006666666666666667,0.38999999999999996,0,2653
4602,jev-1.13.0,0.47000000000000003,0.0,0.53,2,2677
4603,jev-1.13.0,0.3133333333333333,0.6566666666666666,0.03,1,2619
4604,jev-1.13.0,0.04666666666666667,0.0,0.9533333333333333,2,2675
4605,jev-1.13.0,0.5133333333333333,0.013333333333333334,0.47333333333333333,0,2632
4606,jev-1.13.0,0.32,0.05333333333333334,0.6266666666666666,2,2663
4607,jev-1.13.0,1.0,0.0,0.0,0,2619
4608,jev-1.13.0,0.6,0.25,0.15000000000000002,0,2628
4609,jev-1.13.0,0.3133333333333333,0.060000000000000005,0.6266666666666667,2,2640
4610,jev-1.13.0,0.55,0.013333333333333334,0.4366666666666667,0,2637
4611,jev-1.13.0,0.6033333333333334,0.0,0.39666666666666667,0,2626
4612,jev-1.13.0,0.92,0.0,0.08,0,2630
4613,jev-1.13.0,0.9666666666666667,0.01,0.023333333333333334,0,2618
4614,jev-1.13.0,0.0,0.0,1.0,2,2627
4615,jev-1.13.0,0.5,0.0,0.5,0,2641
4616,jev-1.13.0,0.0,0.0,1.0,2,2644
4617,jev-1.13.0,1.0,0.0,0.0,0,2617
4618,jev-1.13.0,0.25,0.02,0.73,2,2625
4619,jev-1.13.0,0.26333333333333336,0.01,0.7266666666666666,2,2648
4620,jev-1.13.0,0.6766666666666666,0.08333333333333333,0.24,0,2613
4621,jev-1.13.0,0.7433333333333333,0.14,0.11666666666666665,0,2615
4622,jev-1.13.0,1.0,0.0,0.0,0,2616
4623,jev-1.13.0,0.22,0.0,0.7799999999999999,2,2656
4624,jev-1.13.0,0.9933333333333333,0.006666666666666667,0.0,0,2617
4625,jev-1.13.0,0.07,0.0,0.93,2,2651
4626,jev-1.13.0,0.37333333333333335,0.0033333333333333335,0.6233333333333334,2,2621
4627,jev-1.13.0,0.71,0.030000000000000002,0.26,0,2616
4628,jev-1.13.0,0.01,0.0,0.9899999999999999,2,2615
4629,jev-1.13.0,0.8333333333333334,0.04666666666666667,0.12,0,2620
4630,jev-1.13.0,0.7266666666666667,0.26333333333333336,0.01,0,2624
4631,jev-1.13.0,0.1366666666666667,0.03,0.8333333333333334,2,2630
4632,jev-1.13.0,0.10000000000000002,0.6166666666666667,0.2833333333333334,1,2624
4633,jev-1.13.0,0.6533333333333333,0.17666666666666667,0.17,0,2616
4634,jev-1.13.0,0.8633333333333333,0.049999999999999996,0.08666666666666667,0,2622
4635,jev-1.13.0,1.0,0.0,0.0,0,2628
4636,jev-1.13.0,0.25333333333333335,0.02,0.7266666666666667,2,2652
4637,jev-1.13.0,0.85,0.03666666666666667,0.11333333333333333,0,2635
4638,jev-1.13.0,0.93,0.0,0.07,0,2650
4639,jev-1.13.0,0.03,0.9633333333333333,0.006666666666666667,1,2617
4640,jev-1.13.0,0.23666666666666666,0.006666666666666667,0.7566666666666667,2,2620
4641,jev-1.13.0,0.09333333333333334,0.0,0.9066666666666667,2,2639
4642,jev-1.13.0,1.0,0.0,0.0,0,2617
4643,jev-1.13.0,0.4266666666666667,0.2866666666666666,0.2866666666666667,0,2619
4644,jev-1.13.0,0.9633333333333333,0.013333333333333334,0.023333333333333334,0,2625
4645,jev-1.13.0,0.05333333333333334,0.0,0.9466666666666667,2,2712
4646,jev-1.13.0,0.56,0.04,0.4000000000000001,0,2623
4647,jev-1.13.0,0.6566666666666666,0.016666666666666666,0.32666666666666666,0,2620
4648,jev-1.13.0,0.2833333333333334,0.006666666666666667,0.71,2,2638
4649,jev-1.13.0,0.6900000000000001,0.28,0.03,0,2626
4650,jev-1.13.0,0.8433333333333333,0.0033333333333333335,0.15333333333333335,0,2636
4651,jev-1.13.0,0.83,0.0,0.17,0,2619
4652,jev-1.13.0,0.006666666666666667,0.0,0.9933333333333333,2,2678
4653,jev-1.13.0,0.96,0.013333333333333334,0.02666666666666667,0,2625
4654,jev-1.13.0,0.8233333333333333,0.02333333333333333,0.15333333333333335,0,2623
4655,jev-1.13.0,1.0,0.0,0.0,0,2621
4656,jev-1.13.0,0.006666666666666667,0.0,0.9933333333333333,2,2818
4657,jev-1.13.0,0.45333333333333337,0.08666666666666667,0.45999999999999996,2,2625
4658,jev-1.13.0,0.8366666666666666,0.0,0.16333333333333333,0,2618
4659,jev-1.13.0,0.0,0.9833333333333334,0.016666666666666666,1,2635
4660,jev-1.13.0,0.84,0.0033333333333333335,0.15666666666666668,0,2630
4661,jev-1.13.0,1.0,0.0,0.0,0,2616
4662,jev-1.13.0,0.20666666666666667,0.013333333333333334,0.7799999999999999,2,2679
4663,jev-1.13.0,0.07333333333333333,0.03666666666666667,0.89,2,2629
4664,jev-1.13.0,0.0,1.0,0.0,1,2620
4665,jev-1.13.0,1.0,0.0,0.0,0,2616
4666,jev-1.13.0,0.9033333333333333,0.016666666666666666,0.08,0,2622
4667,jev-1.13.0,0.9366666666666666,0.03333333333333333,0.03,0,2618
4668,jev-1.13.0,1.0,0.0,0.0,0,2627
4669,jev-1.13.0,0.33666666666666667,0.006666666666666667,0.6566666666666667,2,2637
4670,jev-1.13.0,0.7166666666666667,0.016666666666666666,0.26666666666666666,0,2623
4671,jev-1.13.0,0.8133333333333334,0.06666666666666667,0.12,0,2621
4672,jev-1.13.0,0.21999999999999997,0.01,0.77,2,2631
4673,jev-1.13.0,0.89,0.043333333333333335,0.06666666666666667,0,2622
4674,jev-1.13.0,0.9633333333333333,0.01,0.02666666666666667,0,2619
4675,jev-1.13.0,0.88,0.0,0.12,0,2628
4676,jev-1.13.0,0.3833333333333333,0.030000000000000002,0.5866666666666666,2,2618
4677,jev-1.13.0,0.9833333333333334,0.01,0.006666666666666667,0,2625
4678,jev-1.13.0,0.9,0.09666666666666668,0.0033333333333333335,0,2637
4679,jev-1.13.0,0.3466666666666667,0.15666666666666665,0.49666666666666665,2,2622
4680,jev-1.13.0,0.18000000000000002,0.0,0.82,2,2668
4681,jev-1.13.0,0.37666666666666665,0.03333333333333333,0.59,2,2644
4682,jev-1.13.0,0.9933333333333333,0.0,0.006666666666666667,0,2648
4683,jev-1.13.0,0.5566666666666666,0.43333333333333335,0.01,0,2617
4684,jev-1.13.0,0.6133333333333333,0.22333333333333336,0.16333333333333333,0,2636
4685,jev-1.13.0,0.49333333333333335,0.023333333333333334,0.48333333333333334,0,2630
4686,jev-1.13.0,0.9733333333333333,0.01,0.016666666666666666,0,2615
4687,jev-1.13.0,0.04666666666666667,0.6,0.35333333333333333,1,2619
4688,jev-1.13.0,1.0,0.0,0.0,0,2613
4689,jev-1.13.0,0.016666666666666666,0.3333333333333333,0.65,2,2644
4690,jev-1.13.0,0.02,0.0,0.98,2,2652
4691,jev-1.13.0,0.9899999999999999,0.0,0.01,0,2629
4692,jev-1.13.0,0.16,0.0033333333333333335,0.8366666666666666,2,2627
4693,jev-1.13.0,0.3833333333333333,0.006666666666666667,0.61,2,2652
4694,jev-1.13.0,0.5066666666666667,0.043333333333333335,0.45,0,2623
4695,jev-1.13.0,0.2933333333333333,0.043333333333333335,0.6633333333333334,2,2622
4696,jev-1.13.0,0.006666666666666667,0.0,0.9933333333333333,2,2616
4697,jev-1.13.0,1.0,0.0,0.0,0,2617
4698,jev-1.13.0,1.0,0.0,0.0,0,2680
4699,jev-1.13.0,0.20333333333333334,0.023333333333333334,0.7733333333333334,2,2683
4700,jev-1.13.0,0.45333333333333337,0.030000000000000002,0.5166666666666667,2,2640
4701,jev-1.13.0,0.6033333333333334,0.39666666666666667,0.0,0,2654
4702,jev-1.13.0,0.23666666666666666,0.023333333333333334,0.7399999999999999,2,2621
4703,jev-1.13.0,0.9666666666666667,0.0033333333333333335,0.03,0,2626
4704,jev-1.13.0,0.3833333333333333,0.006666666666666667,0.61,2,2631
4705,jev-1.13.0,0.7333333333333334,0.02,0.24666666666666667,0,2616
4706,jev-1.13.0,0.9899999999999999,0.01,0.0,0,2620
4707,jev-1.13.0,0.20333333333333337,0.41999999999999993,0.3766666666666667,1,2662
4708,jev-1.13.0,0.13333333333333333,0.0,0.8666666666666667,2,2628
4709,jev-1.13.0,0.05333333333333334,0.17333333333333334,0.7733333333333334,2,2794
4710,jev-1.13.0,0.30000000000000004,0.10666666666666667,0.5933333333333333,2,2624
4711,jev-1.13.0,0.016666666666666666,0.9233333333333333,0.06,1,2622
4712,jev-1.13.0,0.0,0.0,1.0,2,2687
4713,jev-1.13.0,0.08333333333333333,0.8300000000000001,0.08666666666666667,1,2615
4714,jev-1.13.0,0.6333333333333333,0.10333333333333333,0.26333333333333336,0,2646
4715,jev-1.13.0,0.05666666666666667,0.0,0.9433333333333334,2,2644
4716,jev-1.13.0,0.19666666666666668,0.02666666666666667,0.7766666666666667,2,2614
4717,jev-1.13.0,0.68,0.016666666666666666,0.30333333333333334,0,2635
4718,jev-1.13.0,0.02,0.01,0.9700000000000001,2,2640
4719,jev-1.13.0,0.8266666666666667,0.10333333333333333,0.07,0,2630
4720,jev-1.13.0,1.0,0.0,0.0,0,2624
4721,jev-1.13.0,0.06,0.9333333333333332,0.006666666666666667,1,2617
4722,jev-1.13.0,0.8533333333333334,0.0,0.1466666666666667,0,2675
4723,jev-1.13.0,0.7600000000000001,0.013333333333333334,0.22666666666666668,0,2636
4724,jev-1.13.0,0.49666666666666665,0.049999999999999996,0.4533333333333333,0,2637
4725,jev-1.13.0,0.17666666666666667,0.0,0.8233333333333333,2,2638
4726,jev-1.13.0,0.96,0.02,0.02,0,2614
4727,jev-1.13.0,1.0,0.0,0.0,0,2619
4728,jev-1.13.0,1.0,0.0,0.0,0,2616
4729,jev-1.13.0,0.21666666666666665,0.7600000000000001,0.023333333333333334,1,2628
4730,jev-1.13.0,0.25666666666666665,0.01,0.7333333333333334,2,2628
4731,jev-1.13.0,0.5633333333333334,0.08666666666666667,0.35000000000000003,0,2618
4732,jev-1.13.0,0.41,0.013333333333333334,0.5766666666666667,2,2642
4733,jev-1.13.0,0.08666666666666667,0.013333333333333334,0.9,2,2622
4734,jev-1.13.0,0.25333333333333335,0.0,0.7466666666666667,2,2722
4735,jev-1.13.0,0.87,0.08,0.05000000000000001,0,2629
4736,jev-1.13.0,0.03,0.0,0.9700000000000001,2,2679
4737,jev-1.13.0,0.5633333333333334,0.0033333333333333335,0.43333333333333335,0,2638
4738,jev-1.13.0,0.8066666666666666,0.03333333333333333,0.16,0,2635
4739,jev-1.13.0,0.03333333333333333,0.0,0.9666666666666667,2,2624
4740,jev-1.13.0,0.01,0.0,0.9899999999999999,2,2617
4741,jev-1.13.0,0.9700000000000001,0.0,0.03,0,2638
4742,jev-1.13.0,0.01,0.0,0.9899999999999999,2,2684
4743,jev-1.13.0,0.9133333333333334,0.0,0.08666666666666667,0,2649
4744,jev-1.13.0,1.0,0.0,0.0,0,2619
4745,jev-1.13.0,0.36999999999999994,0.0,0.63,2,2818
4746,jev-1.13.0,0.7033333333333333,0.2866666666666667,0.01,0,2613
4747,jev-1.13.0,0.6366666666666666,0.14666666666666667,0.21666666666666665,0,2676
4748,jev-1.13.0,0.04666666666666667,0.0,0.9533333333333333,2,2629
4749,jev-1.13.0,0.2966666666666667,0.013333333333333334,0.69,2,2639
4750,jev-1.13.0,0.9566666666666667,0.0,0.043333333333333335,0,2615
4751,jev-1.13.0,0.9733333333333333,0.01,0.016666666666666666,0,2707
4752,jev-1.13.0,0.01,0.0,0.9899999999999999,2,2620
4753,jev-1.13.0,0.01,0.0,0.9899999999999999,2,2736
4754,jev-1.13.0,0.37999999999999995,0.0,0.62,2,2968
4755,jev-1.13.0,0.6866666666666665,0.04,0.2733333333333334,0,2622
4756,jev-1.13.0,0.28,0.05333333333333334,0.6666666666666666,2,2618
4757,jev-1.13.0,0.02,0.0,0.98,2,2633
4758,jev-1.13.0,0.10333333333333333,0.0,0.8966666666666666,2,2619
4759,jev-1.13.0,0.6699999999999999,0.01,0.32,0,2629
4760,jev-1.13.0,0.4633333333333333,0.013333333333333334,0.5233333333333333,2,2631
4761,jev-1.13.0,0.006666666666666667,0.0,0.9933333333333333,2,2632
4762,jev-1.13.0,0.04,0.0,0.96,2,2638
4763,jev-1.13.0,0.83,0.04666666666666667,0.12333333333333334,0,2634
4764,jev-1.13.0,0.12666666666666668,0.7000000000000001,0.17333333333333334,1,2622
4765,jev-1.13.0,0.9366666666666666,0.006666666666666667,0.05666666666666667,0,2640
4766,jev-1.13.0,1.0,0.0,0.0,0,2618
4767,jev-1.13.0,0.3233333333333333,0.0,0.6766666666666666,2,2635
4768,jev-1.13.0,0.9333333333333332,0.0,0.06666666666666667,0,2628
4769,jev-1.13.0,0.8666666666666667,0.0,0.13333333333333333,0,2634
4770,jev-1.13.0,0.9733333333333333,0.0,0.02666666666666667,0,2651
4771,jev-1.13.0,0.32,0.043333333333333335,0.6366666666666667,2,2661
4772,jev-1.13.0,0.11666666666666665,0.13,0.7533333333333333,2,2627
4773,jev-1.13.0,0.15666666666666665,0.8433333333333334,0.0,1,2638
4774,jev-1.13.0,0.29,0.02,0.6900000000000001,2,2638
4775,jev-1.13.0,0.49,0.5099999999999999,0.0,1,2629
4776,jev-1.13.0,0.9933333333333333,0.006666666666666667,0.0,0,2710
4777,jev-1.13.0,0.023333333333333334,0.0033333333333333335,0.9733333333333333,2,2634
4778,jev-1.13.0,0.056666666666666664,0.0,0.9433333333333334,2,2634
4779,jev-1.13.0,0.45,0.0033333333333333335,0.5466666666666667,2,2632
4780,jev-1.13.0,0.36000000000000004,0.0,0.64,2,2642
4781,jev-1.13.0,0.9566666666666667,0.006666666666666667,0.03666666666666667,0,2643
4782,jev-1.13.0,0.5533333333333333,0.16666666666666666,0.28,0,2638
4783,jev-1.13.0,1.0,0.0,0.0,0,2616
4784,jev-1.13.0,0.7333333333333334,0.05000000000000001,0.21666666666666665,0,2624
4785,jev-1.13.0,0.41,0.0033333333333333335,0.5866666666666667,2,2628
4786,jev-1.13.0,0.82,0.10666666666666667,0.07333333333333335,0,2616
4787,jev-1.13.0,0.56,0.013333333333333334,0.4266666666666667,0,2630
4788,jev-1.13.0,0.7600000000000001,0.16,0.08,0,2639
4789,jev-1.13.0,0.9666666666666667,0.0,0.03333333333333333,0,2623
4790,jev-1.13.0,0.21,0.036666666666666674,0.7533333333333333,2,2626
4791,jev-1.13.0,0.006666666666666667,0.0,0.9933333333333333,2,2619
4792,jev-1.13.0,0.0033333333333333335,0.0,0.9966666666666667,2,2622
4793,jev-1.13.0,0.8633333333333333,0.0,0.1366666666666667,0,2628
4794,jev-1.13.0,0.44333333333333336,0.0,0.5566666666666666,2,2658
4795,jev-1.13.0,0.5966666666666667,0.006666666666666667,0.39666666666666667,0,2657
4796,jev-1.13.0,0.11666666666666665,0.65,0.2333333333333333,1,2623
4797,jev-1.13.0,0.053333333333333344,0.0,0.9466666666666667,2,2628
4798,jev-1.13.0,0.2333333333333333,0.0,0.7666666666666666,2,2616
4799,jev-1.13.0,0.6,0.016666666666666666,0.3833333333333333,0,2629
4800,jev-1.13.0,0.43999999999999995,0.0033333333333333335,0.5566666666666666,2,2645
4801,jev-1.13.0,0.0033333333333333335,0.0,0.9966666666666667,2,2784
4802,jev-1.13.0,0.5366666666666667,0.11666666666666665,0.3466666666666667,0,2623
4803,jev-1.13.0,0.5166666666666667,0.33,0.15333333333333332,0,2619
4804,jev-1.13.0,1.0,0.0,0.0,0,2622
4805,jev-1.13.0,0.27,0.06,0.67,2,2654
4806,jev-1.13.0,0.07333333333333333,0.0,0.9266666666666667,2,2635
4807,jev-1.13.0,0.043333333333333335,0.013333333333333334,0.9433333333333334,2,2638
4808,jev-1.13.0,0.4666666666666666,0.0,0.5333333333333333,2,2646
4809,jev-1.13.0,0.8166666666666665,0.14333333333333334,0.04,0,2629
4810,jev-1.13.0,0.0,0.0,1.0,2,2666
4811,jev-1.13.0,0.03666666666666667,0.0,0.9633333333333333,2,2685
4812,jev-1.13.0,0.11666666666666665,0.0,0.8833333333333333,2,2627
4813,jev-1.13.0,0.6633333333333332,0.0033333333333333335,0.3333333333333333,0,2624
4814,jev-1.13.0,0.3333333333333333,0.06333333333333334,0.6033333333333333,2,2636
4815,jev-1.13.0,0.06666666666666667,0.0,0.9333333333333335,2,2655
4816,jev-1.13.0,0.6033333333333334,0.0,0.39666666666666667,0,2666
4817,jev-1.13.0,0.5666666666666665,0.01,0.42333333333333334,0,2622
4818,jev-1.13.0,0.05000000000000001,0.8366666666666666,0.11333333333333334,1,2622
4819,jev-1.13.0,0.6966666666666667,0.03666666666666667,0.26666666666666666,0,2626
4820,jev-1.13.0,0.4333333333333333,0.06333333333333334,0.5033333333333333,2,2618
4821,jev-1.13.0,0.93,0.0,0.07,0,2621
4822,jev-1.13.0,0.16,0.006666666666666667,0.8333333333333334,2,2625
4823,jev-1.13.0,0.0,0.0,1.0,2,2617
4824,jev-1.13.0,0.23666666666666666,0.023333333333333334,0.7399999999999999,2,2672
4825,jev-1.13.0,1.0,0.0,0.0,0,2616
4826,jev-1.13.0,0.3499999999999999,0.21999999999999997,0.43,2,2622
4827,jev-1.13.0,0.05333333333333334,0.0033333333333333335,0.9433333333333334,2,2624
4828,jev-1.13.0,0.19999999999999998,0.02,0.7766666666666667,2,2632
4829,jev-1.13.0,0.27,0.06333333333333334,0.6666666666666666,2,2635
4830,jev-1.13.0,0.9833333333333334,0.013333333333333334,0.0033333333333333335,0,2615
4831,jev-1.13.0,0.3466666666666667,0.006666666666666667,0.6466666666666666,2,2661
4832,jev-1.13.0,1.0,0.0,0.0,0,2614
4833,jev-1.13.0,0.43333333333333335,0.043333333333333335,0.5233333333333333,2,2623
4834,jev-1.13.0,0.02,0.0,0.98,2,2643
4835,jev-1.13.0,0.7433333333333333,0.15666666666666665,0.10000000000000002,0,2621
4836,jev-1.13.0,0.2866666666666667,0.006666666666666667,0.7066666666666667,2,2625
4837,jev-1.13.0,0.8466666666666667,0.013333333333333334,0.14,0,2632
4838,jev-1.13.0,0.37333333333333335,0.04666666666666667,0.5800000000000001,2,2657
4839,jev-1.13.0,0.83,0.03666666666666667,0.13,0,2625
4840,jev-1.13.0,0.07666666666666667,0.0,0.9233333333333333,2,2660
4841,jev-1.13.0,0.10333333333333333,0.18000000000000002,0.7166666666666667,2,2632
4842,jev-1.13.0,0.48333333333333334,0.02,0.49666666666666665,2,2629
4843,jev-1.13.0,0.22,0.0,0.7799999999999999,2,2642
4844,jev-1.13.0,0.44333333333333336,0.07666666666666667,0.48,2,2627
4845,jev-1.13.0,0.43,0.02666666666666667,0.5433333333333333,2,2635
4846,jev-1.13.0,0.19333333333333336,0.02,0.7866666666666667,2,2666
4847,jev-1.13.0,1.0,0.0,0.0,0,2615
4848,jev-1.13.0,0.17,0.01,0.82,2,2629
4849,jev-1.13.0,0.7833333333333332,0.11666666666666665,0.10000000000000002,0,2625
4850,jev-1.13.0,0.30666666666666664,0.0,0.6933333333333334,2,2712
4851,jev-1.13.0,0.056666666666666664,0.01,0.9333333333333335,2,2639
4852,jev-1.13.0,1.0,0.0,0.0,0,2612
4853,jev-1.13.0,0.9966666666666667,0.0033333333333333335,0.0,0,2617
4854,jev-1.13.0,0.5233333333333333,0.02,0.4566666666666667,0,2639
4855,jev-1.13.0,0.6900000000000001,0.0033333333333333335,0.3066666666666667,0,2640
4856,jev-1.13.0,0.6966666666666667,0.13333333333333333,0.17,0,2631
4857,jev-1.13.0,0.5666666666666665,0.13333333333333333,0.3,0,2628
4858,jev-1.13.0,0.049999999999999996,0.38000000000000006,0.57,2,2675
4859,jev-1.13.0,0.8833333333333333,0.07666666666666667,0.04,0,2612
4860,jev-1.13.0,0.11666666666666665,0.043333333333333335,0.84,2,2624
4861,jev-1.13.0,0.4466666666666667,0.03333333333333333,0.52,2,2622
4862,jev-1.13.0,1.0,0.0,0.0,0,2621
4863,jev-1.13.0,0.09666666666666668,0.8866666666666667,0.016666666666666666,1,2616
4864,jev-1.13.0,0.22666666666666666,0.03333333333333333,0.7399999999999999,2,2620
4865,jev-1.13.0,0.016666666666666666,0.0,0.9833333333333334,2,2637
4866,jev-1.13.0,0.7466666666666667,0.01,0.24333333333333332,0,2622
4867,jev-1.13.0,1.0,0.0,0.0,0,2617
4868,jev-1.13.0,0.56,0.06333333333333334,0.37666666666666665,0,2618
4869,jev-1.13.0,0.16333333333333333,0.0,0.8366666666666666,2,2646
4870,jev-1.13.0,0.21333333333333335,0.18666666666666668,0.6000000000000001,2,2618
4871,jev-1.13.0,0.3666666666666667,0.5666666666666667,0.06666666666666667,1,2624
4872,jev-1.13.0,0.6900000000000001,0.056666666666666664,0.25333333333333335,0,2628
4873,jev-1.13.0,0.89,0.07666666666666667,0.03333333333333333,0,2628
4874,jev-1.13.0,0.5833333333333334,0.01,0.40666666666666673,0,2715
4875,jev-1.13.0,0.9833333333333334,0.016666666666666666,0.0,0,2626
4876,jev-1.13.0,0.52,0.043333333333333335,0.4366666666666667,0,2641
4877,jev-1.13.0,0.13,0.01,0.86,2,2650
4878,jev-1.13.0,0.01,0.0,0.9899999999999999,2,2633
4879,jev-1.13.0,0.24,0.006666666666666667,0.7533333333333333,2,2621
4880,jev-1.13.0,0.043333333333333335,0.013333333333333334,0.9433333333333334,2,2647
4881,jev-1.13.0,0.02,0.9766666666666666,0.0033333333333333335,1,2621
4882,jev-1.13.0,0.12,0.0,0.88,2,2621
4883,jev-1.13.0,0.67,0.03666666666666667,0.2933333333333334,0,2618
4884,jev-1.13.0,0.9566666666666667,0.0033333333333333335,0.04,0,2623
4885,jev-1.13.0,0.6,0.02,0.38000000000000006,0,2623
4886,jev-1.13.0,0.63,0.016666666666666666,0.35333333333333333,0,2624
4887,jev-1.13.0,0.0,0.0,1.0,2,2707
4888,jev-1.13.0,0.01,0.0,0.9899999999999999,2,2642
4889,jev-1.13.0,1.0,0.0,0.0,0,2615
4890,jev-1.13.0,1.0,0.0,0.0,0,2620
4891,jev-1.13.0,0.10666666666666667,0.7933333333333333,0.10000000000000002,1,2626
4892,jev-1.13.0,0.7766666666666667,0.0,0.2233333333333333,0,2700
4893,jev-1.13.0,0.6433333333333334,0.016666666666666666,0.34,0,2617
4894,jev-1.13.0,0.36000000000000004,0.0033333333333333335,0.6366666666666667,2,2628
4895,jev-1.13.0,0.10666666666666667,0.013333333333333334,0.88,2,2632
4896,jev-1.13.0,0.09666666666666666,0.0,0.9033333333333333,2,2633
4897,jev-1.13.0,0.4533333333333333,0.013333333333333334,0.5333333333333333,2,2622
4898,jev-1.13.0,0.22333333333333336,0.0,0.7766666666666667,2,2632
4899,jev-1.13.0,0.49000000000000005,0.01,0.5,2,2628
4900,jev-1.13.0,0.8333333333333334,0.0033333333333333335,0.16333333333333333,0,2648
4901,jev-1.13.0,0.15333333333333332,0.82,0.02666666666666667,1,2617
4902,jev-1.13.0,0.9,0.0033333333333333335,0.09666666666666668,0,2640
4903,jev-1.13.0,1.0,0.0,0.0,0,2622
4904,jev-1.13.0,0.0033333333333333335,0.9966666666666667,0.0,1,2615
4905,jev-1.13.0,0.49,0.04,0.47,0,2623
4906,jev-1.13.0,0.3633333333333333,0.023333333333333334,0.6133333333333333,2,2622
4907,jev-1.13.0,0.5666666666666667,0.006666666666666667,0.4266666666666667,0,2638
4908,jev-1.13.0,0.88,0.013333333333333334,0.10666666666666667,0,2627
4909,jev-1.13.0,0.5066666666666667,0.19666666666666668,0.2966666666666667,0,2623
4910,jev-1.13.0,1.0,0.0,0.0,0,2621
4911,jev-1.13.0,0.48666666666666664,0.023333333333333334,0.49,2,2624
4912,jev-1.13.0,0.07333333333333335,0.0,0.9266666666666667,2,2647
4913,jev-1.13.0,0.8366666666666668,0.01,0.15333333333333335,0,2618
4914,jev-1.13.0,0.5599999999999999,0.11333333333333333,0.32666666666666666,0,2615
4915,jev-1.13.0,0.7833333333333333,0.03,0.18666666666666668,0,2618
4916,jev-1.13.0,0.02666666666666667,0.0,0.9733333333333333,2,2693
4917,jev-1.13.0,0.29666666666666663,0.0,0.7033333333333335,2,2628
4918,jev-1.13.0,0.14333333333333334,0.01,0.8466666666666667,2,2628
4919,jev-1.13.0,0.15333333333333335,0.5266666666666667,0.32,1,2630
4920,jev-1.13.0,0.36000000000000004,0.01,0.63,2,2632
4921,jev-1.13.0,0.5366666666666667,0.11333333333333334,0.35000000000000003,0,2617
4922,jev-1.13.0,0.41333333333333333,0.006666666666666667,0.5800000000000001,2,2636
4923,jev-1.13.0,0.15666666666666665,0.7200000000000001,0.12333333333333334,1,2638
4924,jev-1.13.0,0.9966666666666667,0.0,0.0033333333333333335,0,2624
4925,jev-1.13.0,0.61,0.0,0.38999999999999996,0,2646
4926,jev-1.13.0,0.6733333333333332,0.013333333333333334,0.3133333333333333,0,2629
4927,jev-1.13.0,0.3833333333333333,0.0,0.6166666666666667,2,2641
4928,jev-1.13.0,0.6533333333333333,0.15333333333333332,0.19333333333333333,0,2620
4929,jev-1.13.0,0.26666666666666666,0.11333333333333334,0.62,2,2629
4930,jev-1.13.0,0.6433333333333334,0.0,0.35666666666666663,0,2624
4931,jev-1.13.0,0.5499999999999999,0.4033333333333333,0.04666666666666667,0,2623
4932,jev-1.13.0,0.45999999999999996,0.33666666666666667,0.20333333333333334,0,2622
4933,jev-1.13.0,0.17666666666666667,0.16666666666666666,0.6566666666666667,2,2635
4934,jev-1.13.0,0.8466666666666667,0.006666666666666667,0.1466666666666667,0,2628
4935,jev-1.13.0,0.20666666666666667,0.0033333333333333335,0.79,2,2627
4936,jev-1.13.0,1.0,0.0,0.0,0,2614
4937,jev-1.13.0,0.47,0.25333333333333335,0.27666666666666667,0,2664
4938,jev-1.13.0,0.5499999999999999,0.15666666666666665,0.2933333333333334,0,2626
4939,jev-1.13.0,0.9333333333333335,0.0033333333333333335,0.06333333333333334,0,2630
4940,jev-1.13.0,0.65,0.07666666666666666,0.2733333333333334,0,2620
4941,jev-1.13.0,0.22333333333333336,0.01,0.7666666666666666,2,2629
4942,jev-1.13.0,0.09999999999999999,0.0033333333333333335,0.8966666666666666,2,2620
4943,jev-1.13.0,0.5066666666666667,0.016666666666666666,0.4766666666666666,0,2637
4944,jev-1.13.0,1.0,0.0,0.0,0,2613
4945,jev-1.13.0,0.38999999999999996,0.4566666666666667,0.15333333333333335,1,2622
4946,jev-1.13.0,0.9966666666666667,0.0,0.0033333333333333335,0,2616
4947,jev-1.13.0,0.013333333333333334,0.01,0.9766666666666666,2,2653
4948,jev-1.13.0,0.13333333333333333,0.0,0.8666666666666667,2,2641
4949,jev-1.13.0,0.016666666666666666,0.0,0.9833333333333334,2,2631
4950,jev-1.13.0,0.6733333333333333,0.02,0.3066666666666667,0,2629
4951,jev-1.13.0,0.40666666666666673,0.05333333333333334,0.54,2,2615
4952,jev-1.13.0,0.35333333333333333,0.016666666666666666,0.63,2,2621
4953,jev-1.13.0,0.8333333333333334,0.023333333333333334,0.14333333333333334,0,2621
4954,jev-1.13.0,0.5666666666666668,0.05333333333333334,0.38000000000000006,0,2625
4955,jev-1.13.0,0.14,0.4166666666666667,0.44333333333333336,2,2625
4956,jev-1.13.0,0.46,0.02666666666666667,0.5133333333333333,2,2622
4957,jev-1.13.0,0.7799999999999999,0.09666666666666668,0.12333333333333334,0,2616
4958,jev-1.13.0,0.09999999999999999,0.0,0.9,2,2677
4959,jev-1.13.0,1.0,0.0,0.0,0,2616
4960,jev-1.13.0,0.0,0.0033333333333333335,0.9966666666666667,2,2690
4961,jev-1.13.0,0.0,0.0,1.0,2,2643
4962,jev-1.13.0,0.08666666666666667,0.0,0.9133333333333334,2,2725
4963,jev-1.13.0,0.4766666666666666,0.4366666666666667,0.08666666666666667,0,2621
4964,jev-1.13.0,0.5866666666666666,0.0,0.41333333333333333,0,2638
4965,jev-1.13.0,0.41333333333333333,0.38666666666666666,0.19999999999999998,0,2628
4966,jev-1.13.0,0.36999999999999994,0.01,0.62,2,2643
4967,jev-1.13.0,0.5866666666666668,0.013333333333333334,0.39999999999999997,0,2650
4968,jev-1.13.0,0.91,0.03,0.06,0,2655
4969,jev-1.13.0,0.5033333333333333,0.0,0.49666666666666665,0,2657
4970,jev-1.13.0,1.0,0.0,0.0,0,2615
4971,jev-1.13.0,0.71,0.0,0.29,0,2618
4972,jev-1.13.0,0.28,0.016666666666666666,0.7033333333333333,2,2632
4973,jev-1.13.0,0.6333333333333333,0.03333333333333333,0.3333333333333333,0,2637
4974,jev-1.13.0,0.09333333333333334,0.08,0.8266666666666668,2,2639
4975,jev-1.13.0,1.0,0.0,0.0,0,2645
4976,jev-1.13.0,0.043333333333333335,0.0033333333333333335,0.9533333333333333,2,2618
4977,jev-1.13.0,0.7466666666666667,0.07333333333333333,0.18000000000000002,0,2626
4978,jev-1.13.0,0.01,0.0033333333333333335,0.9866666666666667,2,2639
4979,jev-1.13.0,0.6866666666666666,0.15,0.16333333333333333,0,2617
4980,jev-1.13.0,0.8266666666666667,0.0,0.17333333333333334,0,2655
4981,jev-1.13.0,0.0,0.01,0.9899999999999999,2,2684
4982,jev-1.13.0,0.7233333333333333,0.13666666666666666,0.14,0,2627
4983,jev-1.13.0,0.48333333333333334,0.02666666666666667,0.49,2,2622
4984,jev-1.13.0,0.81,0.006666666666666667,0.18333333333333335,0,2628
4985,jev-1.13.0,0.98,0.0,0.02,0,2628
4986,jev-1.13.0,0.9333333333333335,0.0,0.06666666666666667,0,2631
4987,jev-1.13.0,0.37000000000000005,0.030000000000000002,0.6,2,2623
4988,jev-1.13.0,0.41333333333333333,0.0,0.5866666666666667,2,2694
4989,jev-1.13.0,0.52,0.0,0.48,0,2716
4990,jev-1.13.0,0.19666666666666668,0.05333333333333334,0.75,2,2655
4991,jev-1.13.0,0.9499999999999998,0.03666666666666667,0.013333333333333334,0,2625
4992,jev-1.13.0,0.75,0.0033333333333333335,0.24666666666666667,0,2634
4993,jev-1.13.0,0.03333333333333333,0.006666666666666667,0.96,2,2632
4994,jev-1.13.0,0.7333333333333334,0.030000000000000002,0.23666666666666666,0,2619
4995,jev-1.13.0,1.0,0.0,0.0,0,2686
4996,jev-1.13.0,1.0,0.0,0.0,0,2627
4997,jev-1.13.0,0.21666666666666667,0.6699999999999999,0.11333333333333334,1,2628
4998,jev-1.13.0,0.86,0.01,0.13,0,2622
4999,jev-1.13.0,0.92,0.0,0.08,0,2646
5000,jev-1.13.0,0.01,0.0,0.9899999999999999,2,2662
5001,jev-1.13.0,0.7333333333333334,0.04,0.22666666666666668,0,2628
5002,jev-1.13.0,0.37333333333333335,0.3633333333333333,0.26333333333333336,0,2635
5003,jev-1.13.0,0.04666666666666667,0.03666666666666667,0.9166666666666666,2,2616
5004,jev-1.13.0,0.02,0.0,0.98,2,2740
5005,jev-1.13.0,0.10999999999999999,0.006666666666666667,0.8833333333333333,2,2659
5006,jev-1.13.0,0.22999999999999998,0.0033333333333333335,0.7666666666666666,2,2653
5007,jev-1.13.0,0.42333333333333334,0.0,0.5766666666666668,2,2635
5008,jev-1.13.0,0.9733333333333333,0.023333333333333334,0.0033333333333333335,0,2944
5009,jev-1.13.0,0.9899999999999999,0.0,0.01,0,2619
5010,jev-1.13.0,0.7666666666666666,0.02,0.21333333333333335,0,2618
5011,jev-1.13.0,0.9433333333333334,0.006666666666666667,0.05000000000000001,0,2627
5012,jev-1.13.0,0.5033333333333333,0.03666666666666667,0.45999999999999996,0,2682
5013,jev-1.13.0,0.59,0.0,0.41,0,2645
5014,jev-1.13.0,0.08333333333333333,0.0,0.9166666666666666,2,2694
5015,jev-1.13.0,0.08333333333333333,0.02666666666666667,0.89,2,2644
5016,jev-1.13.0,0.6833333333333332,0.05333333333333334,0.26333333333333336,0,2626
5017,jev-1.13.0,0.8333333333333334,0.11666666666666665,0.05000000000000001,0,2615
5018,jev-1.13.0,0.01,0.0,0.9899999999999999,2,2628
5019,jev-1.13.0,0.8266666666666668,0.07333333333333335,0.10000000000000002,0,2638
5020,jev-1.13.0,0.2333333333333333,0.006666666666666667,0.7600000000000001,2,2628
5021,jev-1.13.0,0.03666666666666667,0.0,0.9633333333333333,2,2648
5022,jev-1.13.0,0.39333333333333337,0.02,0.5866666666666668,2,2621
5023,jev-1.13.0,1.0,0.0,0.0,0,2616
5024,jev-1.13.0,0.5666666666666665,0.006666666666666667,0.4266666666666667,0,2643
5025,jev-1.13.0,0.87,0.016666666666666666,0.11333333333333333,0,2629
5026,jev-1.13.0,0.38999999999999996,0.01,0.6000000000000001,2,2637
5027,jev-1.13.0,0.6833333333333332,0.0,0.31666666666666665,0,2625
5028,jev-1.13.0,0.02666666666666667,0.0033333333333333335,0.9700000000000001,2,2643
5029,jev-1.13.0,0.7866666666666666,0.20333333333333334,0.01,0,2665
5030,jev-1.13.0,0.14333333333333334,0.0,0.8566666666666666,2,2667
5031,jev-1.13.0,0.4066666666666667,0.10666666666666667,0.48666666666666664,2,2624
5032,jev-1.13.0,0.16,0.01,0.83,2,2623
5033,jev-1.13.0,0.18333333333333335,0.4366666666666667,0.37999999999999995,1,2636
5034,jev-1.13.0,0.89,0.043333333333333335,0.06666666666666667,0,2627
5035,jev-1.13.0,0.12,0.006666666666666667,0.8733333333333334,2,2637
5036,jev-1.13.0,0.0,0.0,1.0,2,2663
5037,jev-1.13.0,0.32666666666666666,0.0,0.6733333333333333,2,2634
5038,jev-1.13.0,0.9233333333333333,0.013333333333333334,0.06333333333333334,0,2628
5039,jev-1.13.0,0.24666666666666667,0.013333333333333334,0.7399999999999999,2,2627
5040,jev-1.13.0,0.0,1.0,0.0,1,2620
5041,jev-1.13.0,0.1366666666666667,0.0,0.8633333333333333,2,2655
5042,jev-1.13.0,0.2333333333333333,0.07,0.6966666666666667,2,2639
5043,jev-1.13.0,0.09333333333333332,0.0,0.9066666666666667,2,2650
5044,jev-1.13.0,0.6733333333333333,0.03333333333333333,0.2933333333333333,0,2625
5045,jev-1.13.0,1.0,0.0,0.0,0,2617
5046,jev-1.13.0,0.47666666666666674,0.1466666666666667,0.37666666666666665,0,2633
5047,jev-1.13.0,0.8666666666666667,0.02,0.11333333333333333,0,2635
5048,jev-1.13.0,0.13333333333333333,0.03666666666666667,0.83,2,2619
5049,jev-1.13.0,0.52,0.03666666666666667,0.44333333333333336,0,2624
5050,jev-1.13.0,0.5666666666666668,0.17333333333333334,0.26,0,2617
5051,jev-1.13.0,0.7999999999999999,0.04,0.16,0,2625
5052,jev-1.13.0,0.86,0.0,0.14,0,2614
5053,jev-1.13.0,0.6266666666666666,0.33,0.043333333333333335,0,2619
5054,jev-1.13.0,0.9966666666666667,0.0,0.0033333333333333335,0,2660
5055,jev-1.13.0,0.24,0.7433333333333333,0.016666666666666666,1,2615
5056,jev-1.13.0,0.05666666666666667,0.013333333333333334,0.93,2,2630
5057,jev-1.13.0,0.5366666666666666,0.060000000000000005,0.4033333333333333,0,2618
5058,jev-1.13.0,0.21333333333333335,0.0,0.7866666666666666,2,2653
5059,jev-1.13.0,0.006666666666666667,0.0033333333333333335,0.9899999999999999,2,2627
5060,jev-1.13.0,0.23666666666666666,0.17666666666666667,0.5866666666666668,2,2640
5061,jev-1.13.0,0.013333333333333334,0.9866666666666667,0.0,1,2614
5062,jev-1.13.0,0.0,0.0,1.0,2,2633
5063,jev-1.13.0,0.9199999999999999,0.0033333333333333335,0.07666666666666666,0,2618
5064,jev-1.13.0,0.9933333333333333,0.006666666666666667,0.0,0,2620
5065,jev-1.13.0,0.51,0.0,0.49,0,2637
5066,jev-1.13.0,0.5933333333333334,0.006666666666666667,0.4000000000000001,0,2627
5067,jev-1.13.0,0.05000000000000001,0.04666666666666667,0.9033333333333333,2,2636
5068,jev-1.13.0,0.39666666666666667,0.0,0.6033333333333334,2,2687
5069,jev-1.13.0,0.10000000000000002,0.8966666666666666,0.0033333333333333335,1,2619
5070,jev-1.13.0,0.006666666666666667,0.0,0.9933333333333333,2,2641
5071,jev-1.13.0,0.11666666666666665,0.0,0.8833333333333333,2,2626
5072,jev-1.13.0,0.6733333333333333,0.006666666666666667,0.32,0,2621
5073,jev-1.13.0,0.2933333333333334,0.0,0.7066666666666667,2,2695
5074,jev-1.13.0,0.5933333333333334,0.38000000000000006,0.02666666666666667,0,2633
5075,jev-1.13.0,0.6966666666666668,0.023333333333333334,0.28,0,2632
5076,jev-1.13.0,0.5599999999999999,0.22333333333333336,0.21666666666666667,0,2620
5077,jev-1.13.0,0.96,0.0,0.04,0,2631
5078,jev-1.13.0,1.0,0.0,0.0,0,2616
5079,jev-1.13.0,0.8333333333333334,0.0,0.16666666666666666,0,2630
5080,jev-1.13.0,0.7200000000000001,0.04,0.24,0,2643
5081,jev-1.13.0,0.8133333333333334,0.01,0.17666666666666667,0,2621
5082,jev-1.13.0,0.7600000000000001,0.02333333333333333,0.21666666666666667,0,2619
5083,jev-1.13.0,0.7833333333333332,0.013333333333333334,0.20333333333333337,0,2619
5084,jev-1.13.0,0.043333333333333335,0.0,0.9566666666666667,2,2617
5085,jev-1.13.0,0.15333333333333335,0.84,0.006666666666666667,1,2622
5086,jev-1.13.0,0.45,0.07333333333333333,0.4766666666666666,2,2623
5087,jev-1.13.0,0.06666666666666667,0.14666666666666667,0.7866666666666667,2,2630
5088,jev-1.13.0,0.6133333333333333,0.01,0.37666666666666665,0,2642
5089,jev-1.13.0,0.68,0.006666666666666667,0.3133333333333333,0,2633
5090,jev-1.13.0,0.14333333333333334,0.0,0.8566666666666666,2,2630
5091,jev-1.13.0,0.26,0.016666666666666666,0.7233333333333333,2,2621
5092,jev-1.13.0,0.81,0.06,0.13,0,2619
5093,jev-1.13.0,0.7733333333333334,0.0,0.22666666666666666,0,2633
5094,jev-1.13.0,0.8766666666666666,0.0,0.12333333333333334,0,2630
5095,jev-1.13.0,0.25,0.16333333333333333,0.5866666666666668,2,2633
5096,jev-1.13.0,0.7799999999999999,0.02333333333333333,0.19666666666666668,0,2645
5097,jev-1.13.0,0.8466666666666667,0.0,0.15333333333333335,0,2647
5098,jev-1.13.0,0.5233333333333333,0.4166666666666667,0.06,0,2621
5099,jev-1.13.0,0.0033333333333333335,0.0,0.9966666666666667,2,2631
5100,jev-1.13.0,0.9866666666666667,0.0,0.013333333333333334,0,2648
5101,jev-1.13.0,0.25333333333333335,0.0,0.7466666666666667,2,2617
5102,jev-1.13.0,0.6366666666666667,0.013333333333333334,0.35000000000000003,0,2627
5103,jev-1.13.0,1.0,0.0,0.0,0,2618
5104,jev-1.13.0,0.7033333333333335,0.049999999999999996,0.24666666666666667,0,2619
5105,jev-1.13.0,0.06666666666666667,0.01,0.9233333333333332,2,2659
5106,jev-1.13.0,0.5066666666666667,0.030000000000000002,0.4633333333333333,0,2621
5107,jev-1.13.0,0.38999999999999996,0.023333333333333334,0.5866666666666666,2,2625
5108,jev-1.13.0,0.52,0.0033333333333333335,0.4766666666666666,0,2674
5109,jev-1.13.0,0.9899999999999999,0.01,0.0,0,2618
5110,jev-1.13.0,0.08666666666666667,0.016666666666666666,0.8966666666666666,2,2632
5111,jev-1.13.0,0.013333333333333334,0.9866666666666667,0.0,1,2622
5112,jev-1.13.0,0.5433333333333333,0.03,0.4266666666666667,0,2622
5113,jev-1.13.0,0.9700000000000001,0.01,0.02,0,2614
5114,jev-1.13.0,0.4266666666666667,0.023333333333333334,0.55,2,2621
5115,jev-1.13.0,0.6766666666666667,0.030000000000000002,0.2933333333333334,0,2629
5116,jev-1.13.0,0.9833333333333334,0.0033333333333333335,0.013333333333333334,0,2625
5117,jev-1.13.0,1.0,0.0,0.0,0,2616
5118,jev-1.13.0,0.5366666666666667,0.01,0.4533333333333333,0,2623
5119,jev-1.13.0,0.7733333333333333,0.15666666666666665,0.06999999999999999,0,2624
5120,jev-1.13.0,0.7533333333333333,0.11333333333333334,0.13333333333333333,0,2621
5121,jev-1.13.0,1.0,0.0,0.0,0,2616
5122,jev-1.13.0,0.18333333333333335,0.0033333333333333335,0.8133333333333334,2,2623
5123,jev-1.13.0,0.6566666666666666,0.13333333333333333,0.21000000000000005,0,2616
5124,jev-1.13.0,0.9766666666666666,0.0,0.02333333333333333,0,2616
5125,jev-1.13.0,0.9866666666666667,0.01,0.0033333333333333335,0,2623
5126,jev-1.13.0,0.06,0.013333333333333334,0.9266666666666667,2,2620
5127,jev-1.13.0,1.0,0.0,0.0,0,2616
5128,jev-1.13.0,0.7399999999999999,0.01,0.25,0,2625
5129,jev-1.13.0,0.01,0.0,0.9899999999999999,2,2616
5130,jev-1.13.0,0.6133333333333333,0.0033333333333333335,0.3833333333333333,0,2633
5131,jev-1.13.0,0.2933333333333334,0.0,0.7066666666666667,2,2628
5132,jev-1.13.0,0.89,0.05333333333333334,0.05666666666666667,0,2619
5133,jev-1.13.0,0.26666666666666666,0.7333333333333334,0.0,1,2633
5134,jev-1.13.0,0.0033333333333333335,0.0,0.9966666666666667,2,2624
5135,jev-1.13.0,0.93,0.04,0.03,0,2630
5136,jev-1.13.0,0.0,0.0,1.0,2,2625
5137,jev-1.13.0,0.8866666666666667,0.023333333333333334,0.09000000000000001,0,2616
5138,jev-1.13.0,0.7933333333333333,0.049999999999999996,0.1566666666666667,0,2621
5139,jev-1.13.0,0.45,0.0,0.55,2,2620
5140,jev-1.13.0,0.9866666666666667,0.0,0.013333333333333334,0,2656
5141,jev-1.13.0,0.060000000000000005,0.0033333333333333335,0.9366666666666665,2,2695
5142,jev-1.13.0,0.8833333333333333,0.05333333333333334,0.06333333333333334,0,2640
5143,jev-1.13.0,0.41,0.08666666666666667,0.5033333333333333,2,2632
5144,jev-1.13.0,0.8300000000000001,0.013333333333333334,0.15666666666666665,0,2629
5145,jev-1.13.0,0.13333333333333333,0.8233333333333334,0.043333333333333335,1,2623
5146,jev-1.13.0,1.0,0.0,0.0,0,2632
5147,jev-1.13.0,0.0,0.0,1.0,2,2639
5148,jev-1.13.0,0.31666666666666665,0.09000000000000001,0.5933333333333334,2,2618
5149,jev-1.13.0,0.9366666666666666,0.0,0.06333333333333334,0,2617
5150,jev-1.13.0,0.14,0.0,0.86,2,2690
5151,jev-1.13.0,0.3833333333333333,0.0,0.6166666666666667,2,2651
5152,jev-1.13.0,0.87,0.006666666666666667,0.12333333333333334,0,2625
5153,jev-1.13.0,1.0,0.0,0.0,0,2700
5154,jev-1.13.0,0.04666666666666667,0.0033333333333333335,0.9499999999999998,2,2630
5155,jev-1.13.0,0.0,0.0,1.0,2,2618
5156,jev-1.13.0,0.17,0.043333333333333335,0.7866666666666667,2,2624
5157,jev-1.13.0,0.9499999999999998,0.0033333333333333335,0.04666666666666667,0,2619
5158,jev-1.13.0,0.9700000000000001,0.016666666666666666,0.013333333333333334,0,2622
5159,jev-1.13.0,0.52,0.049999999999999996,0.43,0,2660
5160,jev-1.13.0,0.86,0.10000000000000002,0.04,0,2620
5161,jev-1.13.0,0.7966666666666667,0.09666666666666668,0.10666666666666667,0,2642
5162,jev-1.13.0,1.0,0.0,0.0,0,2615
5163,jev-1.13.0,0.4266666666666667,0.07333333333333333,0.5,2,2654
5164,jev-1.13.0,0.04,0.1366666666666667,0.8233333333333334,2,2651
5165,jev-1.13.0,0.7466666666666667,0.006666666666666667,0.24666666666666667,0,2625
5166,jev-1.13.0,0.6433333333333334,0.04666666666666667,0.31000000000000005,0,2629
5167,jev-1.13.0,0.5566666666666666,0.03333333333333333,0.41,0,2630
5168,jev-1.13.0,0.02,0.0,0.98,2,2679
5169,jev-1.13.0,0.22666666666666668,0.0033333333333333335,0.77,2,2656
5170,jev-1.13.0,0.9333333333333332,0.02666666666666667,0.04,0,2623
5171,jev-1.13.0,0.09666666666666666,0.24666666666666667,0.6566666666666667,2,2655
5172,jev-1.13.0,0.17333333333333334,0.006666666666666667,0.82,2,2635
5173,jev-1.13.0,0.22666666666666668,0.02,0.7533333333333333,2,2632
5174,jev-1.13.0,0.8766666666666666,0.12333333333333334,0.0,0,2621
5175,jev-1.13.0,0.016666666666666666,0.0,0.9833333333333334,2,2689
5176,jev-1.13.0,0.8566666666666666,0.0,0.14333333333333334,0,2636
5177,jev-1.13.0,0.9233333333333333,0.060000000000000005,0.016666666666666666,0,2634
5178,jev-1.13.0,0.1366666666666667,0.0,0.8633333333333333,2,2636
5179,jev-1.13.0,0.4633333333333333,0.01,0.5266666666666667,2,2647
5180,jev-1.13.0,0.3833333333333333,0.043333333333333335,0.5733333333333334,2,2622
5181,jev-1.13.0,0.14666666666666664,0.0033333333333333335,0.8500000000000001,2,2628
5182,jev-1.13.0,0.14,0.0,0.86,2,2654
5183,jev-1.13.0,0.6266666666666666,0.16,0.21333333333333335,0,2639
5184,jev-1.13.0,0.9533333333333333,0.023333333333333334,0.023333333333333334,0,2619
5185,jev-1.13.0,0.6299999999999999,0.0,0.36999999999999994,0,2657
5186,jev-1.13.0,0.9499999999999998,0.0,0.05000000000000001,0,2742
5187,jev-1.13.0,0.03,0.18000000000000002,0.79,2,2648
5188,jev-1.13.0,0.6733333333333333,0.02666666666666667,0.30000000000000004,0,2641
5189,jev-1.13.0,0.9833333333333334,0.0,0.016666666666666666,0,2629
5190,jev-1.13.0,0.16666666666666666,0.006666666666666667,0.8266666666666667,2,2631
5191,jev-1.13.0,0.7533333333333333,0.06333333333333334,0.18333333333333335,0,2624
5192,jev-1.13.0,0.7033333333333335,0.02,0.27666666666666667,0,2635
5193,jev-1.13.0,1.0,0.0,0.0,0,2617
5194,jev-1.13.0,0.013333333333333334,0.0,0.9866666666666667,2,2679
5195,jev-1.13.0,0.0,0.0,1.0,2,2663
5196,jev-1.13.0,0.07,0.0,0.93,2,2662
5197,jev-1.13.0,0.33,0.10666666666666667,0.5633333333333334,2,2710
5198,jev-1.13.0,0.8366666666666666,0.07666666666666667,0.08666666666666667,0,2619
5199,jev-1.13.0,0.6766666666666667,0.05000000000000001,0.2733333333333334,0,2625
5200,jev-1.13.0,0.6866666666666666,0.04,0.2733333333333333,0,2627
5201,jev-1.13.0,0.49666666666666665,0.15666666666666668,0.3466666666666667,0,2636
5202,jev-1.13.0,0.15666666666666668,0.0,0.8433333333333334,2,2648
5203,jev-1.13.0,0.8099999999999999,0.09000000000000001,0.09999999999999999,0,2620
5204,jev-1.13.0,0.9933333333333333,0.006666666666666667,0.0,0,2634
5205,jev-1.13.0,0.38000000000000006,0.62,0.0,1,2646
5206,jev-1.13.0,0.8266666666666667,0.0,0.17333333333333334,0,2658
5207,jev-1.13.0,0.61,0.1366666666666667,0.25333333333333335,0,2623
5208,jev-1.13.0,0.9700000000000001,0.0,0.03,0,2623
5209,jev-1.13.0,0.26666666666666666,0.2233333333333333,0.51,2,2644
5210,jev-1.13.0,0.0,0.016666666666666666,0.9833333333333334,2,2624
5211,jev-1.13.0,0.6966666666666667,0.006666666666666667,0.2966666666666667,0,2633
5212,jev-1.13.0,0.7600000000000001,0.12,0.12,0,2638
5213,jev-1.13.0,0.77,0.17,0.06,0,2628
5214,jev-1.13.0,0.89,0.043333333333333335,0.06666666666666667,0,2621
5215,jev-1.13.0,0.6699999999999999,0.06,0.27,0,2630
5216,jev-1.13.0,0.51,0.006666666666666667,0.4833333333333334,0,2629
5217,jev-1.13.0,0.12333333333333334,0.023333333333333334,0.8533333333333334,2,2618
5218,jev-1.13.0,0.8099999999999999,0.03333333333333333,0.15333333333333335,0,2618
5219,jev-1.13.0,0.02,0.0,0.98,2,2658
5220,jev-1.13.0,0.05333333333333334,0.0,0.9466666666666667,2,2668
5221,jev-1.13.0,0.7166666666666667,0.08333333333333333,0.19999999999999998,0,2622
5222,jev-1.13.0,0.36333333333333334,0.03333333333333333,0.6033333333333334,2,2623
5223,jev-1.13.0,0.5266666666666667,0.0033333333333333335,0.47000000000000003,0,2627
5224,jev-1.13.0,0.0033333333333333335,0.0,0.9966666666666667,2,2623
5225,jev-1.13.0,0.02,0.0,0.98,2,2621
5226,jev-1.13.0,0.38999999999999996,0.016666666666666666,0.5933333333333334,2,2634
5227,jev-1.13.0,1.0,0.0,0.0,0,2616
5228,jev-1.13.0,0.43,0.0,0.57,2,2724
5229,jev-1.13.0,1.0,0.0,0.0,0,2617
5230,jev-1.13.0,1.0,0.0,0.0,0,2615
5231,jev-1.13.0,0.9533333333333333,0.03666666666666667,0.01,0,2616
5232,jev-1.13.0,0.02,0.0,0.98,2,2682
5233,jev-1.13.0,0.17333333333333334,0.006666666666666667,0.82,2,2627
5234,jev-1.13.0,0.15666666666666665,0.0,0.8433333333333333,2,2632
5235,jev-1.13.0,0.7633333333333333,0.0033333333333333335,0.2333333333333333,0,2629
5236,jev-1.13.0,0.9533333333333333,0.01,0.036666666666666674,0,2632
5237,jev-1.13.0,0.13333333333333333,0.15,0.7166666666666667,2,2626
5238,jev-1.13.0,0.01,0.0,0.9899999999999999,2,2663
5239,jev-1.13.0,0.8000000000000002,0.08666666666666667,0.11333333333333334,0,2630
5240,jev-1.13.0,0.10666666666666665,0.0033333333333333335,0.89,2,2634
5241,jev-1.13.0,0.5266666666666667,0.02666666666666667,0.4466666666666666,0,2643
5242,jev-1.13.0,1.0,0.0,0.0,0,2621
5243,jev-1.13.0,0.3133333333333333,0.016666666666666666,0.67,2,2651
5244,jev-1.13.0,0.15,0.01,0.84,2,2625
5245,jev-1.13.0,1.0,0.0,0.0,0,2621
5246,jev-1.13.0,0.3233333333333333,0.02,0.6566666666666667,2,2625
5247,jev-1.13.0,0.42333333333333334,0.31,0.26666666666666666,0,2619
5248,jev-1.13.0,0.5266666666666667,0.25666666666666665,0.21666666666666667,0,2787
5249,jev-1.13.0,0.016666666666666666,0.98,0.0033333333333333335,1,2617
5250,jev-1.13.0,0.06,0.006666666666666667,0.9333333333333332,2,2634
5251,jev-1.13.0,0.30000000000000004,0.006666666666666667,0.6933333333333334,2,2636
5252,jev-1.13.0,1.0,0.0,0.0,0,2617
5253,jev-1.13.0,0.08,0.7233333333333333,0.19666666666666668,1,2618
5254,jev-1.13.0,0.42333333333333334,0.1366666666666667,0.44,2,2620
5255,jev-1.13.0,0.21333333333333335,0.013333333333333334,0.7733333333333334,2,2617
5256,jev-1.13.0,0.7799999999999999,0.02,0.19999999999999998,0,2621
5257,jev-1.13.0,0.0033333333333333335,0.02333333333333333,0.9733333333333333,2,2662
5258,jev-1.13.0,0.03,0.0,0.9700000000000001,2,2631
5259,jev-1.13.0,0.26666666666666666,0.023333333333333334,0.71,2,2652
5260,jev-1.13.0,0.8300000000000001,0.01,0.16,0,2623
5261,jev-1.13.0,0.8333333333333334,0.0,0.16666666666666666,0,2642
5262,jev-1.13.0,0.5533333333333333,0.4266666666666667,0.02,0,2623
5263,jev-1.13.0,0.23,0.0,0.77,2,2703
5264,jev-1.13.0,0.9566666666666667,0.0033333333333333335,0.04,0,2654
5265,jev-1.13.0,0.7699999999999999,0.02,0.21,0,2626
5266,jev-1.13.0,0.4033333333333333,0.0033333333333333335,0.5933333333333334,2,2625
5267,jev-1.13.0,0.4266666666666667,0.07666666666666666,0.49666666666666665,2,2627
5268,jev-1.13.0,0.4666666666666666,0.006666666666666667,0.5266666666666667,2,2626
5269,jev-1.13.0,0.09000000000000001,0.0,0.91,2,2628
5270,jev-1.13.0,0.13333333333333333,0.02,0.8466666666666667,2,2627
5271,jev-1.13.0,0.01,0.0,0.9899999999999999,2,2648
5272,jev-1.13.0,0.44,0.0,0.56,2,2749
5273,jev-1.13.0,0.006666666666666667,0.0,0.9933333333333333,2,2627
5274,jev-1.13.0,0.09333333333333334,0.01,0.8966666666666666,2,2619
5275,jev-1.13.0,1.0,0.0,0.0,0,2621
5276,jev-1.13.0,0.92,0.0,0.08,0,2624
5277,jev-1.13.0,0.9266666666666667,0.06666666666666667,0.006666666666666667,0,2628
5278,jev-1.13.0,0.7233333333333333,0.05000000000000001,0.22666666666666668,0,2629
5279,jev-1.13.0,0.09666666666666668,0.0,0.9033333333333333,2,2654
5280,jev-1.13.0,0.44999999999999996,0.14333333333333334,0.4066666666666667,0,2619
5281,jev-1.13.0,0.52,0.006666666666666667,0.47333333333333333,0,2624
5282,jev-1.13.0,0.7733333333333334,0.013333333333333334,0.21333333333333335,0,2632
5283,jev-1.13.0,0.91,0.016666666666666666,0.07333333333333333,0,2621
5284,jev-1.13.0,0.5733333333333333,0.0,0.4266666666666667,0,2637
5285,jev-1.13.0,0.9366666666666665,0.016666666666666666,0.04666666666666667,0,2628
5286,jev-1.13.0,0.18333333333333335,0.0033333333333333335,0.8133333333333334,2,2678
5287,jev-1.13.0,0.32333333333333336,0.5566666666666666,0.12,1,2618
5288,jev-1.13.0,0.01,0.0033333333333333335,0.9866666666666667,2,2640
5289,jev-1.13.0,0.6766666666666667,0.03666666666666667,0.2866666666666667,0,2633
5290,jev-1.13.0,0.0,0.0,1.0,2,2692
5291,jev-1.13.0,0.6666666666666666,0.19000000000000003,0.14333333333333334,0,2613
5292,jev-1.13.0,0.0,0.0033333333333333335,0.9966666666666667,2,2668
5293,jev-1.13.0,0.6133333333333334,0.29000000000000004,0.09666666666666668,0,2642
5294,jev-1.13.0,1.0,0.0,0.0,0,2616
5295,jev-1.13.0,0.13,0.0,0.87,2,2628
5296,jev-1.13.0,0.8300000000000001,0.060000000000000005,0.11,0,2630
5297,jev-1.13.0,0.10333333333333333,0.02,0.8766666666666666,2,2760
5298,jev-1.13.0,0.92,0.03,0.049999999999999996,0,2629
5299,jev-1.13.0,0.64,0.14333333333333334,0.21666666666666667,0,2629
5300,jev-1.13.0,0.8766666666666666,0.013333333333333334,0.11,0,2628
5301,jev-1.13.0,0.9433333333333334,0.03333333333333333,0.023333333333333334,0,2622
5302,jev-1.13.0,0.4633333333333333,0.0033333333333333335,0.5333333333333333,2,2650
5303,jev-1.13.0,0.5433333333333333,0.04,0.4166666666666667,0,2648
5304,jev-1.13.0,0.7266666666666667,0.09666666666666668,0.17666666666666667,0,2641
5305,jev-1.13.0,0.6466666666666666,0.0033333333333333335,0.3499999999999999,0,2622
5306,jev-1.13.0,0.9166666666666666,0.03333333333333333,0.05000000000000001,0,2630
5307,jev-1.13.0,1.0,0.0,0.0,0,2616
5308,jev-1.13.0,0.04666666666666667,0.0,0.9533333333333333,2,2662
5309,jev-1.13.0,0.7799999999999999,0.006666666666666667,0.21333333333333335,0,2679
5310,jev-1.13.0,0.82,0.02,0.16,0,2625
5311,jev-1.13.0,0.6333333333333333,0.0,0.3666666666666667,0,2624
5312,jev-1.13.0,0.6766666666666666,0.22999999999999998,0.09333333333333334,0,2639
5313,jev-1.13.0,1.0,0.0,0.0,0,2622
5314,jev-1.13.0,0.9899999999999999,0.0,0.01,0,2642
5315,jev-1.13.0,0.22666666666666666,0.02666666666666667,0.7466666666666667,2,2629
5316,jev-1.13.0,0.04,0.0033333333333333335,0.9566666666666667,2,2642
5317,jev-1.13.0,0.9899999999999999,0.0,0.01,0,2703
5318,jev-1.13.0,0.83,0.02,0.15000000000000002,0,2629
5319,jev-1.13.0,0.7133333333333334,0.08666666666666667,0.19999999999999998,0,2621
5320,jev-1.13.0,0.82,0.02333333333333333,0.15666666666666668,0,2639
5321,jev-1.13.0,0.73,0.12333333333333334,0.14666666666666667,0,2633
5322,jev-1.13.0,0.24,0.0033333333333333335,0.7566666666666667,2,2641
5323,jev-1.13.0,0.47333333333333333,0.02666666666666667,0.5,2,2633
5324,jev-1.13.0,0.84,0.030000000000000002,0.13,0,2634
5325,jev-1.13.0,0.25333333333333335,0.01,0.7366666666666667,2,2628
5326,jev-1.13.0,0.25,0.02666666666666667,0.7233333333333333,2,2632
5327,jev-1.13.0,0.9499999999999998,0.0,0.049999999999999996,0,2623
5328,jev-1.13.0,0.64,0.07,0.29,0,2621
5329,jev-1.13.0,1.0,0.0,0.0,0,2628
5330,jev-1.13.0,0.01,0.01,0.98,2,2617
5331,jev-1.13.0,0.7200000000000001,0.22666666666666666,0.05333333333333334,0,2634
5332,jev-1.13.0,0.6933333333333334,0.013333333333333334,0.2933333333333334,0,2621
5333,jev-1.13.0,0.8766666666666666,0.06333333333333334,0.06,0,2628
5334,jev-1.13.0,0.58,0.03666666666666667,0.3833333333333333,0,2619
5335,jev-1.13.0,0.05666666666666667,0.9266666666666666,0.016666666666666666,1,2623
5336,jev-1.13.0,0.88,0.06666666666666667,0.05333333333333334,0,2618
5337,jev-1.13.0,0.8733333333333334,0.08666666666666667,0.04,0,2633
5338,jev-1.13.0,0.8333333333333334,0.10333333333333333,0.06333333333333334,0,2615
5339,jev-1.13.0,0.61,0.02,0.36999999999999994,0,2638
5340,jev-1.13.0,0.0,0.9899999999999999,0.01,1,2637
5341,jev-1.13.0,0.030000000000000002,0.0,0.9700000000000001,2,2674
5342,jev-1.13.0,0.7133333333333334,0.0033333333333333335,0.2833333333333333,0,2644
5343,jev-1.13.0,1.0,0.0,0.0,0,2615
5344,jev-1.13.0,0.44,0.19666666666666666,0.36333333333333334,0,2625
5345,jev-1.13.0,0.8733333333333334,0.016666666666666666,0.10999999999999999,0,2622
5346,jev-1.13.0,0.0,0.0,1.0,2,2641
5347,jev-1.13.0,0.27,0.0,0.73,2,2620
5348,jev-1.13.0,0.18666666666666668,0.14333333333333334,0.6699999999999999,2,2642
5349,jev-1.13.0,0.10999999999999999,0.0033333333333333335,0.8866666666666667,2,2666
5350,jev-1.13.0,0.9033333333333333,0.06333333333333334,0.03333333333333333,0,2620
5351,jev-1.13.0,0.8666666666666667,0.06333333333333334,0.07,0,2620
5352,jev-1.13.0,0.013333333333333334,0.013333333333333334,0.9733333333333333,2,2672
5353,jev-1.13.0,0.6333333333333333,0.05000000000000001,0.31666666666666665,0,2626
5354,jev-1.13.0,0.01,0.0,0.9899999999999999,2,2625
5355,jev-1.13.0,0.25666666666666665,0.01,0.7333333333333334,2,2627
5356,jev-1.13.0,0.2733333333333334,0.31666666666666665,0.41,2,2636
5357,jev-1.13.0,0.9833333333333334,0.0,0.016666666666666666,0,2633
5358,jev-1.13.0,0.51,0.27,0.22,0,2616
5359,jev-1.13.0,0.9499999999999998,0.0,0.049999999999999996,0,2626
5360,jev-1.13.0,0.88,0.0,0.12,0,2648
5361,jev-1.13.0,0.6766666666666667,0.16333333333333333,0.16,0,2623
5362,jev-1.13.0,0.6633333333333332,0.15000000000000002,0.18666666666666668,0,2622
5363,jev-1.13.0,0.8533333333333334,0.0,0.14666666666666667,0,2630
5364,jev-1.13.0,0.5166666666666667,0.07,0.41333333333333333,0,2618
5365,jev-1.13.0,0.3766666666666667,0.09999999999999999,0.5233333333333333,2,2624
5366,jev-1.13.0,0.7600000000000001,0.01,0.23,0,2632
5367,jev-1.13.0,0.8466666666666667,0.0033333333333333335,0.15000000000000002,0,2631
5368,jev-1.13.0,0.55,0.02333333333333333,0.4266666666666667,0,2623
5369,jev-1.13.0,0.0,0.0,1.0,2,2730
5370,jev-1.13.0,0.6900000000000001,0.12666666666666668,0.18333333333333332,0,2623
5371,jev-1.13.0,0.6333333333333333,0.07666666666666667,0.29000000000000004,0,2639
5372,jev-1.13.0,0.20000000000000004,0.016666666666666666,0.7833333333333333,2,2627
5373,jev-1.13.0,1.0,0.0,0.0,0,2616
5374,jev-1.13.0,0.8033333333333333,0.09000000000000001,0.10666666666666667,0,2622
5375,jev-1.13.0,0.6766666666666667,0.10333333333333333,0.22,0,2640
5376,jev-1.13.0,0.7733333333333333,0.05000000000000001,0.17666666666666667,0,2633
5377,jev-1.13.0,0.05000000000000001,0.7933333333333333,0.15666666666666665,1,2616
5378,jev-1.13.0,0.43,0.56,0.01,1,2626
5379,jev-1.13.0,0.7633333333333333,0.07666666666666667,0.16,0,2623
5380,jev-1.13.0,0.20000000000000004,0.5266666666666667,0.2733333333333334,1,2638
5381,jev-1.13.0,0.49,0.02,0.49,0,2623
5382,jev-1.13.0,0.3066666666666667,0.02666666666666667,0.6666666666666666,2,2625
5383,jev-1.13.0,0.6833333333333335,0.0033333333333333335,0.3133333333333334,0,2629
5384,jev-1.13.0,0.36999999999999994,0.44,0.19000000000000003,1,2623
5385,jev-1.13.0,0.9233333333333333,0.03,0.043333333333333335,0,2612
5386,jev-1.13.0,0.3833333333333333,0.006666666666666667,0.61,2,2627
5387,jev-1.13.0,1.0,0.0,0.0,0,2618
5388,jev-1.13.0,0.4166666666666667,0.08,0.5033333333333333,2,2621
5389,jev-1.13.0,0.08,0.013333333333333334,0.9066666666666667,2,2627
5390,jev-1.13.0,0.0,1.0,0.0,1,2618
5391,jev-1.13.0,0.7466666666666667,0.02,0.2333333333333333,0,2621
5392,jev-1.13.0,0.5233333333333333,0.02666666666666667,0.45,0,2621
5393,jev-1.13.0,0.35333333333333333,0.0,0.6466666666666666,2,2629
5394,jev-1.13.0,0.02333333333333333,0.0033333333333333335,0.9733333333333333,2,2661
5395,jev-1.13.0,0.45,0.11666666666666665,0.43333333333333335,0,2633
5396,jev-1.13.0,0.9866666666666667,0.0033333333333333335,0.01,0,2626
5397,jev-1.13.0,0.73,0.03333333333333333,0.23666666666666666,0,2626
5398,jev-1.13.0,0.7999999999999999,0.19333333333333333,0.006666666666666667,0,2621
5399,jev-1.13.0,0.10999999999999999,0.8566666666666666,0.03333333333333333,1,2627
5400,jev-1.13.0,0.6266666666666666,0.15666666666666665,0.21666666666666667,0,2615
5401,jev-1.13.0,0.5566666666666666,0.09999999999999999,0.34333333333333327,0,2624
5402,jev-1.13.0,0.7266666666666666,0.049999999999999996,0.22,0,2632
5403,jev-1.13.0,0.77,0.043333333333333335,0.18666666666666668,0,2621
5404,jev-1.13.0,0.9233333333333333,0.05333333333333334,0.023333333333333334,0,2619
5405,jev-1.13.0,0.14,0.006666666666666667,0.8533333333333334,2,2631
5406,jev-1.13.0,0.17,0.056666666666666664,0.7733333333333334,2,2623
5407,jev-1.13.0,0.5733333333333334,0.07666666666666667,0.35000000000000003,0,2634
5408,jev-1.13.0,0.0,1.0,0.0,1,2652
5409,jev-1.13.0,0.5733333333333334,0.11666666666666668,0.31,0,2619
5410,jev-1.13.0,0.006666666666666667,0.0,0.9933333333333333,2,2640
5411,jev-1.13.0,0.8099999999999999,0.0033333333333333335,0.18666666666666668,0,2628
5412,jev-1.13.0,0.09999999999999999,0.03333333333333333,0.8666666666666667,2,2628
5413,jev-1.13.0,0.09333333333333334,0.043333333333333335,0.8633333333333333,2,2676
5414,jev-1.13.0,0.91,0.04,0.05000000000000001,0,2618
5415,jev-1.13.0,0.20000000000000004,0.14666666666666664,0.6533333333333333,2,2640
5416,jev-1.13.0,0.6533333333333333,0.09666666666666668,0.24666666666666667,0,2628
5417,jev-1.13.0,1.0,0.0,0.0,0,2735
5418,jev-1.13.0,0.9700000000000001,0.0,0.03,0,2614
5419,jev-1.13.0,0.98,0.013333333333333334,0.006666666666666667,0,2615
5420,jev-1.13.0,0.38666666666666666,0.01,0.6033333333333334,2,2636
5421,jev-1.13.0,0.37333333333333335,0.08333333333333333,0.5433333333333333,2,2641
5422,jev-1.13.0,1.0,0.0,0.0,0,2617
5423,jev-1.13.0,0.92,0.05333333333333334,0.023333333333333334,0,2655
5424,jev-1.13.0,0.8066666666666666,0.02,0.17333333333333334,0,2624
5425,jev-1.13.0,0.96,0.01,0.03,0,2617
5426,jev-1.13.0,0.6233333333333334,0.09999999999999999,0.27666666666666667,0,2621
5427,jev-1.13.0,0.02,0.0,0.98,2,2657
5428,jev-1.13.0,0.65,0.03333333333333333,0.31666666666666665,0,2621
5429,jev-1.13.0,0.013333333333333334,0.0,0.9866666666666667,2,2615
5430,jev-1.13.0,0.18666666666666668,0.20666666666666667,0.6066666666666666,2,2631
5431,jev-1.13.0,0.016666666666666666,0.22999999999999998,0.7533333333333333,2,2641
5432,jev-1.13.0,0.45999999999999996,0.0,0.5399999999999999,2,2631
5433,jev-1.13.0,0.02666666666666667,0.04666666666666667,0.9266666666666667,2,2671
5434,jev-1.13.0,0.0,0.0,1.0,2,2727
5435,jev-1.13.0,0.006666666666666667,0.9933333333333333,0.0,1,2618
5436,jev-1.13.0,0.65,0.2233333333333333,0.12666666666666668,0,2615
5437,jev-1.13.0,0.66,0.08333333333333333,0.25666666666666665,0,2617
5438,jev-1.13.0,0.4666666666666666,0.19666666666666666,0.33666666666666667,0,2638
5439,jev-1.13.0,0.7233333333333333,0.013333333333333334,0.26333333333333336,0,2616
5440,jev-1.13.0,0.88,0.043333333333333335,0.07666666666666667,0,2620
5441,jev-1.13.0,0.79,0.05000000000000001,0.16,0,2621
5442,jev-1.13.0,0.06666666666666667,0.93,0.0033333333333333335,1,2616
5443,jev-1.13.0,0.5266666666666667,0.03333333333333333,0.44,0,2622
5444,jev-1.13.0,0.93,0.05333333333333334,0.016666666666666666,0,2624
5445,jev-1.13.0,0.5033333333333333,0.016666666666666666,0.48,0,2621
5446,jev-1.13.0,0.49666666666666665,0.04666666666666667,0.4566666666666667,0,2636
5447,jev-1.13.0,0.0,0.0,1.0,2,2636
5448,jev-1.13.0,0.56,0.006666666666666667,0.43333333333333335,0,2639
5449,jev-1.13.0,1.0,0.0,0.0,0,2617
5450,jev-1.13.0,0.32666666666666666,0.62,0.05333333333333334,1,2615
5451,jev-1.13.0,0.09666666666666668,0.0,0.9033333333333333,2,2673
5452,jev-1.13.0,1.0,0.0,0.0,0,2615
5453,jev-1.13.0,0.7033333333333333,0.2333333333333333,0.06333333333333334,0,2623
5454,jev-1.13.0,0.2866666666666667,0.7033333333333333,0.01,1,2631
5455,jev-1.13.0,0.006666666666666667,0.9933333333333333,0.0,1,2615
5456,jev-1.13.0,0.65,0.2333333333333333,0.11666666666666665,0,2624
5457,jev-1.13.0,0.8866666666666667,0.0033333333333333335,0.10999999999999999,0,2625
5458,jev-1.13.0,0.9933333333333333,0.0,0.006666666666666667,0,2644
5459,jev-1.13.0,0.016666666666666666,0.0,0.9833333333333334,2,2691
5460,jev-1.13.0,1.0,0.0,0.0,0,2615
5461,jev-1.13.0,0.06666666666666667,0.28,0.65,2,2629
5462,jev-1.13.0,0.9700000000000001,0.0,0.03,0,2633
5463,jev-1.13.0,0.2366666666666667,0.0,0.7633333333333333,2,2748
5464,jev-1.13.0,0.5,0.006666666666666667,0.49333333333333335,0,2620
5465,jev-1.13.0,0.38999999999999996,0.48666666666666664,0.12333333333333334,1,2621
5466,jev-1.13.0,0.6533333333333333,0.0,0.3466666666666667,0,2682
5467,jev-1.13.0,0.6066666666666668,0.03333333333333333,0.36000000000000004,0,2626
5468,jev-1.13.0,0.6266666666666666,0.0,0.37333333333333335,0,2733
5469,jev-1.13.0,0.5666666666666665,0.20666666666666667,0.22666666666666666,0,2648
5470,jev-1.13.0,0.27666666666666667,0.3033333333333333,0.42,2,2635
5471,jev-1.13.0,1.0,0.0,0.0,0,2763
5472,jev-1.13.0,0.9266666666666666,0.01,0.06333333333333334,0,2619
5473,jev-1.13.0,0.88,0.016666666666666666,0.10333333333333333,0,2615
5474,jev-1.13.0,0.006666666666666667,0.0,0.9933333333333333,2,2694
5475,jev-1.13.0,0.8366666666666666,0.0,0.16333333333333333,0,2642
5476,jev-1.13.0,0.9766666666666666,0.01,0.013333333333333334,0,2630
5477,jev-1.13.0,0.2966666666666667,0.0,0.7033333333333333,2,2634
5478,jev-1.13.0,0.6266666666666666,0.15666666666666665,0.21666666666666667,0,2628
5479,jev-1.13.0,0.6166666666666667,0.14666666666666664,0.23666666666666666,0,2619
5480,jev-1.13.0,1.0,0.0,0.0,0,2618
5481,jev-1.13.0,0.0,0.0,1.0,2,2694
5482,jev-1.13.0,0.7933333333333333,0.09333333333333334,0.11333333333333334,0,2624
5483,jev-1.13.0,0.38666666666666666,0.02333333333333333,0.59,2,2628
5484,jev-1.13.0,0.44,0.013333333333333334,0.5466666666666667,2,2634
5485,jev-1.13.0,0.9666666666666667,0.0,0.03333333333333333,0,2620
5486,jev-1.13.0,0.5533333333333333,0.013333333333333334,0.43333333333333335,0,2616
5487,jev-1.13.0,0.42333333333333334,0.29333333333333333,0.2833333333333334,0,2661
5488,jev-1.13.0,0.9666666666666667,0.0,0.03333333333333333,0,2627
5489,jev-1.13.0,0.6633333333333332,0.09000000000000001,0.24666666666666667,0,2621
5490,jev-1.13.0,0.7733333333333334,0.12,0.10666666666666667,0,2613
5491,jev-1.13.0,0.08666666666666667,0.11,0.8033333333333332,2,2668
5492,jev-1.13.0,0.43333333333333335,0.43,0.1366666666666667,0,2677
5493,jev-1.13.0,0.8266666666666667,0.013333333333333334,0.16,0,2625
5494,jev-1.13.0,0.8366666666666668,0.0,0.16333333333333333,0,2695
5495,jev-1.13.0,0.18333333333333335,0.013333333333333334,0.8033333333333333,2,2633
5496,jev-1.13.0,0.6566666666666666,0.21333333333333335,0.13,0,2631
5497,jev-1.13.0,0.44,0.013333333333333334,0.5466666666666667,2,2676
5498,jev-1.13.0,1.0,0.0,0.0,0,2617
5499,jev-1.13.0,0.5266666666666667,0.0,0.47333333333333333,0,2640
5500,jev-1.13.0,0.9966666666666667,0.0,0.0033333333333333335,0,2613
5501,jev-1.13.0,0.03666666666666667,0.96,0.0033333333333333335,1,2620
5502,jev-1.13.0,0.31666666666666665,0.05000000000000001,0.6333333333333333,2,2624
5503,jev-1.13.0,0.45,0.5166666666666667,0.03,1,2620
5504,jev-1.13.0,0.9533333333333333,0.02,0.02666666666666667,0,2618
5505,jev-1.13.0,0.006666666666666667,0.0,0.9933333333333333,2,2623
5506,jev-1.13.0,0.24333333333333332,0.023333333333333334,0.7333333333333334,2,2632
5507,jev-1.13.0,0.4666666666666666,0.07,0.4633333333333333,0,2619
5508,jev-1.13.0,0.9566666666666667,0.0,0.043333333333333335,0,2631
5509,jev-1.13.0,0.6066666666666666,0.11,0.2833333333333334,0,2622
5510,jev-1.13.0,0.15333333333333332,0.8266666666666667,0.02,1,2620
5511,jev-1.13.0,0.2966666666666667,0.13999999999999999,0.5633333333333334,2,2629
5512,jev-1.13.0,0.03666666666666667,0.9566666666666667,0.006666666666666667,1,2619
5513,jev-1.13.0,0.5166666666666667,0.07,0.41333333333333333,0,2620
5514,jev-1.13.0,1.0,0.0,0.0,0,2617
5515,jev-1.13.0,0.14333333333333334,0.07333333333333333,0.7799999999999999,2,2639
5516,jev-1.13.0,0.09000000000000001,0.5866666666666667,0.3233333333333333,1,2687
5517,jev-1.13.0,0.9966666666666667,0.0,0.0033333333333333335,0,2655
5518,jev-1.13.0,0.19999999999999998,0.0033333333333333335,0.7966666666666667,2,2634
5519,jev-1.13.0,1.0,0.0,0.0,0,2633
5520,jev-1.13.0,0.31,0.0,0.6900000000000001,2,2695
5521,jev-1.13.0,0.03666666666666667,0.0,0.9633333333333333,2,2655
5522,jev-1.13.0,0.8366666666666666,0.0033333333333333335,0.16,0,2642
5523,jev-1.13.0,0.0,0.0,1.0,2,2702
5524,jev-1.13.0,0.5766666666666667,0.09666666666666668,0.32666666666666666,0,2636
5525,jev-1.13.0,0.0,0.0,1.0,2,2672
5526,jev-1.13.0,0.3166666666666667,0.02333333333333333,0.66,2,2619
5527,jev-1.13.0,0.4033333333333333,0.32,0.27666666666666667,0,2627
5528,jev-1.13.0,0.8566666666666666,0.0,0.14333333333333334,0,2684
5529,jev-1.13.0,0.7933333333333333,0.0,0.20666666666666667,0,2627
5530,jev-1.13.0,0.06333333333333334,0.7799999999999999,0.15333333333333335,1,2633
5531,jev-1.13.0,1.0,0.0,0.0,0,2617
5532,jev-1.13.0,0.9566666666666667,0.01,0.03333333333333333,0,2623
5533,jev-1.13.0,0.38999999999999996,0.05666666666666667,0.5533333333333332,2,2620
5534,jev-1.13.0,0.6433333333333334,0.02666666666666666,0.33,0,2632
5535,jev-1.13.0,0.013333333333333334,0.0,0.9866666666666667,2,2733
5536,jev-1.13.0,0.9633333333333333,0.0,0.036666666666666674,0,2633
5537,jev-1.13.0,0.18000000000000002,0.0,0.82,2,2949
5538,jev-1.13.0,0.08666666666666667,0.01,0.9033333333333333,2,2658
5539,jev-1.13.0,0.7833333333333333,0.0,0.21666666666666667,0,2659
5540,jev-1.13.0,0.4666666666666666,0.15333333333333335,0.38000000000000006,0,2633
5541,jev-1.13.0,0.57,0.0033333333333333335,0.4266666666666667,0,2650
5542,jev-1.13.0,0.03333333333333333,0.04666666666666667,0.92,2,2681
5543,jev-1.13.0,0.5066666666666667,0.02,0.47333333333333333,0,2621
5544,jev-1.13.0,0.13333333333333333,0.19333333333333333,0.6733333333333333,2,2656
5545,jev-1.13.0,0.85,0.01,0.13999999999999999,0,2622
5546,jev-1.13.0,0.49333333333333335,0.01,0.49666666666666665,2,2670
5547,jev-1.13.0,0.02666666666666667,0.0,0.9733333333333333,2,2686
5548,jev-1.13.0,0.9966666666666667,0.0,0.0033333333333333335,0,2632
5549,jev-1.13.0,0.016666666666666666,0.013333333333333334,0.9700000000000001,2,2624
5550,jev-1.13.0,0.8966666666666666,0.06333333333333334,0.04,0,2623
5551,jev-1.13.0,0.73,0.07666666666666667,0.19333333333333333,0,2626
5552,jev-1.13.0,0.4466666666666667,0.016666666666666666,0.5366666666666667,2,2629
5553,jev-1.13.0,0.0,0.013333333333333334,0.9866666666666667,2,2656
5554,jev-1.13.0,0.01,0.0,0.9899999999999999,2,2621
5555,jev-1.13.0,0.3,0.03,0.6699999999999999,2,2646
5556,jev-1.13.0,0.18666666666666668,0.03666666666666667,0.7766666666666667,2,2623
5557,jev-1.13.0,0.03333333333333333,0.05333333333333334,0.9133333333333334,2,2720
5558,jev-1.13.0,0.87,0.049999999999999996,0.08,0,2627
5559,jev-1.13.0,0.09333333333333334,0.0,0.9066666666666667,2,2657
5560,jev-1.13.0,0.04,0.8466666666666667,0.11333333333333333,1,2621
5561,jev-1.13.0,0.4466666666666667,0.01,0.5433333333333333,2,2627
5562,jev-1.13.0,0.04,0.0033333333333333335,0.9566666666666667,2,2622
5563,jev-1.13.0,0.5333333333333333,0.006666666666666667,0.45999999999999996,0,2622
5564,jev-1.13.0,0.6333333333333333,0.18666666666666665,0.18000000000000002,0,2635
5565,jev-1.13.0,0.26333333333333336,0.0,0.7366666666666667,2,2667
5566,jev-1.13.0,0.9166666666666666,0.0033333333333333335,0.08,0,2623
5567,jev-1.13.0,0.01,0.0,0.9899999999999999,2,2626
5568,jev-1.13.0,0.29000000000000004,0.02,0.6900000000000001,2,2670
5569,jev-1.13.0,0.0,0.0,1.0,2,2617
5570,jev-1.13.0,0.48333333333333334,0.08,0.4366666666666667,0,2625
5571,jev-1.13.0,0.7666666666666666,0.21666666666666667,0.016666666666666666,0,2614
5572,jev-1.13.0,0.6266666666666666,0.06999999999999999,0.3033333333333334,0,2635
5573,jev-1.13.0,0.82,0.08666666666666667,0.09333333333333334,0,2628
5574,jev-1.13.0,0.9533333333333333,0.04666666666666667,0.0,0,2658
5575,jev-1.13.0,0.02666666666666667,0.0,0.9733333333333333,2,2633
5576,jev-1.13.0,0.19666666666666668,0.8033333333333333,0.0,1,2711
5577,jev-1.13.0,0.5,0.0,0.49999999999999994,0,2640
5578,jev-1.13.0,0.30333333333333334,0.24666666666666667,0.45,2,2636
5579,jev-1.13.0,0.7066666666666667,0.29333333333333333,0.0,0,2690
5580,jev-1.13.0,0.8233333333333333,0.016666666666666666,0.16,0,2629
5581,jev-1.13.0,0.8966666666666666,0.06999999999999999,0.03333333333333333,0,2629
5582,jev-1.13.0,0.7566666666666667,0.0,0.24333333333333332,0,2671
5583,jev-1.13.0,0.9,0.0,0.09999999999999999,0,2629
5584,jev-1.13.0,1.0,0.0,0.0,0,2616
5585,jev-1.13.0,0.9,0.0,0.10000000000000002,0,2647
5586,jev-1.13.0,0.5266666666666667,0.0,0.47333333333333333,0,2648
5587,jev-1.13.0,1.0,0.0,0.0,0,2650
5588,jev-1.13.0,0.88,0.01,0.10999999999999999,0,2627
5589,jev-1.13.0,0.9833333333333334,0.01,0.006666666666666667,0,2616
5590,jev-1.13.0,0.68,0.15333333333333335,0.16666666666666666,0,2634
5591,jev-1.13.0,0.75,0.07666666666666666,0.17333333333333334,0,2643
5592,jev-1.13.0,0.9866666666666667,0.0,0.013333333333333334,0,2615
5593,jev-1.13.0,1.0,0.0,0.0,0,2623
5594,jev-1.13.0,0.96,0.0033333333333333335,0.036666666666666674,0,2618
5595,jev-1.13.0,0.14,0.0,0.86,2,2634
5596,jev-1.13.0,0.6366666666666667,0.006666666666666667,0.3566666666666667,0,2638
5597,jev-1.13.0,0.16,0.043333333333333335,0.7966666666666665,2,2631
5598,jev-1.13.0,0.12,0.01,0.87,2,2621
5599,jev-1.13.0,1.0,0.0,0.0,0,2617
5600,jev-1.13.0,0.8766666666666666,0.013333333333333334,0.11,0,2623
5601,jev-1.13.0,0.6333333333333333,0.07666666666666667,0.29,0,2622
5602,jev-1.13.0,0.33,0.006666666666666667,0.6633333333333334,2,2639
5603,jev-1.13.0,0.09666666666666668,0.01,0.8933333333333334,2,2632
5604,jev-1.13.0,0.9666666666666667,0.0,0.03333333333333333,0,2624
5605,jev-1.13.0,0.5966666666666667,0.37333333333333335,0.03,0,2628
5606,jev-1.13.0,0.0,0.0,1.0,2,2800
5607,jev-1.13.0,0.44,0.04,0.52,2,2618
5608,jev-1.13.0,0.25,0.02,0.7300000000000001,2,2651
5609,jev-1.13.0,0.20666666666666667,0.016666666666666666,0.7766666666666667,2,2630
5610,jev-1.13.0,0.15666666666666665,0.0033333333333333335,0.84,2,2632
5611,jev-1.13.0,0.93,0.03666666666666667,0.03333333333333333,0,2624
5612,jev-1.13.0,0.8033333333333333,0.07333333333333332,0.12333333333333334,0,2633
5613,jev-1.13.0,0.7333333333333334,0.01,0.25666666666666665,0,2622
5614,jev-1.13.0,0.6166666666666667,0.04666666666666667,0.3366666666666666,0,2628
5615,jev-1.13.0,0.7200000000000001,0.01,0.27,0,2627
5616,jev-1.13.0,0.21,0.7799999999999999,0.01,1,2620
5617,jev-1.13.0,1.0,0.0,0.0,0,2647
5618,jev-1.13.0,0.9833333333333334,0.0,0.016666666666666666,0,2612
5619,jev-1.13.0,0.2233333333333333,0.05000000000000001,0.7266666666666666,2,2643
5620,jev-1.13.0,0.6900000000000001,0.07333333333333333,0.23666666666666666,0,2621
5621,jev-1.13.0,0.9966666666666667,0.0033333333333333335,0.0,0,2632
5622,jev-1.13.0,0.2333333333333333,0.01,0.7566666666666667,2,2619
5623,jev-1.13.0,0.2733333333333334,0.7166666666666667,0.01,1,2639
5624,jev-1.13.0,0.3466666666666667,0.02,0.6333333333333333,2,2626
5625,jev-1.13.0,0.24,0.16666666666666666,0.5933333333333334,2,2620
5626,jev-1.13.0,0.01,0.0,0.9899999999999999,2,2648
5627,jev-1.13.0,0.17666666666666667,0.8099999999999999,0.013333333333333334,1,2621
5628,jev-1.13.0,0.49666666666666665,0.013333333333333334,0.49,0,2642
5629,jev-1.13.0,0.36999999999999994,0.0033333333333333335,0.6266666666666666,2,2640
5630,jev-1.13.0,0.9933333333333333,0.006666666666666667,0.0,0,2624
5631,jev-1.13.0,0.22999999999999998,0.0,0.77,2,2669
5632,jev-1.13.0,0.03333333333333333,0.0,0.9666666666666667,2,2617
5633,jev-1.13.0,0.77,0.013333333333333334,0.21666666666666667,0,2633
5634,jev-1.13.0,0.5966666666666667,0.013333333333333334,0.38999999999999996,0,2625
5635,jev-1.13.0,0.9533333333333333,0.04666666666666667,0.0,0,2617
5636,jev-1.13.0,1.0,0.0,0.0,0,2616
5637,jev-1.13.0,0.08333333333333333,0.8433333333333334,0.07333333333333333,1,2617
5638,jev-1.13.0,0.8666666666666667,0.043333333333333335,0.09000000000000001,0,2622
5639,jev-1.13.0,0.023333333333333334,0.006666666666666667,0.9700000000000001,2,2655
5640,jev-1.13.0,0.11,0.006666666666666667,0.8833333333333333,2,2620
5641,jev-1.13.0,0.043333333333333335,0.030000000000000002,0.9266666666666667,2,2643
5642,jev-1.13.0,1.0,0.0,0.0,0,2616
5643,jev-1.13.0,0.41,0.0,0.59,2,2627
5644,jev-1.13.0,0.37333333333333335,0.03666666666666667,0.59,2,2633
5645,jev-1.13.0,0.33666666666666667,0.013333333333333334,0.65,2,2629
5646,jev-1.13.0,0.7833333333333333,0.0,0.21666666666666667,0,2643
5647,jev-1.13.0,0.01,0.03,0.96,2,2642
5648,jev-1.13.0,0.09000000000000001,0.049999999999999996,0.86,2,2651
5649,jev-1.13.0,0.0,0.0,1.0,2,2728
5650,jev-1.13.0,0.22666666666666668,0.0,0.7733333333333334,2,2659
5651,jev-1.13.0,0.0,0.0,1.0,2,2688
5652,jev-1.13.0,0.02,0.0033333333333333335,0.9766666666666666,2,2662
5653,jev-1.13.0,0.59,0.0,0.41,0,2633
5654,jev-1.13.0,0.10666666666666667,0.25666666666666665,0.6366666666666667,2,2664
5655,jev-1.13.0,0.7666666666666666,0.03333333333333333,0.19999999999999998,0,2623
5656,jev-1.13.0,0.0,0.0,1.0,2,2815
5657,jev-1.13.0,0.34333333333333327,0.01,0.6466666666666666,2,2659
5658,jev-1.13.0,0.98,0.0,0.02,0,2618
5659,jev-1.13.0,0.3466666666666667,0.0033333333333333335,0.65,2,2648
5660,jev-1.13.0,0.9966666666666667,0.0,0.0033333333333333335,0,2666
5661,jev-1.13.0,0.3033333333333333,0.01,0.6866666666666666,2,2628
5662,jev-1.13.0,0.6933333333333334,0.04666666666666667,0.26,0,2616
5663,jev-1.13.0,0.0,0.0,1.0,2,2652
5664,jev-1.13.0,0.91,0.0033333333333333335,0.08666666666666667,0,2627
5665,jev-1.13.0,0.7566666666666667,0.016666666666666666,0.22666666666666666,0,2623
5666,jev-1.13.0,0.4666666666666666,0.0,0.5333333333333333,2,2713
5667,jev-1.13.0,0.06,0.5966666666666667,0.3433333333333333,1,2632
5668,jev-1.13.0,0.2333333333333333,0.01,0.7566666666666667,2,2619
5669,jev-1.13.0,0.9766666666666666,0.0033333333333333335,0.02,0,2628
5670,jev-1.13.0,0.26,0.07666666666666666,0.6633333333333334,2,2625
5671,jev-1.13.0,0.9466666666666667,0.0,0.05333333333333334,0,2628
5672,jev-1.13.0,0.8033333333333333,0.0,0.19666666666666668,0,2661
5673,jev-1.13.0,0.04,0.09333333333333334,0.8666666666666667,2,2635
5674,jev-1.13.0,0.96,0.0033333333333333335,0.03666666666666667,0,2627
5675,jev-1.13.0,0.83,0.0,0.17,0,2645
5676,jev-1.13.0,0.8433333333333333,0.06666666666666667,0.09000000000000001,0,2621
5677,jev-1.13.0,0.5933333333333333,0.24333333333333332,0.16,0,2619
5678,jev-1.13.0,0.9400000000000001,0.02,0.04,0,2622
5679,jev-1.13.0,0.8833333333333333,0.0,0.11666666666666665,0,2643
5680,jev-1.13.0,0.9633333333333333,0.0,0.03666666666666667,0,2639
5681,jev-1.13.0,0.13,0.0033333333333333335,0.8666666666666667,2,2623
5682,jev-1.13.0,0.6900000000000001,0.17333333333333334,0.1366666666666667,0,2669
5683,jev-1.13.0,0.38999999999999996,0.013333333333333334,0.5966666666666667,2,2625
5684,jev-1.13.0,0.29000000000000004,0.0,0.71,2,2639
5685,jev-1.13.0,0.9766666666666666,0.0,0.02333333333333333,0,2669
5686,jev-1.13.0,0.8266666666666667,0.16666666666666666,0.006666666666666667,0,2627
5687,jev-1.13.0,0.9566666666666667,0.0033333333333333335,0.04,0,2622
5688,jev-1.13.0,0.2966666666666667,0.04666666666666667,0.6566666666666666,2,2630
5689,jev-1.13.0,0.7533333333333333,0.15666666666666665,0.09000000000000001,0,2625
5690,jev-1.13.0,0.5466666666666666,0.4466666666666666,0.006666666666666667,0,2634
5691,jev-1.13.0,0.19666666666666666,0.049999999999999996,0.7533333333333333,2,2621
5692,jev-1.13.0,0.5966666666666667,0.030000000000000002,0.37333333333333335,0,2640
5693,jev-1.13.0,0.12,0.7399999999999999,0.14,1,2618
5694,jev-1.13.0,0.6433333333333334,0.12,0.23666666666666666,0,2623
5695,jev-1.13.0,1.0,0.0,0.0,0,2651
5696,jev-1.13.0,0.9533333333333333,0.043333333333333335,0.0033333333333333335,0,2622
5697,jev-1.13.0,0.3133333333333333,0.32666666666666666,0.35999999999999993,2,2616
5698,jev-1.13.0,0.24,0.5533333333333333,0.20666666666666667,1,2630
5699,jev-1.13.0,0.9566666666666667,0.04,0.0033333333333333335,0,2624
5700,jev-1.13.0,0.38000000000000006,0.01,0.61,2,2635
5701,jev-1.13.0,0.5366666666666666,0.18999999999999997,0.2733333333333334,0,2625
5702,jev-1.13.0,0.5033333333333333,0.049999999999999996,0.4466666666666667,0,2646
5703,jev-1.13.0,0.9633333333333333,0.016666666666666666,0.02,0,2625
5704,jev-1.13.0,0.3933333333333333,0.17666666666666667,0.43,2,2664
5705,jev-1.13.0,0.36000000000000004,0.0,0.64,2,2646
5706,jev-1.13.0,1.0,0.0,0.0,0,2621
5707,jev-1.13.0,0.38999999999999996,0.006666666666666667,0.6033333333333334,2,2628
5708,jev-1.13.0,0.6466666666666666,0.10999999999999999,0.24333333333333332,0,2629
5709,jev-1.13.0,1.0,0.0,0.0,0,2616
5710,jev-1.13.0,0.7666666666666666,0.13999999999999999,0.09333333333333334,0,2618
5711,jev-1.13.0,0.9166666666666666,0.06,0.023333333333333334,0,2625
5712,jev-1.13.0,0.2733333333333334,0.02333333333333333,0.7033333333333335,2,2633
5713,jev-1.13.0,0.5866666666666666,0.0,0.41333333333333333,0,2633
5714,jev-1.13.0,0.82,0.18000000000000002,0.0,0,2620
5715,jev-1.13.0,0.14,0.86,0.0,1,2614
5716,jev-1.13.0,1.0,0.0,0.0,0,2620
5717,jev-1.13.0,0.8333333333333334,0.13999999999999999,0.023333333333333334,0,2618
5718,jev-1.13.0,0.65,0.19333333333333336,0.15666666666666665,0,2619
5719,jev-1.13.0,0.12,0.79,0.09000000000000001,1,2650
5720,jev-1.13.0,0.9033333333333333,0.023333333333333334,0.07333333333333335,0,2632
5721,jev-1.13.0,0.24333333333333332,0.04,0.7166666666666668,2,2653
5722,jev-1.13.0,0.0,0.0,1.0,2,2633
5723,jev-1.13.0,0.7533333333333333,0.0033333333333333335,0.24333333333333332,0,2637
5724,jev-1.13.0,0.9966666666666667,0.0,0.0033333333333333335,0,2645
5725,jev-1.13.0,0.6,0.0,0.4000000000000001,0,2655
5726,jev-1.13.0,0.26333333333333336,0.0033333333333333335,0.7333333333333334,2,2633
5727,jev-1.13.0,1.0,0.0,0.0,0,2614
5728,jev-1.13.0,1.0,0.0,0.0,0,2621
5729,jev-1.13.0,0.5433333333333333,0.0,0.4566666666666666,0,2645
5730,jev-1.13.0,0.0,0.0,1.0,2,2659
5731,jev-1.13.0,0.41,0.3233333333333333,0.26666666666666666,0,2626
5732,jev-1.13.0,0.9400000000000001,0.0,0.06,0,2643
5733,jev-1.13.0,0.0,0.0,1.0,2,2697
5734,jev-1.13.0,0.0,0.0033333333333333335,0.9966666666666667,2,2623
5735,jev-1.13.0,0.22999999999999998,0.44333333333333336,0.32666666666666666,1,2618
5736,jev-1.13.0,0.22,0.14,0.64,2,2644
5737,jev-1.13.0,0.27666666666666667,0.24333333333333332,0.48,2,2625
5738,jev-1.13.0,0.24666666666666667,0.0,0.7533333333333333,2,2657
5739,jev-1.13.0,0.7333333333333334,0.05666666666666667,0.21,0,2631
5740,jev-1.13.0,0.33,0.19999999999999998,0.47,2,2625
5741,jev-1.13.0,0.0,0.0,1.0,2,2645
5742,jev-1.13.0,0.01,0.0,0.9899999999999999,2,2662
5743,jev-1.13.0,0.01,0.0,0.9899999999999999,2,2663
5744,jev-1.13.0,0.42,0.2966666666666667,0.2833333333333334,0,2616
5745,jev-1.13.0,0.01,0.0,0.9899999999999999,2,2704
5746,jev-1.13.0,0.07,0.0,0.93,2,2633
5747,jev-1.13.0,0.17,0.01,0.82,2,2631
5748,jev-1.13.0,0.22,0.02,0.7599999999999999,2,2624
5749,jev-1.13.0,0.4033333333333333,0.1366666666666667,0.45999999999999996,2,2621
5750,jev-1.13.0,0.12,0.7066666666666667,0.17333333333333334,1,2631
5751,jev-1.13.0,0.6533333333333333,0.05333333333333334,0.2933333333333334,0,2628
5752,jev-1.13.0,0.0,0.0,1.0,2,2761
5753,jev-1.13.0,0.85,0.0,0.15000000000000002,0,2634
5754,jev-1.13.0,0.056666666666666664,0.0,0.9433333333333334,2,2661
5755,jev-1.13.0,0.39333333333333337,0.10000000000000002,0.5066666666666667,2,2617
5756,jev-1.13.0,0.09000000000000001,0.8966666666666666,0.013333333333333334,1,2616
5757,jev-1.13.0,0.0,1.0,0.0,1,2620
5758,jev-1.13.0,0.36999999999999994,0.47666666666666674,0.15333333333333335,1,2638
5759,jev-1.13.0,0.07,0.03333333333333333,0.8966666666666666,2,2619
5760,jev-1.13.0,0.6033333333333334,0.2833333333333334,0.11333333333333333,0,2635
5761,jev-1.13.0,0.06333333333333334,0.8466666666666667,0.09000000000000001,1,2638
5762,jev-1.13.0,0.6699999999999999,0.10333333333333335,0.22666666666666666,0,2639
5763,jev-1.13.0,0.043333333333333335,0.06333333333333334,0.8933333333333334,2,2632
5764,jev-1.13.0,0.1466666666666667,0.6733333333333333,0.18000000000000002,1,2634
5765,jev-1.13.0,0.18333333333333332,0.4666666666666666,0.3499999999999999,1,2646
5766,jev-1.13.0,0.9899999999999999,0.0,0.01,0,2652
5767,jev-1.13.0,0.10666666666666667,0.8333333333333334,0.060000000000000005,1,2628
5768,jev-1.13.0,0.4533333333333333,0.0,0.5466666666666667,2,2639
5769,jev-1.13.0,1.0,0.0,0.0,0,2621
5770,jev-1.13.0,0.4466666666666667,0.23333333333333336,0.32,0,2628
5771,jev-1.13.0,0.98,0.0,0.02,0,2652
5772,jev-1.13.0,0.01,0.0,0.9899999999999999,2,2638
5773,jev-1.13.0,0.013333333333333334,0.9866666666666667,0.0,1,2677
5774,jev-1.13.0,0.2966666666666667,0.006666666666666667,0.6966666666666667,2,2634
5775,jev-1.13.0,0.6933333333333334,0.2966666666666667,0.01,0,2620
5776,jev-1.13.0,0.023333333333333334,0.0,0.9766666666666666,2,2663
5777,jev-1.13.0,0.98,0.0033333333333333335,0.016666666666666666,0,2624
5778,jev-1.13.0,1.0,0.0,0.0,0,2615
5779,jev-1.13.0,0.68,0.0,0.32,0,2635
5780,jev-1.13.0,0.8833333333333333,0.02333333333333333,0.09333333333333334,0,2626
5781,jev-1.13.0,0.32,0.68,0.0,1,2638
5782,jev-1.13.0,0.04,0.0,0.96,2,2666
5783,jev-1.13.0,1.0,0.0,0.0,0,2643
5784,jev-1.13.0,1.0,0.0,0.0,0,2655
5785,jev-1.13.0,0.8066666666666666,0.043333333333333335,0.15000000000000002,0,2626
5786,jev-1.13.0,0.01,0.9899999999999999,0.0,1,2616
5787,jev-1.13.0,0.17666666666666667,0.01,0.8133333333333334,2,2627
5788,jev-1.13.0,0.8833333333333333,0.0,0.11666666666666668,0,2637
5789,jev-1.13.0,0.14,0.7133333333333334,0.1466666666666667,1,2657
5790,jev-1.13.0,1.0,0.0,0.0,0,2614
5791,jev-1.13.0,0.4066666666666667,0.26666666666666666,0.32666666666666666,0,2624
5792,jev-1.13.0,1.0,0.0,0.0,0,2618
5793,jev-1.13.0,0.7266666666666666,0.09999999999999999,0.17333333333333334,0,2615
5794,jev-1.13.0,0.15333333333333335,0.0033333333333333335,0.8433333333333333,2,2688
5795,jev-1.13.0,0.25333333333333335,0.02666666666666667,0.7200000000000001,2,2629
5796,jev-1.13.0,0.96,0.016666666666666666,0.023333333333333334,0,2626
5797,jev-1.13.0,0.9266666666666667,0.0033333333333333335,0.06999999999999999,0,2625
5798,jev-1.13.0,0.54,0.02333333333333333,0.4366666666666667,0,2623
5799,jev-1.13.0,0.87,0.0033333333333333335,0.12666666666666668,0,2642
5800,jev-1.13.0,0.2966666666666667,0.26,0.44333333333333336,2,2621
5801,jev-1.13.0,0.22333333333333336,0.4566666666666666,0.32,1,2621
5802,jev-1.13.0,0.9833333333333334,0.0,0.016666666666666666,0,2619
5803,jev-1.13.0,0.71,0.16,0.13,0,2625
5804,jev-1.13.0,0.83,0.08333333333333333,0.08666666666666667,0,2617
5805,jev-1.13.0,0.38999999999999996,0.006666666666666667,0.6033333333333334,2,2620
5806,jev-1.13.0,0.10000000000000002,0.2333333333333333,0.6666666666666666,2,2657
5807,jev-1.13.0,0.59,0.08333333333333333,0.32666666666666666,0,2620
5808,jev-1.13.0,0.6933333333333334,0.0,0.3066666666666667,0,2800
5809,jev-1.13.0,0.18000000000000002,0.7133333333333334,0.10666666666666667,1,2630
5810,jev-1.13.0,0.12333333333333334,0.016666666666666666,0.86,2,2647
5811,jev-1.13.0,0.5366666666666666,0.05666666666666667,0.40666666666666673,0,2623
5812,jev-1.13.0,0.9400000000000001,0.02666666666666667,0.03333333333333333,0,2623
5813,jev-1.13.0,0.61,0.24333333333333332,0.14666666666666667,0,2619
5814,jev-1.13.0,0.6866666666666666,0.060000000000000005,0.25333333333333335,0,2626
5815,jev-1.13.0,0.6666666666666666,0.10333333333333333,0.23,0,2621
5816,jev-1.13.0,0.0,0.0,1.0,2,2617
5817,jev-1.13.0,0.10333333333333333,0.75,0.1466666666666667,1,2643
5818,jev-1.13.0,0.5566666666666668,0.06,0.3833333333333333,0,2627
5819,jev-1.13.0,0.08666666666666667,0.0,0.9133333333333334,2,2645
5820,jev-1.13.0,0.4066666666666667,0.07,0.5233333333333333,2,2621
5821,jev-1.13.0,0.63,0.016666666666666666,0.35333333333333333,0,2623
5822,jev-1.13.0,0.01,0.9899999999999999,0.0,1,2618
5823,jev-1.13.0,0.82,0.18000000000000002,0.0,0,2622
5824,jev-1.13.0,0.36333333333333334,0.013333333333333334,0.6233333333333334,2,2634
5825,jev-1.13.0,0.013333333333333334,0.7466666666666667,0.24,1,2642
5826,jev-1.13.0,0.27666666666666667,0.0,0.7233333333333333,2,2654
5827,jev-1.13.0,0.013333333333333334,0.9566666666666667,0.030000000000000002,1,2616
5828,jev-1.13.0,0.0,1.0,0.0,1,2634
5829,jev-1.13.0,0.5533333333333333,0.07666666666666666,0.36999999999999994,0,2620
5830,jev-1.13.0,0.9899999999999999,0.0,0.01,0,2622
5831,jev-1.13.0,0.7399999999999999,0.04,0.21999999999999997,0,2622
5832,jev-1.13.0,0.26,0.2733333333333334,0.4666666666666666,2,2619
5833,jev-1.13.0,0.9566666666666667,0.013333333333333334,0.03,0,2620
5834,jev-1.13.0,0.41333333333333333,0.13333333333333333,0.45333333333333337,2,2633
5835,jev-1.13.0,0.8966666666666666,0.016666666666666666,0.08666666666666667,0,2632
5836,jev-1.13.0,0.0,0.0,1.0,2,2616
5837,jev-1.13.0,0.54,0.006666666666666667,0.4533333333333333,0,2625
5838,jev-1.13.0,0.0,0.0,1.0,2,2614
5839,jev-1.13.0,0.34333333333333327,0.32666666666666666,0.33,0,2617
5840,jev-1.13.0,0.9499999999999998,0.030000000000000002,0.02,0,2617
5841,jev-1.13.0,0.98,0.0,0.02,0,2628
5842,jev-1.13.0,0.5499999999999999,0.4366666666666666,0.013333333333333334,0,2615
5843,jev-1.13.0,0.96,0.0033333333333333335,0.03666666666666667,0,2623
5844,jev-1.13.0,0.5433333333333333,0.15333333333333332,0.3033333333333334,0,2634
5845,jev-1.13.0,1.0,0.0,0.0,0,2615
5846,jev-1.13.0,0.85,0.030000000000000002,0.12000000000000001,0,2618
5847,jev-1.13.0,0.016666666666666666,0.006666666666666667,0.9766666666666666,2,2618
5848,jev-1.13.0,0.006666666666666667,0.0,0.9933333333333333,2,2628
5849,jev-1.13.0,0.8300000000000001,0.0,0.17,0,2973
5850,jev-1.13.0,1.0,0.0,0.0,0,2614
5851,jev-1.13.0,0.3466666666666667,0.01,0.6433333333333334,2,2640
5852,jev-1.13.0,0.03,0.049999999999999996,0.9199999999999999,2,2696
5853,jev-1.13.0,0.66,0.013333333333333334,0.32666666666666666,0,2621
5854,jev-1.13.0,0.9666666666666667,0.0,0.03333333333333333,0,2625
5855,jev-1.13.0,0.9866666666666667,0.006666666666666667,0.006666666666666667,0,2615
5856,jev-1.13.0,0.4266666666666667,0.01,0.5633333333333334,2,2629
5857,jev-1.13.0,0.0,1.0,0.0,1,2624
5858,jev-1.13.0,0.9133333333333334,0.03666666666666667,0.04666666666666667,0,2623
5859,jev-1.13.0,0.6766666666666667,0.02,0.3033333333333333,0,2638
5860,jev-1.13.0,0.38000000000000006,0.049999999999999996,0.57,2,2626
5861,jev-1.13.0,0.49,0.3566666666666667,0.15333333333333335,0,2618
5862,jev-1.13.0,0.28,0.26,0.45999999999999996,2,2631
5863,jev-1.13.0,0.8233333333333333,0.049999999999999996,0.12666666666666668,0,2647
5864,jev-1.13.0,0.7833333333333333,0.013333333333333334,0.20333333333333334,0,2624
5865,jev-1.13.0,0.6266666666666666,0.09000000000000001,0.2833333333333334,0,2622
5866,jev-1.13.0,1.0,0.0,0.0,0,2624
5867,jev-1.13.0,0.9899999999999999,0.0033333333333333335,0.006666666666666667,0,2617
5868,jev-1.13.0,0.89,0.0,0.11,0,2627
5869,jev-1.13.0,0.4666666666666666,0.5199999999999999,0.013333333333333334,1,2624
5870,jev-1.13.0,0.9,0.06666666666666667,0.03333333333333333,0,2630
5871,jev-1.13.0,0.9133333333333334,0.016666666666666666,0.07,0,2646
5872,jev-1.13.0,0.013333333333333334,0.0,0.9866666666666667,2,2631
5873,jev-1.13.0,0.57,0.0,0.43,0,2661
5874,jev-1.13.0,0.8566666666666666,0.0,0.14333333333333334,0,2629
5875,jev-1.13.0,0.6466666666666666,0.013333333333333334,0.34,0,2628
5876,jev-1.13.0,0.9066666666666666,0.0,0.09333333333333334,0,2688
5877,jev-1.13.0,0.16666666666666666,0.016666666666666666,0.8166666666666665,2,2635
5878,jev-1.13.0,0.5466666666666667,0.05333333333333334,0.4000000000000001,0,2618
5879,jev-1.13.0,0.6866666666666666,0.08666666666666667,0.22666666666666668,0,2627
5880,jev-1.13.0,0.9966666666666667,0.0,0.0033333333333333335,0,2627
5881,jev-1.13.0,0.38999999999999996,0.4533333333333333,0.15666666666666665,1,2625
5882,jev-1.13.0,0.7166666666666668,0.15666666666666668,0.12666666666666668,0,2629
5883,jev-1.13.0,0.6833333333333332,0.11,0.2066666666666667,0,2633
5884,jev-1.13.0,0.09666666666666666,0.01,0.8933333333333334,2,2653
5885,jev-1.13.0,0.12333333333333334,0.0033333333333333335,0.8733333333333334,2,2641
5886,jev-1.13.0,0.0,0.0,1.0,2,2622
5887,jev-1.13.0,0.41,0.01,0.58,2,2630
5888,jev-1.13.0,0.5466666666666667,0.023333333333333334,0.43,0,2634
5889,jev-1.13.0,0.47333333333333333,0.51,0.016666666666666666,1,2618
5890,jev-1.13.0,0.9933333333333333,0.006666666666666667,0.0,0,2653
5891,jev-1.13.0,0.48333333333333334,0.01,0.5066666666666667,2,2625
5892,jev-1.13.0,0.16666666666666666,0.8266666666666667,0.006666666666666667,1,2626
5893,jev-1.13.0,0.4466666666666667,0.10333333333333333,0.4466666666666667,0,2647
5894,jev-1.13.0,0.023333333333333334,0.3866666666666667,0.59,2,2655
5895,jev-1.13.0,0.26666666666666666,0.0033333333333333335,0.73,2,2625
5896,jev-1.13.0,0.9233333333333333,0.006666666666666667,0.07,0,2618
5897,jev-1.13.0,0.6333333333333333,0.18000000000000002,0.18666666666666668,0,2624
5898,jev-1.13.0,0.9433333333333334,0.0,0.056666666666666664,0,2622
5899,jev-1.13.0,0.33,0.030000000000000002,0.64,2,2629
5900,jev-1.13.0,0.7833333333333333,0.06666666666666667,0.15,0,2626
5901,jev-1.13.0,0.34,0.5966666666666667,0.06333333333333334,1,2627
5902,jev-1.13.0,0.7399999999999999,0.05000000000000001,0.21,0,2630
5903,jev-1.13.0,0.7466666666666667,0.043333333333333335,0.21,0,2627
5904,jev-1.13.0,0.9133333333333334,0.01,0.07666666666666667,0,2615
5905,jev-1.13.0,0.32666666666666666,0.0,0.6733333333333333,2,2637
5906,jev-1.13.0,0.7233333333333333,0.006666666666666667,0.27,0,2621
5907,jev-1.13.0,1.0,0.0,0.0,0,2617
5908,jev-1.13.0,0.91,0.04,0.05000000000000001,0,2619
5909,jev-1.13.0,0.33,0.05333333333333334,0.6166666666666667,2,2624
5910,jev-1.13.0,0.21666666666666667,0.07666666666666666,0.7066666666666667,2,2638
5911,jev-1.13.0,0.01,0.0,0.9899999999999999,2,2629
5912,jev-1.13.0,0.5133333333333333,0.01,0.47666666666666674,0,2617
5913,jev-1.13.0,1.0,0.0,0.0,0,2615
5914,jev-1.13.0,0.21,0.37333333333333335,0.4166666666666667,2,2814
5915,jev-1.13.0,0.8500000000000001,0.006666666666666667,0.14333333333333334,0,2640
5916,jev-1.13.0,0.19000000000000003,0.11333333333333333,0.6966666666666667,2,2628
5917,jev-1.13.0,0.9733333333333333,0.0,0.02666666666666667,0,2650
5918,jev-1.13.0,0.04,0.0,0.96,2,2633
5919,jev-1.13.0,0.88,0.016666666666666666,0.10333333333333333,0,2626
5920,jev-1.13.0,0.8266666666666667,0.0,0.17333333333333334,0,2981
5921,jev-1.13.0,0.043333333333333335,0.0033333333333333335,0.9533333333333333,2,2702
5922,jev-1.13.0,0.3933333333333333,0.0,0.6066666666666668,2,2633
5923,jev-1.13.0,0.25,0.02,0.73,2,2634
5924,jev-1.13.0,0.48333333333333334,0.013333333333333334,0.5033333333333333,2,2622
5925,jev-1.13.0,0.9,0.09333333333333334,0.006666666666666667,0,2619
5926,jev-1.13.0,0.53,0.05666666666666667,0.4133333333333334,0,2620
5927,jev-1.13.0,0.7133333333333334,0.06333333333333334,0.2233333333333333,0,2637
5928,jev-1.13.0,0.3566666666666667,0.013333333333333334,0.63,2,2632
5929,jev-1.13.0,0.09333333333333332,0.03333333333333333,0.8733333333333334,2,2694
5930,jev-1.13.0,0.25666666666666665,0.0,0.7433333333333333,2,2649
5931,jev-1.13.0,0.02666666666666667,0.0,0.9733333333333333,2,2695
5932,jev-1.13.0,0.98,0.0,0.02,0,2805
5933,jev-1.13.0,0.5,0.08666666666666667,0.41333333333333333,0,2620
5934,jev-1.13.0,0.5366666666666667,0.03333333333333333,0.43,0,2629
5935,jev-1.13.0,0.0,0.0,1.0,2,2715
5936,jev-1.13.0,0.9666666666666667,0.0,0.03333333333333333,0,2656
5937,jev-1.13.0,0.3666666666666667,0.05666666666666667,0.5766666666666667,2,2632
5938,jev-1.13.0,0.9733333333333333,0.02666666666666667,0.0,0,2626
5939,jev-1.13.0,0.04666666666666667,0.0,0.9533333333333333,2,2650
5940,jev-1.13.0,0.8233333333333333,0.13666666666666666,0.04,0,2620
5941,jev-1.13.0,0.06333333333333334,0.0,0.9366666666666666,2,2639
5942,jev-1.13.0,0.16,0.08333333333333333,0.7566666666666667,2,2626
5943,jev-1.13.0,0.8733333333333334,0.016666666666666666,0.11,0,2630
5944,jev-1.13.0,0.0,0.0,1.0,2,2642
5945,jev-1.13.0,0.6933333333333334,0.0,0.3066666666666667,0,2638
5946,jev-1.13.0,0.5366666666666666,0.043333333333333335,0.42,0,2630
5947,jev-1.13.0,0.9899999999999999,0.0,0.01,0,2627
5948,jev-1.13.0,0.013333333333333334,0.9333333333333332,0.05333333333333334,1,2651
5949,jev-1.13.0,1.0,0.0,0.0,0,2616
5950,jev-1.13.0,0.31666666666666665,0.05666666666666667,0.6266666666666666,2,2634
5951,jev-1.13.0,0.38999999999999996,0.01,0.6000000000000001,2,2613
5952,jev-1.13.0,1.0,0.0,0.0,0,2617
5953,jev-1.13.0,0.5866666666666666,0.01,0.4033333333333333,0,2625
5954,jev-1.13.0,0.8966666666666666,0.006666666666666667,0.09666666666666666,0,2622
5955,jev-1.13.0,0.59,0.013333333333333334,0.39666666666666667,0,2648
5956,jev-1.13.0,0.6933333333333334,0.12666666666666668,0.18000000000000002,0,2618
5957,jev-1.13.0,0.8866666666666667,0.07,0.043333333333333335,0,2622
5958,jev-1.13.0,0.0,0.0033333333333333335,0.9966666666666667,2,2622
5959,jev-1.13.0,0.7266666666666666,0.10333333333333333,0.17,0,2633
5960,jev-1.13.0,0.29333333333333333,0.6699999999999999,0.03666666666666667,1,2624
5961,jev-1.13.0,0.71,0.0,0.29,0,2652
5962,jev-1.13.0,0.39666666666666667,0.016666666666666666,0.5866666666666668,2,2618
5963,jev-1.13.0,0.9899999999999999,0.01,0.0,0,2615
5964,jev-1.13.0,0.9666666666666667,0.0,0.03333333333333333,0,2670
5965,jev-1.13.0,0.7666666666666667,0.19000000000000003,0.043333333333333335,0,2626
5966,jev-1.13.0,0.3066666666666667,0.26666666666666666,0.42666666666666675,2,2650
5967,jev-1.13.0,0.016666666666666666,0.0033333333333333335,0.98,2,2630
5968,jev-1.13.0,0.03666666666666667,0.0,0.9633333333333333,2,2692
5969,jev-1.13.0,0.006666666666666667,0.9899999999999999,0.0033333333333333335,1,2635
5970,jev-1.13.0,0.9766666666666666,0.0,0.023333333333333334,0,2619
5971,jev-1.13.0,0.8566666666666668,0.0,0.14333333333333334,0,2630
5972,jev-1.13.0,0.036666666666666674,0.03333333333333333,0.93,2,2663
5973,jev-1.13.0,0.5566666666666666,0.0,0.44333333333333336,0,2639
5974,jev-1.13.0,0.5733333333333333,0.013333333333333334,0.4133333333333334,0,2616
5975,jev-1.13.0,0.6200000000000001,0.02666666666666667,0.35333333333333333,0,2634
5976,jev-1.13.0,0.8300000000000001,0.03666666666666667,0.13333333333333333,0,2622
5977,jev-1.13.0,0.8766666666666666,0.016666666666666666,0.10666666666666667,0,2626
5978,jev-1.13.0,0.6533333333333333,0.006666666666666667,0.34,0,2624
5979,jev-1.13.0,0.32666666666666666,0.013333333333333334,0.66,2,2635
5980,jev-1.13.0,0.006666666666666667,0.0,0.9933333333333333,2,2761
5981,jev-1.13.0,0.4633333333333334,0.21333333333333335,0.3233333333333333,0,2620
5982,jev-1.13.0,0.14333333333333334,0.10000000000000002,0.7566666666666667,2,2634
5983,jev-1.13.0,0.13333333333333333,0.0,0.8666666666666667,2,2618
5984,jev-1.13.0,0.34,0.02666666666666667,0.6333333333333333,2,2635
5985,jev-1.13.0,0.9,0.04666666666666667,0.05333333333333334,0,2617
5986,jev-1.13.0,0.9566666666666667,0.02666666666666667,0.016666666666666666,0,2620
5987,jev-1.13.0,0.04,0.0,0.96,2,2649
5988,jev-1.13.0,0.13,0.016666666666666666,0.8533333333333334,2,2619
5989,jev-1.13.0,0.6433333333333333,0.043333333333333335,0.31,0,2615
5990,jev-1.13.0,0.9899999999999999,0.0,0.01,0,2656
5991,jev-1.13.0,0.5566666666666668,0.02,0.42333333333333334,0,2622
5992,jev-1.13.0,0.94,0.06,0.0,0,2627
5993,jev-1.13.0,0.38666666666666666,0.043333333333333335,0.5700000000000001,2,2627
5994,jev-1.13.0,0.6466666666666666,0.06333333333333334,0.29000000000000004,0,2633
5995,jev-1.13.0,1.0,0.0,0.0,0,2647
5996,jev-1.13.0,1.0,0.0,0.0,0,2626
5997,jev-1.13.0,0.24333333333333332,0.7033333333333333,0.05333333333333334,1,2636
5998,jev-1.13.0,0.0,0.0,1.0,2,2780
5999,jev-1.13.0,0.82,0.05333333333333334,0.12666666666666668,0,2643
6000,jev-1.13.0,0.43333333333333335,0.013333333333333334,0.5533333333333333,2,2628
6001,jev-1.13.0,0.6033333333333334,0.0033333333333333335,0.39333333333333337,0,2632
6002,jev-1.13.0,0.47000000000000003,0.006666666666666667,0.5233333333333333,2,2626
6003,jev-1.13.0,0.7133333333333334,0.05333333333333334,0.2333333333333333,0,2624
6004,jev-1.13.0,0.22666666666666666,0.006666666666666667,0.7666666666666666,2,2624
6005,jev-1.13.0,0.7133333333333333,0.17333333333333334,0.11333333333333334,0,2635
6006,jev-1.13.0,0.12666666666666668,0.6633333333333332,0.21,1,2643
6007,jev-1.13.0,0.9933333333333333,0.0,0.006666666666666667,0,2642
6008,jev-1.13.0,0.18333333333333335,0.0,0.8166666666666668,2,2622
6009,jev-1.13.0,0.0,0.0,1.0,2,2647
6010,jev-1.13.0,0.9899999999999999,0.0,0.01,0,2805
6011,jev-1.13.0,0.7200000000000001,0.023333333333333334,0.25666666666666665,0,2656
6012,jev-1.13.0,0.0,1.0,0.0,1,2624
6013,jev-1.13.0,0.92,0.0033333333333333335,0.07666666666666667,0,2630
6014,jev-1.13.0,0.37666666666666665,0.14666666666666667,0.47666666666666674,2,2629
6015,jev-1.13.0,1.0,0.0,0.0,0,2622
6016,jev-1.13.0,0.3033333333333334,0.01,0.6866666666666666,2,2649
6017,jev-1.13.0,1.0,0.0,0.0,0,2617
6018,jev-1.13.0,0.5666666666666667,0.02333333333333333,0.41,0,2643
6019,jev-1.13.0,0.8733333333333334,0.04,0.08666666666666667,0,2621
6020,jev-1.13.0,0.16,0.016666666666666666,0.8233333333333334,2,2658
6021,jev-1.13.0,0.0,0.01,0.9899999999999999,2,2707
6022,jev-1.13.0,0.22666666666666666,0.7466666666666667,0.02666666666666667,1,2629
6023,jev-1.13.0,0.20000000000000004,0.02,0.7799999999999999,2,2637
6024,jev-1.13.0,0.3166666666666667,0.5766666666666667,0.10666666666666667,1,2630
6025,jev-1.13.0,0.01,0.0,0.9899999999999999,2,2652
6026,jev-1.13.0,0.5333333333333333,0.0033333333333333335,0.4633333333333334,0,2631
6027,jev-1.13.0,0.9833333333333334,0.01,0.006666666666666667,0,2631
6028,jev-1.13.0,0.13333333333333333,0.023333333333333334,0.8433333333333333,2,2629
6029,jev-1.13.0,0.63,0.13333333333333333,0.23666666666666666,0,2632
6030,jev-1.13.0,1.0,0.0,0.0,0,2648
6031,jev-1.13.0,0.8233333333333334,0.12666666666666668,0.05000000000000001,0,2622
6032,jev-1.13.0,0.4633333333333334,0.03333333333333333,0.5033333333333333,2,2631
6033,jev-1.13.0,0.7333333333333334,0.013333333333333334,0.25333333333333335,0,2682
6034,jev-1.13.0,0.006666666666666667,0.9933333333333333,0.0,1,2614
6035,jev-1.13.0,0.8066666666666666,0.03666666666666667,0.15666666666666665,0,2637
6036,jev-1.13.0,0.9266666666666667,0.043333333333333335,0.030000000000000002,0,2620
6037,jev-1.13.0,0.93,0.0033333333333333335,0.06666666666666667,0,2625
6038,jev-1.13.0,0.9499999999999998,0.016666666666666666,0.03333333333333333,0,2622
6039,jev-1.13.0,0.5033333333333333,0.04,0.4566666666666667,0,2704
6040,jev-1.13.0,0.11666666666666665,0.0,0.8833333333333333,2,2653
6041,jev-1.13.0,0.7399999999999999,0.18000000000000002,0.08,0,2624
6042,jev-1.13.0,0.20333333333333334,0.013333333333333334,0.7833333333333333,2,2630
6043,jev-1.13.0,0.9899999999999999,0.0,0.01,0,2625
6044,jev-1.13.0,0.3833333333333333,0.31666666666666665,0.30000000000000004,0,2638
6045,jev-1.13.0,0.6633333333333332,0.02333333333333333,0.3133333333333333,0,2622
6046,jev-1.13.0,0.9499999999999998,0.006666666666666667,0.043333333333333335,0,2639
6047,jev-1.13.0,0.3633333333333333,0.02,0.6166666666666667,2,2663
6048,jev-1.13.0,0.06333333333333334,0.0033333333333333335,0.9333333333333332,2,2621
6049,jev-1.13.0,1.0,0.0,0.0,0,2616
6050,jev-1.13.0,0.96,0.01,0.03,0,2627
6051,jev-1.13.0,1.0,0.0,0.0,0,2629
6052,jev-1.13.0,0.0,0.0,1.0,2,2625
6053,jev-1.13.0,0.8966666666666666,0.08,0.023333333333333334,0,2619
6054,jev-1.13.0,0.6666666666666666,0.10666666666666667,0.22666666666666668,0,2622
6055,jev-1.13.0,0.01,0.0,0.9899999999999999,2,2616
6056,jev-1.13.0,0.30666666666666664,0.006666666666666667,0.6866666666666665,2,2635
6057,jev-1.13.0,0.6466666666666666,0.03333333333333333,0.32,0,2619
6058,jev-1.13.0,0.25333333333333335,0.02666666666666667,0.7200000000000001,2,2629
6059,jev-1.13.0,0.6,0.24333333333333332,0.15666666666666665,0,2637
6060,jev-1.13.0,0.9233333333333333,0.0,0.07666666666666667,0,2621
6061,jev-1.13.0,0.89,0.06,0.049999999999999996,0,2632
6062,jev-1.13.0,0.24666666666666667,0.04,0.7133333333333334,2,2622
6063,jev-1.13.0,0.0,0.0,1.0,2,2617
6064,jev-1.13.0,0.20333333333333337,0.0,0.7966666666666665,2,2623
6065,jev-1.13.0,0.22,0.0,0.7799999999999999,2,2657
6066,jev-1.13.0,0.3499999999999999,0.006666666666666667,0.6433333333333334,2,2634
6067,jev-1.13.0,0.7333333333333334,0.043333333333333335,0.2233333333333333,0,2618
6068,jev-1.13.0,0.92,0.0,0.08,0,2630
6069,jev-1.13.0,0.7566666666666667,0.18666666666666668,0.05666666666666667,0,2620
6070,jev-1.13.0,0.24333333333333332,0.0033333333333333335,0.7533333333333333,2,2640
6071,jev-1.13.0,0.06666666666666667,0.0,0.9333333333333335,2,2629
6072,jev-1.13.0,0.5166666666666667,0.41333333333333333,0.07,0,2627
6073,jev-1.13.0,0.11333333333333334,0.8666666666666667,0.02,1,2616
6074,jev-1.13.0,0.14333333333333334,0.22,0.6366666666666666,2,2630
6075,jev-1.13.0,0.26666666666666666,0.02666666666666667,0.7066666666666667,2,2615
6076,jev-1.13.0,0.9866666666666667,0.0,0.013333333333333334,0,2630
6077,jev-1.13.0,0.6233333333333334,0.14666666666666664,0.23,0,2621
6078,jev-1.13.0,0.4633333333333334,0.04,0.49666666666666665,2,2626
6079,jev-1.13.0,0.35333333333333333,0.17666666666666667,0.47,2,2619
6080,jev-1.13.0,0.3133333333333333,0.03666666666666667,0.65,2,2643
6081,jev-1.13.0,1.0,0.0,0.0,0,2614
6082,jev-1.13.0,0.4266666666666666,0.02333333333333333,0.5499999999999999,2,2654
6083,jev-1.13.0,0.7033333333333333,0.07,0.22666666666666668,0,2617
6084,jev-1.13.0,0.13999999999999999,0.7866666666666667,0.07333333333333335,1,2664
6085,jev-1.13.0,0.9666666666666667,0.0033333333333333335,0.03,0,2616
6086,jev-1.13.0,0.7166666666666668,0.006666666666666667,0.27666666666666667,0,2627
6087,jev-1.13.0,0.10666666666666665,0.7266666666666667,0.16666666666666666,1,2655
6088,jev-1.13.0,0.5033333333333333,0.0033333333333333335,0.49333333333333335,0,2630
6089,jev-1.13.0,0.12666666666666668,0.39000000000000007,0.48333333333333334,2,2653
6090,jev-1.13.0,0.013333333333333334,0.023333333333333334,0.9633333333333333,2,2678
6091,jev-1.13.0,0.71,0.18999999999999997,0.10000000000000002,0,2621
6092,jev-1.13.0,1.0,0.0,0.0,0,2650
6093,jev-1.13.0,0.15333333333333335,0.8466666666666667,0.0,1,2618
6094,jev-1.13.0,0.32,0.6666666666666666,0.013333333333333334,1,2624
6095,jev-1.13.0,0.08333333333333333,0.0,0.9166666666666666,2,2628
6096,jev-1.13.0,0.69,0.11,0.20000000000000004,0,2633
6097,jev-1.13.0,0.22999999999999998,0.0,0.77,2,2641
6098,jev-1.13.0,0.8166666666666665,0.0033333333333333335,0.18000000000000002,0,2648
6099,jev-1.13.0,0.6999999999999998,0.02,0.28,0,2624
6100,jev-1.13.0,0.7466666666666667,0.1366666666666667,0.11666666666666665,0,2634
6101,jev-1.13.0,0.9733333333333333,0.0,0.02666666666666667,0,2628
6102,jev-1.13.0,0.0,0.0,1.0,2,2639
6103,jev-1.13.0,0.16666666666666666,0.0,0.8333333333333334,2,2664
6104,jev-1.13.0,1.0,0.0,0.0,0,2615
6105,jev-1.13.0,0.3633333333333333,0.006666666666666667,0.63,2,2629
6106,jev-1.13.0,0.7966666666666667,0.04,0.16333333333333333,0,2616
6107,jev-1.13.0,0.4033333333333333,0.5766666666666667,0.02,1,2619
6108,jev-1.13.0,0.04,0.0,0.96,2,2632
6109,jev-1.13.0,0.016666666666666666,0.7733333333333334,0.21,1,2680
6110,jev-1.13.0,0.98,0.0,0.02,0,2621
6111,jev-1.13.0,0.16333333333333333,0.7133333333333334,0.12333333333333334,1,2705
6112,jev-1.13.0,0.05333333333333334,0.013333333333333334,0.93,2,2616
6113,jev-1.13.0,0.12333333333333334,0.5266666666666667,0.35000000000000003,1,2638
6114,jev-1.13.0,0.9533333333333333,0.0,0.04666666666666667,0,2622
6115,jev-1.13.0,0.6766666666666666,0.26333333333333336,0.060000000000000005,0,2623
6116,jev-1.13.0,0.9499999999999998,0.01,0.04,0,2634
6117,jev-1.13.0,1.0,0.0,0.0,0,2616
6118,jev-1.13.0,0.8966666666666666,0.02666666666666667,0.07666666666666667,0,2623
6119,jev-1.13.0,0.44,0.10333333333333333,0.4566666666666667,2,2856
6120,jev-1.13.0,0.3733333333333333,0.4466666666666666,0.18000000000000002,1,2615
6121,jev-1.13.0,0.03666666666666667,0.9566666666666667,0.006666666666666667,1,2644
6122,jev-1.13.0,0.15666666666666665,0.0,0.8433333333333334,2,2634
6123,jev-1.13.0,1.0,0.0,0.0,0,2613
6124,jev-1.13.0,0.20666666666666667,0.6766666666666666,0.11666666666666665,1,2651
6125,jev-1.13.0,0.07,0.013333333333333334,0.9166666666666666,2,2669
6126,jev-1.13.0,0.9333333333333332,0.03,0.03666666666666667,0,2654
6127,jev-1.13.0,0.8033333333333333,0.16,0.03666666666666667,0,2643
6128,jev-1.13.0,0.8500000000000001,0.0,0.15,0,2619
6129,jev-1.13.0,0.12,0.08666666666666667,0.7933333333333333,2,2629
6130,jev-1.13.0,0.0033333333333333335,0.0,0.9966666666666667,2,2632
6131,jev-1.13.0,0.8833333333333333,0.07666666666666667,0.04,0,2622
6132,jev-1.13.0,0.4633333333333334,0.11333333333333334,0.42333333333333334,0,2617
6133,jev-1.13.0,0.8366666666666668,0.07,0.09333333333333334,0,2619
6134,jev-1.13.0,0.93,0.01,0.06,0,2628
6135,jev-1.13.0,0.17333333333333334,0.05666666666666667,0.77,2,2619
6136,jev-1.13.0,0.8866666666666667,0.036666666666666674,0.07666666666666666,0,2624
6137,jev-1.13.0,0.9533333333333333,0.006666666666666667,0.04,0,2613
6138,jev-1.13.0,0.01,0.9899999999999999,0.0,1,2646
6139,jev-1.13.0,0.0,1.0,0.0,1,2637
6140,jev-1.13.0,0.7166666666666667,0.19000000000000003,0.09333333333333334,0,2624
6141,jev-1.13.0,0.6466666666666667,0.3333333333333333,0.02,0,2621
6142,jev-1.13.0,0.17999999999999997,0.19666666666666668,0.6233333333333334,2,2631
6143,jev-1.13.0,0.8066666666666666,0.11333333333333333,0.08,0,2620
6144,jev-1.13.0,0.2966666666666667,0.04666666666666666,0.6566666666666666,2,2648
6145,jev-1.13.0,0.8966666666666666,0.02666666666666666,0.07666666666666666,0,2626
6146,jev-1.13.0,0.2733333333333334,0.27666666666666667,0.45,2,2618
6147,jev-1.13.0,0.92,0.0,0.08,0,2625
6148,jev-1.13.0,0.056666666666666664,0.9433333333333334,0.0,1,2620
6149,jev-1.13.0,0.22,0.006666666666666667,0.7733333333333334,2,2641
6150,jev-1.13.0,0.56,0.27999999999999997,0.16,0,2625
6151,jev-1.13.0,0.42333333333333334,0.0,0.5766666666666667,2,2812
6152,jev-1.13.0,0.84,0.02,0.14,0,2626
6153,jev-1.13.0,0.9233333333333333,0.0,0.07666666666666667,0,2700
6154,jev-1.13.0,0.7200000000000001,0.0,0.28,0,2639
6155,jev-1.13.0,0.9466666666666667,0.0,0.05333333333333334,0,2621
6156,jev-1.13.0,0.9499999999999998,0.036666666666666674,0.013333333333333334,0,2618
6157,jev-1.13.0,0.8166666666666665,0.05666666666666667,0.12666666666666668,0,2639
6158,jev-1.13.0,0.8666666666666667,0.016666666666666666,0.11666666666666665,0,2630
6159,jev-1.13.0,0.30333333333333334,0.01,0.6866666666666666,2,2632
6160,jev-1.13.0,0.6733333333333333,0.0033333333333333335,0.3233333333333333,0,2636
6161,jev-1.13.0,0.32,0.013333333333333334,0.6666666666666666,2,2629
6162,jev-1.13.0,0.23666666666666666,0.01,0.7533333333333333,2,2667
6163,jev-1.13.0,0.9566666666666667,0.0,0.043333333333333335,0,2638
6164,jev-1.13.0,0.01,0.01,0.98,2,2616
6165,jev-1.13.0,0.9033333333333333,0.04666666666666667,0.05000000000000001,0,2620
6166,jev-1.13.0,1.0,0.0,0.0,0,2628
6167,jev-1.13.0,0.5566666666666668,0.06333333333333334,0.37999999999999995,0,2623
6168,jev-1.13.0,0.79,0.08,0.13,0,2635
6169,jev-1.13.0,0.03,0.04666666666666667,0.9233333333333333,2,2655
6170,jev-1.13.0,0.9866666666666667,0.01,0.0033333333333333335,0,2618
6171,jev-1.13.0,0.8266666666666667,0.04666666666666667,0.12666666666666668,0,2628
6172,jev-1.13.0,0.19000000000000003,0.0,0.8099999999999999,2,2643
6173,jev-1.13.0,0.4133333333333334,0.013333333333333334,0.5733333333333333,2,2617
6174,jev-1.13.0,1.0,0.0,0.0,0,2616
6175,jev-1.13.0,0.9166666666666666,0.0033333333333333335,0.08,0,2633
6176,jev-1.13.0,0.6866666666666665,0.12333333333333335,0.18999999999999997,0,2625
6177,jev-1.13.0,0.9700000000000001,0.0,0.03,0,2636
6178,jev-1.13.0,0.45333333333333337,0.013333333333333334,0.5333333333333333,2,2634
6179,jev-1.13.0,0.65,0.0033333333333333335,0.3466666666666667,0,2627
6180,jev-1.13.0,0.56,0.0,0.44,0,2651
6181,jev-1.13.0,0.8433333333333334,0.11,0.04666666666666667,0,2625
6182,jev-1.13.0,0.3366666666666666,0.03,0.6333333333333333,2,2617
6183,jev-1.13.0,0.39666666666666667,0.049999999999999996,0.5533333333333333,2,2625
6184,jev-1.13.0,0.02,0.01,0.9700000000000001,2,2675
6185,jev-1.13.0,0.83,0.12,0.049999999999999996,0,2620
6186,jev-1.13.0,0.9500000000000001,0.0,0.05000000000000001,0,2619
6187,jev-1.13.0,0.08,0.0033333333333333335,0.9166666666666666,2,2617
6188,jev-1.13.0,0.30666666666666664,0.0,0.6933333333333334,2,2674
6189,jev-1.13.0,0.5399999999999999,0.26333333333333336,0.19666666666666666,0,2628
6190,jev-1.13.0,0.7600000000000001,0.06,0.18000000000000002,0,2621
6191,jev-1.13.0,0.7933333333333333,0.05333333333333334,0.15333333333333335,0,2638
6192,jev-1.13.0,0.86,0.023333333333333334,0.11666666666666665,0,2621
6193,jev-1.13.0,0.01,0.013333333333333334,0.9766666666666666,2,2640
6194,jev-1.13.0,0.03,0.9666666666666667,0.0033333333333333335,1,2620
6195,jev-1.13.0,0.0,1.0,0.0,1,2615
6196,jev-1.13.0,0.44333333333333336,0.02,0.5366666666666667,2,2619
6197,jev-1.13.0,0.6133333333333333,0.08,0.30666666666666664,0,2619
6198,jev-1.13.0,0.013333333333333334,0.9833333333333334,0.0033333333333333335,1,2629
6199,jev-1.13.0,0.61,0.006666666666666667,0.3833333333333333,0,2622
6200,jev-1.13.0,0.5033333333333333,0.17,0.32666666666666666,0,2638
6201,jev-1.13.0,0.049999999999999996,0.0,0.9499999999999998,2,2815
6202,jev-1.13.0,0.01,0.0,0.9899999999999999,2,2747
6203,jev-1.13.0,0.7266666666666666,0.0,0.2733333333333334,0,2657
6204,jev-1.13.0,0.023333333333333334,0.0,0.9766666666666666,2,2758
6205,jev-1.13.0,0.57,0.01,0.42,0,2637
6206,jev-1.13.0,0.11,0.0,0.89,2,2736
6207,jev-1.13.0,0.09000000000000001,0.006666666666666667,0.9033333333333333,2,2643
6208,jev-1.13.0,0.049999999999999996,0.0,0.9500000000000001,2,2634
6209,jev-1.13.0,0.31333333333333335,0.0,0.6866666666666666,2,2676
6210,jev-1.13.0,0.12333333333333334,0.0033333333333333335,0.8733333333333334,2,2620
6211,jev-1.13.0,0.08333333333333333,0.0,0.9166666666666666,2,2637
6212,jev-1.13.0,0.79,0.04,0.17,0,2634
6213,jev-1.13.0,0.6133333333333334,0.14,0.24666666666666667,0,2620
6214,jev-1.13.0,1.0,0.0,0.0,0,2615
6215,jev-1.13.0,0.44333333333333336,0.21999999999999997,0.33666666666666667,0,2620
6216,jev-1.13.0,0.9700000000000001,0.0,0.03,0,2632
6217,jev-1.13.0,0.016666666666666666,0.0033333333333333335,0.98,2,2631
6218,jev-1.13.0,0.9933333333333333,0.0,0.006666666666666667,0,2618
6219,jev-1.13.0,0.0,0.0,1.0,2,2616
6220,jev-1.13.0,0.32666666666666666,0.0,0.6733333333333333,2,2684
6221,jev-1.13.0,0.013333333333333334,0.0,0.9866666666666667,2,2806
6222,jev-1.13.0,0.12666666666666668,0.0,0.8733333333333334,2,2654
6223,jev-1.13.0,0.5166666666666666,0.06333333333333334,0.42,0,2649
6224,jev-1.13.0,0.9866666666666667,0.006666666666666667,0.006666666666666667,0,2634
6225,jev-1.13.0,0.77,0.0,0.22999999999999998,0,2646
6226,jev-1.13.0,0.7200000000000001,0.05333333333333334,0.22666666666666668,0,2625
6227,jev-1.13.0,0.14333333333333334,0.7200000000000001,0.1366666666666667,1,2648
6228,jev-1.13.0,0.6666666666666666,0.0,0.3333333333333333,0,2740
6229,jev-1.13.0,0.79,0.056666666666666664,0.15333333333333335,0,2622
6230,jev-1.13.0,0.85,0.05333333333333334,0.09666666666666666,0,2628
6231,jev-1.13.0,0.11666666666666665,0.0,0.8833333333333333,2,2659
6232,jev-1.13.0,0.07666666666666667,0.0,0.9233333333333333,2,2618
6233,jev-1.13.0,0.61,0.043333333333333335,0.3466666666666667,0,2616
6234,jev-1.13.0,0.3633333333333333,0.006666666666666667,0.63,2,2617
6235,jev-1.13.0,0.10333333333333333,0.01,0.8866666666666667,2,2619
6236,jev-1.13.0,0.016666666666666666,0.0033333333333333335,0.98,2,2630
6237,jev-1.13.0,0.9966666666666667,0.0,0.0033333333333333335,0,2632
6238,jev-1.13.0,0.07666666666666666,0.04,0.8833333333333333,2,2623
6239,jev-1.13.0,0.9199999999999999,0.0,0.08,0,2664
6240,jev-1.13.0,0.42,0.0,0.58,2,2648
6241,jev-1.13.0,0.9566666666666667,0.02,0.023333333333333334,0,2628
6242,jev-1.13.0,0.31,0.6766666666666667,0.013333333333333334,1,2638
6243,jev-1.13.0,0.3333333333333333,0.20666666666666667,0.45999999999999996,2,2630
6244,jev-1.13.0,0.9133333333333334,0.0,0.08666666666666667,0,2625
6245,jev-1.13.0,0.11333333333333333,0.0,0.8866666666666667,2,2645
6246,jev-1.13.0,0.7200000000000001,0.0,0.28,0,2658
6247,jev-1.13.0,0.8533333333333334,0.0033333333333333335,0.14333333333333334,0,2633
6248,jev-1.13.0,0.07333333333333333,0.0,0.9266666666666667,2,2724
6249,jev-1.13.0,0.6566666666666667,0.0,0.34333333333333327,0,2626
6250,jev-1.13.0,0.5,0.11666666666666665,0.3833333333333333,0,2619
6251,jev-1.13.0,0.45,0.05000000000000001,0.5,2,2633
6252,jev-1.13.0,0.6233333333333334,0.0,0.3766666666666667,0,2620
6253,jev-1.13.0,0.9700000000000001,0.0,0.03,0,2656
6254,jev-1.13.0,0.06666666666666667,0.0,0.9333333333333335,2,2662
6255,jev-1.13.0,0.68,0.0033333333333333335,0.31666666666666665,0,2634
6256,jev-1.13.0,0.006666666666666667,0.01,0.9833333333333334,2,2715
6257,jev-1.13.0,0.2366666666666667,0.01,0.7533333333333333,2,2638
6258,jev-1.13.0,0.23,0.0,0.77,2,2624
6259,jev-1.13.0,0.9766666666666666,0.0,0.023333333333333334,0,2659
6260,jev-1.13.0,0.016666666666666666,0.0,0.9833333333333334,2,2651
6261,jev-1.13.0,0.7366666666666667,0.08333333333333333,0.18000000000000002,0,2643
6262,jev-1.13.0,0.6,0.049999999999999996,0.35000000000000003,0,2622
6263,jev-1.13.0,0.8766666666666666,0.04,0.08333333333333333,0,2619
6264,jev-1.13.0,0.27,0.0,0.73,2,2637
6265,jev-1.13.0,0.1366666666666667,0.013333333333333334,0.85,2,2625
6266,jev-1.13.0,0.10333333333333335,0.0,0.8966666666666666,2,2641
6267,jev-1.13.0,0.23,0.013333333333333334,0.7566666666666667,2,2626
6268,jev-1.13.0,0.9166666666666666,0.06,0.023333333333333334,0,2618
6269,jev-1.13.0,0.19666666666666668,0.0033333333333333335,0.8000000000000002,2,2619
6270,jev-1.13.0,0.7266666666666666,0.09999999999999999,0.17333333333333334,0,2620
6271,jev-1.13.0,0.5,0.0,0.5,0,2634
6272,jev-1.13.0,0.10333333333333333,0.0033333333333333335,0.8933333333333334,2,2622
6273,jev-1.13.0,0.2833333333333334,0.02666666666666667,0.69,2,2639
6274,jev-1.13.0,0.6466666666666666,0.10000000000000002,0.25333333333333335,0,2621
6275,jev-1.13.0,0.12,0.0033333333333333335,0.8766666666666666,2,2630
6276,jev-1.13.0,0.4166666666666667,0.0,0.5833333333333334,2,2675
6277,jev-1.13.0,0.69,0.1466666666666667,0.16333333333333333,0,2616
6278,jev-1.13.0,0.7833333333333333,0.1366666666666667,0.08,0,2618
6279,jev-1.13.0,0.6666666666666666,0.0033333333333333335,0.33,0,2626
6280,jev-1.13.0,0.56,0.03333333333333333,0.4066666666666667,0,2632
6281,jev-1.13.0,0.5499999999999999,0.05000000000000001,0.39999999999999997,0,2637
6282,jev-1.13.0,0.89,0.0,0.11,0,2621
6283,jev-1.13.0,0.9833333333333334,0.016666666666666666,0.0,0,2644
6284,jev-1.13.0,0.006666666666666667,0.9733333333333333,0.02,1,2644
6285,jev-1.13.0,0.79,0.016666666666666666,0.19333333333333333,0,2628
6286,jev-1.13.0,0.07333333333333335,0.91,0.016666666666666666,1,2620
6287,jev-1.13.0,0.07333333333333333,0.013333333333333334,0.9133333333333334,2,2620
6288,jev-1.13.0,0.9833333333333334,0.0,0.016666666666666666,0,2629
6289,jev-1.13.0,0.02666666666666667,0.006666666666666667,0.9666666666666667,2,2662
6290,jev-1.13.0,0.06666666666666667,0.006666666666666667,0.9266666666666667,2,2719
6291,jev-1.13.0,0.5233333333333333,0.016666666666666666,0.45999999999999996,0,2615
6292,jev-1.13.0,0.0,0.0,1.0,2,2623
6293,jev-1.13.0,0.33666666666666667,0.013333333333333334,0.65,2,2633
6294,jev-1.13.0,0.4833333333333334,0.18000000000000002,0.3333333333333333,0,2631
6295,jev-1.13.0,1.0,0.0,0.0,0,2706
6296,jev-1.13.0,0.49,0.49333333333333335,0.016666666666666666,1,2618
6297,jev-1.13.0,1.0,0.0,0.0,0,2675
6298,jev-1.13.0,0.51,0.0,0.49,0,2654
6299,jev-1.13.0,0.03,0.0,0.9700000000000001,2,2746
6300,jev-1.13.0,0.7033333333333333,0.04666666666666667,0.25,0,2625
6301,jev-1.13.0,0.6000000000000001,0.006666666666666667,0.39333333333333337,0,2623
6302,jev-1.13.0,0.016666666666666666,0.05333333333333334,0.93,2,2697
6303,jev-1.13.0,0.8966666666666666,0.006666666666666667,0.09666666666666666,0,2639
6304,jev-1.13.0,0.7533333333333333,0.05000000000000001,0.19666666666666666,0,2632
6305,jev-1.13.0,0.2966666666666667,0.57,0.13333333333333333,1,2617
6306,jev-1.13.0,0.5966666666666667,0.01,0.39333333333333337,0,2634
6307,jev-1.13.0,0.57,0.0,0.43,0,2626
6308,jev-1.13.0,0.01,0.9733333333333333,0.016666666666666666,1,2653
6309,jev-1.13.0,0.09666666666666666,0.0,0.9033333333333333,2,2812
6310,jev-1.13.0,0.5466666666666667,0.0,0.45333333333333337,0,2641
6311,jev-1.13.0,0.0,0.0,1.0,2,2622
6312,jev-1.13.0,0.023333333333333334,0.9766666666666666,0.0,1,2623
6313,jev-1.13.0,0.47333333333333333,0.2733333333333333,0.25333333333333335,0,2617
6314,jev-1.13.0,0.07333333333333335,0.0,0.9266666666666667,2,2695
6315,jev-1.13.0,0.9166666666666666,0.02666666666666667,0.05666666666666667,0,2628
6316,jev-1.13.0,0.64,0.0033333333333333335,0.35666666666666663,0,2634
6317,jev-1.13.0,0.9899999999999999,0.0,0.01,0,2618
6318,jev-1.13.0,0.42,0.030000000000000002,0.55,2,2622
6319,jev-1.13.0,0.7666666666666666,0.03333333333333333,0.19999999999999998,0,2622
6320,jev-1.13.0,0.8233333333333334,0.0,0.17666666666666667,0,2765
6321,jev-1.13.0,0.6200000000000001,0.22666666666666666,0.15333333333333335,0,2618
6322,jev-1.13.0,0.0,0.0,1.0,2,2640
6323,jev-1.13.0,0.21,0.016666666666666666,0.7733333333333334,2,2633
6324,jev-1.13.0,0.7566666666666665,0.02333333333333333,0.22,0,2622
6325,jev-1.13.0,0.0,0.0,1.0,2,2615
6326,jev-1.13.0,0.19999999999999998,0.6733333333333333,0.12666666666666668,1,2639
6327,jev-1.13.0,0.33,0.14333333333333334,0.5266666666666667,2,2629
6328,jev-1.13.0,0.79,0.03666666666666667,0.17333333333333334,0,2620
6329,jev-1.13.0,1.0,0.0,0.0,0,2621
6330,jev-1.13.0,0.22333333333333336,0.0,0.7766666666666667,2,2671
6331,jev-1.13.0,0.02666666666666667,0.06,0.9133333333333334,2,2641
6332,jev-1.13.0,0.9333333333333332,0.0,0.06666666666666667,0,2713
6333,jev-1.13.0,0.7266666666666666,0.0,0.2733333333333333,0,2650
6334,jev-1.13.0,0.7533333333333334,0.11,0.1366666666666667,0,2647
6335,jev-1.13.0,0.8733333333333334,0.013333333333333334,0.11333333333333333,0,2651
6336,jev-1.13.0,0.9533333333333333,0.03666666666666667,0.01,0,2628
6337,jev-1.13.0,0.9466666666666667,0.0,0.05333333333333334,0,2627
6338,jev-1.13.0,1.0,0.0,0.0,0,2632
6339,jev-1.13.0,0.56,0.11333333333333333,0.32666666666666666,0,2632
6340,jev-1.13.0,0.3333333333333333,0.5966666666666667,0.07,1,2624
6341,jev-1.13.0,0.49666666666666665,0.0,0.5033333333333333,2,2637
6342,jev-1.13.0,0.25333333333333335,0.5666666666666667,0.18000000000000002,1,2638
6343,jev-1.13.0,0.5266666666666667,0.18333333333333335,0.29,0,2621
6344,jev-1.13.0,0.42333333333333334,0.44,0.1366666666666667,1,2630
6345,jev-1.13.0,0.20666666666666667,0.0,0.7933333333333333,2,2642
6346,jev-1.13.0,0.6,0.25333333333333335,0.14666666666666667,0,2626
6347,jev-1.13.0,0.20000000000000004,0.69,0.11,1,2634
6348,jev-1.13.0,0.8266666666666667,0.0033333333333333335,0.17,0,2619
6349,jev-1.13.0,0.98,0.0,0.02,0,2655
6350,jev-1.13.0,0.7466666666666667,0.24333333333333332,0.01,0,2621
6351,jev-1.13.0,0.4033333333333333,0.0,0.5966666666666667,2,2621
6352,jev-1.13.0,0.6533333333333333,0.33,0.016666666666666666,0,2639
6353,jev-1.13.0,0.05000000000000001,0.06,0.89,2,2635
6354,jev-1.13.0,0.43,0.08,0.49,2,2634
6355,jev-1.13.0,0.7666666666666666,0.0,0.2333333333333333,0,2638
6356,jev-1.13.0,0.11,0.0,0.89,2,2637
6357,jev-1.13.0,0.5,0.48,0.02,0,2617
6358,jev-1.13.0,0.7799999999999999,0.0,0.22,0,2635
6359,jev-1.13.0,0.6533333333333333,0.21666666666666665,0.13,0,2640
6360,jev-1.13.0,1.0,0.0,0.0,0,2626
6361,jev-1.13.0,0.9433333333333334,0.0,0.056666666666666664,0,2622
6362,jev-1.13.0,0.02,0.0,0.98,2,2768
6363,jev-1.13.0,0.07,0.0,0.93,2,2665
6364,jev-1.13.0,0.32,0.2333333333333333,0.4466666666666667,2,2619
6365,jev-1.13.0,0.0,0.0,1.0,2,2629
6366,jev-1.13.0,0.06666666666666667,0.006666666666666667,0.9266666666666666,2,2618
6367,jev-1.13.0,0.8066666666666666,0.04,0.15333333333333332,0,2628
6368,jev-1.13.0,0.5633333333333334,0.0,0.4366666666666667,0,2645
6369,jev-1.13.0,0.98,0.0,0.02,0,2636
6370,jev-1.13.0,0.02666666666666667,0.9499999999999998,0.023333333333333334,1,2662
6371,jev-1.13.0,0.5433333333333333,0.06,0.39666666666666667,0,2622
6372,jev-1.13.0,0.09333333333333334,0.0,0.9066666666666667,2,2651
6373,jev-1.13.0,0.0033333333333333335,0.0,0.9966666666666667,2,2621
6374,jev-1.13.0,0.01,0.0,0.9899999999999999,2,2678
6375,jev-1.13.0,0.016666666666666666,0.006666666666666667,0.9766666666666666,2,2628
6376,jev-1.13.0,0.19000000000000003,0.19333333333333333,0.6166666666666667,2,2658
6377,jev-1.13.0,0.0,0.0,1.0,2,2813
6378,jev-1.13.0,0.030000000000000002,0.0,0.9700000000000001,2,2671
6379,jev-1.13.0,0.4633333333333334,0.02,0.5166666666666666,2,2620
6380,jev-1.13.0,0.25333333333333335,0.03333333333333333,0.7133333333333334,2,2630
6381,jev-1.13.0,0.02666666666666667,0.013333333333333334,0.96,2,2620
6382,jev-1.13.0,0.5966666666666667,0.08333333333333333,0.32,0,2633
6383,jev-1.13.0,0.65,0.13999999999999999,0.21,0,2626
6384,jev-1.13.0,0.5833333333333334,0.14,0.27666666666666667,0,2624
6385,jev-1.13.0,1.0,0.0,0.0,0,2646
6386,jev-1.13.0,0.22666666666666666,0.7533333333333334,0.02,1,2619
6387,jev-1.13.0,0.45999999999999996,0.006666666666666667,0.5333333333333333,2,2628
6388,jev-1.13.0,0.25333333333333335,0.0033333333333333335,0.7433333333333333,2,2640
6389,jev-1.13.0,0.0,0.0,1.0,2,2618
6390,jev-1.13.0,0.9033333333333333,0.0,0.09666666666666666,0,2645
6391,jev-1.13.0,0.6933333333333334,0.0,0.3066666666666667,0,2680
6392,jev-1.13.0,0.9833333333333334,0.006666666666666667,0.01,0,2622
6393,jev-1.13.0,0.9966666666666667,0.0033333333333333335,0.0,0,2616
6394,jev-1.13.0,1.0,0.0,0.0,0,2648
6395,jev-1.13.0,0.0,0.0,1.0,2,2704
6396,jev-1.13.0,0.0,1.0,0.0,1,2622
6397,jev-1.13.0,0.0,0.0,1.0,2,2690
6398,jev-1.13.0,0.1366666666666667,0.4566666666666667,0.4066666666666667,1,2632
6399,jev-1.13.0,0.5499999999999999,0.04,0.41,0,2620
6400,jev-1.13.0,0.5233333333333333,0.01,0.4666666666666666,0,2920
6401,jev-1.13.0,0.3433333333333333,0.10000000000000002,0.5533333333333333,2,2649
6402,jev-1.13.0,0.013333333333333334,0.0,0.9866666666666667,2,2706
6403,jev-1.13.0,0.06,0.0,0.9400000000000001,2,2716
6404,jev-1.13.0,0.08,0.0,0.92,2,2655
6405,jev-1.13.0,1.0,0.0,0.0,0,2621
6406,jev-1.13.0,0.35666666666666663,0.05666666666666667,0.5866666666666668,2,2671
6407,jev-1.13.0,0.5133333333333333,0.0,0.48666666666666664,0,2709
6408,jev-1.13.0,0.10000000000000002,0.0,0.9,2,2668
6409,jev-1.13.0,0.016666666666666666,0.0,0.9833333333333334,2,2891
6410,jev-1.13.0,0.13333333333333333,0.0,0.8666666666666667,2,2658
6411,jev-1.13.0,0.59,0.02666666666666666,0.3833333333333333,0,2634
6412,jev-1.13.0,0.9133333333333334,0.0,0.08666666666666667,0,2658
6413,jev-1.13.0,0.29000000000000004,0.0,0.71,2,2645
6414,jev-1.13.0,0.35000000000000003,0.16,0.49,2,2618
6415,jev-1.13.0,0.04666666666666667,0.0,0.9533333333333333,2,2638
6416,jev-1.13.0,0.7666666666666666,0.006666666666666667,0.22666666666666666,0,2636
6417,jev-1.13.0,0.9733333333333333,0.013333333333333334,0.013333333333333334,0,2619
6418,jev-1.13.0,0.9733333333333333,0.01,0.016666666666666666,0,2621
6419,jev-1.13.0,0.4533333333333333,0.0,0.5466666666666666,2,2617
6420,jev-1.13.0,0.32,0.03666666666666667,0.6433333333333334,2,2619
6421,jev-1.13.0,1.0,0.0,0.0,0,2615
6422,jev-1.13.0,0.09666666666666668,0.013333333333333334,0.89,2,2663
6423,jev-1.13.0,0.4566666666666667,0.10999999999999999,0.43333333333333335,0,2629
6424,jev-1.13.0,0.33666666666666667,0.04666666666666667,0.6166666666666667,2,2631
6425,jev-1.13.0,0.11666666666666665,0.8833333333333333,0.0,1,2622
6426,jev-1.13.0,0.7133333333333333,0.006666666666666667,0.28,0,2628
6427,jev-1.13.0,0.6766666666666666,0.03333333333333333,0.29000000000000004,0,2617
6428,jev-1.13.0,0.41333333333333333,0.5133333333333333,0.07333333333333333,1,2620
6429,jev-1.13.0,0.02666666666666667,0.0,0.9733333333333333,2,2673
6430,jev-1.13.0,0.030000000000000002,0.0,0.9700000000000001,2,2688
6431,jev-1.13.0,0.89,0.0,0.10999999999999999,0,2672
6432,jev-1.13.0,0.3499999999999999,0.0,0.65,2,2658
6433,jev-1.13.0,0.09333333333333334,0.0033333333333333335,0.9033333333333333,2,2639
6434,jev-1.13.0,0.0033333333333333335,0.0,0.9966666666666667,2,2619
6435,jev-1.13.0,0.26,0.3433333333333333,0.39666666666666667,2,2636
6436,jev-1.13.0,0.43,0.030000000000000002,0.5399999999999999,2,2621
6437,jev-1.13.0,0.7000000000000001,0.07666666666666666,0.22333333333333336,0,2620
6438,jev-1.13.0,0.01,0.0,0.9899999999999999,2,2765
6439,jev-1.13.0,0.48666666666666664,0.0033333333333333335,0.51,2,2629
6440,jev-1.13.0,0.6666666666666666,0.01,0.3233333333333333,0,2627
6441,jev-1.13.0,0.6766666666666666,0.016666666666666666,0.30666666666666664,0,2632
6442,jev-1.13.0,1.0,0.0,0.0,0,2617
6443,jev-1.13.0,0.4066666666666667,0.0,0.5933333333333333,2,2629
6444,jev-1.13.0,0.7233333333333333,0.04,0.23666666666666666,0,2626
6445,jev-1.13.0,0.9899999999999999,0.0,0.01,0,2627
6446,jev-1.13.0,0.8066666666666666,0.0033333333333333335,0.19000000000000003,0,2623
6447,jev-1.13.0,0.86,0.0,0.14,0,2631
6448,jev-1.13.0,0.43999999999999995,0.02,0.54,2,2638
6449,jev-1.13.0,0.4533333333333333,0.10333333333333333,0.44333333333333336,0,2616
6450,jev-1.13.0,0.9966666666666667,0.0,0.0033333333333333335,0,2636
6451,jev-1.13.0,0.17666666666666667,0.01,0.8133333333333334,2,2638
6452,jev-1.13.0,0.5666666666666668,0.013333333333333334,0.42,0,2648
6453,jev-1.13.0,0.22333333333333336,0.77,0.006666666666666667,1,2615
6454,jev-1.13.0,0.7533333333333334,0.09999999999999999,0.1466666666666667,0,2622
6455,jev-1.13.0,1.0,0.0,0.0,0,2615
6456,jev-1.13.0,1.0,0.0,0.0,0,2618
6457,jev-1.13.0,0.7866666666666666,0.04,0.17333333333333334,0,2639
6458,jev-1.13.0,0.5,0.013333333333333334,0.48666666666666664,0,2644
6459,jev-1.13.0,0.15666666666666665,0.013333333333333334,0.83,2,2640
6460,jev-1.13.0,0.8933333333333334,0.04,0.06666666666666667,0,2630
6461,jev-1.13.0,0.07333333333333335,0.8766666666666666,0.05000000000000001,1,2620
6462,jev-1.13.0,0.25333333333333335,0.0,0.7466666666666667,2,2614
6463,jev-1.13.0,0.9433333333333334,0.04666666666666667,0.01,0,2617
6464,jev-1.13.0,0.48666666666666664,0.02333333333333333,0.49,2,2615
6465,jev-1.13.0,0.98,0.0,0.02,0,2641
6466,jev-1.13.0,0.3066666666666667,0.006666666666666667,0.6866666666666666,2,2620
6467,jev-1.13.0,0.5900000000000001,0.0,0.41,0,2661
6468,jev-1.13.0,0.023333333333333334,0.0,0.9766666666666666,2,2644
6469,jev-1.13.0,0.02,0.5333333333333333,0.4466666666666667,1,2660
6470,jev-1.13.0,1.0,0.0,0.0,0,2635
6471,jev-1.13.0,0.8333333333333334,0.006666666666666667,0.16,0,2638
6472,jev-1.13.0,0.3266666666666667,0.06,0.6133333333333334,2,2680
6473,jev-1.13.0,0.03666666666666667,0.5133333333333333,0.45,1,2671
6474,jev-1.13.0,0.25333333333333335,0.5866666666666667,0.16,1,2635
6475,jev-1.13.0,0.5333333333333333,0.060000000000000005,0.4066666666666667,0,2645
6476,jev-1.13.0,0.14333333333333334,0.0,0.8566666666666666,2,2634
6477,jev-1.13.0,0.25333333333333335,0.02,0.7266666666666666,2,2622
6478,jev-1.13.0,0.37333333333333335,0.006666666666666667,0.6200000000000001,2,2657
6479,jev-1.13.0,0.07333333333333333,0.7600000000000001,0.16666666666666666,1,2642
6480,jev-1.13.0,0.47333333333333333,0.07333333333333333,0.4533333333333333,0,2628
6481,jev-1.13.0,0.52,0.16666666666666666,0.3133333333333333,0,2622
6482,jev-1.13.0,1.0,0.0,0.0,0,2636
6483,jev-1.13.0,0.07666666666666667,0.41,0.5133333333333333,2,2617
6484,jev-1.13.0,0.26333333333333336,0.73,0.006666666666666667,1,2627
6485,jev-1.13.0,0.9166666666666666,0.013333333333333334,0.07,0,2626
6486,jev-1.13.0,0.9133333333333334,0.0033333333333333335,0.08333333333333333,0,2629
6487,jev-1.13.0,0.41333333333333333,0.08333333333333333,0.5033333333333333,2,2621
6488,jev-1.13.0,0.53,0.20333333333333337,0.26666666666666666,0,2652
6489,jev-1.13.0,0.48,0.0033333333333333335,0.5166666666666667,2,2657
6490,jev-1.13.0,0.48333333333333334,0.0033333333333333335,0.5133333333333333,2,2641
6491,jev-1.13.0,0.9533333333333333,0.0,0.04666666666666667,0,2629
6492,jev-1.13.0,0.03666666666666667,0.016666666666666666,0.9466666666666667,2,2645
6493,jev-1.13.0,0.23333333333333336,0.006666666666666667,0.7600000000000001,2,2631
6494,jev-1.13.0,0.5266666666666667,0.0,0.47333333333333333,0,2703
6495,jev-1.13.0,0.0,0.0,1.0,2,2641
6496,jev-1.13.0,0.9166666666666666,0.04666666666666667,0.036666666666666674,0,2621
6497,jev-1.13.0,0.14666666666666667,0.0,0.8533333333333334,2,2645
6498,jev-1.13.0,0.9666666666666667,0.0033333333333333335,0.03,0,2615
6499,jev-1.13.0,1.0,0.0,0.0,0,2617
6500,jev-1.13.0,0.7966666666666665,0.01,0.19333333333333333,0,2642
6501,jev-1.13.0,0.04666666666666667,0.19999999999999998,0.7533333333333333,2,2642
6502,jev-1.13.0,0.2966666666666667,0.0,0.7033333333333333,2,2634
6503,jev-1.13.0,0.44999999999999996,0.03666666666666667,0.5133333333333333,2,2648
6504,jev-1.13.0,0.6533333333333333,0.0033333333333333335,0.34333333333333327,0,2626
6505,jev-1.13.0,0.5833333333333334,0.09999999999999999,0.31666666666666665,0,2618
6506,jev-1.13.0,0.56,0.02333333333333333,0.4166666666666667,0,2657
6507,jev-1.13.0,1.0,0.0,0.0,0,2617
6508,jev-1.13.0,0.18000000000000002,0.04666666666666667,0.7733333333333333,2,2618
6509,jev-1.13.0,0.2733333333333333,0.013333333333333334,0.7133333333333333,2,2632
6510,jev-1.13.0,0.8866666666666667,0.006666666666666667,0.10666666666666665,0,2654
6511,jev-1.13.0,0.33,0.03666666666666667,0.6333333333333333,2,2622
6512,jev-1.13.0,0.06,0.79,0.15,1,2624
6513,jev-1.13.0,0.4366666666666667,0.016666666666666666,0.5466666666666667,2,2625
6514,jev-1.13.0,0.01,0.9899999999999999,0.0,1,2632
6515,jev-1.13.0,1.0,0.0,0.0,0,2614
6516,jev-1.13.0,0.45,0.06333333333333334,0.48666666666666664,2,2626
6517,jev-1.13.0,0.8533333333333334,0.0,0.1466666666666667,0,2636
6518,jev-1.13.0,0.8833333333333333,0.06,0.056666666666666664,0,2617
6519,jev-1.13.0,0.5033333333333333,0.13333333333333333,0.3633333333333333,0,2616
6520,jev-1.13.0,1.0,0.0,0.0,0,2617
6521,jev-1.13.0,0.9566666666666667,0.0033333333333333335,0.04,0,2617
6522,jev-1.13.0,0.08333333333333333,0.13999999999999999,0.7766666666666667,2,2658
6523,jev-1.13.0,0.13333333333333333,0.01,0.8566666666666668,2,2628
6524,jev-1.13.0,0.01,0.03333333333333333,0.9566666666666667,2,2640
6525,jev-1.13.0,0.4566666666666667,0.016666666666666666,0.5266666666666667,2,2624
6526,jev-1.13.0,0.5866666666666666,0.20333333333333334,0.21,0,2763
6527,jev-1.13.0,0.36999999999999994,0.5733333333333334,0.056666666666666664,1,2616
6528,jev-1.13.0,0.69,0.06999999999999999,0.24,0,2622
6529,jev-1.13.0,0.8466666666666667,0.03333333333333333,0.12,0,2623
6530,jev-1.13.0,0.10666666666666667,0.05666666666666667,0.8366666666666666,2,2620
6531,jev-1.13.0,0.64,0.03666666666666667,0.3233333333333333,0,2621
6532,jev-1.13.0,0.5133333333333333,0.3766666666666667,0.11,0,2621
6533,jev-1.13.0,0.07,0.8966666666666666,0.03333333333333333,1,2625
6534,jev-1.13.0,0.8666666666666667,0.01,0.12333333333333334,0,2636
6535,jev-1.13.0,0.2866666666666667,0.0,0.7133333333333334,2,2642
6536,jev-1.13.0,0.7666666666666666,0.01,0.2233333333333333,0,2655
6537,jev-1.13.0,0.32333333333333336,0.2833333333333333,0.39333333333333337,2,2624
6538,jev-1.13.0,0.34,0.0,0.66,2,2635
6539,jev-1.13.0,0.63,0.013333333333333334,0.3566666666666667,0,2641
6540,jev-1.13.0,1.0,0.0,0.0,0,2617
6541,jev-1.13.0,0.5466666666666667,0.0033333333333333335,0.45,0,2631
6542,jev-1.13.0,0.30000000000000004,0.39000000000000007,0.31,1,2632
6543,jev-1.13.0,0.33666666666666667,0.006666666666666667,0.6566666666666667,2,2639
6544,jev-1.13.0,0.7133333333333333,0.006666666666666667,0.28,0,2625
6545,jev-1.13.0,1.0,0.0,0.0,0,2615
6546,jev-1.13.0,0.07,0.8466666666666667,0.08333333333333333,1,2621
6547,jev-1.13.0,0.18333333333333335,0.07333333333333335,0.7433333333333333,2,2630
6548,jev-1.13.0,0.65,0.09000000000000001,0.26,0,2618
6549,jev-1.13.0,0.4366666666666667,0.023333333333333334,0.5399999999999999,2,2620
6550,jev-1.13.0,0.8500000000000001,0.02666666666666667,0.12333333333333334,0,2615
6551,jev-1.13.0,0.2233333333333333,0.016666666666666666,0.7600000000000001,2,2626
6552,jev-1.13.0,0.22333333333333336,0.18333333333333335,0.5933333333333333,2,2629
6553,jev-1.13.0,0.42333333333333334,0.03666666666666667,0.5399999999999999,2,2631
6554,jev-1.13.0,0.7433333333333333,0.06666666666666667,0.19000000000000003,0,2622
6555,jev-1.13.0,1.0,0.0,0.0,0,2617
6556,jev-1.13.0,1.0,0.0,0.0,0,2617
6557,jev-1.13.0,0.6966666666666667,0.2966666666666667,0.006666666666666667,0,2618
6558,jev-1.13.0,0.21999999999999997,0.013333333333333334,0.7666666666666666,2,2641
6559,jev-1.13.0,0.5566666666666668,0.006666666666666667,0.4366666666666667,0,2650
6560,jev-1.13.0,0.05666666666666667,0.09000000000000001,0.8533333333333334,2,2692
6561,jev-1.13.0,0.92,0.0,0.08,0,2650
6562,jev-1.13.0,0.06,0.016666666666666666,0.9233333333333333,2,2633
6563,jev-1.13.0,0.0033333333333333335,0.9966666666666667,0.0,1,2627
6564,jev-1.13.0,0.66,0.08333333333333333,0.25666666666666665,0,2644
6565,jev-1.13.0,0.01,0.0033333333333333335,0.9866666666666667,2,2617
6566,jev-1.13.0,0.4033333333333333,0.0,0.5966666666666667,2,2715
6567,jev-1.13.0,0.8366666666666666,0.0,0.16333333333333333,0,2682
6568,jev-1.13.0,0.6166666666666667,0.01,0.37333333333333335,0,2630
6569,jev-1.13.0,0.91,0.0,0.09000000000000001,0,2666
6570,jev-1.13.0,1.0,0.0,0.0,0,2636
6571,jev-1.13.0,0.42,0.15333333333333332,0.4266666666666667,2,2648
6572,jev-1.13.0,0.9066666666666667,0.0,0.09333333333333334,0,2632
6573,jev-1.13.0,0.7933333333333333,0.2066666666666667,0.0,0,2616
6574,jev-1.13.0,0.9899999999999999,0.0033333333333333335,0.006666666666666667,0,2614
6575,jev-1.13.0,0.01,0.0,0.9899999999999999,2,2661
6576,jev-1.13.0,0.6699999999999999,0.11333333333333334,0.21666666666666667,0,2623
6577,jev-1.13.0,0.17666666666666667,0.006666666666666667,0.8166666666666668,2,2752
6578,jev-1.13.0,0.7333333333333334,0.08333333333333333,0.18333333333333335,0,2669
6579,jev-1.13.0,0.0,0.0,1.0,2,2641
6580,jev-1.13.0,0.43999999999999995,0.11333333333333333,0.4466666666666666,2,2678
6581,jev-1.13.0,0.9366666666666666,0.0,0.06333333333333334,0,2622
6582,jev-1.13.0,0.29666666666666663,0.030000000000000002,0.6733333333333333,2,2632
6583,jev-1.13.0,0.42,0.3766666666666667,0.20333333333333334,0,2655
6584,jev-1.13.0,0.0,0.0,1.0,2,2743
6585,jev-1.13.0,0.3333333333333333,0.12333333333333334,0.5433333333333333,2,2621
6586,jev-1.13.0,0.84,0.0,0.16,0,2648
6587,jev-1.13.0,0.89,0.02666666666666667,0.08333333333333333,0,2616
6588,jev-1.13.0,0.9433333333333334,0.056666666666666664,0.0,0,2635
6589,jev-1.13.0,0.66,0.0033333333333333335,0.33666666666666667,0,2623
6590,jev-1.13.0,0.7833333333333333,0.05666666666666667,0.16,0,2620
6591,jev-1.13.0,0.94,0.023333333333333334,0.03666666666666667,0,2642
6592,jev-1.13.0,1.0,0.0,0.0,0,2662
6593,jev-1.13.0,0.8133333333333334,0.0,0.18666666666666668,0,2636
6594,jev-1.13.0,0.39999999999999997,0.03333333333333333,0.5666666666666667,2,2626
6595,jev-1.13.0,0.7999999999999999,0.043333333333333335,0.15666666666666668,0,2625
6596,jev-1.13.0,0.47333333333333333,0.01,0.5166666666666667,2,2637
6597,jev-1.13.0,0.8833333333333333,0.04666666666666667,0.07,0,2633
6598,jev-1.13.0,0.5133333333333333,0.26333333333333336,0.22333333333333336,0,2622
6599,jev-1.13.0,0.4633333333333334,0.07666666666666667,0.45999999999999996,0,2622
6600,jev-1.13.0,0.13333333333333333,0.0,0.8666666666666667,2,2652
6601,jev-1.13.0,0.15000000000000002,0.030000000000000002,0.82,2,2635
6602,jev-1.13.0,0.6366666666666667,0.02,0.34333333333333327,0,2625
6603,jev-1.13.0,0.9566666666666667,0.0033333333333333335,0.04,0,2624
6604,jev-1.13.0,0.5466666666666667,0.0,0.4533333333333333,0,2657
6605,jev-1.13.0,0.9199999999999999,0.013333333333333334,0.06666666666666667,0,2627
6606,jev-1.13.0,0.0,1.0,0.0,1,2629
6607,jev-1.13.0,0.6033333333333334,0.043333333333333335,0.35333333333333333,0,2613
6608,jev-1.13.0,0.46,0.0033333333333333335,0.5366666666666666,2,2630
6609,jev-1.13.0,0.49333333333333335,0.0,0.5066666666666667,2,2624
6610,jev-1.13.0,0.049999999999999996,0.013333333333333334,0.9366666666666665,2,2629
6611,jev-1.13.0,0.7066666666666667,0.10333333333333333,0.19000000000000003,0,2620
6612,jev-1.13.0,0.15333333333333335,0.0,0.8466666666666667,2,2644
6613,jev-1.13.0,0.6633333333333334,0.006666666666666667,0.33,0,2628
6614,jev-1.13.0,0.7999999999999999,0.06333333333333334,0.1366666666666667,0,2619
6615,jev-1.13.0,0.0,1.0,0.0,1,2618
6616,jev-1.13.0,0.3233333333333333,0.06666666666666667,0.61,2,2625
6617,jev-1.13.0,1.0,0.0,0.0,0,2618
6618,jev-1.13.0,0.17666666666666667,0.53,0.2933333333333333,1,2635
6619,jev-1.13.0,0.6066666666666666,0.04,0.35333333333333333,0,2624
6620,jev-1.13.0,0.3833333333333333,0.01,0.6066666666666666,2,2704
6621,jev-1.13.0,0.016666666666666666,0.0,0.9833333333333334,2,2738
6622,jev-1.13.0,0.0,0.0,1.0,2,2637
6623,jev-1.13.0,0.61,0.016666666666666666,0.37333333333333335,0,2620
6624,jev-1.13.0,0.8166666666666665,0.06333333333333334,0.12,0,2621
6625,jev-1.13.0,0.3866666666666667,0.02,0.5933333333333334,2,2619
6626,jev-1.13.0,0.02333333333333333,0.0,0.9766666666666666,2,2621
6627,jev-1.13.0,0.39333333333333337,0.016666666666666666,0.59,2,2666
6628,jev-1.13.0,0.01,0.016666666666666666,0.9733333333333333,2,2684
6629,jev-1.13.0,0.17333333333333334,0.0,0.8266666666666667,2,2667
6630,jev-1.13.0,0.21333333333333335,0.7866666666666666,0.0,1,2669
6631,jev-1.13.0,0.8533333333333334,0.03,0.11666666666666665,0,2629
6632,jev-1.13.0,0.87,0.049999999999999996,0.08,0,2618
6633,jev-1.13.0,1.0,0.0,0.0,0,2616
6634,jev-1.13.0,0.0,0.0,1.0,2,2647
6635,jev-1.13.0,0.19666666666666668,0.02,0.7833333333333333,2,2660
6636,jev-1.13.0,0.2933333333333334,0.023333333333333334,0.6833333333333332,2,2644
6637,jev-1.13.0,0.9633333333333333,0.0033333333333333335,0.03333333333333333,0,2629
6638,jev-1.13.0,0.01,0.0,0.9899999999999999,2,2724
6639,jev-1.13.0,0.7300000000000001,0.17,0.09999999999999999,0,2618
6640,jev-1.13.0,0.0,0.0,1.0,2,2703
6641,jev-1.13.0,0.05333333333333334,0.023333333333333334,0.9233333333333333,2,2625
6642,jev-1.13.0,0.07,0.0033333333333333335,0.9266666666666667,2,2641
6643,jev-1.13.0,0.9533333333333333,0.0,0.04666666666666667,0,2630
6644,jev-1.13.0,0.12666666666666668,0.030000000000000002,0.8433333333333333,2,2629
6645,jev-1.13.0,0.21000000000000005,0.043333333333333335,0.7466666666666667,2,2645
6646,jev-1.13.0,0.0,0.0,1.0,2,2660
6647,jev-1.13.0,0.10333333333333333,0.8833333333333333,0.013333333333333334,1,2630
6648,jev-1.13.0,0.0033333333333333335,0.0,0.9966666666666667,2,2656
6649,jev-1.13.0,0.7133333333333333,0.08333333333333333,0.20333333333333337,0,2615
6650,jev-1.13.0,0.45,0.0033333333333333335,0.5466666666666667,2,2642
6651,jev-1.13.0,0.6033333333333334,0.39666666666666667,0.0,0,2613
6652,jev-1.13.0,0.6833333333333332,0.10333333333333333,0.21333333333333335,0,2612
6653,jev-1.13.0,0.9,0.04666666666666666,0.05333333333333334,0,2620
6654,jev-1.13.0,0.7333333333333334,0.0,0.26666666666666666,0,2627
6655,jev-1.13.0,0.19333333333333336,0.016666666666666666,0.79,2,2635
6656,jev-1.13.0,1.0,0.0,0.0,0,2724
6657,jev-1.13.0,0.09000000000000001,0.0033333333333333335,0.9066666666666667,2,2628
6658,jev-1.13.0,0.5233333333333333,0.27999999999999997,0.19666666666666666,0,2636
6659,jev-1.13.0,0.3066666666666667,0.12333333333333334,0.5666666666666668,2,2621
6660,jev-1.13.0,0.26666666666666666,0.0,0.7333333333333334,2,2681
6661,jev-1.13.0,0.8733333333333334,0.060000000000000005,0.06666666666666667,0,2644
6662,jev-1.13.0,0.14333333333333334,0.006666666666666667,0.8500000000000001,2,2622
6663,jev-1.13.0,0.57,0.16333333333333333,0.26666666666666666,0,2626
6664,jev-1.13.0,0.0,0.0,1.0,2,2701
6665,jev-1.13.0,0.7833333333333332,0.0,0.21666666666666667,0,2621
6666,jev-1.13.0,0.91,0.04,0.049999999999999996,0,2639
6667,jev-1.13.0,0.5866666666666666,0.03666666666666667,0.37666666666666665,0,2627
6668,jev-1.13.0,0.44,0.02666666666666667,0.5333333333333333,2,2638
6669,jev-1.13.0,0.6666666666666666,0.006666666666666667,0.32666666666666666,0,2617
6670,jev-1.13.0,0.38000000000000006,0.6133333333333333,0.006666666666666667,1,2620
6671,jev-1.13.0,0.7799999999999999,0.06,0.16,0,2636
6672,jev-1.13.0,0.05000000000000001,0.6666666666666666,0.2833333333333334,1,2644
6673,jev-1.13.0,0.049999999999999996,0.060000000000000005,0.89,2,2620
6674,jev-1.13.0,0.20000000000000004,0.013333333333333334,0.7866666666666667,2,2632
6675,jev-1.13.0,0.6166666666666667,0.17,0.21333333333333335,0,2613
6676,jev-1.13.0,0.13333333333333333,0.0,0.8666666666666667,2,2690
6677,jev-1.13.0,0.8033333333333332,0.02666666666666667,0.17,0,2617
6678,jev-1.13.0,0.0,0.0,1.0,2,2615
6679,jev-1.13.0,0.22,0.07666666666666666,0.7033333333333333,2,2657
6680,jev-1.13.0,0.09000000000000001,0.0033333333333333335,0.9066666666666667,2,2632
6681,jev-1.13.0,0.0,0.0033333333333333335,0.9966666666666667,2,2671
6682,jev-1.13.0,0.6666666666666666,0.016666666666666666,0.31666666666666665,0,2614
6683,jev-1.13.0,0.36000000000000004,0.0,0.64,2,2617
6684,jev-1.13.0,0.22666666666666666,0.0033333333333333335,0.77,2,2635
6685,jev-1.13.0,0.7000000000000001,0.0,0.3,0,2625
6686,jev-1.13.0,0.02666666666666667,0.0,0.9733333333333333,2,2685
6687,jev-1.13.0,0.5133333333333333,0.0,0.48666666666666664,0,2666
6688,jev-1.13.0,1.0,0.0,0.0,0,2616
6689,jev-1.13.0,0.9466666666666667,0.02333333333333333,0.030000000000000002,0,2622
6690,jev-1.13.0,0.62,0.09000000000000001,0.29000000000000004,0,2619
6691,jev-1.13.0,0.01,0.0033333333333333335,0.9866666666666667,2,2721
6692,jev-1.13.0,0.3466666666666667,0.16000000000000003,0.49333333333333335,2,2656
6693,jev-1.13.0,0.01,0.0,0.9899999999999999,2,2673
6694,jev-1.13.0,0.6766666666666667,0.013333333333333334,0.31,0,2617
6695,jev-1.13.0,1.0,0.0,0.0,0,2619
6696,jev-1.13.0,0.24333333333333332,0.0033333333333333335,0.7533333333333333,2,2628
6697,jev-1.13.0,0.0,0.0,1.0,2,2629
6698,jev-1.13.0,0.7200000000000001,0.20333333333333334,0.07666666666666667,0,2636
6699,jev-1.13.0,0.30666666666666664,0.03666666666666667,0.6566666666666666,2,2671
6700,jev-1.13.0,0.9266666666666666,0.016666666666666666,0.05666666666666667,0,2632
6701,jev-1.13.0,0.9733333333333333,0.01,0.016666666666666666,0,2616
6702,jev-1.13.0,0.7233333333333333,0.03,0.24666666666666667,0,2624
6703,jev-1.13.0,1.0,0.0,0.0,0,2659
6704,jev-1.13.0,0.05333333333333334,0.0,0.9466666666666667,2,2635
6705,jev-1.13.0,0.10666666666666667,0.8333333333333334,0.06,1,2655
6706,jev-1.13.0,0.51,0.006666666666666667,0.48333333333333334,0,2632
6707,jev-1.13.0,0.09666666666666668,0.016666666666666666,0.8866666666666667,2,2631
6708,jev-1.13.0,0.0,1.0,0.0,1,2622
6709,jev-1.13.0,0.35333333333333333,0.18333333333333335,0.4633333333333334,2,2628
6710,jev-1.13.0,0.5566666666666666,0.18333333333333335,0.26,0,2619
6711,jev-1.13.0,0.8166666666666668,0.02666666666666667,0.15666666666666668,0,2637
6712,jev-1.13.0,0.49666666666666665,0.03333333333333333,0.47,0,2625
6713,jev-1.13.0,0.0,0.0,1.0,2,2668
6714,jev-1.13.0,0.06333333333333334,0.02666666666666667,0.91,2,2622
6715,jev-1.13.0,0.23666666666666666,0.0,0.7633333333333333,2,2643
6716,jev-1.13.0,0.43999999999999995,0.09666666666666666,0.4633333333333334,2,2622
6717,jev-1.13.0,0.25666666666666665,0.07666666666666667,0.6666666666666666,2,2634
6718,jev-1.13.0,0.9766666666666666,0.0,0.023333333333333334,0,2624
6719,jev-1.13.0,0.9633333333333333,0.0,0.036666666666666674,0,2613
6720,jev-1.13.0,0.4033333333333333,0.06666666666666667,0.5299999999999999,2,2645
6721,jev-1.13.0,0.9966666666666667,0.0,0.0033333333333333335,0,2639
6722,jev-1.13.0,0.02,0.0,0.98,2,2636
6723,jev-1.13.0,0.88,0.0,0.12,0,2625
6724,jev-1.13.0,0.38999999999999996,0.08,0.5299999999999999,2,2625
6725,jev-1.13.0,0.8733333333333334,0.02,0.10666666666666667,0,2623
6726,jev-1.13.0,0.9433333333333334,0.0,0.056666666666666664,0,2626
6727,jev-1.13.0,0.02,0.0,0.98,2,2617
6728,jev-1.13.0,0.39666666666666667,0.3233333333333333,0.28,0,2626
6729,jev-1.13.0,0.7866666666666667,0.043333333333333335,0.17,0,2628
6730,jev-1.13.0,0.0,0.0,1.0,2,2675
6731,jev-1.13.0,0.31333333333333335,0.0,0.6866666666666666,2,2641
6732,jev-1.13.0,0.13333333333333333,0.0033333333333333335,0.8633333333333333,2,2653
6733,jev-1.13.0,0.5433333333333333,0.36333333333333334,0.09333333333333334,0,2631
6734,jev-1.13.0,0.9166666666666666,0.0,0.08333333333333333,0,2631
6735,jev-1.13.0,0.4566666666666667,0.06,0.48333333333333334,2,2645
6736,jev-1.13.0,0.42333333333333334,0.03,0.5466666666666666,2,2648
6737,jev-1.13.0,0.6699999999999999,0.07,0.26,0,2623
6738,jev-1.13.0,0.4566666666666667,0.09999999999999999,0.44333333333333336,0,2635
6739,jev-1.13.0,0.013333333333333334,0.0,0.9866666666666667,2,2654
6740,jev-1.13.0,1.0,0.0,0.0,0,2621
6741,jev-1.13.0,0.6466666666666666,0.05333333333333334,0.30000000000000004,0,2627
6742,jev-1.13.0,0.02333333333333333,0.0,0.9766666666666666,2,2651
6743,jev-1.13.0,0.42333333333333334,0.02666666666666667,0.5499999999999999,2,2616
6744,jev-1.13.0,0.7366666666666667,0.01,0.25333333333333335,0,2621
6745,jev-1.13.0,0.013333333333333334,0.0,0.9866666666666667,2,2633
6746,jev-1.13.0,0.3433333333333333,0.6166666666666666,0.04,1,2619
6747,jev-1.13.0,0.8533333333333334,0.06,0.08666666666666667,0,2620
6748,jev-1.13.0,0.23666666666666666,0.3666666666666667,0.39666666666666667,2,2619
6749,jev-1.13.0,0.04,0.0033333333333333335,0.9566666666666667,2,2635
6750,jev-1.13.0,0.01,0.0,0.9899999999999999,2,2634
6751,jev-1.13.0,0.87,0.0,0.13,0,2976
6752,jev-1.13.0,0.1466666666666667,0.5666666666666667,0.2866666666666667,1,2808
6753,jev-1.13.0,0.9966666666666667,0.0,0.0033333333333333335,0,2643
6754,jev-1.13.0,0.16,0.7600000000000001,0.08,1,2621
6755,jev-1.13.0,0.6866666666666666,0.15333333333333332,0.16,0,2623
6756,jev-1.13.0,0.12,0.0,0.88,2,2669
6757,jev-1.13.0,0.9066666666666667,0.0,0.09333333333333334,0,2648
6758,jev-1.13.0,0.14,0.023333333333333334,0.8366666666666666,2,2645
6759,jev-1.13.0,0.9266666666666667,0.02,0.05333333333333334,0,2679
6760,jev-1.13.0,1.0,0.0,0.0,0,2617
6761,jev-1.13.0,0.5466666666666667,0.21666666666666665,0.23666666666666666,0,2627
6762,jev-1.13.0,0.0,0.0,1.0,2,2643
6763,jev-1.13.0,0.63,0.01,0.36000000000000004,0,2619
6764,jev-1.13.0,0.01,0.0,0.9899999999999999,2,2634
6765,jev-1.13.0,0.06,0.0,0.9400000000000001,2,2634
6766,jev-1.13.0,0.07666666666666667,0.7066666666666667,0.21666666666666665,1,2621
6767,jev-1.13.0,0.8733333333333334,0.02666666666666667,0.10000000000000002,0,2616
6768,jev-1.13.0,0.3433333333333333,0.0,0.6566666666666667,2,2616
6769,jev-1.13.0,0.42,0.26000000000000006,0.32,0,2631
6770,jev-1.13.0,0.06333333333333334,0.013333333333333334,0.9233333333333332,2,2617
6771,jev-1.13.0,0.3433333333333333,0.01,0.6466666666666666,2,2624
6772,jev-1.13.0,0.24000000000000002,0.02,0.7399999999999999,2,2625
6773,jev-1.13.0,0.48333333333333334,0.47333333333333333,0.043333333333333335,0,2671
6774,jev-1.13.0,0.8033333333333333,0.0033333333333333335,0.19333333333333333,0,2705
6775,jev-1.13.0,0.9066666666666667,0.006666666666666667,0.08666666666666667,0,2623
6776,jev-1.13.0,0.42,0.0,0.58,2,2670
6777,jev-1.13.0,0.7566666666666667,0.036666666666666674,0.20666666666666667,0,2620
6778,jev-1.13.0,0.4266666666666667,0.0,0.5733333333333334,2,2625
6779,jev-1.13.0,0.01,0.0,0.9899999999999999,2,2629
6780,jev-1.13.0,0.8066666666666666,0.03333333333333333,0.16,0,2623
6781,jev-1.13.0,0.8166666666666668,0.0,0.18333333333333332,0,2650
6782,jev-1.13.0,0.2966666666666667,0.01,0.6933333333333334,2,2689
6783,jev-1.13.0,0.05666666666666667,0.0,0.9433333333333334,2,2670
6784,jev-1.13.0,0.86,0.02,0.12,0,2646
6785,jev-1.13.0,0.6533333333333333,0.25,0.09666666666666668,0,2633
6786,jev-1.13.0,0.023333333333333334,0.0,0.9766666666666666,2,2699
6787,jev-1.13.0,0.0,0.0,1.0,2,2663
6788,jev-1.13.0,1.0,0.0,0.0,0,2782
6789,jev-1.13.0,1.0,0.0,0.0,0,2616
6790,jev-1.13.0,0.6766666666666667,0.0,0.3233333333333333,0,2628
6791,jev-1.13.0,0.24666666666666667,0.41333333333333333,0.34,1,2657
6792,jev-1.13.0,0.96,0.01,0.030000000000000002,0,2626
6793,jev-1.13.0,0.8766666666666666,0.016666666666666666,0.10666666666666667,0,2623
6794,jev-1.13.0,0.016666666666666666,0.0,0.9833333333333334,2,2617
6795,jev-1.13.0,0.013333333333333334,0.8966666666666666,0.09000000000000001,1,2627
6796,jev-1.13.0,0.6266666666666666,0.09333333333333332,0.28,0,2624
6797,jev-1.13.0,0.4033333333333333,0.26,0.33666666666666667,0,2647
6798,jev-1.13.0,0.19999999999999998,0.023333333333333334,0.7766666666666667,2,2633
6799,jev-1.13.0,0.6999999999999998,0.07333333333333335,0.22666666666666668,0,2635
6800,jev-1.13.0,0.9366666666666666,0.0033333333333333335,0.060000000000000005,0,2632
6801,jev-1.13.0,0.9066666666666666,0.043333333333333335,0.05000000000000001,0,2622
6802,jev-1.13.0,0.5633333333333334,0.22999999999999998,0.20666666666666667,0,2628
6803,jev-1.13.0,0.98,0.013333333333333334,0.006666666666666667,0,2617
6804,jev-1.13.0,0.96,0.013333333333333334,0.02666666666666667,0,2630
6805,jev-1.13.0,0.7233333333333333,0.18000000000000002,0.09666666666666668,0,2626
6806,jev-1.13.0,0.9066666666666666,0.03666666666666667,0.05666666666666667,0,2633
6807,jev-1.13.0,0.43333333333333335,0.3833333333333333,0.18333333333333335,0,2646
6808,jev-1.13.0,1.0,0.0,0.0,0,2620
6809,jev-1.13.0,0.9899999999999999,0.01,0.0,0,2638
6810,jev-1.13.0,0.35333333333333333,0.0,0.6466666666666666,2,2615
6811,jev-1.13.0,1.0,0.0,0.0,0,2618
6812,jev-1.13.0,0.9333333333333332,0.013333333333333334,0.05333333333333334,0,2647
6813,jev-1.13.0,0.5833333333333334,0.006666666666666667,0.41,0,2619
6814,jev-1.13.0,0.8933333333333334,0.06333333333333334,0.043333333333333335,0,2642
6815,jev-1.13.0,0.8766666666666666,0.03333333333333333,0.09000000000000001,0,2623
6816,jev-1.13.0,0.04666666666666667,0.6466666666666666,0.30666666666666664,1,2624
6817,jev-1.13.0,0.98,0.02,0.0,0,2621
6818,jev-1.13.0,0.8066666666666666,0.0,0.19333333333333336,0,2643
6819,jev-1.13.0,0.18666666666666668,0.58,0.23333333333333336,1,2620
6820,jev-1.13.0,0.09000000000000001,0.0033333333333333335,0.9066666666666667,2,2702
6821,jev-1.13.0,0.0,0.0,1.0,2,2695
6822,jev-1.13.0,0.9133333333333334,0.0,0.08666666666666667,0,2621
6823,jev-1.13.0,0.22999999999999998,0.45,0.32,1,2654
6824,jev-1.13.0,0.9866666666666667,0.013333333333333334,0.0,0,2652
6825,jev-1.13.0,0.6033333333333334,0.013333333333333334,0.3833333333333333,0,2630
6826,jev-1.13.0,1.0,0.0,0.0,0,2616
6827,jev-1.13.0,0.6866666666666665,0.02333333333333333,0.29000000000000004,0,2635
6828,jev-1.13.0,0.01,0.9899999999999999,0.0,1,2636
6829,jev-1.13.0,0.48666666666666664,0.20666666666666667,0.30666666666666664,0,2641
6830,jev-1.13.0,0.01,0.9833333333333334,0.006666666666666667,1,2624
6831,jev-1.13.0,0.03333333333333333,0.01,0.9566666666666667,2,2614
6832,jev-1.13.0,0.013333333333333334,0.9866666666666667,0.0,1,2616
6833,jev-1.13.0,0.9566666666666667,0.016666666666666666,0.02666666666666667,0,2619
6834,jev-1.13.0,0.3833333333333333,0.016666666666666666,0.6,2,2622
6835,jev-1.13.0,0.6333333333333333,0.05666666666666667,0.31,0,2626
6836,jev-1.13.0,0.02666666666666667,0.006666666666666667,0.9666666666666667,2,2633
6837,jev-1.13.0,0.23,0.6900000000000001,0.08,1,2633
6838,jev-1.13.0,0.88,0.01,0.10999999999999999,0,2634
6839,jev-1.13.0,0.0,0.0,1.0,2,2634
6840,jev-1.13.0,0.5633333333333334,0.006666666666666667,0.43,0,2645
6841,jev-1.13.0,0.12666666666666668,0.6833333333333332,0.18999999999999997,1,2623
6842,jev-1.13.0,0.01,0.0,0.9899999999999999,2,2675
6843,jev-1.13.0,0.006666666666666667,0.0,0.9933333333333333,2,2686
6844,jev-1.13.0,0.4000000000000001,0.006666666666666667,0.5933333333333333,2,2629
6845,jev-1.13.0,0.37666666666666665,0.03,0.5933333333333333,2,2659
6846,jev-1.13.0,0.8266666666666667,0.01,0.16333333333333333,0,2634
6847,jev-1.13.0,0.6233333333333334,0.2333333333333333,0.14333333333333334,0,2620
6848,jev-1.13.0,0.53,0.07333333333333333,0.39666666666666667,0,2624
6849,jev-1.13.0,0.7966666666666665,0.013333333333333334,0.19000000000000003,0,2629
6850,jev-1.13.0,0.6833333333333332,0.0,0.31666666666666665,0,2629
6851,jev-1.13.0,0.42333333333333334,0.0033333333333333335,0.5733333333333334,2,2688
6852,jev-1.13.0,0.6966666666666668,0.0033333333333333335,0.30000000000000004,0,2618
6853,jev-1.13.0,0.51,0.02333333333333333,0.4666666666666666,0,2619
6854,jev-1.13.0,0.02666666666666667,0.0,0.9733333333333333,2,2712
6855,jev-1.13.0,0.9700000000000001,0.013333333333333334,0.016666666666666666,0,2620
6856,jev-1.13.0,0.9833333333333334,0.0,0.016666666666666666,0,2765
6857,jev-1.13.0,0.9833333333333334,0.016666666666666666,0.0,0,2615
6858,jev-1.13.0,0.9700000000000001,0.0,0.03,0,2637
6859,jev-1.13.0,0.0,1.0,0.0,1,2619
6860,jev-1.13.0,0.02,0.0,0.98,2,2648
6861,jev-1.13.0,0.19666666666666666,0.0,0.8033333333333333,2,2676
6862,jev-1.13.0,0.9899999999999999,0.0,0.01,0,2633
6863,jev-1.13.0,0.3833333333333333,0.14666666666666667,0.47,2,2821
6864,jev-1.13.0,0.04,0.0,0.96,2,2681
6865,jev-1.13.0,0.9633333333333333,0.0,0.03666666666666667,0,2629
6866,jev-1.13.0,0.03333333333333333,0.0033333333333333335,0.9633333333333333,2,2671
6867,jev-1.13.0,0.1366666666666667,0.006666666666666667,0.8566666666666666,2,2628
6868,jev-1.13.0,0.07333333333333335,0.013333333333333334,0.91,2,2622
6869,jev-1.13.0,0.10999999999999999,0.0,0.89,2,2628
6870,jev-1.13.0,0.016666666666666666,0.0,0.9833333333333334,2,2613
6871,jev-1.13.0,0.14333333333333334,0.0033333333333333335,0.8533333333333334,2,2617
6872,jev-1.13.0,0.03333333333333333,0.0,0.9666666666666667,2,2624
6873,jev-1.13.0,0.0,0.0,1.0,2,2692
6874,jev-1.13.0,0.27,0.0,0.73,2,2648
6875,jev-1.13.0,0.0,0.0,1.0,2,2678
6876,jev-1.13.0,0.8933333333333334,0.01,0.09666666666666668,0,2619
6877,jev-1.13.0,0.9766666666666666,0.0,0.023333333333333334,0,2944
6878,jev-1.13.0,0.3433333333333333,0.38333333333333336,0.2733333333333334,1,2630
6879,jev-1.13.0,0.0,0.0,1.0,2,2722
6880,jev-1.13.0,0.7833333333333333,0.013333333333333334,0.20333333333333334,0,2628
6881,jev-1.13.0,1.0,0.0,0.0,0,2617
6882,jev-1.13.0,0.5033333333333333,0.07333333333333333,0.42333333333333334,0,2640
6883,jev-1.13.0,0.0,0.006666666666666667,0.9933333333333333,2,2660
6884,jev-1.13.0,0.46,0.02666666666666667,0.51,2,2629
6885,jev-1.13.0,0.39666666666666667,0.1366666666666667,0.4666666666666666,2,2634
6886,jev-1.13.0,0.5599999999999999,0.03333333333333333,0.4066666666666667,0,2618
6887,jev-1.13.0,0.91,0.0,0.09000000000000001,0,2653
6888,jev-1.13.0,0.27666666666666667,0.02333333333333333,0.7000000000000001,2,2624
6889,jev-1.13.0,0.07666666666666666,0.26666666666666666,0.6566666666666667,2,2637
6890,jev-1.13.0,0.013333333333333334,0.9233333333333333,0.06333333333333334,1,2660
6891,jev-1.13.0,0.39666666666666667,0.006666666666666667,0.5966666666666667,2,2640
6892,jev-1.13.0,0.91,0.0033333333333333335,0.08666666666666667,0,2633
6893,jev-1.13.0,1.0,0.0,0.0,0,2617
6894,jev-1.13.0,0.31666666666666665,0.6766666666666667,0.006666666666666667,1,2617
6895,jev-1.13.0,0.22666666666666668,0.5033333333333333,0.27,1,2989
6896,jev-1.13.0,1.0,0.0,0.0,0,2784
6897,jev-1.13.0,1.0,0.0,0.0,0,2616
6898,jev-1.13.0,0.06,0.0,0.9400000000000001,2,2641
6899,jev-1.13.0,0.5133333333333333,0.0,0.48666666666666664,0,2638
6900,jev-1.13.0,0.09333333333333334,0.02,0.8866666666666667,2,2668
6901,jev-1.13.0,0.16333333333333336,0.6633333333333332,0.17333333333333334,1,2624
6902,jev-1.13.0,0.006666666666666667,0.0,0.9933333333333333,2,2748
6903,jev-1.13.0,0.7233333333333333,0.01,0.26666666666666666,0,2636
6904,jev-1.13.0,1.0,0.0,0.0,0,2615
6905,jev-1.13.0,0.05000000000000001,0.0,0.9500000000000001,2,2627
6906,jev-1.13.0,0.5733333333333333,0.006666666666666667,0.42,0,2623
6907,jev-1.13.0,0.68,0.006666666666666667,0.3133333333333333,0,2618
6908,jev-1.13.0,0.03,0.73,0.24,1,2672
6909,jev-1.13.0,0.36666666666666664,0.6033333333333334,0.03,1,2620
6910,jev-1.13.0,0.0033333333333333335,0.0,0.9966666666666667,2,2673
6911,jev-1.13.0,0.6366666666666667,0.08333333333333333,0.28,0,2622
6912,jev-1.13.0,0.36999999999999994,0.39999999999999997,0.23,1,2622
6913,jev-1.13.0,0.1466666666666667,0.013333333333333334,0.84,2,2624
6914,jev-1.13.0,0.01,0.5766666666666667,0.41333333333333333,1,2653
6915,jev-1.13.0,0.24,0.01,0.75,2,2636
6916,jev-1.13.0,0.01,0.0,0.9899999999999999,2,2626
6917,jev-1.13.0,0.016666666666666666,0.35333333333333333,0.63,2,2635
6918,jev-1.13.0,1.0,0.0,0.0,0,2619
6919,jev-1.13.0,0.9733333333333333,0.02,0.006666666666666667,0,2622
6920,jev-1.13.0,0.3066666666666667,0.016666666666666666,0.6766666666666667,2,2620
6921,jev-1.13.0,0.10333333333333335,0.0,0.8966666666666666,2,2685
6922,jev-1.13.0,0.13333333333333333,0.16333333333333333,0.7033333333333335,2,2634
6923,jev-1.13.0,0.7666666666666666,0.03666666666666667,0.19666666666666666,0,2620
6924,jev-1.13.0,0.7466666666666667,0.10666666666666667,0.1466666666666667,0,2631
6925,jev-1.13.0,0.0033333333333333335,0.0,0.9966666666666667,2,2621
6926,jev-1.13.0,0.98,0.0033333333333333335,0.016666666666666666,0,2645
6927,jev-1.13.0,0.016666666666666666,0.0,0.9833333333333334,2,2681
6928,jev-1.13.0,0.04666666666666667,0.0,0.9533333333333333,2,2657
6929,jev-1.13.0,0.18000000000000002,0.08666666666666667,0.7333333333333334,2,2740
6930,jev-1.13.0,0.2933333333333334,0.02666666666666667,0.68,2,2769
6931,jev-1.13.0,0.11333333333333334,0.0,0.8866666666666667,2,2706
6932,jev-1.13.0,0.8566666666666666,0.02,0.12333333333333334,0,2634
6933,jev-1.13.0,0.7566666666666667,0.02,0.22333333333333336,0,2638
6934,jev-1.13.0,0.12666666666666668,0.01,0.8633333333333334,2,2636
6935,jev-1.13.0,0.06,0.0,0.94,2,2718
6936,jev-1.13.0,1.0,0.0,0.0,0,2622
6937,jev-1.13.0,0.7333333333333334,0.0,0.26666666666666666,0,2634
6938,jev-1.13.0,0.016666666666666666,0.0,0.9833333333333334,2,2701
6939,jev-1.13.0,0.48,0.4733333333333334,0.04666666666666667,0,2627
6940,jev-1.13.0,0.4533333333333333,0.02666666666666667,0.52,2,2619
6941,jev-1.13.0,0.58,0.0,0.42,0,2722
6942,jev-1.13.0,0.98,0.0033333333333333335,0.016666666666666666,0,2623
6943,jev-1.13.0,0.0,0.0,1.0,2,2720
6944,jev-1.13.0,0.6900000000000001,0.013333333333333334,0.2966666666666667,0,2657
6945,jev-1.13.0,0.3066666666666667,0.03666666666666667,0.6566666666666666,2,2630
6946,jev-1.13.0,0.42,0.4266666666666667,0.15333333333333335,1,2618
6947,jev-1.13.0,0.5933333333333334,0.08666666666666667,0.32,0,2629
6948,jev-1.13.0,0.21333333333333335,0.12,0.6666666666666666,2,2671
6949,jev-1.13.0,0.7466666666666667,0.0033333333333333335,0.25,0,2628
6950,jev-1.13.0,0.9899999999999999,0.0033333333333333335,0.006666666666666667,0,2615
6951,jev-1.13.0,0.7400000000000001,0.0033333333333333335,0.25666666666666665,0,2630
6952,jev-1.13.0,0.4666666666666666,0.0033333333333333335,0.53,2,2623
6953,jev-1.13.0,0.33,0.53,0.14,1,2652
6954,jev-1.13.0,0.11,0.01,0.88,2,2618
6955,jev-1.13.0,0.8099999999999999,0.10666666666666667,0.08333333333333333,0,2621
6956,jev-1.13.0,0.1366666666666667,0.016666666666666666,0.8466666666666667,2,2637
6957,jev-1.13.0,0.4066666666666667,0.42,0.17333333333333334,1,2633
6958,jev-1.13.0,0.6233333333333334,0.013333333333333334,0.3633333333333333,0,2636
6959,jev-1.13.0,0.18333333333333335,0.11,0.7033333333333335,2,2662
6960,jev-1.13.0,0.006666666666666667,0.0,0.9933333333333333,2,2642
6961,jev-1.13.0,0.8566666666666666,0.013333333333333334,0.13,0,2637
6962,jev-1.13.0,0.87,0.04666666666666667,0.08333333333333333,0,2621
6963,jev-1.13.0,0.013333333333333334,0.7400000000000001,0.24666666666666667,1,2616
6964,jev-1.13.0,0.0,0.0,1.0,2,2642
6965,jev-1.13.0,0.6,0.24666666666666667,0.15333333333333332,0,2633
6966,jev-1.13.0,0.2833333333333334,0.04,0.6766666666666666,2,2633
6967,jev-1.13.0,0.38000000000000006,0.17,0.45,2,2657
6968,jev-1.13.0,0.44,0.01,0.55,2,2624
6969,jev-1.13.0,1.0,0.0,0.0,0,2634
6970,jev-1.13.0,0.42333333333333334,0.4200000000000001,0.15666666666666665,0,2630
6971,jev-1.13.0,0.6433333333333334,0.09999999999999999,0.25666666666666665,0,2631
6972,jev-1.13.0,0.0,0.0,1.0,2,2818
6973,jev-1.13.0,0.030000000000000002,0.0,0.9700000000000001,2,2656
6974,jev-1.13.0,0.19333333333333333,0.7566666666666667,0.05000000000000001,1,2621
6975,jev-1.13.0,0.5333333333333333,0.21,0.25666666666666665,0,2618
6976,jev-1.13.0,0.21333333333333335,0.0,0.7866666666666667,2,2650
6977,jev-1.13.0,0.5366666666666667,0.05333333333333334,0.41,0,2624
6978,jev-1.13.0,0.7166666666666667,0.14666666666666667,0.1366666666666667,0,2619
6979,jev-1.13.0,0.0033333333333333335,0.9933333333333333,0.0033333333333333335,1,2617
6980,jev-1.13.0,0.6566666666666666,0.13333333333333333,0.21,0,2627
6981,jev-1.13.0,0.7266666666666667,0.03666666666666667,0.23666666666666666,0,2629
6982,jev-1.13.0,0.98,0.006666666666666667,0.013333333333333334,0,2618
6983,jev-1.13.0,0.9666666666666667,0.0033333333333333335,0.03,0,2617
6984,jev-1.13.0,0.21666666666666667,0.016666666666666666,0.7666666666666666,2,2618
6985,jev-1.13.0,0.01,0.9899999999999999,0.0,1,2618
6986,jev-1.13.0,0.7733333333333334,0.11666666666666665,0.11,0,2623
6987,jev-1.13.0,0.7933333333333333,0.03666666666666666,0.17,0,2630
6988,jev-1.13.0,1.0,0.0,0.0,0,2615
6989,jev-1.13.0,0.5866666666666668,0.05333333333333334,0.36000000000000004,0,2617
6990,jev-1.13.0,0.20999999999999996,0.7266666666666667,0.06333333333333334,1,2619
6991,jev-1.13.0,0.9966666666666667,0.0033333333333333335,0.0,0,2614
6992,jev-1.13.0,1.0,0.0,0.0,0,2614
6993,jev-1.13.0,0.05666666666666667,0.0,0.9433333333333334,2,2718
6994,jev-1.13.0,0.45999999999999996,0.22,0.32,0,2616
6995,jev-1.13.0,0.42,0.57,0.01,1,2627
6996,jev-1.13.0,0.19999999999999998,0.58,0.22,1,2650
6997,jev-1.13.0,0.8966666666666666,0.03333333333333333,0.07,0,2626
6998,jev-1.13.0,0.71,0.09000000000000001,0.19999999999999998,0,2616
6999,jev-1.13.0,0.09666666666666668,0.9033333333333333,0.0,1,2616
7000,jev-1.13.0,0.31666666666666665,0.02333333333333333,0.66,2,2662
7001,jev-1.13.0,0.10666666666666667,0.0,0.8933333333333334,2,2678
7002,jev-1.13.0,0.5366666666666666,0.1366666666666667,0.32666666666666666,0,2633
7003,jev-1.13.0,0.3666666666666667,0.2966666666666667,0.3366666666666667,0,2617
7004,jev-1.13.0,0.5166666666666666,0.03333333333333333,0.45,0,2626
7005,jev-1.13.0,0.10333333333333333,0.0,0.8966666666666666,2,2634
7006,jev-1.13.0,0.6633333333333334,0.03666666666666667,0.30000000000000004,0,2670
7007,jev-1.13.0,0.18000000000000002,0.0,0.82,2,2643
7008,jev-1.13.0,0.10999999999999999,0.01,0.88,2,2624
7009,jev-1.13.0,0.9666666666666667,0.0,0.03333333333333333,0,2657
7010,jev-1.13.0,0.79,0.0,0.21,0,2647
7011,jev-1.13.0,0.92,0.0,0.08,0,2617
7012,jev-1.13.0,0.38000000000000006,0.07666666666666666,0.5433333333333333,2,2619
7013,jev-1.13.0,0.06,0.006666666666666667,0.93,2,2623
7014,jev-1.13.0,0.006666666666666667,0.0,0.9933333333333333,2,2649
7015,jev-1.13.0,0.21,0.016666666666666666,0.7733333333333333,2,2633
7016,jev-1.13.0,0.3666666666666667,0.016666666666666666,0.6166666666666667,2,2632
7017,jev-1.13.0,0.36000000000000004,0.01,0.63,2,2714
7018,jev-1.13.0,0.47333333333333333,0.45999999999999996,0.06666666666666667,0,2624
7019,jev-1.13.0,0.006666666666666667,0.0,0.9933333333333333,2,2637
7020,jev-1.13.0,0.09666666666666668,0.0033333333333333335,0.9,2,2643
7021,jev-1.13.0,0.0,0.0,1.0,2,2637
7022,jev-1.13.0,0.01,0.0033333333333333335,0.9866666666666667,2,2657
7023,jev-1.13.0,0.43333333333333335,0.02,0.5466666666666666,2,2636
7024,jev-1.13.0,1.0,0.0,0.0,0,2616
7025,jev-1.13.0,0.49,0.0033333333333333335,0.5066666666666667,2,2665
7026,jev-1.13.0,0.56,0.006666666666666667,0.43333333333333335,0,2650
7027,jev-1.13.0,0.8866666666666667,0.0,0.11333333333333334,0,2649
7028,jev-1.13.0,0.7999999999999999,0.11,0.09000000000000001,0,2658
7029,jev-1.13.0,0.4633333333333334,0.19333333333333336,0.3433333333333333,0,2668
7030,jev-1.13.0,0.11,0.03666666666666667,0.8533333333333334,2,2638
7031,jev-1.13.0,0.09333333333333334,0.7766666666666667,0.13,1,2622
7032,jev-1.13.0,0.0,0.0,1.0,2,2750
7033,jev-1.13.0,0.28,0.01,0.71,2,2718
7034,jev-1.13.0,1.0,0.0,0.0,0,2619
7035,jev-1.13.0,0.9366666666666666,0.03666666666666667,0.02666666666666667,0,2616
7036,jev-1.13.0,0.24333333333333332,0.0,0.7566666666666667,2,2643
7037,jev-1.13.0,0.7266666666666666,0.16666666666666666,0.10666666666666669,0,2625
7038,jev-1.13.0,0.06,0.0,0.94,2,2694
7039,jev-1.13.0,0.49333333333333335,0.09000000000000001,0.4166666666666667,0,2623
7040,jev-1.13.0,0.8433333333333333,0.04,0.11666666666666665,0,2662
7041,jev-1.13.0,1.0,0.0,0.0,0,2614
7042,jev-1.13.0,0.9266666666666667,0.03,0.043333333333333335,0,2636
7043,jev-1.13.0,0.28,0.5666666666666667,0.15333333333333332,1,2619
7044,jev-1.13.0,0.6999999999999998,0.0,0.3,0,2648
7045,jev-1.13.0,0.35666666666666663,0.07333333333333335,0.57,2,2987
7046,jev-1.13.0,0.15000000000000002,0.7533333333333333,0.09666666666666668,1,2652
7047,jev-1.13.0,0.24,0.0,0.7600000000000001,2,2623
7048,jev-1.13.0,0.11333333333333333,0.006666666666666667,0.88,2,2704
7049,jev-1.13.0,0.7266666666666666,0.016666666666666666,0.25666666666666665,0,2623
7050,jev-1.13.0,0.056666666666666664,0.0033333333333333335,0.94,2,2646
7051,jev-1.13.0,0.01,0.0,0.9899999999999999,2,2694
7052,jev-1.13.0,0.6633333333333333,0.01,0.32666666666666666,0,2641
7053,jev-1.13.0,0.07,0.006666666666666667,0.9233333333333333,2,2618
7054,jev-1.13.0,0.39666666666666667,0.01,0.5933333333333334,2,2620
7055,jev-1.13.0,0.4566666666666667,0.08666666666666667,0.4566666666666666,0,2635
7056,jev-1.13.0,0.0,0.0,1.0,2,2626
7057,jev-1.13.0,0.9966666666666667,0.0,0.0033333333333333335,0,2718
7058,jev-1.13.0,0.01,0.0,0.9899999999999999,2,2629
7059,jev-1.13.0,0.44333333333333336,0.3866666666666667,0.17,0,2671
7060,jev-1.13.0,0.21,0.08666666666666667,0.7033333333333333,2,2621
7061,jev-1.13.0,0.5499999999999999,0.03333333333333333,0.4166666666666667,0,2616
7062,jev-1.13.0,0.023333333333333334,0.0,0.9766666666666666,2,2762
7063,jev-1.13.0,0.44333333333333336,0.3333333333333333,0.22333333333333336,0,2617
7064,jev-1.13.0,0.54,0.07666666666666666,0.3833333333333333,0,2726
7065,jev-1.13.0,0.08666666666666667,0.0,0.9133333333333334,2,2618
7066,jev-1.13.0,0.6533333333333333,0.1366666666666667,0.21,0,2634
7067,jev-1.13.0,1.0,0.0,0.0,0,2787
7068,jev-1.13.0,0.8300000000000001,0.02,0.15,0,2646
7069,jev-1.13.0,0.3466666666666667,0.6,0.05333333333333334,1,2622
7070,jev-1.13.0,0.9199999999999999,0.0,0.08,0,2683
7071,jev-1.13.0,0.36000000000000004,0.0,0.64,2,2709
7072,jev-1.13.0,0.17,0.016666666666666666,0.8133333333333334,2,2639
7073,jev-1.13.0,0.0,0.0,1.0,2,2620
7074,jev-1.13.0,0.15333333333333332,0.07666666666666667,0.77,2,2617
7075,jev-1.13.0,0.0,1.0,0.0,1,2619
7076,jev-1.13.0,0.07666666666666667,0.7766666666666667,0.1466666666666667,1,2627
7077,jev-1.13.0,0.9933333333333333,0.0,0.006666666666666667,0,2629
7078,jev-1.13.0,0.9933333333333333,0.0,0.006666666666666667,0,2713
7079,jev-1.13.0,0.0033333333333333335,0.0,0.9966666666666667,2,2634
7080,jev-1.13.0,0.23666666666666666,0.0033333333333333335,0.7600000000000001,2,2629
7081,jev-1.13.0,0.6833333333333332,0.08,0.23666666666666666,0,2628
7082,jev-1.13.0,0.0,0.0,1.0,2,2693
7083,jev-1.13.0,0.13,0.0,0.87,2,2649
7084,jev-1.13.0,0.22666666666666668,0.02,0.7533333333333333,2,2632
7085,jev-1.13.0,0.09666666666666668,0.006666666666666667,0.8966666666666666,2,2633
7086,jev-1.13.0,0.4366666666666667,0.0,0.5633333333333334,2,2636
7087,jev-1.13.0,0.37666666666666665,0.0,0.6233333333333334,2,2697
7088,jev-1.13.0,0.3566666666666667,0.07333333333333335,0.57,2,2632
7089,jev-1.13.0,0.7999999999999999,0.02,0.18000000000000002,0,2629
7090,jev-1.13.0,0.6933333333333334,0.01,0.29666666666666663,0,2664
7091,jev-1.13.0,0.9066666666666666,0.07666666666666667,0.016666666666666666,0,2616
7092,jev-1.13.0,0.3066666666666667,0.3433333333333333,0.35000000000000003,2,2644
7093,jev-1.13.0,1.0,0.0,0.0,0,2618
7094,jev-1.13.0,0.01,0.0,0.9899999999999999,2,2786
7095,jev-1.13.0,0.6133333333333333,0.02333333333333333,0.3633333333333333,0,2635
7096,jev-1.13.0,0.9633333333333333,0.0,0.03666666666666667,0,2641
7097,jev-1.13.0,0.7666666666666666,0.02666666666666667,0.20666666666666667,0,2640
7098,jev-1.13.0,0.08666666666666667,0.0,0.9133333333333334,2,2666
7099,jev-1.13.0,0.06666666666666667,0.0033333333333333335,0.93,2,2654
7100,jev-1.13.0,0.7366666666666667,0.14,0.12333333333333334,0,2626
7101,jev-1.13.0,0.7866666666666667,0.060000000000000005,0.15333333333333335,0,2629
7102,jev-1.13.0,0.5133333333333333,0.013333333333333334,0.47333333333333333,0,2621
7103,jev-1.13.0,0.5833333333333334,0.0,0.4166666666666667,0,2638
7104,jev-1.13.0,0.08,0.2733333333333333,0.6466666666666666,2,2625
7105,jev-1.13.0,0.6266666666666668,0.20666666666666667,0.16666666666666666,0,2639
7106,jev-1.13.0,0.03,0.96,0.01,1,2616
7107,jev-1.13.0,0.0,1.0,0.0,1,2638
7108,jev-1.13.0,0.3133333333333334,0.0033333333333333335,0.6833333333333335,2,2735
7109,jev-1.13.0,0.8366666666666666,0.13333333333333333,0.03,0,2616
7110,jev-1.13.0,0.013333333333333334,0.9499999999999998,0.036666666666666674,1,2626
7111,jev-1.13.0,0.013333333333333334,0.0,0.9866666666666667,2,2622
7112,jev-1.13.0,0.11333333333333334,0.0,0.8866666666666667,2,2624
7113,jev-1.13.0,0.9066666666666667,0.06666666666666667,0.02666666666666667,0,2625
7114,jev-1.13.0,0.043333333333333335,0.0,0.9566666666666667,2,2633
7115,jev-1.13.0,0.9733333333333333,0.0,0.02666666666666667,0,2622
7116,jev-1.13.0,0.9566666666666667,0.0,0.043333333333333335,0,2638
7117,jev-1.13.0,0.7999999999999999,0.0,0.20000000000000004,0,2657
7118,jev-1.13.0,0.15666666666666665,0.0,0.8433333333333333,2,2627
7119,jev-1.13.0,0.06,0.94,0.0,1,2626
7120,jev-1.13.0,0.19999999999999998,0.01,0.7899999999999999,2,2632
7121,jev-1.13.0,1.0,0.0,0.0,0,2620
7122,jev-1.13.0,0.8666666666666667,0.02666666666666667,0.10666666666666665,0,2627
7123,jev-1.13.0,0.49333333333333335,0.45,0.05666666666666667,0,2623
7124,jev-1.13.0,0.24,0.049999999999999996,0.71,2,2626
7125,jev-1.13.0,0.26666666666666666,0.03,0.7033333333333335,2,2626
7126,jev-1.13.0,1.0,0.0,0.0,0,2616
7127,jev-1.13.0,0.09000000000000001,0.0,0.91,2,2625
7128,jev-1.13.0,0.75,0.08666666666666667,0.16333333333333333,0,2624
7129,jev-1.13.0,0.20333333333333334,0.030000000000000002,0.7666666666666666,2,2648
7130,jev-1.13.0,0.8066666666666666,0.15,0.043333333333333335,0,2622
7131,jev-1.13.0,0.98,0.01,0.01,0,2620
7132,jev-1.13.0,0.8833333333333333,0.043333333333333335,0.07333333333333335,0,2620
7133,jev-1.13.0,0.030000000000000002,0.013333333333333334,0.9566666666666667,2,2631
7134,jev-1.13.0,0.8066666666666666,0.06333333333333334,0.13,0,2625
7135,jev-1.13.0,0.5633333333333334,0.17,0.26666666666666666,0,2624
7136,jev-1.13.0,0.6766666666666666,0.09666666666666668,0.22666666666666668,0,2620
7137,jev-1.13.0,0.20333333333333334,0.5166666666666666,0.28,1,2622
7138,jev-1.13.0,0.4033333333333333,0.016666666666666666,0.58,2,2624
7139,jev-1.13.0,0.27,0.38333333333333336,0.3466666666666667,1,2621
7140,jev-1.13.0,0.69,0.0,0.31,0,2633
7141,jev-1.13.0,0.6233333333333334,0.049999999999999996,0.32666666666666666,0,2616
7142,jev-1.13.0,0.66,0.09999999999999999,0.24,0,2618
7143,jev-1.13.0,0.5499999999999999,0.049999999999999996,0.4000000000000001,0,2616
7144,jev-1.13.0,0.17666666666666667,0.0,0.8233333333333334,2,2619
7145,jev-1.13.0,0.66,0.0,0.34,0,2667
7146,jev-1.13.0,0.9166666666666666,0.08333333333333333,0.0,0,2616
7147,jev-1.13.0,0.0,1.0,0.0,1,2615
7148,jev-1.13.0,0.6666666666666666,0.03333333333333333,0.3,0,2631
7149,jev-1.13.0,0.7200000000000001,0.056666666666666664,0.21666666666666667,0,2617
7150,jev-1.13.0,0.04,0.0,0.96,2,2655
7151,jev-1.13.0,0.51,0.043333333333333335,0.44333333333333336,0,2620
7152,jev-1.13.0,0.18000000000000002,0.7066666666666667,0.11333333333333334,1,2618
7153,jev-1.13.0,0.013333333333333334,0.0,0.9866666666666667,2,2615
7154,jev-1.13.0,1.0,0.0,0.0,0,2622
7155,jev-1.13.0,0.0,1.0,0.0,1,2614
7156,jev-1.13.0,0.5166666666666667,0.23666666666666666,0.24666666666666667,0,2622
7157,jev-1.13.0,0.3633333333333333,0.5066666666666667,0.13,1,2637
7158,jev-1.13.0,0.06333333333333334,0.6266666666666666,0.31,1,2628
7159,jev-1.13.0,0.3,0.03333333333333333,0.6666666666666666,2,2619
7160,jev-1.13.0,0.2733333333333334,0.39666666666666667,0.33,1,2623
7161,jev-1.13.0,0.9499999999999998,0.0033333333333333335,0.04666666666666667,0,2618
7162,jev-1.13.0,0.5633333333333334,0.02,0.4166666666666667,0,2626
7163,jev-1.13.0,0.05333333333333334,0.01,0.9366666666666666,2,2635
7164,jev-1.13.0,0.06333333333333334,0.0,0.9366666666666666,2,2716
7165,jev-1.13.0,0.2733333333333334,0.023333333333333334,0.7033333333333333,2,2630
7166,jev-1.13.0,0.023333333333333334,0.0,0.9766666666666666,2,2648
7167,jev-1.13.0,0.7733333333333334,0.0,0.22666666666666666,0,2633
7168,jev-1.13.0,0.7633333333333333,0.03666666666666667,0.19999999999999998,0,2631
7169,jev-1.13.0,0.013333333333333334,0.0,0.9866666666666667,2,2668
7170,jev-1.13.0,0.3433333333333333,0.09666666666666668,0.56,2,2627
7171,jev-1.13.0,0.9333333333333332,0.0,0.06666666666666667,0,2638
7172,jev-1.13.0,0.2333333333333333,0.21999999999999997,0.5466666666666667,2,2709
7173,jev-1.13.0,0.0,0.0,1.0,2,2743
7174,jev-1.13.0,0.49666666666666665,0.043333333333333335,0.45999999999999996,0,2619
7175,jev-1.13.0,1.0,0.0,0.0,0,2632
7176,jev-1.13.0,0.03333333333333333,0.006666666666666667,0.96,2,2643
7177,jev-1.13.0,0.85,0.006666666666666667,0.14333333333333334,0,2639
7178,jev-1.13.0,0.39666666666666667,0.0,0.6033333333333334,2,2631
7179,jev-1.13.0,0.043333333333333335,0.0033333333333333335,0.9533333333333333,2,2626
7180,jev-1.13.0,0.7566666666666667,0.0,0.24333333333333332,0,2622
7181,jev-1.13.0,0.8966666666666666,0.043333333333333335,0.06,0,2616
7182,jev-1.13.0,0.0,0.013333333333333334,0.9866666666666667,2,2750
7183,jev-1.13.0,0.013333333333333334,0.0,0.9866666666666667,2,2623
7184,jev-1.13.0,0.0033333333333333335,0.0,0.9966666666666667,2,2650
7185,jev-1.13.0,0.8066666666666666,0.13333333333333333,0.06,0,2619
7186,jev-1.13.0,0.06333333333333334,0.0,0.9366666666666666,2,2675
7187,jev-1.13.0,0.85,0.01,0.14,0,2620
7188,jev-1.13.0,0.3466666666666667,0.09333333333333334,0.56,2,2626
7189,jev-1.13.0,0.01,0.006666666666666667,0.9833333333333334,2,2624
7190,jev-1.13.0,1.0,0.0,0.0,0,2617
7191,jev-1.13.0,0.0,0.0,1.0,2,2916
7192,jev-1.13.0,0.19333333333333336,0.7799999999999999,0.02666666666666667,1,2632
7193,jev-1.13.0,0.8000000000000002,0.10000000000000002,0.09999999999999999,0,2625
7194,jev-1.13.0,1.0,0.0,0.0,0,2659
7195,jev-1.13.0,0.3833333333333333,0.6166666666666667,0.0,1,2619
7196,jev-1.13.0,0.8566666666666666,0.04666666666666667,0.09666666666666668,0,2624
7197,jev-1.13.0,0.57,0.10666666666666667,0.3233333333333333,0,2619
7198,jev-1.13.0,0.22,0.006666666666666667,0.7733333333333334,2,2659
7199,jev-1.13.0,0.5566666666666666,0.0,0.44333333333333336,0,2644
7200,jev-1.13.0,0.22,0.0,0.7799999999999999,2,2666
7201,jev-1.13.0,0.0,0.0,1.0,2,2652
7202,jev-1.13.0,0.0,0.0,1.0,2,2691
7203,jev-1.13.0,0.39999999999999997,0.0,0.6,2,2615
7204,jev-1.13.0,0.20666666666666667,0.0033333333333333335,0.79,2,2640
7205,jev-1.13.0,0.17666666666666667,0.06333333333333334,0.7599999999999999,2,2622
7206,jev-1.13.0,0.45,0.02666666666666667,0.5233333333333333,2,2621
7207,jev-1.13.0,0.1366666666666667,0.0,0.8633333333333333,2,2632
7208,jev-1.13.0,0.0,0.9966666666666667,0.0033333333333333335,1,2616
7209,jev-1.13.0,0.0,0.0,1.0,2,2624
7210,jev-1.13.0,0.7533333333333333,0.01,0.23666666666666666,0,2649
7211,jev-1.13.0,0.44,0.006666666666666667,0.5533333333333333,2,2644
7212,jev-1.13.0,0.7433333333333333,0.0,0.25666666666666665,0,2647
7213,jev-1.13.0,0.03,0.0,0.9700000000000001,2,2723
7214,jev-1.13.0,0.07333333333333332,0.05333333333333334,0.8733333333333334,2,2621
7215,jev-1.13.0,0.9533333333333333,0.0,0.04666666666666667,0,2625
7216,jev-1.13.0,0.6633333333333334,0.013333333333333334,0.3233333333333333,0,2625
7217,jev-1.13.0,0.3333333333333333,0.0,0.6666666666666666,2,2616
7218,jev-1.13.0,0.75,0.0,0.25,0,2670
7219,jev-1.13.0,0.18000000000000002,0.016666666666666666,0.8033333333333332,2,2625
7220,jev-1.13.0,0.06333333333333334,0.016666666666666666,0.92,2,2655
7221,jev-1.13.0,0.01,0.0,0.9899999999999999,2,2677
7222,jev-1.13.0,0.14666666666666664,0.0,0.8533333333333334,2,2671
7223,jev-1.13.0,0.7999999999999999,0.0033333333333333335,0.19666666666666668,0,2661
7224,jev-1.13.0,0.06,0.043333333333333335,0.8966666666666666,2,2680
7225,jev-1.13.0,0.060000000000000005,0.0033333333333333335,0.9366666666666666,2,2619
7226,jev-1.13.0,0.3166666666666667,0.023333333333333334,0.66,2,2637
7227,jev-1.13.0,0.013333333333333334,0.0,0.9866666666666667,2,2659
7228,jev-1.13.0,0.013333333333333334,0.043333333333333335,0.9433333333333334,2,2655
7229,jev-1.13.0,0.0033333333333333335,0.006666666666666667,0.9899999999999999,2,2711
7230,jev-1.13.0,0.0033333333333333335,0.0,0.9966666666666667,2,2649
7231,jev-1.13.0,0.023333333333333334,0.0,0.9766666666666666,2,2715
7232,jev-1.13.0,0.32666666666666666,0.006666666666666667,0.6666666666666666,2,2635
7233,jev-1.13.0,0.7799999999999999,0.0033333333333333335,0.21666666666666667,0,2622
7234,jev-1.13.0,0.8333333333333334,0.0,0.16666666666666666,0,2646
7235,jev-1.13.0,0.96,0.0,0.04,0,2624
7236,jev-1.13.0,0.9166666666666666,0.02,0.06333333333333334,0,2626
7237,jev-1.13.0,0.03666666666666667,0.03,0.9333333333333332,2,2730
7238,jev-1.13.0,0.7666666666666666,0.02666666666666667,0.20666666666666667,0,2623
7239,jev-1.13.0,0.8333333333333334,0.09333333333333334,0.07333333333333333,0,2622
7240,jev-1.13.0,0.023333333333333334,0.0033333333333333335,0.9733333333333333,2,2640
7241,jev-1.13.0,0.26333333333333336,0.2866666666666667,0.44999999999999996,2,2658
7242,jev-1.13.0,0.1466666666666667,0.0,0.8533333333333334,2,2784
7243,jev-1.13.0,0.9766666666666666,0.0,0.023333333333333334,0,2652
7244,jev-1.13.0,0.29,0.030000000000000002,0.68,2,2652
7245,jev-1.13.0,0.7799999999999999,0.09999999999999999,0.12,0,2629
7246,jev-1.13.0,0.9133333333333334,0.0,0.08666666666666667,0,2629
7247,jev-1.13.0,0.7966666666666667,0.0033333333333333335,0.19999999999999998,0,2644
7248,jev-1.13.0,0.5333333333333333,0.08333333333333333,0.3833333333333333,0,2617
7249,jev-1.13.0,0.9933333333333333,0.0,0.006666666666666667,0,2642
7250,jev-1.13.0,0.09666666666666668,0.02,0.8833333333333333,2,2671
7251,jev-1.13.0,1.0,0.0,0.0,0,2617
7252,jev-1.13.0,0.88,0.02666666666666667,0.09333333333333334,0,2625
7253,jev-1.13.0,0.9933333333333333,0.0,0.006666666666666667,0,2638
7254,jev-1.13.0,0.9866666666666667,0.0,0.013333333333333334,0,2643
7255,jev-1.13.0,0.013333333333333334,0.08333333333333333,0.9033333333333333,2,2637
7256,jev-1.13.0,0.6133333333333334,0.016666666666666666,0.36999999999999994,0,2625
7257,jev-1.13.0,0.9233333333333333,0.06333333333333334,0.013333333333333334,0,2617
7258,jev-1.13.0,0.9533333333333333,0.0,0.04666666666666667,0,2633
7259,jev-1.13.0,1.0,0.0,0.0,0,2625
7260,jev-1.13.0,0.41,0.0033333333333333335,0.5866666666666667,2,2663
7261,jev-1.13.0,0.37333333333333335,0.0,0.6266666666666666,2,2614
7262,jev-1.13.0,0.9466666666666667,0.0,0.05333333333333334,0,2838
7263,jev-1.13.0,0.65,0.10666666666666667,0.24333333333333332,0,2629
7264,jev-1.13.0,0.6066666666666666,0.0,0.39333333333333337,0,2656
7265,jev-1.13.0,1.0,0.0,0.0,0,2627
7266,jev-1.13.0,0.48,0.0033333333333333335,0.5166666666666667,2,2655
7267,jev-1.13.0,0.5233333333333333,0.02,0.4566666666666667,0,2622
7268,jev-1.13.0,0.8366666666666666,0.06999999999999999,0.09333333333333334,0,2623
7269,jev-1.13.0,0.13333333333333333,0.01,0.8566666666666666,2,2621
7270,jev-1.13.0,0.9,0.0033333333333333335,0.09666666666666666,0,2628
7271,jev-1.13.0,0.9866666666666667,0.0,0.013333333333333334,0,2619
7272,jev-1.13.0,0.0033333333333333335,0.9766666666666666,0.02,1,2615
7273,jev-1.13.0,0.8500000000000001,0.07333333333333333,0.07666666666666667,0,2618
7274,jev-1.13.0,0.013333333333333334,0.5133333333333333,0.47333333333333333,1,2632
7275,jev-1.13.0,0.5866666666666668,0.016666666666666666,0.39666666666666667,0,2637
7276,jev-1.13.0,0.49333333333333335,0.27666666666666667,0.22999999999999998,0,2639
7277,jev-1.13.0,0.9899999999999999,0.0033333333333333335,0.006666666666666667,0,2617
7278,jev-1.13.0,0.29000000000000004,0.3133333333333333,0.39666666666666667,2,2625
7279,jev-1.13.0,0.20666666666666667,0.0,0.7933333333333333,2,2635
7280,jev-1.13.0,0.9533333333333333,0.02666666666666667,0.02,0,2622
7281,jev-1.13.0,0.6566666666666666,0.23666666666666666,0.10666666666666667,0,2636
7282,jev-1.13.0,0.82,0.06666666666666667,0.11333333333333333,0,2642
7283,jev-1.13.0,0.48,0.07333333333333333,0.4466666666666667,0,2621
7284,jev-1.13.0,0.5599999999999999,0.043333333333333335,0.39666666666666667,0,2633
7285,jev-1.13.0,0.49333333333333335,0.11333333333333333,0.39333333333333337,0,2615
7286,jev-1.13.0,0.39000000000000007,0.01,0.6,2,2635
7287,jev-1.13.0,0.023333333333333334,0.006666666666666667,0.9700000000000001,2,2619
7288,jev-1.13.0,0.9499999999999998,0.0,0.05000000000000001,0,2630
7289,jev-1.13.0,0.9966666666666667,0.0033333333333333335,0.0,0,2617
7290,jev-1.13.0,0.6066666666666666,0.0,0.39333333333333337,0,2653
7291,jev-1.13.0,0.9499999999999998,0.006666666666666667,0.043333333333333335,0,2627
7292,jev-1.13.0,0.36000000000000004,0.18333333333333335,0.4566666666666667,2,2626
7293,jev-1.13.0,0.24333333333333332,0.013333333333333334,0.7433333333333333,2,2631
7294,jev-1.13.0,0.7566666666666667,0.22999999999999998,0.013333333333333334,0,2621
7295,jev-1.13.0,0.25666666666666665,0.01,0.7333333333333334,2,2643
7296,jev-1.13.0,0.8633333333333333,0.016666666666666666,0.12,0,2620
7297,jev-1.13.0,0.33,0.0033333333333333335,0.6666666666666666,2,2636
7298,jev-1.13.0,0.4666666666666666,0.0,0.5333333333333333,2,2627
7299,jev-1.13.0,0.6133333333333333,0.0,0.38666666666666666,0,2622
7300,jev-1.13.0,0.05000000000000001,0.0,0.9499999999999998,2,2757
7301,jev-1.13.0,0.34,0.01,0.65,2,2654
7302,jev-1.13.0,0.9133333333333332,0.0,0.08666666666666667,0,2646
7303,jev-1.13.0,0.51,0.053333333333333344,0.4366666666666667,0,2623
7304,jev-1.13.0,0.043333333333333335,0.03666666666666667,0.92,2,2692
7305,jev-1.13.0,0.3333333333333333,0.04666666666666667,0.62,2,2634
7306,jev-1.13.0,0.21,0.6233333333333334,0.16666666666666666,1,2619
7307,jev-1.13.0,0.98,0.0,0.02,0,2626
7308,jev-1.13.0,0.9466666666666667,0.02333333333333333,0.03,0,2619
7309,jev-1.13.0,0.6333333333333333,0.04,0.32666666666666666,0,2628
7310,jev-1.13.0,0.7999999999999999,0.07333333333333333,0.12666666666666668,0,2614
7311,jev-1.13.0,0.91,0.0,0.09000000000000001,0,2623
7312,jev-1.13.0,1.0,0.0,0.0,0,2619
7313,jev-1.13.0,0.08,0.8266666666666667,0.09333333333333334,1,2630
7314,jev-1.13.0,1.0,0.0,0.0,0,2616
7315,jev-1.13.0,0.7033333333333335,0.03333333333333333,0.26333333333333336,0,2618
7316,jev-1.13.0,0.22999999999999998,0.02,0.75,2,2637
7317,jev-1.13.0,1.0,0.0,0.0,0,2617
7318,jev-1.13.0,0.016666666666666666,0.0,0.9833333333333334,2,2636
7319,jev-1.13.0,0.5133333333333333,0.023333333333333334,0.4633333333333334,0,2623
7320,jev-1.13.0,0.6166666666666667,0.01,0.37333333333333335,0,2622
7321,jev-1.13.0,0.9333333333333332,0.030000000000000002,0.036666666666666674,0,2614
7322,jev-1.13.0,0.2833333333333334,0.013333333333333334,0.7033333333333333,2,2635
7323,jev-1.13.0,0.04666666666666667,0.02,0.9333333333333332,2,2644
7324,jev-1.13.0,0.9233333333333333,0.0,0.07666666666666667,0,2632
7325,jev-1.13.0,0.39666666666666667,0.37000000000000005,0.2333333333333333,0,2620
7326,jev-1.13.0,0.17,0.0,0.8300000000000001,2,2618
7327,jev-1.13.0,0.77,0.006666666666666667,0.22333333333333336,0,2623
7328,jev-1.13.0,0.5633333333333334,0.04,0.39666666666666667,0,2619
7329,jev-1.13.0,0.7566666666666667,0.016666666666666666,0.22666666666666668,0,2659
7330,jev-1.13.0,0.98,0.0,0.02,0,2640
7331,jev-1.13.0,0.0,0.0,1.0,2,2663
7332,jev-1.13.0,0.9933333333333333,0.0,0.006666666666666667,0,2624
7333,jev-1.13.0,0.5066666666666667,0.07333333333333333,0.42,0,2630
7334,jev-1.13.0,0.9066666666666667,0.0,0.09333333333333334,0,2645
7335,jev-1.13.0,0.10666666666666667,0.0,0.8933333333333334,2,2686
7336,jev-1.13.0,0.07666666666666667,0.0,0.9233333333333333,2,2625
7337,jev-1.13.0,0.5433333333333333,0.10999999999999999,0.3466666666666667,0,2634
7338,jev-1.13.0,0.13333333333333333,0.0033333333333333335,0.8633333333333333,2,2631
7339,jev-1.13.0,0.4566666666666667,0.04,0.5033333333333333,2,2619
7340,jev-1.13.0,0.21333333333333335,0.006666666666666667,0.7799999999999999,2,2626
7341,jev-1.13.0,0.86,0.01,0.13,0,2630
7342,jev-1.13.0,0.6266666666666666,0.18333333333333335,0.19000000000000003,0,2631
7343,jev-1.13.0,0.6833333333333335,0.043333333333333335,0.2733333333333334,0,2631
7344,jev-1.13.0,0.9833333333333334,0.0,0.016666666666666666,0,2621
7345,jev-1.13.0,0.14333333333333334,0.0,0.8566666666666666,2,2647
7346,jev-1.13.0,1.0,0.0,0.0,0,2615
7347,jev-1.13.0,0.38000000000000006,0.04666666666666667,0.5733333333333333,2,2629
7348,jev-1.13.0,0.8866666666666667,0.11,0.0033333333333333335,0,2619
7349,jev-1.13.0,0.7399999999999999,0.013333333333333334,0.24666666666666667,0,2643
7350,jev-1.13.0,0.03333333333333333,0.0,0.9666666666666667,2,2640
7351,jev-1.13.0,0.6833333333333332,0.06666666666666667,0.25,0,2621
7352,jev-1.13.0,0.43333333333333335,0.01,0.5566666666666666,2,2626
7353,jev-1.13.0,0.023333333333333334,0.0,0.9766666666666666,2,2666
7354,jev-1.13.0,0.016666666666666666,0.5933333333333334,0.38999999999999996,1,2641
7355,jev-1.13.0,0.98,0.0,0.02,0,2629
7356,jev-1.13.0,0.006666666666666667,0.98,0.013333333333333334,1,2620
7357,jev-1.13.0,0.44333333333333336,0.02666666666666667,0.53,2,2623
7358,jev-1.13.0,0.9233333333333333,0.05000000000000001,0.02666666666666667,0,2617
7359,jev-1.13.0,0.7366666666666667,0.016666666666666666,0.24666666666666667,0,2622
7360,jev-1.13.0,0.6933333333333334,0.006666666666666667,0.3,0,2621
7361,jev-1.13.0,0.65,0.29666666666666663,0.05333333333333334,0,2622
7362,jev-1.13.0,0.56,0.0,0.43999999999999995,0,2626
7363,jev-1.13.0,0.02666666666666667,0.9733333333333333,0.0,1,2619
7364,jev-1.13.0,0.9,0.04666666666666667,0.05333333333333334,0,2620
7365,jev-1.13.0,0.19333333333333336,0.7466666666666666,0.06,1,2627
7366,jev-1.13.0,0.9033333333333333,0.04666666666666667,0.049999999999999996,0,2616
7367,jev-1.13.0,0.83,0.02,0.15,0,2636
7368,jev-1.13.0,0.0033333333333333335,0.0,0.9966666666666667,2,2657
7369,jev-1.13.0,0.01,0.87,0.12,1,2620
7370,jev-1.13.0,0.07,0.0,0.93,2,2695
7371,jev-1.13.0,0.056666666666666664,0.5733333333333334,0.36999999999999994,1,2697
7372,jev-1.13.0,0.12666666666666668,0.0,0.8733333333333334,2,2662
7373,jev-1.13.0,0.43,0.0,0.57,2,2697
7374,jev-1.13.0,0.0,0.0,1.0,2,2658
7375,jev-1.13.0,0.9766666666666666,0.01,0.013333333333333334,0,2624
7376,jev-1.13.0,0.02333333333333333,0.0,0.9766666666666666,2,2657
7377,jev-1.13.0,0.68,0.0,0.32,0,2700
7378,jev-1.13.0,0.0,0.0,1.0,2,2704
7379,jev-1.13.0,0.82,0.013333333333333334,0.16666666666666666,0,2632
7380,jev-1.13.0,0.82,0.013333333333333334,0.16666666666666666,0,2629
7381,jev-1.13.0,0.33666666666666667,0.66,0.0033333333333333335,1,2616
7382,jev-1.13.0,0.8833333333333333,0.10000000000000002,0.016666666666666666,0,2613
7383,jev-1.13.0,0.8333333333333334,0.01,0.15666666666666665,0,2615
7384,jev-1.13.0,0.03333333333333333,0.16666666666666666,0.7999999999999999,2,2653
7385,jev-1.13.0,1.0,0.0,0.0,0,2617
7386,jev-1.13.0,0.9333333333333332,0.0,0.06666666666666667,0,2744
7387,jev-1.13.0,0.51,0.21333333333333335,0.27666666666666667,0,2641
7388,jev-1.13.0,0.8366666666666666,0.0,0.16333333333333333,0,2624
7389,jev-1.13.0,0.8766666666666666,0.0033333333333333335,0.12,0,2647
7390,jev-1.13.0,0.04,0.006666666666666667,0.9533333333333333,2,2645
7391,jev-1.13.0,0.6233333333333334,0.0,0.37666666666666665,0,2777
7392,jev-1.13.0,0.6466666666666666,0.18666666666666668,0.16666666666666666,0,2633
7393,jev-1.13.0,0.57,0.11,0.32,0,2636
7394,jev-1.13.0,0.030000000000000002,0.0033333333333333335,0.9666666666666667,2,2650
7395,jev-1.13.0,0.09333333333333334,0.0,0.9066666666666667,2,2658
7396,jev-1.13.0,0.0,0.0,1.0,2,2673
7397,jev-1.13.0,0.05666666666666667,0.0,0.9433333333333334,2,2633
7398,jev-1.13.0,0.20666666666666667,0.0,0.7933333333333333,2,2693
7399,jev-1.13.0,0.96,0.0,0.04,0,2626
7400,jev-1.13.0,0.2833333333333333,0.02333333333333333,0.6933333333333334,2,2647
7401,jev-1.13.0,0.6333333333333333,0.0,0.3666666666666667,0,2632
7402,jev-1.13.0,0.0033333333333333335,0.0,0.9966666666666667,2,2711
7403,jev-1.13.0,0.6233333333333334,0.04,0.33666666666666667,0,2631
7404,jev-1.13.0,0.0,0.0,1.0,2,2641
7405,jev-1.13.0,0.47000000000000003,0.0033333333333333335,0.5266666666666667,2,2626
7406,jev-1.13.0,0.7866666666666667,0.04666666666666666,0.16333333333333333,0,2621
7407,jev-1.13.0,0.006666666666666667,0.0,0.9933333333333333,2,2639
7408,jev-1.13.0,0.12333333333333334,0.08,0.7966666666666667,2,2622
7409,jev-1.13.0,0.8866666666666667,0.05333333333333334,0.06,0,2619
7410,jev-1.13.0,0.9833333333333334,0.0,0.016666666666666666,0,2617
7411,jev-1.13.0,0.4766666666666666,0.35333333333333333,0.17,0,2624
7412,jev-1.13.0,0.016666666666666666,0.006666666666666667,0.9766666666666666,2,2778
7413,jev-1.13.0,0.15666666666666665,0.0,0.8433333333333333,2,2632
7414,jev-1.13.0,0.11,0.0,0.89,2,2643
7415,jev-1.13.0,0.10666666666666667,0.0,0.8933333333333334,2,2644
7416,jev-1.13.0,0.0,0.0,1.0,2,2623
7417,jev-1.13.0,0.24333333333333332,0.006666666666666667,0.75,2,2729
7418,jev-1.13.0,0.9733333333333333,0.02666666666666667,0.0,0,2616
7419,jev-1.13.0,0.3933333333333333,0.18000000000000002,0.4266666666666667,2,2620
7420,jev-1.13.0,0.9133333333333334,0.0,0.08666666666666667,0,2684
7421,jev-1.13.0,0.19999999999999998,0.48,0.32,1,2632
7422,jev-1.13.0,0.9233333333333333,0.0033333333333333335,0.07333333333333333,0,2618
7423,jev-1.13.0,0.09000000000000001,0.0,0.91,2,2627
7424,jev-1.13.0,0.9966666666666667,0.0,0.0033333333333333335,0,2630
7425,jev-1.13.0,0.04,0.9533333333333333,0.006666666666666667,1,2618
7426,jev-1.13.0,0.4266666666666667,0.006666666666666667,0.5666666666666668,2,2661
7427,jev-1.13.0,0.12,0.0,0.88,2,2650
7428,jev-1.13.0,0.25333333333333335,0.7466666666666667,0.0,1,2630
7429,jev-1.13.0,0.79,0.0,0.21,0,2720
7430,jev-1.13.0,0.68,0.016666666666666666,0.30333333333333334,0,2685
7431,jev-1.13.0,0.0,0.0,1.0,2,2629
7432,jev-1.13.0,0.2966666666666667,0.5766666666666667,0.12666666666666668,1,2625
7433,jev-1.13.0,0.0033333333333333335,0.9766666666666666,0.02,1,2650
7434,jev-1.13.0,0.32,0.64,0.04,1,2627
7435,jev-1.13.0,0.71,0.04,0.25,0,2630
7436,jev-1.13.0,0.7466666666666667,0.06666666666666667,0.18666666666666668,0,2622
7437,jev-1.13.0,0.0,0.0,1.0,2,2614
7438,jev-1.13.0,0.9633333333333333,0.0,0.036666666666666674,0,2686
7439,jev-1.13.0,0.8333333333333334,0.006666666666666667,0.16,0,2626
7440,jev-1.13.0,0.9666666666666667,0.01,0.023333333333333334,0,2619
7441,jev-1.13.0,0.006666666666666667,0.0,0.9933333333333333,2,2971
7442,jev-1.13.0,0.013333333333333334,0.0,0.9866666666666667,2,2674
7443,jev-1.13.0,0.3433333333333333,0.06333333333333334,0.5933333333333334,2,2619
7444,jev-1.13.0,0.16,0.7833333333333333,0.05666666666666667,1,2635
7445,jev-1.13.0,0.6833333333333335,0.023333333333333334,0.2933333333333334,0,2643
7446,jev-1.13.0,0.18000000000000002,0.03,0.79,2,2657
7447,jev-1.13.0,1.0,0.0,0.0,0,2979
7448,jev-1.13.0,0.2833333333333334,0.043333333333333335,0.6733333333333333,2,2619
7449,jev-1.13.0,0.27999999999999997,0.66,0.06,1,2619
7450,jev-1.13.0,0.29666666666666663,0.013333333333333334,0.69,2,2634
7451,jev-1.13.0,0.9166666666666666,0.0,0.08333333333333333,0,2652
7452,jev-1.13.0,0.33,0.0,0.67,2,2677
7453,jev-1.13.0,0.26333333333333336,0.01,0.7266666666666666,2,2661
7454,jev-1.13.0,0.0,0.0,1.0,2,2748
7455,jev-1.13.0,0.6633333333333334,0.016666666666666666,0.32,0,2624
7456,jev-1.13.0,0.5933333333333334,0.006666666666666667,0.4000000000000001,0,2623
7457,jev-1.13.0,0.89,0.08,0.03,0,2614
7458,jev-1.13.0,0.9966666666666667,0.0,0.0033333333333333335,0,2624
7459,jev-1.13.0,0.20000000000000004,0.056666666666666664,0.7433333333333335,2,2631
7460,jev-1.13.0,0.5066666666666667,0.01,0.48333333333333334,0,2626
7461,jev-1.13.0,0.26333333333333336,0.03333333333333333,0.7033333333333335,2,2633
7462,jev-1.13.0,1.0,0.0,0.0,0,2615
7463,jev-1.13.0,0.7566666666666667,0.19666666666666668,0.04666666666666667,0,2613
7464,jev-1.13.0,0.6833333333333332,0.0,0.31666666666666665,0,2778
7465,jev-1.13.0,0.9033333333333333,0.0,0.09666666666666668,0,2649
7466,jev-1.13.0,0.013333333333333334,0.9366666666666666,0.05000000000000001,1,2619
7467,jev-1.13.0,0.07333333333333333,0.9199999999999999,0.006666666666666667,1,2656
7468,jev-1.13.0,0.10333333333333333,0.0,0.8966666666666666,2,2647
7469,jev-1.13.0,0.06333333333333334,0.59,0.3466666666666667,1,2658
7470,jev-1.13.0,0.016666666666666666,0.0,0.9833333333333334,2,2660
7471,jev-1.13.0,0.8999999999999999,0.02666666666666667,0.07333333333333333,0,2628
7472,jev-1.13.0,0.2333333333333333,0.01,0.7566666666666667,2,2677
7473,jev-1.13.0,0.35333333333333333,0.01,0.6366666666666667,2,2629
7474,jev-1.13.0,0.11,0.02333333333333333,0.8666666666666667,2,2642
7475,jev-1.13.0,0.20000000000000004,0.0033333333333333335,0.7966666666666667,2,2640
7476,jev-1.13.0,1.0,0.0,0.0,0,2632
7477,jev-1.13.0,0.8133333333333335,0.0,0.18666666666666668,0,2637
7478,jev-1.13.0,0.9500000000000001,0.0033333333333333335,0.043333333333333335,0,2642
7479,jev-1.13.0,0.6066666666666666,0.0033333333333333335,0.38999999999999996,0,2622
7480,jev-1.13.0,0.9233333333333333,0.03666666666666667,0.04,0,2622
7481,jev-1.13.0,0.01,0.0,0.9899999999999999,2,2643
7482,jev-1.13.0,0.65,0.0,0.3499999999999999,0,2704
7483,jev-1.13.0,0.19000000000000003,0.0,0.81,2,2631
7484,jev-1.13.0,0.8833333333333333,0.013333333333333334,0.10333333333333333,0,2623
7485,jev-1.13.0,0.9933333333333333,0.0,0.006666666666666667,0,2621
7486,jev-1.13.0,0.09999999999999999,0.013333333333333334,0.8866666666666667,2,2652
7487,jev-1.13.0,0.08,0.03333333333333333,0.8866666666666667,2,2617
7488,jev-1.13.0,0.23666666666666666,0.07666666666666666,0.6866666666666665,2,2622
7489,jev-1.13.0,0.5966666666666667,0.10333333333333333,0.3,0,2636
7490,jev-1.13.0,0.09000000000000001,0.0,0.91,2,2624
7491,jev-1.13.0,0.27,0.0,0.73,2,2632
7492,jev-1.13.0,0.9733333333333333,0.01,0.016666666666666666,0,2616
7493,jev-1.13.0,0.8533333333333334,0.07,0.07666666666666667,0,2619
7494,jev-1.13.0,0.75,0.0,0.25,0,2625
7495,jev-1.13.0,0.19000000000000003,0.0,0.8099999999999999,2,2728
7496,jev-1.13.0,0.28,0.0,0.7200000000000001,2,2650
7497,jev-1.13.0,0.01,0.0,0.9899999999999999,2,2821
7498,jev-1.13.0,0.5766666666666667,0.0,0.42333333333333334,0,2727
7499,jev-1.13.0,0.98,0.013333333333333334,0.006666666666666667,0,2622
7500,jev-1.13.0,0.08,0.0,0.92,2,2672
7501,jev-1.13.0,0.1366666666666667,0.013333333333333334,0.85,2,2646
7502,jev-1.13.0,0.4266666666666667,0.03666666666666667,0.5366666666666666,2,2621
7503,jev-1.13.0,0.56,0.02,0.42,0,2644
7504,jev-1.13.0,0.6866666666666665,0.05333333333333334,0.26,0,2637
7505,jev-1.13.0,0.7433333333333333,0.0,0.25666666666666665,0,2649
7506,jev-1.13.0,0.24,0.0,0.7600000000000001,2,2633
7507,jev-1.13.0,0.02,0.0,0.98,2,2660
7508,jev-1.13.0,0.03666666666666667,0.9366666666666666,0.02666666666666667,1,2629
7509,jev-1.13.0,0.9833333333333334,0.0,0.016666666666666666,0,2641
7510,jev-1.13.0,0.26333333333333336,0.02666666666666667,0.71,2,2631
7511,jev-1.13.0,0.07,0.0,0.93,2,2804
7512,jev-1.13.0,0.4166666666666667,0.0033333333333333335,0.58,2,2637
7513,jev-1.13.0,0.04666666666666667,0.4666666666666666,0.48666666666666664,2,2689
7514,jev-1.13.0,0.81,0.19000000000000003,0.0,0,2842
7515,jev-1.13.0,0.02,0.0,0.98,2,2655
7516,jev-1.13.0,0.71,0.0,0.29000000000000004,0,2656
7517,jev-1.13.0,0.013333333333333334,0.0,0.9866666666666667,2,2618
7518,jev-1.13.0,0.44333333333333336,0.4366666666666667,0.12000000000000001,0,2619
7519,jev-1.13.0,0.5233333333333333,0.13333333333333333,0.3433333333333333,0,2614
7520,jev-1.13.0,0.6066666666666666,0.0033333333333333335,0.38999999999999996,0,2632
7521,jev-1.13.0,0.6033333333333334,0.34,0.05666666666666667,0,2636
7522,jev-1.13.0,0.5633333333333334,0.08333333333333333,0.35333333333333333,0,2624
7523,jev-1.13.0,0.06333333333333334,0.0,0.9366666666666666,2,2646
7524,jev-1.13.0,0.0033333333333333335,0.0,0.9966666666666667,2,2644
7525,jev-1.13.0,0.9933333333333333,0.0,0.006666666666666667,0,2642
7526,jev-1.13.0,1.0,0.0,0.0,0,2649
7527,jev-1.13.0,0.6366666666666667,0.0033333333333333335,0.36000000000000004,0,2636
7528,jev-1.13.0,0.89,0.013333333333333334,0.09666666666666666,0,2628
7529,jev-1.13.0,0.7666666666666666,0.23333333333333336,0.0,0,2618
7530,jev-1.13.0,0.8233333333333333,0.05333333333333334,0.12,0,2619
7531,jev-1.13.0,0.31,0.04666666666666667,0.6433333333333334,2,2621
7532,jev-1.13.0,1.0,0.0,0.0,0,2652
7533,jev-1.13.0,0.3866666666666667,0.6133333333333334,0.0,1,2630
7534,jev-1.13.0,0.23,0.32,0.45,2,2699
7535,jev-1.13.0,0.11666666666666665,0.03333333333333333,0.85,2,2683
7536,jev-1.13.0,0.02666666666666667,0.0,0.9733333333333333,2,2681
7537,jev-1.13.0,0.04,0.03666666666666667,0.9233333333333333,2,2686
7538,jev-1.13.0,0.31666666666666665,0.17,0.5133333333333333,2,2623
7539,jev-1.13.0,0.8866666666666667,0.02666666666666667,0.08666666666666667,0,2623
7540,jev-1.13.0,0.75,0.006666666666666667,0.24333333333333332,0,2655
7541,jev-1.13.0,0.23666666666666666,0.0033333333333333335,0.7600000000000001,2,2653
7542,jev-1.13.0,0.6666666666666666,0.06333333333333334,0.27,0,2624
7543,jev-1.13.0,0.38333333333333336,0.09000000000000001,0.5266666666666667,2,2645
7544,jev-1.13.0,0.0,0.0,1.0,2,2633
7545,jev-1.13.0,0.25,0.0033333333333333335,0.7466666666666667,2,2638
7546,jev-1.13.0,0.0,0.0,1.0,2,2649
7547,jev-1.13.0,0.7066666666666667,0.0,0.29333333333333333,0,2637
7548,jev-1.13.0,0.3499999999999999,0.01,0.64,2,2621
7549,jev-1.13.0,0.58,0.01,0.41,0,2690
7550,jev-1.13.0,0.8133333333333334,0.0,0.18666666666666668,0,2619
7551,jev-1.13.0,0.32,0.63,0.049999999999999996,1,2639
7552,jev-1.13.0,0.01,0.0,0.9899999999999999,2,2660
7553,jev-1.13.0,0.9899999999999999,0.0,0.01,0,2629
7554,jev-1.13.0,0.31666666666666665,0.20666666666666667,0.47666666666666674,2,2640
7555,jev-1.13.0,1.0,0.0,0.0,0,2614
7556,jev-1.13.0,0.82,0.13,0.05000000000000001,0,2619
7557,jev-1.13.0,0.94,0.0,0.060000000000000005,0,2833
7558,jev-1.13.0,0.7333333333333334,0.12,0.14666666666666667,0,2657
7559,jev-1.13.0,0.6266666666666666,0.01,0.3633333333333333,0,2623
7560,jev-1.13.0,0.04666666666666667,0.0033333333333333335,0.9499999999999998,2,2633
7561,jev-1.13.0,0.01,0.9899999999999999,0.0,1,2646
7562,jev-1.13.0,0.0,1.0,0.0,1,2621
7563,jev-1.13.0,1.0,0.0,0.0,0,2617
7564,jev-1.13.0,0.5499999999999999,0.013333333333333334,0.4366666666666667,0,2630
7565,jev-1.13.0,0.7666666666666666,0.05333333333333334,0.18000000000000002,0,2629
7566,jev-1.13.0,0.9899999999999999,0.0,0.01,0,2616
7567,jev-1.13.0,0.8133333333333334,0.07666666666666666,0.11,0,2619
7568,jev-1.13.0,0.0033333333333333335,0.0,0.9966666666666667,2,2640
7569,jev-1.13.0,0.3133333333333333,0.15666666666666665,0.5299999999999999,2,2621
7570,jev-1.13.0,0.030000000000000002,0.006666666666666667,0.9633333333333333,2,2676
7571,jev-1.13.0,0.27,0.0033333333333333335,0.7266666666666666,2,2652
7572,jev-1.13.0,0.5266666666666667,0.08666666666666667,0.38666666666666666,0,2628
7573,jev-1.13.0,0.01,0.0,0.9899999999999999,2,2710
7574,jev-1.13.0,0.08,0.92,0.0,1,2647
7575,jev-1.13.0,0.9966666666666667,0.0,0.0033333333333333335,0,2622
7576,jev-1.13.0,0.5399999999999999,0.006666666666666667,0.45333333333333337,0,2624
7577,jev-1.13.0,0.4766666666666666,0.11333333333333334,0.41,0,2629
7578,jev-1.13.0,0.7200000000000001,0.02666666666666667,0.25333333333333335,0,2625
7579,jev-1.13.0,0.5033333333333333,0.01,0.48666666666666664,0,2617
7580,jev-1.13.0,0.6833333333333335,0.016666666666666666,0.3,0,2632
7581,jev-1.13.0,0.39666666666666667,0.01,0.5933333333333334,2,2627
7582,jev-1.13.0,0.5033333333333333,0.006666666666666667,0.49,0,2638
7583,jev-1.13.0,0.4466666666666667,0.02,0.5333333333333333,2,2639
7584,jev-1.13.0,0.06666666666666667,0.17,0.7633333333333333,2,2637
7585,jev-1.13.0,0.0,1.0,0.0,1,2637
7586,jev-1.13.0,0.5466666666666666,0.12666666666666668,0.32666666666666666,0,2627
7587,jev-1.13.0,0.030000000000000002,0.0,0.9700000000000001,2,2622
7588,jev-1.13.0,0.9133333333333332,0.016666666666666666,0.07,0,2618
7589,jev-1.13.0,0.5499999999999999,0.02666666666666667,0.42333333333333334,0,2640
7590,jev-1.13.0,0.8366666666666666,0.01,0.15333333333333335,0,2631
7591,jev-1.13.0,0.53,0.0,0.47,0,2684
7592,jev-1.13.0,0.05666666666666667,0.006666666666666667,0.9366666666666666,2,2628
7593,jev-1.13.0,0.8333333333333334,0.0033333333333333335,0.16333333333333333,0,2617
7594,jev-1.13.0,0.9866666666666667,0.013333333333333334,0.0,0,2619
7595,jev-1.13.0,0.6133333333333334,0.006666666666666667,0.38000000000000006,0,2623
7596,jev-1.13.0,1.0,0.0,0.0,0,2656
7597,jev-1.13.0,0.49333333333333335,0.03666666666666667,0.47000000000000003,0,2627
7598,jev-1.13.0,0.6533333333333333,0.12,0.22666666666666666,0,2638
7599,jev-1.13.0,0.5,0.05666666666666667,0.44333333333333336,0,2659
7600,jev-1.13.0,0.27,0.7200000000000001,0.01,1,2634
7601,jev-1.13.0,1.0,0.0,0.0,0,2616
7602,jev-1.13.0,1.0,0.0,0.0,0,2613
7603,jev-1.13.0,0.37666666666666665,0.62,0.0033333333333333335,1,2624
7604,jev-1.13.0,0.5633333333333334,0.27999999999999997,0.15666666666666665,0,2623
7605,jev-1.13.0,0.9466666666666667,0.03333333333333333,0.02,0,2625
7606,jev-1.13.0,0.9499999999999998,0.0033333333333333335,0.04666666666666667,0,2623
7607,jev-1.13.0,0.8866666666666667,0.05000000000000001,0.06333333333333334,0,2624
7608,jev-1.13.0,0.7866666666666666,0.02666666666666667,0.18666666666666668,0,2623
7609,jev-1.13.0,0.023333333333333334,0.31666666666666665,0.66,2,2644
7610,jev-1.13.0,0.15666666666666665,0.16,0.6833333333333332,2,2642
7611,jev-1.13.0,0.6166666666666667,0.04,0.34,0,2628
7612,jev-1.13.0,0.29,0.02,0.69,2,2635
7613,jev-1.13.0,0.15333333333333332,0.6733333333333333,0.17333333333333334,1,2625
7614,jev-1.13.0,0.7866666666666667,0.06,0.15333333333333335,0,2635
7615,jev-1.13.0,0.19333333333333336,0.02,0.7866666666666666,2,2636
7616,jev-1.13.0,0.22999999999999998,0.3766666666666667,0.3933333333333333,2,2625
7617,jev-1.13.0,0.24,0.10666666666666667,0.6533333333333333,2,2621
7618,jev-1.13.0,0.37999999999999995,0.01,0.61,2,2638
7619,jev-1.13.0,0.23666666666666666,0.04666666666666667,0.7166666666666667,2,2620
7620,jev-1.13.0,0.9266666666666667,0.06,0.013333333333333334,0,2635
7621,jev-1.13.0,0.8300000000000001,0.01,0.16,0,2622
7622,jev-1.13.0,0.01,0.0,0.9899999999999999,2,2719
7623,jev-1.13.0,0.7766666666666667,0.006666666666666667,0.21666666666666667,0,2614
7624,jev-1.13.0,0.84,0.09333333333333334,0.06666666666666667,0,2622
7625,jev-1.13.0,0.03666666666666667,0.0,0.9633333333333333,2,2646
7626,jev-1.13.0,0.0,0.0,1.0,2,2617
7627,jev-1.13.0,0.63,0.20666666666666667,0.16333333333333333,0,2627
7628,jev-1.13.0,0.4266666666666667,0.0,0.5733333333333334,2,2653
7629,jev-1.13.0,0.9233333333333333,0.053333333333333344,0.023333333333333334,0,2613
7630,jev-1.13.0,1.0,0.0,0.0,0,2618
7631,jev-1.13.0,0.5933333333333334,0.016666666666666666,0.38999999999999996,0,2626
7632,jev-1.13.0,0.7833333333333332,0.04,0.17666666666666667,0,2621
7633,jev-1.13.0,0.8666666666666667,0.02333333333333333,0.11,0,2619
7634,jev-1.13.0,0.049999999999999996,0.0,0.9499999999999998,2,2667
7635,jev-1.13.0,0.04666666666666667,0.0033333333333333335,0.9500000000000001,2,2618
7636,jev-1.13.0,0.6066666666666666,0.0,0.39333333333333337,0,2641
7637,jev-1.13.0,0.06333333333333334,0.48,0.4566666666666667,1,2645
7638,jev-1.13.0,0.44,0.01,0.55,2,2687
7639,jev-1.13.0,0.4366666666666667,0.023333333333333334,0.54,2,2624
7640,jev-1.13.0,0.0,0.0,1.0,2,2617
7641,jev-1.13.0,0.49666666666666676,0.03666666666666667,0.4666666666666666,0,2632
7642,jev-1.13.0,0.88,0.0,0.12,0,2627
7643,jev-1.13.0,0.03333333333333333,0.0,0.9666666666666667,2,2653
7644,jev-1.13.0,0.38666666666666666,0.14666666666666667,0.4666666666666666,2,2633
7645,jev-1.13.0,1.0,0.0,0.0,0,2664
7646,jev-1.13.0,0.5733333333333333,0.0,0.4266666666666667,0,2644
7647,jev-1.13.0,0.6533333333333333,0.049999999999999996,0.29666666666666663,0,2635
7648,jev-1.13.0,0.35333333333333333,0.013333333333333334,0.6333333333333333,2,2635
7649,jev-1.13.0,0.0,0.006666666666666667,0.9933333333333333,2,2627
7650,jev-1.13.0,0.0,0.0,1.0,2,2764
7651,jev-1.13.0,0.8766666666666666,0.053333333333333344,0.06999999999999999,0,2620
7652,jev-1.13.0,0.5,0.02,0.48,0,2617
7653,jev-1.13.0,0.11666666666666665,0.0,0.8833333333333333,2,2665
7654,jev-1.13.0,0.81,0.03333333333333333,0.15666666666666668,0,2631
7655,jev-1.13.0,0.66,0.03666666666666667,0.3033333333333334,0,2639
7656,jev-1.13.0,0.01,0.0,0.9899999999999999,2,2673
7657,jev-1.13.0,0.5533333333333333,0.03333333333333333,0.41333333333333333,0,2645
7658,jev-1.13.0,0.38999999999999996,0.0033333333333333335,0.6066666666666666,2,2663
7659,jev-1.13.0,0.5966666666666667,0.08333333333333333,0.32,0,2630
7660,jev-1.13.0,0.8733333333333334,0.006666666666666667,0.12,0,2641
7661,jev-1.13.0,0.6366666666666667,0.18666666666666668,0.17666666666666667,0,2629
7662,jev-1.13.0,0.0,1.0,0.0,1,2633
7663,jev-1.13.0,0.01,0.006666666666666667,0.9833333333333334,2,2671
7664,jev-1.13.0,0.6133333333333333,0.02,0.3666666666666667,0,2627
7665,jev-1.13.0,0.04,0.0033333333333333335,0.9566666666666667,2,2636
7666,jev-1.13.0,0.38999999999999996,0.0033333333333333335,0.6066666666666666,2,2620
7667,jev-1.13.0,0.8433333333333333,0.06666666666666667,0.09000000000000001,0,2617
7668,jev-1.13.0,0.006666666666666667,0.0,0.9933333333333333,2,2620
7669,jev-1.13.0,0.5599999999999999,0.13333333333333333,0.30666666666666664,0,2626
7670,jev-1.13.0,0.9199999999999999,0.02,0.06,0,2627
7671,jev-1.13.0,0.19666666666666666,0.15,0.6533333333333333,2,2638
7672,jev-1.13.0,0.36999999999999994,0.030000000000000002,0.6,2,2636
7673,jev-1.13.0,0.24333333333333332,0.0,0.7566666666666667,2,2667
7674,jev-1.13.0,0.7566666666666667,0.04,0.20333333333333334,0,2626
7675,jev-1.13.0,0.9,0.049999999999999996,0.05000000000000001,0,2616
7676,jev-1.13.0,0.19333333333333333,0.24333333333333332,0.5633333333333334,2,2642
7677,jev-1.13.0,0.13999999999999999,0.35333333333333333,0.5066666666666667,2,2636
7678,jev-1.13.0,0.2733333333333334,0.0,0.7266666666666666,2,2667
7679,jev-1.13.0,0.9766666666666666,0.01,0.013333333333333334,0,2633
7680,jev-1.13.0,0.44,0.0,0.56,2,2653
7681,jev-1.13.0,0.6166666666666667,0.030000000000000002,0.35333333333333333,0,2667
7682,jev-1.13.0,0.53,0.05000000000000001,0.4200000000000001,0,2626
7683,jev-1.13.0,0.47000000000000003,0.0,0.5299999999999999,2,2759
7684,jev-1.13.0,0.6333333333333333,0.24333333333333332,0.12333333333333334,0,2618
7685,jev-1.13.0,0.02,0.006666666666666667,0.9733333333333333,2,2651
7686,jev-1.13.0,0.35333333333333333,0.006666666666666667,0.64,2,2642
7687,jev-1.13.0,0.0,0.0,1.0,2,2656
7688,jev-1.13.0,0.5633333333333334,0.0,0.4366666666666667,0,2704
7689,jev-1.13.0,0.2933333333333334,0.016666666666666666,0.69,2,2628
7690,jev-1.13.0,0.09666666666666666,0.09333333333333334,0.8099999999999999,2,2631
7691,jev-1.13.0,0.9566666666666667,0.03333333333333333,0.01,0,2620
7692,jev-1.13.0,0.0,0.0,1.0,2,2708
7693,jev-1.13.0,0.14333333333333334,0.0,0.8566666666666666,2,2635
7694,jev-1.13.0,0.02,0.02,0.96,2,2704
7695,jev-1.13.0,0.6933333333333334,0.30000000000000004,0.006666666666666667,0,2657
7696,jev-1.13.0,0.013333333333333334,0.0,0.9866666666666667,2,2637
7697,jev-1.13.0,0.0,0.0,1.0,2,2746
7698,jev-1.13.0,0.08666666666666667,0.013333333333333334,0.9,2,2623
7699,jev-1.13.0,0.8433333333333334,0.08333333333333333,0.07333333333333333,0,2627
7700,jev-1.13.0,0.6566666666666666,0.0033333333333333335,0.34,0,2624
7701,jev-1.13.0,0.4666666666666666,0.02,0.5133333333333333,2,2621
7702,jev-1.13.0,0.9033333333333333,0.043333333333333335,0.05333333333333334,0,2635
7703,jev-1.13.0,0.33666666666666667,0.0,0.6633333333333332,2,2653
7704,jev-1.13.0,0.4666666666666666,0.013333333333333334,0.52,2,2625
7705,jev-1.13.0,0.47333333333333333,0.0,0.5266666666666667,2,2640
7706,jev-1.13.0,0.31000000000000005,0.0,0.69,2,2641
7707,jev-1.13.0,0.7566666666666667,0.0033333333333333335,0.24,0,2626
7708,jev-1.13.0,0.8333333333333334,0.05666666666666667,0.11,0,2629
7709,jev-1.13.0,0.21666666666666665,0.6466666666666666,0.13666666666666666,1,2665
7710,jev-1.13.0,0.09333333333333334,0.0033333333333333335,0.9033333333333333,2,2641
7711,jev-1.13.0,0.9866666666666667,0.0,0.013333333333333334,0,2663
7712,jev-1.13.0,0.29333333333333333,0.0033333333333333335,0.7033333333333335,2,2635
7713,jev-1.13.0,0.26666666666666666,0.0,0.7333333333333334,2,2635
7714,jev-1.13.0,0.5966666666666667,0.09000000000000001,0.3133333333333333,0,2624
7715,jev-1.13.0,0.056666666666666664,0.9433333333333334,0.0,1,2615
7716,jev-1.13.0,0.7033333333333335,0.03,0.26666666666666666,0,2639
7717,jev-1.13.0,0.0,0.9899999999999999,0.01,1,2664
7718,jev-1.13.0,0.20666666666666667,0.01,0.7833333333333333,2,2658
7719,jev-1.13.0,0.5833333333333334,0.09000000000000001,0.32666666666666666,0,2647
7720,jev-1.13.0,0.3433333333333333,0.21666666666666667,0.44,2,2630
7721,jev-1.13.0,0.006666666666666667,0.0,0.9933333333333333,2,2647
7722,jev-1.13.0,0.7999999999999999,0.08,0.12,0,2635
7723,jev-1.13.0,0.54,0.0,0.45999999999999996,0,2674
7724,jev-1.13.0,0.5433333333333333,0.07666666666666667,0.37999999999999995,0,2641
7725,jev-1.13.0,0.57,0.26333333333333336,0.16666666666666666,0,2640
7726,jev-1.13.0,0.1466666666666667,0.0033333333333333335,0.85,2,2625
7727,jev-1.13.0,0.8866666666666667,0.030000000000000002,0.08333333333333333,0,2630
7728,jev-1.13.0,0.9700000000000001,0.0,0.03,0,2634
7729,jev-1.13.0,0.9666666666666667,0.013333333333333334,0.02,0,2629
7730,jev-1.13.0,0.6366666666666667,0.043333333333333335,0.32,0,2624
7731,jev-1.13.0,0.3066666666666667,0.030000000000000002,0.6633333333333333,2,2639
7732,jev-1.13.0,0.7999999999999999,0.0,0.19999999999999998,0,2628
7733,jev-1.13.0,0.8266666666666667,0.043333333333333335,0.13,0,2635
7734,jev-1.13.0,0.09000000000000001,0.0,0.91,2,2625
7735,jev-1.13.0,0.6900000000000001,0.02,0.29,0,2629
7736,jev-1.13.0,0.68,0.04,0.28,0,2629
7737,jev-1.13.0,0.8633333333333333,0.01,0.12666666666666668,0,2638
7738,jev-1.13.0,0.4666666666666666,0.23666666666666666,0.2966666666666667,0,2633
7739,jev-1.13.0,0.31666666666666665,0.11,0.5733333333333334,2,2632
7740,jev-1.13.0,0.5866666666666666,0.10666666666666667,0.3066666666666667,0,2617
7741,jev-1.13.0,0.3333333333333333,0.16333333333333333,0.5,2,2640
7742,jev-1.13.0,0.45,0.19666666666666666,0.35333333333333333,0,2622
7743,jev-1.13.0,0.8633333333333333,0.06333333333333334,0.07333333333333333,0,2618
7744,jev-1.13.0,0.15333333333333335,0.0,0.8466666666666667,2,2615
7745,jev-1.13.0,0.6866666666666666,0.2866666666666667,0.02666666666666667,0,2631
7746,jev-1.13.0,0.9199999999999999,0.013333333333333334,0.06666666666666667,0,2622
7747,jev-1.13.0,0.15333333333333335,0.0033333333333333335,0.8433333333333333,2,2628
7748,jev-1.13.0,0.88,0.05666666666666667,0.06333333333333334,0,2626
7749,jev-1.13.0,0.0,0.0,1.0,2,2618
7750,jev-1.13.0,0.08333333333333333,0.09333333333333334,0.8233333333333334,2,2626
7751,jev-1.13.0,0.9833333333333334,0.0,0.016666666666666666,0,2645
7752,jev-1.13.0,0.7200000000000001,0.03333333333333333,0.24666666666666667,0,2642
7753,jev-1.13.0,0.10666666666666667,0.7266666666666666,0.16666666666666666,1,2648
7754,jev-1.13.0,0.9666666666666667,0.006666666666666667,0.02666666666666667,0,2622
7755,jev-1.13.0,0.2333333333333333,0.013333333333333334,0.7533333333333333,2,2637
7756,jev-1.13.0,0.19666666666666666,0.016666666666666666,0.7866666666666666,2,2629
7757,jev-1.13.0,0.25333333333333335,0.006666666666666667,0.7399999999999999,2,2628
7758,jev-1.13.0,0.7466666666666667,0.0033333333333333335,0.25,0,2628
7759,jev-1.13.0,0.6,0.16,0.24,0,2615
7760,jev-1.13.0,0.06666666666666667,0.0,0.9333333333333332,2,2618
7761,jev-1.13.0,0.6133333333333334,0.02,0.3666666666666667,0,2622
7762,jev-1.13.0,0.48,0.0,0.5199999999999999,2,2717
7763,jev-1.13.0,0.86,0.02,0.12,0,2623
7764,jev-1.13.0,0.6833333333333332,0.05666666666666667,0.26,0,2628
7765,jev-1.13.0,0.013333333333333334,0.016666666666666666,0.9700000000000001,2,2673
7766,jev-1.13.0,0.63,0.0,0.36999999999999994,0,2646
7767,jev-1.13.0,0.6466666666666666,0.0033333333333333335,0.35000000000000003,0,2631
7768,jev-1.13.0,0.16,0.0,0.84,2,2647
7769,jev-1.13.0,0.9899999999999999,0.0,0.01,0,2630
7770,jev-1.13.0,0.3433333333333333,0.013333333333333334,0.6433333333333332,2,2635
7771,jev-1.13.0,0.09000000000000001,0.0,0.91,2,2675
7772,jev-1.13.0,0.68,0.006666666666666667,0.31333333333333335,0,2632
7773,jev-1.13.0,0.3033333333333333,0.0033333333333333335,0.6933333333333334,2,2638
7774,jev-1.13.0,0.19666666666666668,0.05000000000000001,0.7533333333333333,2,2647
7775,jev-1.13.0,0.22666666666666668,0.049999999999999996,0.7233333333333333,2,2629
7776,jev-1.13.0,0.10000000000000002,0.04,0.86,2,2657
7777,jev-1.13.0,0.03,0.0,0.9700000000000001,2,2638
7778,jev-1.13.0,0.83,0.09000000000000001,0.08,0,2616
7779,jev-1.13.0,0.6433333333333334,0.04666666666666666,0.31,0,2624
7780,jev-1.13.0,0.87,0.043333333333333335,0.08666666666666667,0,2633
7781,jev-1.13.0,0.4566666666666667,0.37333333333333335,0.17,0,2616
7782,jev-1.13.0,0.15666666666666665,0.5499999999999999,0.2933333333333334,1,2627
7783,jev-1.13.0,0.8766666666666666,0.036666666666666674,0.08666666666666667,0,2618
7784,jev-1.13.0,0.98,0.0,0.02,0,2630
7785,jev-1.13.0,0.15,0.013333333333333334,0.8366666666666668,2,2633
7786,jev-1.13.0,0.18333333333333335,0.04,0.7766666666666667,2,2622
7787,jev-1.13.0,0.9033333333333333,0.05333333333333334,0.043333333333333335,0,2647
7788,jev-1.13.0,0.7166666666666668,0.013333333333333334,0.27,0,2630
7789,jev-1.13.0,0.32666666666666666,0.01,0.6633333333333332,2,2614
7790,jev-1.13.0,0.013333333333333334,0.9866666666666667,0.0,1,2618
7791,jev-1.13.0,0.6533333333333333,0.07,0.27666666666666667,0,2614
7792,jev-1.13.0,0.09000000000000001,0.006666666666666667,0.9033333333333333,2,2619
7793,jev-1.13.0,0.9333333333333332,0.0,0.06666666666666667,0,2630
7794,jev-1.13.0,0.88,0.016666666666666666,0.10333333333333333,0,2644
7795,jev-1.13.0,0.4566666666666667,0.5066666666666667,0.036666666666666674,1,2629
7796,jev-1.13.0,0.11666666666666668,0.8766666666666666,0.006666666666666667,1,2628
7797,jev-1.13.0,0.65,0.0,0.3499999999999999,0,2648
7798,jev-1.13.0,0.3233333333333333,0.03666666666666667,0.6366666666666667,2,2616
7799,jev-1.13.0,0.9933333333333333,0.0,0.006666666666666667,0,2627
7800,jev-1.13.0,0.9666666666666667,0.013333333333333334,0.02,0,2643
7801,jev-1.13.0,0.59,0.05000000000000001,0.36000000000000004,0,2635
7802,jev-1.13.0,0.9499999999999998,0.036666666666666674,0.013333333333333334,0,2618
7803,jev-1.13.0,0.82,0.05000000000000001,0.13,0,2620
7804,jev-1.13.0,0.09000000000000001,0.016666666666666666,0.8933333333333334,2,2642
7805,jev-1.13.0,0.34,0.013333333333333334,0.6466666666666666,2,2635
7806,jev-1.13.0,0.6566666666666667,0.07,0.2733333333333334,0,2631
7807,jev-1.13.0,0.7399999999999999,0.043333333333333335,0.21666666666666667,0,2622
7808,jev-1.13.0,0.5033333333333333,0.07333333333333333,0.42333333333333334,0,2626
7809,jev-1.13.0,0.5166666666666666,0.006666666666666667,0.4766666666666666,0,2632
7810,jev-1.13.0,0.3,0.04666666666666667,0.6533333333333333,2,2619
7811,jev-1.13.0,0.43,0.09000000000000001,0.48,2,2621
7812,jev-1.13.0,0.9066666666666667,0.02666666666666667,0.06666666666666667,0,2620
7813,jev-1.13.0,0.2833333333333334,0.16333333333333333,0.5533333333333333,2,2622
7814,jev-1.13.0,0.24666666666666667,0.42333333333333334,0.33,1,2663
7815,jev-1.13.0,0.25333333333333335,0.06666666666666667,0.68,2,2630
7816,jev-1.13.0,0.16333333333333333,0.14333333333333334,0.6933333333333334,2,2641
7817,jev-1.13.0,0.61,0.04,0.3499999999999999,0,2631
7818,jev-1.13.0,0.45999999999999996,0.0,0.54,2,2687
7819,jev-1.13.0,0.01,0.13333333333333333,0.8566666666666666,2,2694
7820,jev-1.13.0,0.030000000000000002,0.03333333333333333,0.9366666666666666,2,2651
7821,jev-1.13.0,0.0,0.0,1.0,2,2633
7822,jev-1.13.0,0.5466666666666666,0.0033333333333333335,0.44999999999999996,0,2629
7823,jev-1.13.0,0.30666666666666664,0.0,0.6933333333333334,2,2643
7824,jev-1.13.0,0.16666666666666666,0.0,0.8333333333333334,2,2753
7825,jev-1.13.0,0.65,0.02,0.33,0,2623
7826,jev-1.13.0,0.6999999999999998,0.16666666666666666,0.13333333333333333,0,2646
7827,jev-1.13.0,0.6066666666666666,0.03333333333333333,0.36000000000000004,0,2666
7828,jev-1.13.0,0.4066666666666667,0.0,0.5933333333333334,2,2739
7829,jev-1.13.0,0.23,0.02,0.75,2,2653
7830,jev-1.13.0,0.42333333333333334,0.03333333333333333,0.5433333333333333,2,2640
7831,jev-1.13.0,0.82,0.0,0.18000000000000002,0,2680
7832,jev-1.13.0,0.5766666666666667,0.2866666666666667,0.1366666666666667,0,2632
7833,jev-1.13.0,0.6933333333333334,0.0,0.30666666666666664,0,2707
7834,jev-1.13.0,0.4366666666666667,0.016666666666666666,0.5466666666666666,2,2626
7835,jev-1.13.0,0.4766666666666666,0.01,0.5133333333333333,2,2639
7836,jev-1.13.0,0.05333333333333334,0.0033333333333333335,0.9433333333333334,2,2642
7837,jev-1.13.0,0.21666666666666667,0.39999999999999997,0.3833333333333333,1,2646
7838,jev-1.13.0,0.9466666666666667,0.0,0.05333333333333334,0,2624
7839,jev-1.13.0,0.06333333333333334,0.013333333333333334,0.9233333333333333,2,2668
7840,jev-1.13.0,0.17333333333333334,0.5533333333333333,0.2733333333333334,1,2658
7841,jev-1.13.0,0.9766666666666666,0.0,0.023333333333333334,0,2625
7842,jev-1.13.0,0.04,0.0033333333333333335,0.9566666666666667,2,2636
7843,jev-1.13.0,0.9466666666666667,0.0,0.05333333333333334,0,2638
7844,jev-1.13.0,0.6433333333333333,0.2933333333333333,0.06333333333333334,0,2642
7845,jev-1.13.0,0.10666666666666667,0.0,0.8933333333333334,2,2640
7846,jev-1.13.0,0.8766666666666666,0.12333333333333334,0.0,0,2628
7847,jev-1.13.0,0.68,0.013333333333333334,0.30666666666666664,0,2667
7848,jev-1.13.0,0.08,0.7766666666666667,0.14333333333333334,1,2651
7849,jev-1.13.0,0.07,0.0,0.93,2,2634
7850,jev-1.13.0,0.06333333333333334,0.9066666666666667,0.03,1,2619
7851,jev-1.13.0,0.31666666666666665,0.24666666666666667,0.4366666666666667,2,2644
7852,jev-1.13.0,0.19333333333333333,0.0,0.8066666666666666,2,2641
7853,jev-1.13.0,0.7166666666666667,0.0033333333333333335,0.28,0,2638
7854,jev-1.13.0,0.056666666666666664,0.0,0.9433333333333334,2,2775
7855,jev-1.13.0,0.11333333333333333,0.32,0.5666666666666668,2,2674
7856,jev-1.13.0,0.5866666666666668,0.0033333333333333335,0.41,0,2632
7857,jev-1.13.0,0.01,0.0,0.9899999999999999,2,2635
7858,jev-1.13.0,0.7966666666666667,0.0033333333333333335,0.19999999999999998,0,2683
7859,jev-1.13.0,0.21333333333333335,0.013333333333333334,0.7733333333333334,2,2623
7860,jev-1.13.0,0.8000000000000002,0.0,0.20000000000000004,0,2693
7861,jev-1.13.0,0.0,0.0,1.0,2,2748
7862,jev-1.13.0,0.44,0.006666666666666667,0.5533333333333333,2,2630
7863,jev-1.13.0,0.6166666666666667,0.0033333333333333335,0.38000000000000006,0,2629
7864,jev-1.13.0,0.0,1.0,0.0,1,2744
7865,jev-1.13.0,0.6566666666666667,0.006666666666666667,0.33666666666666667,0,2648
7866,jev-1.13.0,0.9266666666666666,0.0033333333333333335,0.07,0,2639
7867,jev-1.13.0,0.33666666666666667,0.023333333333333334,0.64,2,2646
7868,jev-1.13.0,0.6333333333333333,0.07333333333333333,0.2933333333333334,0,2644
7869,jev-1.13.0,0.22666666666666666,0.02666666666666667,0.7466666666666667,2,2625
7870,jev-1.13.0,0.98,0.02,0.0,0,2627
7871,jev-1.13.0,0.7799999999999999,0.0,0.21999999999999997,0,2648
7872,jev-1.13.0,0.7066666666666667,0.26666666666666666,0.02666666666666667,0,2630
7873,jev-1.13.0,0.06,0.0,0.9400000000000001,2,2725
7874,jev-1.13.0,0.9700000000000001,0.0,0.03,0,2837
7875,jev-1.13.0,0.0,0.0,1.0,2,2643
7876,jev-1.13.0,0.16,0.0,0.84,2,2643
7877,jev-1.13.0,0.07666666666666667,0.0,0.9233333333333333,2,2677
7878,jev-1.13.0,0.6533333333333333,0.006666666666666667,0.34,0,2627
7879,jev-1.13.0,0.4166666666666667,0.10999999999999999,0.47333333333333333,2,2617
7880,jev-1.13.0,0.24,0.29000000000000004,0.47000000000000003,2,2657
7881,jev-1.13.0,0.3633333333333333,0.07333333333333335,0.5633333333333334,2,2633
7882,jev-1.13.0,0.21,0.0,0.79,2,2635
7883,jev-1.13.0,0.3499999999999999,0.0033333333333333335,0.6466666666666666,2,2624
7884,jev-1.13.0,0.9066666666666667,0.049999999999999996,0.043333333333333335,0,2639
7885,jev-1.13.0,0.9766666666666666,0.0,0.023333333333333334,0,2681
7886,jev-1.13.0,1.0,0.0,0.0,0,2757
7887,jev-1.13.0,0.8233333333333333,0.0,0.17666666666666667,0,2626
7888,jev-1.13.0,0.8633333333333333,0.0033333333333333335,0.13333333333333333,0,2642
7889,jev-1.13.0,0.36999999999999994,0.19666666666666668,0.43333333333333335,2,2637
7890,jev-1.13.0,0.71,0.0,0.29000000000000004,0,2658
7891,jev-1.13.0,0.18000000000000002,0.22999999999999998,0.59,2,2630
7892,jev-1.13.0,0.9666666666666667,0.006666666666666667,0.02666666666666667,0,2626
7893,jev-1.13.0,0.0,1.0,0.0,1,2616
7894,jev-1.13.0,0.0,1.0,0.0,1,2619
7895,jev-1.13.0,0.9766666666666666,0.0,0.023333333333333334,0,2627
7896,jev-1.13.0,0.2966666666666667,0.0,0.7033333333333335,2,2633
7897,jev-1.13.0,0.6166666666666667,0.030000000000000002,0.35333333333333333,0,2633
7898,jev-1.13.0,0.5299999999999999,0.45999999999999996,0.01,0,2618
7899,jev-1.13.0,0.9899999999999999,0.0,0.01,0,2618
7900,jev-1.13.0,0.09333333333333334,0.043333333333333335,0.8633333333333333,2,2639
7901,jev-1.13.0,0.09333333333333334,0.0,0.9066666666666667,2,2658
7902,jev-1.13.0,0.48666666666666664,0.06333333333333334,0.45,0,2642
7903,jev-1.13.0,0.08,0.0,0.92,2,2623
7904,jev-1.13.0,0.9333333333333332,0.0,0.06666666666666667,0,2624
7905,jev-1.13.0,0.8366666666666666,0.013333333333333334,0.15000000000000002,0,2619
7906,jev-1.13.0,0.5466666666666666,0.013333333333333334,0.43999999999999995,0,2659
7907,jev-1.13.0,0.48333333333333334,0.04,0.4766666666666666,0,2619
7908,jev-1.13.0,0.2733333333333334,0.06,0.6666666666666666,2,2625
7909,jev-1.13.0,0.07333333333333333,0.013333333333333334,0.9133333333333334,2,2709
7910,jev-1.13.0,0.2333333333333333,0.013333333333333334,0.7533333333333333,2,2633
7911,jev-1.13.0,0.5733333333333333,0.0033333333333333335,0.42333333333333334,0,2657
7912,jev-1.13.0,0.4366666666666667,0.0,0.5633333333333334,2,2615
7913,jev-1.13.0,0.23666666666666666,0.7266666666666666,0.036666666666666674,1,2617
7914,jev-1.13.0,0.6566666666666667,0.0,0.3433333333333333,0,2731
7915,jev-1.13.0,0.8266666666666667,0.013333333333333334,0.16,0,2623
7916,jev-1.13.0,0.7433333333333335,0.09000000000000001,0.16666666666666666,0,2635
7917,jev-1.13.0,0.8000000000000002,0.15,0.049999999999999996,0,2642
7918,jev-1.13.0,0.9266666666666667,0.013333333333333334,0.06,0,2629
7919,jev-1.13.0,0.9766666666666666,0.006666666666666667,0.016666666666666666,0,2627
7920,jev-1.13.0,0.43999999999999995,0.01,0.5499999999999999,2,2624
7921,jev-1.13.0,0.3133333333333333,0.0,0.6866666666666666,2,2629
7922,jev-1.13.0,0.01,0.9899999999999999,0.0,1,2615
7923,jev-1.13.0,0.8233333333333333,0.016666666666666666,0.16,0,2618
7924,jev-1.13.0,0.8466666666666667,0.016666666666666666,0.1366666666666667,0,2636
7925,jev-1.13.0,0.66,0.04666666666666667,0.2933333333333333,0,2617
7926,jev-1.13.0,0.2833333333333333,0.10999999999999999,0.6066666666666666,2,2641
7927,jev-1.13.0,0.08333333333333333,0.89,0.02666666666666667,1,2644
7928,jev-1.13.0,0.06333333333333334,0.0033333333333333335,0.9333333333333332,2,2620
7929,jev-1.13.0,0.5366666666666666,0.030000000000000002,0.43333333333333335,0,2628
7930,jev-1.13.0,0.0,1.0,0.0,1,2616
7931,jev-1.13.0,0.37666666666666665,0.22666666666666666,0.39666666666666667,2,2620
7932,jev-1.13.0,0.37666666666666665,0.043333333333333335,0.5800000000000001,2,2622
7933,jev-1.13.0,0.02666666666666667,0.9666666666666667,0.006666666666666667,1,2649
7934,jev-1.13.0,0.75,0.043333333333333335,0.20666666666666667,0,2617
7935,jev-1.13.0,0.8933333333333334,0.03666666666666667,0.07,0,2627
7936,jev-1.13.0,0.8766666666666666,0.02,0.10333333333333333,0,2631
7937,jev-1.13.0,0.9033333333333333,0.01,0.08666666666666667,0,2635
7938,jev-1.13.0,0.0033333333333333335,0.1366666666666667,0.86,2,2637
7939,jev-1.13.0,0.20666666666666667,0.0,0.7933333333333333,2,2630
7940,jev-1.13.0,0.26999999999999996,0.013333333333333334,0.7166666666666667,2,2628
7941,jev-1.13.0,0.5666666666666668,0.3433333333333333,0.09000000000000001,0,2616
7942,jev-1.13.0,0.7266666666666666,0.09999999999999999,0.17333333333333334,0,2621
7943,jev-1.13.0,0.5133333333333333,0.2733333333333334,0.21333333333333335,0,2631
7944,jev-1.13.0,0.056666666666666664,0.0033333333333333335,0.94,2,2687
7945,jev-1.13.0,0.06333333333333334,0.0,0.9366666666666666,2,2618
7946,jev-1.13.0,0.04,0.8533333333333334,0.10666666666666667,1,2629
7947,jev-1.13.0,0.5833333333333334,0.13,0.2866666666666666,0,2639
7948,jev-1.13.0,0.3233333333333333,0.0,0.6766666666666667,2,2671
7949,jev-1.13.0,0.21666666666666667,0.05333333333333334,0.73,2,2655
7950,jev-1.13.0,0.4066666666666667,0.0,0.5933333333333333,2,2636
7951,jev-1.13.0,0.8000000000000002,0.0,0.20000000000000004,0,2638
7952,jev-1.13.0,0.67,0.0033333333333333335,0.32666666666666666,0,2624
7953,jev-1.13.0,0.6966666666666667,0.03333333333333333,0.27,0,2639
7954,jev-1.13.0,0.7000000000000001,0.049999999999999996,0.25,0,2627
7955,jev-1.13.0,0.16333333333333333,0.016666666666666666,0.82,2,2620
7956,jev-1.13.0,0.6333333333333333,0.09666666666666668,0.27,0,2623
7957,jev-1.13.0,0.17333333333333334,0.0,0.8266666666666667,2,2622
7958,jev-1.13.0,0.10999999999999999,0.64,0.25,1,2632
7959,jev-1.13.0,0.2833333333333334,0.7166666666666668,0.0,1,2620
7960,jev-1.13.0,0.98,0.0,0.02,0,2625
7961,jev-1.13.0,0.10333333333333333,0.006666666666666667,0.89,2,2659
7962,jev-1.13.0,0.17666666666666667,0.006666666666666667,0.8166666666666668,2,2630
7963,jev-1.13.0,0.7999999999999999,0.02,0.18000000000000002,0,2632
7964,jev-1.13.0,0.8733333333333334,0.0,0.12666666666666668,0,2640
7965,jev-1.13.0,0.9700000000000001,0.0,0.030000000000000002,0,2636
7966,jev-1.13.0,0.2333333333333333,0.6033333333333334,0.16333333333333333,1,2629
7967,jev-1.13.0,0.08333333333333333,0.9166666666666666,0.0,1,2625
7968,jev-1.13.0,0.9,0.09999999999999999,0.0,0,2616
7969,jev-1.13.0,0.9433333333333334,0.03,0.02666666666666667,0,2623
7970,jev-1.13.0,0.15000000000000002,0.8433333333333333,0.006666666666666667,1,2620
7971,jev-1.13.0,0.6066666666666666,0.39333333333333337,0.0,0,2615
7972,jev-1.13.0,0.01,0.0,0.9899999999999999,2,2638
7973,jev-1.13.0,0.9266666666666666,0.0033333333333333335,0.07,0,2621
7974,jev-1.13.0,0.8066666666666666,0.01,0.18333333333333335,0,2626
7975,jev-1.13.0,0.06,0.01,0.93,2,2638
7976,jev-1.13.0,0.13333333333333333,0.013333333333333334,0.8533333333333334,2,2632
7977,jev-1.13.0,0.8133333333333334,0.006666666666666667,0.18000000000000002,0,2636
7978,jev-1.13.0,0.5133333333333333,0.01,0.4766666666666666,0,2629
7979,jev-1.13.0,0.5933333333333333,0.16666666666666666,0.24,0,2615
7980,jev-1.13.0,0.32666666666666666,0.1433333333333333,0.5299999999999999,2,2624
7981,jev-1.13.0,0.043333333333333335,0.9366666666666666,0.02,1,2619
7982,jev-1.13.0,0.03,0.7799999999999999,0.18999999999999997,1,2644
7983,jev-1.13.0,0.7433333333333333,0.02,0.23666666666666666,0,2630
7984,jev-1.13.0,0.38000000000000006,0.02666666666666667,0.5933333333333334,2,2624
7985,jev-1.13.0,0.34,0.18666666666666668,0.47333333333333333,2,2624
7986,jev-1.13.0,0.5933333333333333,0.02666666666666667,0.37999999999999995,0,2633
7987,jev-1.13.0,0.8833333333333333,0.0033333333333333335,0.11333333333333333,0,2635
7988,jev-1.13.0,0.82,0.08333333333333333,0.09666666666666668,0,2628
7989,jev-1.13.0,0.7266666666666667,0.11,0.16333333333333333,0,2625
7990,jev-1.13.0,0.12333333333333334,0.01,0.8666666666666667,2,2622
7991,jev-1.13.0,0.35000000000000003,0.0,0.6499999999999999,2,2615
7992,jev-1.13.0,0.9899999999999999,0.0,0.01,0,2625
7993,jev-1.13.0,0.02666666666666667,0.0,0.9733333333333333,2,2621
7994,jev-1.13.0,0.6499999999999999,0.023333333333333334,0.32666666666666666,0,2622
7995,jev-1.13.0,0.7033333333333333,0.0,0.2966666666666667,0,2626
7996,jev-1.13.0,0.21,0.016666666666666666,0.7733333333333334,2,2631
7997,jev-1.13.0,0.18666666666666668,0.0,0.8133333333333335,2,2662
7998,jev-1.13.0,0.2733333333333334,0.006666666666666667,0.7200000000000001,2,2629
7999,jev-1.13.0,1.0,0.0,0.0,0,2632
8000,jev-1.13.0,0.85,0.01,0.14,0,2630
8001,jev-1.13.0,0.8066666666666666,0.0,0.19333333333333333,0,2675
8002,jev-1.13.0,0.04666666666666667,0.0033333333333333335,0.9499999999999998,2,2684
8003,jev-1.13.0,0.47666666666666674,0.37000000000000005,0.15333333333333332,0,2676
8004,jev-1.13.0,0.25,0.0,0.75,2,2642
8005,jev-1.13.0,0.043333333333333335,0.0,0.9566666666666667,2,2682
8006,jev-1.13.0,0.8366666666666668,0.16333333333333333,0.0,0,2632
8007,jev-1.13.0,0.7666666666666666,0.0033333333333333335,0.22999999999999998,0,2647
8008,jev-1.13.0,0.13999999999999999,0.02666666666666667,0.8333333333333334,2,2639
8009,jev-1.13.0,0.15,0.0,0.85,2,2619
8010,jev-1.13.0,0.86,0.01,0.13,0,2653
8011,jev-1.13.0,0.016666666666666666,0.016666666666666666,0.9666666666666667,2,2630
8012,jev-1.13.0,0.8633333333333333,0.0,0.1366666666666667,0,2640
8013,jev-1.13.0,0.66,0.006666666666666667,0.3333333333333333,0,2659
8014,jev-1.13.0,0.06333333333333334,0.0,0.9366666666666666,2,2633
8015,jev-1.13.0,0.6466666666666666,0.0,0.35333333333333333,0,2668
8016,jev-1.13.0,0.45,0.26333333333333336,0.2866666666666667,0,2620
8017,jev-1.13.0,0.03,0.5666666666666667,0.4033333333333333,1,2637
8018,jev-1.13.0,0.79,0.0,0.21000000000000005,0,2633
8019,jev-1.13.0,0.9899999999999999,0.0,0.01,0,2627
8020,jev-1.13.0,0.16,0.8166666666666668,0.023333333333333334,1,2629
8021,jev-1.13.0,0.7300000000000001,0.18333333333333335,0.08666666666666667,0,2617
8022,jev-1.13.0,0.5933333333333334,0.06666666666666667,0.34,0,2627
8023,jev-1.13.0,0.9333333333333335,0.0,0.06666666666666667,0,2710
8024,jev-1.13.0,0.35666666666666663,0.013333333333333334,0.6299999999999999,2,2617
8025,jev-1.13.0,0.9933333333333333,0.0,0.006666666666666667,0,2630
8026,jev-1.13.0,0.5433333333333333,0.02,0.4366666666666667,0,2637
8027,jev-1.13.0,0.8133333333333334,0.03,0.15666666666666665,0,2621
8028,jev-1.13.0,0.73,0.0,0.27,0,2731
8029,jev-1.13.0,0.16,0.04,0.7999999999999999,2,2635
8030,jev-1.13.0,0.63,0.09666666666666668,0.2733333333333334,0,2622
8031,jev-1.13.0,0.7033333333333335,0.06,0.23666666666666666,0,2651
8032,jev-1.13.0,0.0,0.0,1.0,2,2708
8033,jev-1.13.0,0.71,0.006666666666666667,0.2833333333333334,0,2626
8034,jev-1.13.0,1.0,0.0,0.0,0,2650
8035,jev-1.13.0,0.19333333333333336,0.0,0.8066666666666666,2,2642
8036,jev-1.13.0,1.0,0.0,0.0,0,2635
8037,jev-1.13.0,0.9433333333333334,0.0033333333333333335,0.05333333333333334,0,2624
8038,jev-1.13.0,0.93,0.016666666666666666,0.053333333333333344,0,2648
8039,jev-1.13.0,0.21333333333333335,0.03666666666666667,0.75,2,2673
8040,jev-1.13.0,0.6699999999999999,0.03333333333333333,0.2966666666666667,0,2618
8041,jev-1.13.0,0.29000000000000004,0.0,0.71,2,2658
8042,jev-1.13.0,0.7733333333333334,0.0,0.22666666666666666,0,2640
8043,jev-1.13.0,0.22,0.0,0.7799999999999999,2,2626
8044,jev-1.13.0,0.9866666666666667,0.0,0.013333333333333334,0,2646
8045,jev-1.13.0,0.59,0.0033333333333333335,0.40666666666666673,0,2622
8046,jev-1.13.0,0.36333333333333334,0.21666666666666667,0.42,2,2647
8047,jev-1.13.0,0.9833333333333334,0.0033333333333333335,0.013333333333333334,0,2624
8048,jev-1.13.0,0.4166666666666667,0.016666666666666666,0.5666666666666668,2,2620
8049,jev-1.13.0,1.0,0.0,0.0,0,2624
8050,jev-1.13.0,0.07,0.0,0.93,2,2700
8051,jev-1.13.0,0.9933333333333333,0.0,0.006666666666666667,0,2621
8052,jev-1.13.0,0.29333333333333333,0.07666666666666667,0.63,2,2637
8053,jev-1.13.0,0.03666666666666667,0.88,0.08333333333333333,1,2634
8054,jev-1.13.0,0.23,0.013333333333333334,0.7566666666666667,2,2634
8055,jev-1.13.0,0.5566666666666666,0.13,0.3133333333333333,0,2636
8056,jev-1.13.0,0.59,0.0,0.41,0,2645
8057,jev-1.13.0,0.8866666666666667,0.03333333333333333,0.08,0,2621
8058,jev-1.13.0,0.9366666666666666,0.0033333333333333335,0.060000000000000005,0,2631
8059,jev-1.13.0,0.32666666666666666,0.5566666666666666,0.11666666666666665,1,2619
8060,jev-1.13.0,0.9266666666666667,0.0,0.07333333333333333,0,2637
8061,jev-1.13.0,0.52,0.3566666666666667,0.12333333333333334,0,2614
8062,jev-1.13.0,0.14333333333333334,0.24,0.6166666666666666,2,2673
8063,jev-1.13.0,0.6366666666666667,0.04,0.3233333333333333,0,2628
8064,jev-1.13.0,0.03666666666666667,0.0,0.9633333333333333,2,2655
8065,jev-1.13.0,0.9466666666666667,0.043333333333333335,0.01,0,2625
8066,jev-1.13.0,0.29000000000000004,0.5399999999999999,0.17,1,2623
8067,jev-1.13.0,0.12,0.8066666666666666,0.07333333333333335,1,2618
8068,jev-1.13.0,0.18666666666666668,0.006666666666666667,0.8066666666666666,2,2631
8069,jev-1.13.0,0.36000000000000004,0.05333333333333334,0.5866666666666668,2,2640
8070,jev-1.13.0,0.41,0.01,0.5800000000000001,2,2650
8071,jev-1.13.0,0.29333333333333333,0.6233333333333334,0.08333333333333333,1,2633
8072,jev-1.13.0,0.5,0.04,0.45999999999999996,0,2642
8073,jev-1.13.0,0.5633333333333334,0.0033333333333333335,0.4333333333333333,0,2632
8074,jev-1.13.0,0.5533333333333333,0.06333333333333334,0.3833333333333333,0,2622
8075,jev-1.13.0,0.8266666666666667,0.0033333333333333335,0.17,0,2624
8076,jev-1.13.0,0.36000000000000004,0.01,0.63,2,2641
8077,jev-1.13.0,0.48333333333333334,0.01,0.5066666666666667,2,2624
8078,jev-1.13.0,0.47,0.11,0.42,0,2666
8079,jev-1.13.0,0.9899999999999999,0.0,0.01,0,2621
8080,jev-1.13.0,0.8633333333333333,0.06,0.07666666666666667,0,2622
8081,jev-1.13.0,0.0,0.0,1.0,2,2628
8082,jev-1.13.0,0.016666666666666666,0.5766666666666668,0.4066666666666667,1,2616
8083,jev-1.13.0,0.22,0.08,0.7000000000000001,2,2619
8084,jev-1.13.0,0.75,0.0,0.25,0,2637
8085,jev-1.13.0,0.0,0.0,1.0,2,2655
8086,jev-1.13.0,0.01,0.0,0.9899999999999999,2,2705
8087,jev-1.13.0,0.33,0.01,0.66,2,2626
8088,jev-1.13.0,0.48,0.013333333333333334,0.5066666666666667,2,2635
8089,jev-1.13.0,0.0033333333333333335,0.05000000000000001,0.9466666666666667,2,2672
8090,jev-1.13.0,0.016666666666666666,0.006666666666666667,0.9766666666666666,2,2646
8091,jev-1.13.0,0.02,0.0,0.98,2,2665
8092,jev-1.13.0,0.82,0.06666666666666667,0.11333333333333333,0,2656
8093,jev-1.13.0,0.91,0.0,0.09000000000000001,0,2635
8094,jev-1.13.0,0.016666666666666666,0.0,0.9833333333333334,2,2694
8095,jev-1.13.0,0.006666666666666667,0.006666666666666667,0.9866666666666667,2,2639
8096,jev-1.13.0,0.01,0.0,0.9899999999999999,2,2718
8097,jev-1.13.0,0.4366666666666667,0.16333333333333333,0.39999999999999997,0,2622
8098,jev-1.13.0,1.0,0.0,0.0,0,2616
8099,jev-1.13.0,0.6133333333333333,0.08666666666666667,0.3,0,2652
8100,jev-1.13.0,0.0,1.0,0.0,1,2621
8101,jev-1.13.0,0.16,0.6833333333333335,0.15666666666666665,1,2627
8102,jev-1.13.0,0.31,0.10000000000000002,0.59,2,2636
8103,jev-1.13.0,0.44333333333333336,0.0,0.5566666666666666,2,2623
8104,jev-1.13.0,0.36999999999999994,0.016666666666666666,0.6133333333333333,2,2627
8105,jev-1.13.0,0.31666666666666665,0.04666666666666667,0.6366666666666667,2,2629
8106,jev-1.13.0,0.0,0.0,1.0,2,2852
8107,jev-1.13.0,0.30333333333333334,0.6966666666666667,0.0,1,2672
8108,jev-1.13.0,0.013333333333333334,0.0,0.9866666666666667,2,2629
8109,jev-1.13.0,0.22333333333333336,0.0,0.7766666666666667,2,2690
8110,jev-1.13.0,0.6333333333333333,0.36333333333333334,0.0033333333333333335,0,2622
8111,jev-1.13.0,0.65,0.2833333333333333,0.06666666666666667,0,2620
8112,jev-1.13.0,0.12666666666666668,0.8666666666666667,0.006666666666666667,1,2618
8113,jev-1.13.0,0.08,0.0,0.92,2,2646
8114,jev-1.13.0,0.6066666666666666,0.02,0.37333333333333335,0,2626
8115,jev-1.13.0,0.12,0.0,0.88,2,2639
8116,jev-1.13.0,0.9766666666666666,0.0033333333333333335,0.02,0,2621
8117,jev-1.13.0,0.016666666666666666,0.9766666666666666,0.006666666666666667,1,2623
8118,jev-1.13.0,0.8533333333333334,0.0,0.1466666666666667,0,2625
8119,jev-1.13.0,0.4666666666666666,0.0,0.5333333333333333,2,2621
8120,jev-1.13.0,0.21333333333333335,0.0,0.7866666666666666,2,2628
8121,jev-1.13.0,0.89,0.09999999999999999,0.01,0,2619
8122,jev-1.13.0,0.5366666666666667,0.18333333333333335,0.28,0,2630
8123,jev-1.13.0,0.6166666666666667,0.27,0.11333333333333334,0,2639
8124,jev-1.13.0,0.06,0.8300000000000001,0.10999999999999999,1,2619
8125,jev-1.13.0,0.66,0.03,0.31,0,2625
8126,jev-1.13.0,0.5499999999999999,0.21,0.24,0,2651
8127,jev-1.13.0,0.0,0.0,1.0,2,2853
8128,jev-1.13.0,0.5433333333333333,0.12,0.33666666666666667,0,2622
8129,jev-1.13.0,0.6166666666666667,0.02,0.36333333333333334,0,2647
8130,jev-1.13.0,0.7266666666666666,0.0,0.2733333333333334,0,2639
8131,jev-1.13.0,0.17333333333333334,0.15666666666666668,0.6699999999999999,2,2654
8132,jev-1.13.0,0.9433333333333334,0.0,0.056666666666666664,0,2629
8133,jev-1.13.0,0.25666666666666665,0.0033333333333333335,0.7399999999999999,2,2651
8134,jev-1.13.0,0.6666666666666666,0.21,0.12333333333333334,0,2631
8135,jev-1.13.0,0.7966666666666667,0.01,0.19333333333333333,0,2627
8136,jev-1.13.0,0.66,0.3066666666666667,0.03333333333333333,0,2702
8137,jev-1.13.0,0.05333333333333334,0.016666666666666666,0.93,2,2643
8138,jev-1.13.0,0.05666666666666667,0.0,0.9433333333333334,2,2628
8139,jev-1.13.0,0.13,0.0,0.87,2,2631
8140,jev-1.13.0,0.006666666666666667,0.0,0.9933333333333333,2,2706
8141,jev-1.13.0,0.8766666666666666,0.02666666666666667,0.09666666666666668,0,2715
8142,jev-1.13.0,0.35333333333333333,0.5566666666666666,0.09000000000000001,1,2663
8143,jev-1.13.0,0.9466666666666667,0.01,0.043333333333333335,0,2626
8144,jev-1.13.0,0.11,0.0,0.89,2,2633
8145,jev-1.13.0,0.44,0.12666666666666668,0.43333333333333335,0,2626
8146,jev-1.13.0,0.85,0.03666666666666667,0.11333333333333334,0,2622
8147,jev-1.13.0,0.6166666666666667,0.006666666666666667,0.37666666666666665,0,2629
8148,jev-1.13.0,0.66,0.02666666666666667,0.3133333333333333,0,2641
8149,jev-1.13.0,0.26666666666666666,0.02666666666666667,0.7066666666666667,2,2635
8150,jev-1.13.0,0.6333333333333333,0.036666666666666674,0.33,0,2635
8151,jev-1.13.0,0.6233333333333334,0.013333333333333334,0.3633333333333333,0,2633
8152,jev-1.13.0,0.18333333333333335,0.0,0.8166666666666668,2,2619
8153,jev-1.13.0,0.8633333333333333,0.0033333333333333335,0.13333333333333333,0,2620
8154,jev-1.13.0,0.52,0.016666666666666666,0.4633333333333333,0,2643
8155,jev-1.13.0,0.5866666666666666,0.25666666666666665,0.15666666666666665,0,2620
8156,jev-1.13.0,0.36000000000000004,0.0,0.64,2,2641
8157,jev-1.13.0,0.4066666666666667,0.07333333333333332,0.52,2,2625
8158,jev-1.13.0,0.3833333333333333,0.023333333333333334,0.5933333333333334,2,2624
8159,jev-1.13.0,0.7233333333333333,0.08333333333333333,0.19333333333333336,0,2641
8160,jev-1.13.0,0.9566666666666667,0.0,0.043333333333333335,0,2633
8161,jev-1.13.0,0.5666666666666668,0.03,0.4033333333333333,0,2641
8162,jev-1.13.0,0.14,0.016666666666666666,0.8433333333333333,2,2623
8163,jev-1.13.0,0.79,0.036666666666666674,0.17333333333333334,0,2626
8164,jev-1.13.0,0.17666666666666667,0.0,0.8233333333333334,2,2684
8165,jev-1.13.0,0.9833333333333334,0.016666666666666666,0.0,0,2616
8166,jev-1.13.0,0.9700000000000001,0.013333333333333334,0.016666666666666666,0,2629
8167,jev-1.13.0,0.0,1.0,0.0,1,2623
8168,jev-1.13.0,1.0,0.0,0.0,0,2625
8169,jev-1.13.0,0.9899999999999999,0.0,0.01,0,2630
8170,jev-1.13.0,0.16666666666666666,0.8099999999999999,0.023333333333333334,1,2674
8171,jev-1.13.0,0.71,0.006666666666666667,0.2833333333333334,0,2621
8172,jev-1.13.0,0.05333333333333334,0.006666666666666667,0.9400000000000001,2,2659
8173,jev-1.13.0,0.6933333333333334,0.21333333333333335,0.09333333333333334,0,2628
8174,jev-1.13.0,0.04666666666666667,0.0,0.9533333333333335,2,2676
8175,jev-1.13.0,0.6333333333333333,0.36333333333333334,0.0033333333333333335,0,2618
8176,jev-1.13.0,0.0033333333333333335,0.006666666666666667,0.9899999999999999,2,2652
8177,jev-1.13.0,0.27,0.32,0.41,2,2622
8178,jev-1.13.0,0.14666666666666667,0.12333333333333334,0.73,2,2632
8179,jev-1.13.0,0.15666666666666665,0.0,0.8433333333333333,2,2645
8180,jev-1.13.0,0.02,0.9233333333333333,0.056666666666666664,1,2622
8181,jev-1.13.0,0.6366666666666667,0.05000000000000001,0.31333333333333335,0,2642
8182,jev-1.13.0,0.36999999999999994,0.0,0.63,2,2620
8183,jev-1.13.0,0.31000000000000005,0.02666666666666667,0.6633333333333334,2,2636
8184,jev-1.13.0,0.9033333333333333,0.03666666666666667,0.060000000000000005,0,2629
8185,jev-1.13.0,0.043333333333333335,0.05000000000000001,0.9066666666666666,2,2691
8186,jev-1.13.0,0.84,0.0,0.16,0,2632
8187,jev-1.13.0,0.81,0.04,0.15000000000000002,0,2632
8188,jev-1.13.0,0.0,1.0,0.0,1,2624
8189,jev-1.13.0,0.9633333333333333,0.0,0.036666666666666674,0,2625
8190,jev-1.13.0,0.3633333333333333,0.27999999999999997,0.35666666666666663,0,2649
8191,jev-1.13.0,0.36999999999999994,0.03333333333333333,0.5966666666666667,2,2625
8192,jev-1.13.0,0.54,0.006666666666666667,0.45333333333333337,0,2637
8193,jev-1.13.0,0.22666666666666668,0.6766666666666667,0.09666666666666668,1,2620
8194,jev-1.13.0,0.7266666666666666,0.02,0.25333333333333335,0,2621
8195,jev-1.13.0,0.33,0.0,0.67,2,2618
8196,jev-1.13.0,0.65,0.0033333333333333335,0.3466666666666667,0,2635
8197,jev-1.13.0,0.0,1.0,0.0,1,2633
8198,jev-1.13.0,1.0,0.0,0.0,0,2631
8199,jev-1.13.0,0.9833333333333334,0.013333333333333334,0.0033333333333333335,0,2651
8200,jev-1.13.0,0.47333333333333333,0.17666666666666667,0.3499999999999999,0,2643
8201,jev-1.13.0,0.7766666666666667,0.09000000000000001,0.13333333333333333,0,2619
8202,jev-1.13.0,0.023333333333333334,0.8233333333333333,0.15333333333333335,1,2622
8203,jev-1.13.0,0.013333333333333334,0.0,0.9866666666666667,2,2647
8204,jev-1.13.0,0.7333333333333334,0.08,0.18666666666666665,0,2626
8205,jev-1.13.0,0.51,0.19666666666666668,0.29333333333333333,0,2638
8206,jev-1.13.0,0.43,0.0,0.57,2,2641
8207,jev-1.13.0,0.5866666666666668,0.17,0.24333333333333332,0,2631
8208,jev-1.13.0,0.16666666666666666,0.8166666666666668,0.013333333333333334,1,2617
8209,jev-1.13.0,0.6900000000000001,0.030000000000000002,0.28,0,2634
8210,jev-1.13.0,0.023333333333333334,0.79,0.18666666666666668,1,2620
8211,jev-1.13.0,0.5566666666666666,0.0033333333333333335,0.44,0,2627
8212,jev-1.13.0,0.21333333333333335,0.5566666666666666,0.23,1,2710
8213,jev-1.13.0,0.31,0.47,0.22,1,2622
8214,jev-1.13.0,0.13333333333333333,0.0033333333333333335,0.8633333333333333,2,2626
8215,jev-1.13.0,0.7733333333333334,0.05666666666666667,0.17,0,2622
8216,jev-1.13.0,0.14333333333333334,0.57,0.2866666666666667,1,2638
8217,jev-1.13.0,1.0,0.0,0.0,0,2623
8218,jev-1.13.0,0.1366666666666667,0.006666666666666667,0.8566666666666666,2,2653
8219,jev-1.13.0,0.52,0.016666666666666666,0.4633333333333333,0,2620
8220,jev-1.13.0,0.8633333333333333,0.11333333333333333,0.023333333333333334,0,2632
8221,jev-1.13.0,0.4533333333333333,0.3433333333333333,0.20333333333333334,0,2618
8222,jev-1.13.0,0.65,0.0,0.35000000000000003,0,2634
8223,jev-1.13.0,0.30000000000000004,0.08666666666666667,0.6133333333333333,2,2626
8224,jev-1.13.0,0.9,0.0,0.10000000000000002,0,2625
8225,jev-1.13.0,0.5633333333333334,0.27666666666666667,0.16,0,2628
8226,jev-1.13.0,0.39333333333333337,0.013333333333333334,0.5933333333333333,2,2647
8227,jev-1.13.0,0.15333333333333332,0.7799999999999999,0.06666666666666667,1,2627
8228,jev-1.13.0,0.33,0.15333333333333332,0.5166666666666667,2,2636
8229,jev-1.13.0,0.08,0.43,0.49000000000000005,2,2642
8230,jev-1.13.0,0.16666666666666666,0.01,0.8233333333333334,2,2636
8231,jev-1.13.0,0.2233333333333333,0.02,0.7566666666666667,2,2655
8232,jev-1.13.0,0.3233333333333333,0.66,0.016666666666666666,1,2618
8233,jev-1.13.0,1.0,0.0,0.0,0,2628
8234,jev-1.13.0,0.9366666666666666,0.0,0.06333333333333334,0,2629
8235,jev-1.13.0,0.6333333333333333,0.3633333333333333,0.0033333333333333335,0,2619
8236,jev-1.13.0,0.3433333333333333,0.013333333333333334,0.6433333333333334,2,2621
8237,jev-1.13.0,0.7600000000000001,0.0,0.24,0,2628
8238,jev-1.13.0,0.5133333333333333,0.08,0.4066666666666667,0,2625
8239,jev-1.13.0,0.19666666666666668,0.18666666666666665,0.6166666666666667,2,2629
8240,jev-1.13.0,0.6933333333333334,0.06333333333333334,0.24333333333333332,0,2621
8241,jev-1.13.0,0.03333333333333333,0.8966666666666666,0.07,1,2665
8242,jev-1.13.0,0.68,0.02666666666666667,0.29333333333333333,0,2623
8243,jev-1.13.0,0.9266666666666667,0.0,0.07333333333333333,0,2628
8244,jev-1.13.0,0.5966666666666667,0.02666666666666667,0.37666666666666665,0,2627
8245,jev-1.13.0,0.6333333333333333,0.02666666666666667,0.34,0,2626
8246,jev-1.13.0,0.01,0.0,0.9899999999999999,2,2632
8247,jev-1.13.0,0.6,0.19666666666666666,0.20333333333333334,0,2638
8248,jev-1.13.0,0.9766666666666666,0.006666666666666667,0.016666666666666666,0,2616
8249,jev-1.13.0,0.8466666666666667,0.08333333333333333,0.07,0,2619
8250,jev-1.13.0,0.6066666666666666,0.03333333333333333,0.36000000000000004,0,2636
8251,jev-1.13.0,0.98,0.0033333333333333335,0.016666666666666666,0,2631
8252,jev-1.13.0,0.7766666666666667,0.21,0.013333333333333334,0,2617
8253,jev-1.13.0,0.41333333333333333,0.006666666666666667,0.58,2,2630
8254,jev-1.13.0,0.8266666666666667,0.13,0.043333333333333335,0,2631
8255,jev-1.13.0,0.5433333333333333,0.35333333333333333,0.10333333333333333,0,2629
8256,jev-1.13.0,0.02,0.0,0.98,2,2619
8257,jev-1.13.0,0.11333333333333333,0.6966666666666667,0.18999999999999997,1,2621
8258,jev-1.13.0,0.6366666666666667,0.02666666666666667,0.33666666666666667,0,2628
8259,jev-1.13.0,0.0,0.0,1.0,2,2695
8260,jev-1.13.0,0.8966666666666666,0.0,0.10333333333333333,0,2727
8261,jev-1.13.0,0.16,0.0,0.84,2,2648
8262,jev-1.13.0,0.9966666666666667,0.0,0.0033333333333333335,0,2651
8263,jev-1.13.0,0.5966666666666667,0.0,0.4033333333333333,0,2630
8264,jev-1.13.0,0.18666666666666668,0.0,0.8133333333333334,2,2623
8265,jev-1.13.0,0.5933333333333333,0.023333333333333334,0.3833333333333333,0,2642
8266,jev-1.13.0,0.0,0.0,1.0,2,2719
8267,jev-1.13.0,0.0033333333333333335,0.0,0.9966666666666667,2,2620
8268,jev-1.13.0,0.9933333333333333,0.0,0.006666666666666667,0,2628
8269,jev-1.13.0,0.9933333333333333,0.0,0.006666666666666667,0,2629
8270,jev-1.13.0,0.96,0.0,0.04,0,2711
8271,jev-1.13.0,0.9133333333333334,0.0,0.08666666666666667,0,2739
8272,jev-1.13.0,0.006666666666666667,0.0,0.9933333333333333,2,2798
8273,jev-1.13.0,0.9700000000000001,0.0,0.030000000000000002,0,2655
8274,jev-1.13.0,0.9266666666666667,0.0,0.07333333333333332,0,2654
8275,jev-1.13.0,0.24,0.07,0.69,2,2655
8276,jev-1.13.0,0.7799999999999999,0.21999999999999997,0.0,0,2675
8277,jev-1.13.0,0.5533333333333332,0.05333333333333334,0.39333333333333337,0,2660
8278,jev-1.13.0,0.43999999999999995,0.10333333333333333,0.4566666666666667,2,2637
8279,jev-1.13.0,0.01,0.013333333333333334,0.9766666666666666,2,2645
8280,jev-1.13.0,0.3133333333333333,0.02,0.6666666666666666,2,2632
8281,jev-1.13.0,0.0033333333333333335,0.9966666666666667,0.0,1,2629
8282,jev-1.13.0,0.05333333333333334,0.0,0.9466666666666667,2,2676
8283,jev-1.13.0,0.9700000000000001,0.0,0.03,0,2644
8284,jev-1.13.0,0.9500000000000001,0.0,0.05000000000000001,0,2661
8285,jev-1.13.0,0.84,0.043333333333333335,0.11666666666666665,0,2628
8286,jev-1.13.0,0.8166666666666668,0.013333333333333334,0.17,0,2627
8287,jev-1.13.0,0.9633333333333333,0.0,0.036666666666666674,0,2675
8288,jev-1.13.0,0.98,0.0,0.02,0,2620
8289,jev-1.13.0,0.8300000000000001,0.0,0.17,0,2683
8290,jev-1.13.0,0.04666666666666667,0.0,0.9533333333333333,2,2752
8291,jev-1.13.0,0.7533333333333333,0.03,0.21666666666666667,0,2640
8292,jev-1.13.0,0.8533333333333334,0.0,0.1466666666666667,0,2637
8293,jev-1.13.0,0.5499999999999999,0.013333333333333334,0.4366666666666667,0,2661
8294,jev-1.13.0,0.73,0.02666666666666667,0.24333333333333332,0,2641
8295,jev-1.13.0,1.0,0.0,0.0,0,2671
8296,jev-1.13.0,0.9533333333333333,0.0,0.04666666666666667,0,2653
8297,jev-1.13.0,0.7533333333333333,0.21666666666666667,0.030000000000000002,0,2644
8298,jev-1.13.0,0.9833333333333334,0.0,0.016666666666666666,0,2655
8299,jev-1.13.0,0.5666666666666667,0.030000000000000002,0.4033333333333333,0,2652
8300,jev-1.13.0,0.5266666666666667,0.01,0.4633333333333333,0,2644
8301,jev-1.13.0,0.016666666666666666,0.0,0.9833333333333334,2,2662
8302,jev-1.13.0,0.37666666666666665,0.016666666666666666,0.6066666666666666,2,2658
8303,jev-1.13.0,0.1366666666666667,0.0,0.8633333333333333,2,2623
8304,jev-1.13.0,0.0,0.0,1.0,2,2655
8305,jev-1.13.0,0.006666666666666667,0.9899999999999999,0.0033333333333333335,1,2614
8306,jev-1.13.0,0.9533333333333333,0.0,0.04666666666666667,0,2645
8307,jev-1.13.0,0.5066666666666667,0.0,0.49333333333333335,0,2657
8308,jev-1.13.0,0.0,0.0,1.0,2,2697
8309,jev-1.13.0,0.39666666666666667,0.0033333333333333335,0.6,2,2649
8310,jev-1.13.0,0.7433333333333333,0.0,0.25666666666666665,0,2630
8311,jev-1.13.0,0.39666666666666667,0.0,0.6033333333333334,2,2652
8312,jev-1.13.0,0.4566666666666667,0.0,0.5433333333333333,2,2646
8313,jev-1.13.0,0.07333333333333333,0.0,0.9266666666666667,2,2750
8314,jev-1.13.0,0.8866666666666667,0.02,0.09333333333333334,0,2644
8315,jev-1.13.0,1.0,0.0,0.0,0,2631
8316,jev-1.13.0,0.0,0.9966666666666667,0.0033333333333333335,1,2627
8317,jev-1.13.0,0.5433333333333333,0.02333333333333333,0.43333333333333335,0,2630
8318,jev-1.13.0,0.8433333333333333,0.0,0.15666666666666665,0,2640
8319,jev-1.13.0,0.0,0.0,1.0,2,2641
8320,jev-1.13.0,0.18000000000000002,0.013333333333333334,0.8066666666666666,2,2654
8321,jev-1.13.0,0.8433333333333333,0.01,0.14666666666666667,0,2677
8322,jev-1.13.0,0.5966666666666667,0.0,0.4033333333333333,0,2636
8323,jev-1.13.0,0.13999999999999999,0.0033333333333333335,0.8566666666666666,2,2649
8324,jev-1.13.0,0.6433333333333334,0.0,0.35666666666666663,0,2646
8325,jev-1.13.0,0.7433333333333333,0.0,0.25666666666666665,0,2620
8326,jev-1.13.0,0.7200000000000001,0.006666666666666667,0.2733333333333334,0,2660
8327,jev-1.13.0,0.9133333333333334,0.07666666666666667,0.01,0,2630
8328,jev-1.13.0,0.89,0.0,0.11,0,2634
8329,jev-1.13.0,1.0,0.0,0.0,0,2625
8330,jev-1.13.0,0.03666666666666667,0.7766666666666667,0.18666666666666668,1,2644
8331,jev-1.13.0,0.6733333333333333,0.08,0.24666666666666667,0,2617
8332,jev-1.13.0,0.0,0.0,1.0,2,2757
8333,jev-1.13.0,0.33,0.0,0.67,2,2837
8334,jev-1.13.0,0.053333333333333344,0.0,0.9466666666666667,2,2629
8335,jev-1.13.0,0.33,0.0,0.6699999999999999,2,2668
8336,jev-1.13.0,0.1366666666666667,0.0033333333333333335,0.86,2,2670
8337,jev-1.13.0,0.9466666666666667,0.0,0.05333333333333334,0,2686
8338,jev-1.13.0,0.03333333333333333,0.0,0.9666666666666667,2,2645
8339,jev-1.13.0,0.9899999999999999,0.01,0.0,0,2638
8340,jev-1.13.0,0.4466666666666667,0.006666666666666667,0.5466666666666666,2,2639
8341,jev-1.13.0,0.8366666666666666,0.0,0.16333333333333333,0,2625
8342,jev-1.13.0,0.98,0.0,0.02,0,2692
8343,jev-1.13.0,0.7533333333333333,0.0,0.24666666666666667,0,2661
8344,jev-1.13.0,0.6266666666666666,0.09333333333333334,0.28,0,2627
8345,jev-1.13.0,0.0,0.0,1.0,2,2709
8346,jev-1.13.0,0.75,0.02,0.22999999999999998,0,2637
8347,jev-1.13.0,0.07,0.0,0.93,2,2639
8348,jev-1.13.0,0.22,0.0,0.7799999999999999,2,2807
8349,jev-1.13.0,0.02,0.02666666666666667,0.9533333333333333,2,2648
8350,jev-1.13.0,0.5566666666666666,0.016666666666666666,0.4266666666666667,0,2632
8351,jev-1.13.0,0.0,0.0,1.0,2,2694
8352,jev-1.13.0,0.29000000000000004,0.07333333333333335,0.6366666666666667,2,2653
8353,jev-1.13.0,0.4266666666666667,0.14,0.43333333333333335,2,2624
8354,jev-1.13.0,0.7200000000000001,0.1366666666666667,0.14333333333333334,0,2634
8355,jev-1.13.0,0.22,0.01,0.77,2,2635
8356,jev-1.13.0,0.39666666666666667,0.0033333333333333335,0.6,2,2639
8357,jev-1.13.0,0.12,0.006666666666666667,0.8733333333333334,2,2652
8358,jev-1.13.0,0.9899999999999999,0.01,0.0,0,2660
8359,jev-1.13.0,0.016666666666666666,0.0,0.9833333333333334,2,2628
8360,jev-1.13.0,0.20333333333333334,0.7966666666666665,0.0,1,2664
8361,jev-1.13.0,0.9,0.013333333333333334,0.08666666666666667,0,2623
8362,jev-1.13.0,0.0,0.0,1.0,2,2670
8363,jev-1.13.0,0.02666666666666667,0.0,0.9733333333333333,2,2630
8364,jev-1.13.0,0.0,0.0,1.0,2,2735
8365,jev-1.13.0,0.19000000000000003,0.03,0.7799999999999999,2,2672
8366,jev-1.13.0,0.06,0.0,0.94,2,2687
8367,jev-1.13.0,0.7233333333333333,0.19666666666666666,0.08,0,2623
8368,jev-1.13.0,0.6066666666666668,0.2966666666666667,0.09666666666666668,0,2619
8369,jev-1.13.0,0.8333333333333334,0.0,0.16666666666666666,0,2622
8370,jev-1.13.0,0.6766666666666667,0.0,0.3233333333333333,0,2634
8371,jev-1.13.0,0.0,0.0,1.0,2,2720
8372,jev-1.13.0,0.87,0.0,0.13,0,2658
8373,jev-1.13.0,0.07333333333333335,0.0,0.9266666666666666,2,2646
8374,jev-1.13.0,0.6966666666666667,0.09999999999999999,0.20333333333333334,0,2630
8375,jev-1.13.0,1.0,0.0,0.0,0,2681
8376,jev-1.13.0,0.01,0.006666666666666667,0.9833333333333334,2,2642
8377,jev-1.13.0,0.13333333333333333,0.013333333333333334,0.8533333333333334,2,2627
8378,jev-1.13.0,0.09000000000000001,0.0,0.91,2,2649
8379,jev-1.13.0,0.8166666666666665,0.016666666666666666,0.16333333333333333,0,2661
8380,jev-1.13.0,0.14,0.17,0.69,2,2706
8381,jev-1.13.0,0.016666666666666666,0.0,0.9833333333333334,2,2622
8382,jev-1.13.0,0.14666666666666667,0.016666666666666666,0.8366666666666668,2,2648
8383,jev-1.13.0,0.45,0.023333333333333334,0.5266666666666667,2,2673
8384,jev-1.13.0,0.9733333333333333,0.02666666666666667,0.0,0,2695
8385,jev-1.13.0,0.7233333333333333,0.10666666666666667,0.17,0,2629
8386,jev-1.13.0,0.39333333333333337,0.013333333333333334,0.5933333333333333,2,2623
8387,jev-1.13.0,0.9833333333333334,0.01,0.006666666666666667,0,2625
8388,jev-1.13.0,0.14333333333333334,0.006666666666666667,0.85,2,2634
8389,jev-1.13.0,0.02666666666666667,0.0,0.9733333333333333,2,2623
8390,jev-1.13.0,0.10666666666666667,0.48,0.41333333333333333,1,2631
8391,jev-1.13.0,0.9633333333333333,0.0,0.036666666666666674,0,2617
8392,jev-1.13.0,0.96,0.0,0.04,0,2687
8393,jev-1.13.0,0.9033333333333333,0.09666666666666668,0.0,0,2638
8394,jev-1.13.0,0.9033333333333333,0.0,0.09666666666666668,0,2643
8395,jev-1.13.0,0.03333333333333333,0.0,0.9666666666666667,2,2627
8396,jev-1.13.0,0.59,0.01,0.4000000000000001,0,2670
8397,jev-1.13.0,0.7566666666666667,0.2333333333333333,0.01,0,2726
8398,jev-1.13.0,0.26333333333333336,0.0,0.7366666666666667,2,2714
8399,jev-1.13.0,0.9433333333333334,0.0,0.05666666666666667,0,2685
8400,jev-1.13.0,0.64,0.0033333333333333335,0.3566666666666667,0,2664
8401,jev-1.13.0,0.19333333333333336,0.02666666666666667,0.7799999999999999,2,2632
8402,jev-1.13.0,0.8666666666666667,0.0,0.13333333333333333,0,2652
8403,jev-1.13.0,0.09666666666666668,0.0,0.9033333333333333,2,2634
8404,jev-1.13.0,0.93,0.0,0.07,0,2648
8405,jev-1.13.0,0.7033333333333333,0.2966666666666667,0.0,0,2622
8406,jev-1.13.0,0.3166666666666667,0.0,0.6833333333333335,2,2630
8407,jev-1.13.0,0.9466666666666667,0.049999999999999996,0.0033333333333333335,0,2622
8408,jev-1.13.0,0.3566666666666667,0.05666666666666667,0.5866666666666666,2,2631
8409,jev-1.13.0,0.93,0.04,0.02666666666666667,0,2656
8410,jev-1.13.0,0.32,0.006666666666666667,0.6733333333333332,2,2621
8411,jev-1.13.0,0.01,0.0,0.9899999999999999,2,2687
8412,jev-1.13.0,0.5133333333333333,0.01,0.4766666666666666,0,2648
8413,jev-1.13.0,0.20333333333333334,0.006666666666666667,0.79,2,2622
8414,jev-1.13.0,0.4633333333333333,0.2866666666666667,0.25,0,2664
8415,jev-1.13.0,0.8933333333333334,0.0,0.10666666666666667,0,2622
8416,jev-1.13.0,0.43,0.01,0.5599999999999999,2,2649
8417,jev-1.13.0,0.8033333333333333,0.006666666666666667,0.19000000000000003,0,2643
8418,jev-1.13.0,0.7533333333333333,0.07,0.17666666666666667,0,2628
8419,jev-1.13.0,0.9566666666666667,0.01,0.03333333333333333,0,2632
8420,jev-1.13.0,0.6833333333333332,0.04666666666666667,0.27,0,2630
8421,jev-1.13.0,0.36000000000000004,0.07666666666666667,0.5633333333333334,2,2618
8422,jev-1.13.0,0.9833333333333334,0.0,0.016666666666666666,0,2647
8423,jev-1.13.0,0.16333333333333333,0.06333333333333334,0.7733333333333334,2,2647
8424,jev-1.13.0,0.24666666666666667,0.013333333333333334,0.7399999999999999,2,2634
8425,jev-1.13.0,0.9866666666666667,0.013333333333333334,0.0,0,2639
8426,jev-1.13.0,0.75,0.01,0.24,0,2615
8427,jev-1.13.0,0.07333333333333333,0.0,0.9266666666666667,2,2699
8428,jev-1.13.0,0.65,0.08666666666666667,0.26333333333333336,0,2647
8429,jev-1.13.0,0.43,0.16,0.41,0,2628
8430,jev-1.13.0,0.9833333333333334,0.006666666666666667,0.01,0,2626
8431,jev-1.13.0,0.7000000000000001,0.02,0.28,0,2642
8432,jev-1.13.0,0.06666666666666667,0.0,0.9333333333333332,2,2700
8433,jev-1.13.0,0.03333333333333333,0.0,0.9666666666666667,2,2771
8434,jev-1.13.0,0.52,0.2233333333333333,0.25666666666666665,0,2632
8435,jev-1.13.0,0.20666666666666667,0.013333333333333334,0.7799999999999999,2,2644
8436,jev-1.13.0,0.47333333333333333,0.02666666666666667,0.5,2,2640
8437,jev-1.13.0,0.9533333333333333,0.03333333333333333,0.013333333333333334,0,2664
8438,jev-1.13.0,0.13,0.0,0.87,2,2655
8439,jev-1.13.0,0.0,0.0,1.0,2,2930
8440,jev-1.13.0,0.5333333333333333,0.33,0.1366666666666667,0,2615
8441,jev-1.13.0,0.14,0.006666666666666667,0.8533333333333334,2,2630
8442,jev-1.13.0,1.0,0.0,0.0,0,2626
8443,jev-1.13.0,0.71,0.01,0.27999999999999997,0,2624
8444,jev-1.13.0,0.9966666666666667,0.0,0.0033333333333333335,0,2642
8445,jev-1.13.0,0.09000000000000001,0.013333333333333334,0.8966666666666666,2,2655
8446,jev-1.13.0,0.0033333333333333335,0.03666666666666667,0.96,2,2649
8447,jev-1.13.0,0.023333333333333334,0.006666666666666667,0.9700000000000001,2,2621
8448,jev-1.13.0,0.18000000000000002,0.006666666666666667,0.8133333333333334,2,2641
8449,jev-1.13.0,0.9933333333333333,0.0,0.006666666666666667,0,2626
8450,jev-1.13.0,0.01,0.0,0.9899999999999999,2,2630
8451,jev-1.13.0,0.33666666666666667,0.013333333333333334,0.65,2,2630
8452,jev-1.13.0,0.24,0.03333333333333333,0.7266666666666667,2,2624
8453,jev-1.13.0,0.7066666666666667,0.030000000000000002,0.26333333333333336,0,2640
8454,jev-1.13.0,0.02,0.0,0.98,2,2617
8455,jev-1.13.0,0.7766666666666667,0.16666666666666666,0.05666666666666667,0,2620
8456,jev-1.13.0,0.006666666666666667,0.0033333333333333335,0.9899999999999999,2,2629
8457,jev-1.13.0,0.9766666666666666,0.01,0.013333333333333334,0,2632
8458,jev-1.13.0,0.7433333333333333,0.049999999999999996,0.20666666666666667,0,2645
8459,jev-1.13.0,1.0,0.0,0.0,0,2639
8460,jev-1.13.0,0.0,0.006666666666666667,0.9933333333333333,2,2621
8461,jev-1.13.0,0.01,0.0,0.9899999999999999,2,2620
8462,jev-1.13.0,0.44333333333333336,0.043333333333333335,0.5133333333333333,2,2618
8463,jev-1.13.0,0.8266666666666667,0.030000000000000002,0.14,0,2633
8464,jev-1.13.0,0.9700000000000001,0.03,0.0,0,2624
8465,jev-1.13.0,0.01,0.0,0.9899999999999999,2,2622
8466,jev-1.13.0,0.8233333333333333,0.10333333333333333,0.07333333333333335,0,2616
8467,jev-1.13.0,0.5533333333333332,0.43999999999999995,0.006666666666666667,0,2613
8468,jev-1.13.0,0.2833333333333333,0.06666666666666667,0.65,2,2627
8469,jev-1.13.0,0.03,0.0,0.9700000000000001,2,2630
8470,jev-1.13.0,0.5499999999999999,0.15666666666666665,0.2933333333333334,0,2624
8471,jev-1.13.0,0.02,0.98,0.0,1,2615
8472,jev-1.13.0,0.47666666666666674,0.05000000000000001,0.47333333333333333,0,2635
8473,jev-1.13.0,0.6999999999999998,0.0,0.3,0,2630
8474,jev-1.13.0,0.5733333333333334,0.05333333333333334,0.3733333333333333,0,2617
8475,jev-1.13.0,0.02,0.0,0.98,2,2679
8476,jev-1.13.0,0.016666666666666666,0.9833333333333334,0.0,1,2613
8477,jev-1.13.0,0.4633333333333334,0.013333333333333334,0.5233333333333333,2,2625
8478,jev-1.13.0,0.25333333333333335,0.013333333333333334,0.7333333333333334,2,2636
8479,jev-1.13.0,0.0033333333333333335,0.9966666666666667,0.0,1,2618
8480,jev-1.13.0,0.4533333333333333,0.006666666666666667,0.54,2,2646
8481,jev-1.13.0,0.43333333333333335,0.33,0.23666666666666666,0,2651
8482,jev-1.13.0,0.07666666666666666,0.0033333333333333335,0.92,2,2643
8483,jev-1.13.0,0.9066666666666667,0.0,0.09333333333333332,0,2624
8484,jev-1.13.0,0.5499999999999999,0.043333333333333335,0.4066666666666667,0,2622
8485,jev-1.13.0,0.7133333333333333,0.0,0.2866666666666667,0,2621
8486,jev-1.13.0,0.0,0.0,1.0,2,2698
8487,jev-1.13.0,0.9833333333333334,0.0,0.016666666666666666,0,2629
8488,jev-1.13.0,0.62,0.0,0.37999999999999995,0,2646
8489,jev-1.13.0,0.35000000000000003,0.006666666666666667,0.6433333333333334,2,2642
8490,jev-1.13.0,1.0,0.0,0.0,0,2620
8491,jev-1.13.0,0.0,0.9933333333333333,0.006666666666666667,1,2657
8492,jev-1.13.0,0.13333333333333333,0.7799999999999999,0.08666666666666667,1,2683
8493,jev-1.13.0,0.4066666666666667,0.04666666666666666,0.5466666666666667,2,2653
8494,jev-1.13.0,0.0,0.9966666666666667,0.0033333333333333335,1,2628
8495,jev-1.13.0,0.5800000000000001,0.1366666666666667,0.2833333333333334,0,2626
8496,jev-1.13.0,0.013333333333333334,0.96,0.02666666666666667,1,2621
8497,jev-1.13.0,0.6466666666666666,0.03666666666666667,0.31666666666666665,0,2622
8498,jev-1.13.0,0.77,0.0033333333333333335,0.22666666666666666,0,2635
8499,jev-1.13.0,0.31666666666666665,0.02666666666666667,0.6566666666666666,2,2636
8500,jev-1.13.0,0.9666666666666667,0.0,0.03333333333333333,0,2667
8501,jev-1.13.0,0.9766666666666666,0.0,0.023333333333333334,0,2624
8502,jev-1.13.0,0.08333333333333333,0.13333333333333333,0.7833333333333333,2,2672
8503,jev-1.13.0,0.0,0.0,1.0,2,2643
8504,jev-1.13.0,0.8733333333333334,0.0,0.12666666666666668,0,2633
8505,jev-1.13.0,0.06333333333333334,0.93,0.006666666666666667,1,2642
8506,jev-1.13.0,1.0,0.0,0.0,0,2614
8507,jev-1.13.0,0.0,1.0,0.0,1,2638
8508,jev-1.13.0,0.09333333333333332,0.0,0.9066666666666667,2,2677
8509,jev-1.13.0,0.8933333333333334,0.03333333333333333,0.07333333333333333,0,2636
8510,jev-1.13.0,0.0033333333333333335,0.98,0.016666666666666666,1,2634
8511,jev-1.13.0,0.01,0.0,0.9899999999999999,2,2821
8512,jev-1.13.0,0.7266666666666667,0.01,0.26333333333333336,0,2627
8513,jev-1.13.0,0.42333333333333334,0.49333333333333335,0.08333333333333333,1,2629
8514,jev-1.13.0,0.0,1.0,0.0,1,2638
8515,jev-1.13.0,0.7266666666666667,0.02666666666666667,0.24666666666666667,0,2624
8516,jev-1.13.0,0.9366666666666666,0.05000000000000001,0.013333333333333334,0,2656
8517,jev-1.13.0,0.0033333333333333335,0.0,0.9966666666666667,2,2683
8518,jev-1.13.0,0.92,0.0,0.08,0,2646
8519,jev-1.13.0,0.51,0.023333333333333334,0.4666666666666666,0,2631
8520,jev-1.13.0,0.9366666666666666,0.023333333333333334,0.04,0,2614
8521,jev-1.13.0,0.13,0.7633333333333333,0.10666666666666667,1,2625
8522,jev-1.13.0,0.6666666666666666,0.0,0.3333333333333333,0,2661
8523,jev-1.13.0,0.96,0.013333333333333334,0.02666666666666667,0,2623
8524,jev-1.13.0,0.10333333333333333,0.8766666666666666,0.02,1,2622
8525,jev-1.13.0,0.62,0.3466666666666667,0.03333333333333333,0,2669
8526,jev-1.13.0,0.7766666666666667,0.14333333333333334,0.08,0,2691
8527,jev-1.13.0,0.27666666666666667,0.006666666666666667,0.7166666666666668,2,2639
8528,jev-1.13.0,0.03666666666666667,0.9633333333333333,0.0,1,2623
8529,jev-1.13.0,0.69,0.25666666666666665,0.05333333333333334,0,2642
8530,jev-1.13.0,0.9766666666666666,0.0033333333333333335,0.02,0,2637
8531,jev-1.13.0,0.9833333333333334,0.0,0.016666666666666666,0,2626
8532,jev-1.13.0,0.5233333333333333,0.13333333333333333,0.3433333333333333,0,2632
8533,jev-1.13.0,0.4166666666666667,0.5466666666666666,0.036666666666666674,1,2624
8534,jev-1.13.0,0.31,0.0,0.69,2,2632
8535,jev-1.13.0,0.9433333333333334,0.030000000000000002,0.02666666666666667,0,2669
8536,jev-1.13.0,0.13333333333333333,0.8666666666666667,0.0,1,2621
8537,jev-1.13.0,0.0,1.0,0.0,1,2642
8538,jev-1.13.0,0.98,0.0,0.02,0,2629
8539,jev-1.13.0,0.6066666666666666,0.0,0.39333333333333337,0,2644
8540,jev-1.13.0,0.93,0.0,0.07,0,2673
8541,jev-1.13.0,0.9833333333333334,0.0,0.016666666666666666,0,2632
8542,jev-1.13.0,1.0,0.0,0.0,0,2631
8543,jev-1.13.0,0.19666666666666666,0.67,0.13333333333333333,1,2617
8544,jev-1.13.0,0.49333333333333335,0.060000000000000005,0.4466666666666666,0,2621
8545,jev-1.13.0,0.9766666666666666,0.0033333333333333335,0.02,0,2627
8546,jev-1.13.0,0.8166666666666668,0.17,0.013333333333333334,0,2628
8547,jev-1.13.0,0.41,0.006666666666666667,0.5833333333333334,2,2659
8548,jev-1.13.0,0.06666666666666667,0.16,0.7733333333333333,2,2627
8549,jev-1.13.0,0.9933333333333333,0.0,0.006666666666666667,0,2643
8550,jev-1.13.0,0.39666666666666667,0.03666666666666667,0.5666666666666668,2,2663
8551,jev-1.13.0,0.7766666666666667,0.12333333333333334,0.10000000000000002,0,2623
8552,jev-1.13.0,0.7999999999999999,0.01,0.19000000000000003,0,2639
8553,jev-1.13.0,0.02,0.0,0.98,2,2714
8554,jev-1.13.0,0.006666666666666667,0.0,0.9933333333333333,2,2656
8555,jev-1.13.0,0.9400000000000001,0.0,0.06,0,2631
8556,jev-1.13.0,0.30666666666666664,0.0033333333333333335,0.69,2,2620
8557,jev-1.13.0,0.41,0.0,0.59,2,2714
8558,jev-1.13.0,0.16333333333333333,0.006666666666666667,0.8300000000000001,2,2623
8559,jev-1.13.0,0.6999999999999998,0.15,0.15,0,2620
8560,jev-1.13.0,0.38000000000000006,0.016666666666666666,0.6033333333333334,2,2625
8561,jev-1.13.0,0.8866666666666667,0.0,0.11333333333333333,0,2634
8562,jev-1.13.0,0.43,0.14666666666666664,0.42333333333333334,0,2635
8563,jev-1.13.0,0.43,0.02,0.5499999999999999,2,2625
8564,jev-1.13.0,0.39666666666666667,0.06999999999999999,0.5333333333333333,2,2631
8565,jev-1.13.0,0.7399999999999999,0.03333333333333333,0.22666666666666666,0,2623
8566,jev-1.13.0,0.26333333333333336,0.013333333333333334,0.7233333333333333,2,2621
8567,jev-1.13.0,0.9466666666666667,0.0033333333333333335,0.049999999999999996,0,2619
8568,jev-1.13.0,0.5666666666666665,0.0,0.43333333333333335,0,2638
8569,jev-1.13.0,0.27666666666666667,0.0,0.7233333333333333,2,2696
8570,jev-1.13.0,0.2833333333333334,0.0,0.7166666666666667,2,2683
8571,jev-1.13.0,0.32666666666666666,0.27,0.4033333333333333,2,2622
8572,jev-1.13.0,0.5199999999999999,0.11,0.36999999999999994,0,2637
8573,jev-1.13.0,0.28,0.1366666666666667,0.5833333333333334,2,2625
8574,jev-1.13.0,0.0,0.0,1.0,2,2673
8575,jev-1.13.0,0.9733333333333333,0.0033333333333333335,0.023333333333333334,0,2617
8576,jev-1.13.0,1.0,0.0,0.0,0,2664
8577,jev-1.13.0,0.01,0.0,0.9899999999999999,2,2704
8578,jev-1.13.0,0.31666666666666665,0.013333333333333334,0.6699999999999999,2,2640
8579,jev-1.13.0,0.9833333333333334,0.0,0.016666666666666666,0,2623
8580,jev-1.13.0,0.18000000000000002,0.0,0.82,2,2659
8581,jev-1.13.0,0.4466666666666667,0.07,0.48333333333333334,2,2638
8582,jev-1.13.0,1.0,0.0,0.0,0,2630
8583,jev-1.13.0,0.0,0.9966666666666667,0.0033333333333333335,1,2628
8584,jev-1.13.0,0.5733333333333334,0.056666666666666664,0.36999999999999994,0,2622
8585,jev-1.13.0,0.9466666666666667,0.03333333333333333,0.02,0,2624
8586,jev-1.13.0,0.5966666666666667,0.3233333333333333,0.08,0,2632
8587,jev-1.13.0,0.02,0.0,0.98,2,2661
8588,jev-1.13.0,0.25666666666666665,0.013333333333333334,0.73,2,2641
8589,jev-1.13.0,0.01,0.0,0.9899999999999999,2,2652
8590,jev-1.13.0,1.0,0.0,0.0,0,2653
8591,jev-1.13.0,0.0,0.0,1.0,2,2698
8592,jev-1.13.0,0.0,0.0,1.0,2,2667
8593,jev-1.13.0,0.05666666666666667,0.0,0.9433333333333334,2,2744
8594,jev-1.13.0,0.0,1.0,0.0,1,2614
8595,jev-1.13.0,0.03,0.0,0.9700000000000001,2,2668
8596,jev-1.13.0,0.41333333333333333,0.006666666666666667,0.5800000000000001,2,2623
8597,jev-1.13.0,0.9899999999999999,0.0,0.01,0,2628
8598,jev-1.13.0,0.82,0.09999999999999999,0.08,0,2624
8599,jev-1.13.0,0.35666666666666663,0.5733333333333334,0.07,1,2627
8600,jev-1.13.0,0.35999999999999993,0.25,0.38999999999999996,2,2630
8601,jev-1.13.0,0.9499999999999998,0.0,0.05000000000000001,0,2659
8602,jev-1.13.0,0.12,0.0,0.88,2,2701
8603,jev-1.13.0,0.0,0.0,1.0,2,2808
8604,jev-1.13.0,0.8333333333333334,0.02333333333333333,0.14333333333333334,0,2636
8605,jev-1.13.0,0.34,0.016666666666666666,0.6433333333333334,2,2683
8606,jev-1.13.0,0.68,0.3166666666666667,0.0033333333333333335,0,2619
8607,jev-1.13.0,0.3133333333333333,0.6766666666666666,0.01,1,2627
8608,jev-1.13.0,0.5833333333333334,0.013333333333333334,0.4033333333333333,0,2650
8609,jev-1.13.0,0.61,0.030000000000000002,0.36000000000000004,0,2626
8610,jev-1.13.0,0.0,0.0,1.0,2,2622
8611,jev-1.13.0,0.41,0.016666666666666666,0.5733333333333333,2,2621
8612,jev-1.13.0,0.93,0.0,0.07,0,2642
8613,jev-1.13.0,0.7000000000000001,0.02333333333333333,0.27666666666666667,0,2646
8614,jev-1.13.0,0.11333333333333333,0.0033333333333333335,0.8833333333333333,2,2652
8615,jev-1.13.0,0.4533333333333333,0.19333333333333336,0.35333333333333333,0,2637
8616,jev-1.13.0,0.5066666666666667,0.36000000000000004,0.13333333333333333,0,2622
8617,jev-1.13.0,0.7133333333333334,0.02333333333333333,0.26333333333333336,0,2621
8618,jev-1.13.0,0.20666666666666667,0.43999999999999995,0.35333333333333333,1,2679
8619,jev-1.13.0,0.9666666666666667,0.02666666666666667,0.006666666666666667,0,2619
8620,jev-1.13.0,0.09000000000000001,0.01,0.9,2,2650
8621,jev-1.13.0,0.006666666666666667,0.12,0.8733333333333334,2,2696
8622,jev-1.13.0,1.0,0.0,0.0,0,2619
8623,jev-1.13.0,0.15666666666666665,0.03,0.8133333333333334,2,2649
8624,jev-1.13.0,0.24,0.22666666666666666,0.5333333333333333,2,2632
8625,jev-1.13.0,0.6333333333333333,0.25333333333333335,0.11333333333333333,0,2620
8626,jev-1.13.0,0.5966666666666667,0.09000000000000001,0.3133333333333333,0,2631
8627,jev-1.13.0,0.84,0.0,0.16,0,2637
8628,jev-1.13.0,0.9333333333333335,0.0,0.06666666666666667,0,2648
8629,jev-1.13.0,0.7133333333333334,0.19000000000000003,0.09666666666666668,0,2620
8630,jev-1.13.0,0.0,0.0,1.0,2,2615
8631,jev-1.13.0,0.2233333333333333,0.0,0.7766666666666667,2,2637
8632,jev-1.13.0,0.30000000000000004,0.0033333333333333335,0.6966666666666667,2,2634
8633,jev-1.13.0,0.33666666666666667,0.0,0.6633333333333332,2,2636
8634,jev-1.13.0,0.9466666666666667,0.02666666666666667,0.02666666666666667,0,2633
8635,jev-1.13.0,0.19999999999999998,0.20333333333333334,0.5966666666666667,2,2649
8636,jev-1.13.0,0.5933333333333334,0.0,0.40666666666666673,0,2622
8637,jev-1.13.0,0.3666666666666667,0.13333333333333333,0.5,2,2627
8638,jev-1.13.0,0.39999999999999997,0.013333333333333334,0.5866666666666667,2,2639
8639,jev-1.13.0,0.9899999999999999,0.0,0.01,0,2628
8640,jev-1.13.0,0.41,0.013333333333333334,0.5766666666666667,2,2625
8641,jev-1.13.0,0.9866666666666667,0.0,0.013333333333333334,0,2627
8642,jev-1.13.0,0.93,0.0,0.07,0,2644
8643,jev-1.13.0,0.9733333333333333,0.02,0.006666666666666667,0,2621
8644,jev-1.13.0,0.03,0.0,0.9700000000000001,2,2630
8645,jev-1.13.0,0.02,0.0,0.98,2,2673
8646,jev-1.13.0,0.6699999999999999,0.060000000000000005,0.27,0,2623
8647,jev-1.13.0,0.0,0.0,1.0,2,2699
8648,jev-1.13.0,0.01,0.0,0.9899999999999999,2,2662
8649,jev-1.13.0,0.19000000000000003,0.0,0.8099999999999999,2,2681
8650,jev-1.13.0,0.5733333333333333,0.006666666666666667,0.42,0,2616
8651,jev-1.13.0,0.65,0.0,0.35000000000000003,0,2652
8652,jev-1.13.0,0.8766666666666666,0.0,0.12333333333333334,0,2643
8653,jev-1.13.0,0.1366666666666667,0.0,0.8633333333333333,2,2759
8654,jev-1.13.0,0.31000000000000005,0.0033333333333333335,0.6866666666666666,2,2653
8655,jev-1.13.0,1.0,0.0,0.0,0,2635
8656,jev-1.13.0,0.5266666666666667,0.01,0.4633333333333334,0,2625
8657,jev-1.13.0,0.24333333333333332,0.0,0.7566666666666667,2,2641
8658,jev-1.13.0,0.07333333333333335,0.0,0.9266666666666666,2,2699
8659,jev-1.13.0,0.0,0.0033333333333333335,0.9966666666666667,2,2751
8660,jev-1.13.0,0.3,0.016666666666666666,0.6833333333333332,2,2674
8661,jev-1.13.0,0.81,0.03666666666666667,0.15333333333333335,0,2625
8662,jev-1.13.0,0.9533333333333333,0.01,0.036666666666666674,0,2619
8663,jev-1.13.0,0.04,0.0,0.96,2,2631
8664,jev-1.13.0,0.6466666666666666,0.3433333333333333,0.01,0,2616
8665,jev-1.13.0,0.59,0.02,0.38999999999999996,0,2617
8666,jev-1.13.0,0.013333333333333334,0.0,0.9866666666666667,2,2635
8667,jev-1.13.0,0.02,0.0,0.98,2,2678
8668,jev-1.13.0,0.38000000000000006,0.013333333333333334,0.6066666666666666,2,2613
8669,jev-1.13.0,0.6833333333333332,0.0,0.31666666666666665,0,2661
8670,jev-1.13.0,0.86,0.0,0.14,0,2624
8671,jev-1.13.0,0.2833333333333334,0.18000000000000002,0.5366666666666667,2,2671
8672,jev-1.13.0,1.0,0.0,0.0,0,2649
8673,jev-1.13.0,0.6,0.013333333333333334,0.3866666666666667,0,2633
8674,jev-1.13.0,0.39666666666666667,0.0033333333333333335,0.6,2,2616
8675,jev-1.13.0,0.6966666666666667,0.0033333333333333335,0.3,0,2679
8676,jev-1.13.0,0.89,0.016666666666666666,0.09333333333333334,0,2625
8677,jev-1.13.0,0.01,0.9899999999999999,0.0,1,2639
8678,jev-1.13.0,0.8133333333333334,0.0,0.18666666666666668,0,2650
8679,jev-1.13.0,0.26,0.01,0.73,2,2642
8680,jev-1.13.0,0.42,0.006666666666666667,0.5733333333333334,2,2628
8681,jev-1.13.0,0.7266666666666667,0.09333333333333334,0.18000000000000002,0,2621
8682,jev-1.13.0,0.9700000000000001,0.03,0.0,0,2658
8683,jev-1.13.0,0.17333333333333334,0.02,0.8066666666666666,2,2631
8684,jev-1.13.0,0.9866666666666667,0.0,0.013333333333333334,0,2633
8685,jev-1.13.0,0.28,0.0,0.7200000000000001,2,2639
8686,jev-1.13.0,0.20333333333333334,0.0,0.7966666666666667,2,2699
8687,jev-1.13.0,0.5933333333333334,0.37666666666666665,0.03,0,2616
8688,jev-1.13.0,0.26,0.08666666666666667,0.6533333333333333,2,2645
8689,jev-1.13.0,0.7966666666666667,0.19666666666666666,0.006666666666666667,0,2631
8690,jev-1.13.0,0.6733333333333333,0.0,0.32666666666666666,0,2664
8691,jev-1.13.0,0.30000000000000004,0.2066666666666667,0.49333333333333335,2,2658
8692,jev-1.13.0,0.07333333333333333,0.0,0.9266666666666666,2,2663
8693,jev-1.13.0,0.65,0.01,0.34,0,2625
8694,jev-1.13.0,0.013333333333333334,0.0,0.9866666666666667,2,2645
8695,jev-1.13.0,0.0,0.0,1.0,2,2798
8696,jev-1.13.0,0.08333333333333333,0.03333333333333333,0.8833333333333333,2,2662
8697,jev-1.13.0,0.0,1.0,0.0,1,2619
8698,jev-1.13.0,0.6766666666666666,0.0033333333333333335,0.32,0,2640
8699,jev-1.13.0,1.0,0.0,0.0,0,2618
8700,jev-1.13.0,0.07,0.0,0.93,2,2645
8701,jev-1.13.0,0.9466666666666667,0.0,0.05333333333333334,0,2663
8702,jev-1.13.0,0.049999999999999996,0.0,0.9499999999999998,2,2620
8703,jev-1.13.0,0.4333333333333333,0.14333333333333334,0.42333333333333334,0,2621
8704,jev-1.13.0,0.64,0.016666666666666666,0.3433333333333333,0,2644
8705,jev-1.13.0,0.9666666666666667,0.0,0.03333333333333333,0,2646
8706,jev-1.13.0,0.1366666666666667,0.0,0.8633333333333333,2,2632
8707,jev-1.13.0,0.5766666666666667,0.19333333333333333,0.22999999999999998,0,2734
8708,jev-1.13.0,0.12,0.18000000000000002,0.7000000000000001,2,2654
8709,jev-1.13.0,0.02666666666666667,0.0,0.9733333333333333,2,2651
8710,jev-1.13.0,0.23,0.0,0.77,2,2616
8711,jev-1.13.0,0.03,0.9633333333333333,0.006666666666666667,1,2640
8712,jev-1.13.0,0.01,0.9700000000000001,0.02,1,2640
8713,jev-1.13.0,0.11,0.0,0.89,2,2632
8714,jev-1.13.0,0.8133333333333334,0.04666666666666667,0.14,0,2632
8715,jev-1.13.0,0.5633333333333334,0.05333333333333334,0.3833333333333333,0,2637
8716,jev-1.13.0,0.043333333333333335,0.6699999999999999,0.2866666666666667,1,2627
8717,jev-1.13.0,0.22999999999999998,0.0033333333333333335,0.7666666666666666,2,2629
8718,jev-1.13.0,0.35333333333333333,0.0,0.6466666666666666,2,2649
8719,jev-1.13.0,0.09333333333333332,0.0,0.9066666666666667,2,2646
8720,jev-1.13.0,0.5066666666666667,0.04666666666666667,0.4466666666666667,0,2617
8721,jev-1.13.0,0.26333333333333336,0.01,0.7266666666666666,2,2737
8722,jev-1.13.0,0.8733333333333334,0.0033333333333333335,0.12333333333333334,0,2647
8723,jev-1.13.0,0.0,0.0033333333333333335,0.9966666666666667,2,2634
8724,jev-1.13.0,0.6233333333333332,0.09333333333333334,0.2833333333333334,0,2619
8725,jev-1.13.0,0.06666666666666667,0.30333333333333334,0.63,2,2643
8726,jev-1.13.0,0.8933333333333334,0.01,0.09666666666666668,0,2643
8727,jev-1.13.0,0.8633333333333333,0.0,0.1366666666666667,0,2700
8728,jev-1.13.0,0.73,0.19999999999999998,0.07,0,2626
8729,jev-1.13.0,0.9566666666666667,0.0,0.043333333333333335,0,2614
8730,jev-1.13.0,0.48333333333333334,0.01,0.5066666666666667,2,2631
8731,jev-1.13.0,0.16,0.01,0.8300000000000001,2,2615
8732,jev-1.13.0,0.4466666666666667,0.5533333333333333,0.0,1,2626
8733,jev-1.13.0,0.7433333333333333,0.02333333333333333,0.2333333333333333,0,2628
8734,jev-1.13.0,0.8066666666666666,0.08,0.11333333333333333,0,2625
8735,jev-1.13.0,0.08666666666666667,0.02666666666666667,0.8866666666666667,2,2637
8736,jev-1.13.0,0.0,1.0,0.0,1,2615
8737,jev-1.13.0,0.49333333333333335,0.013333333333333334,0.49333333333333335,0,2641
8738,jev-1.13.0,0.9066666666666667,0.04,0.05333333333333334,0,2638
8739,jev-1.13.0,0.013333333333333334,0.0,0.9866666666666667,2,2648
8740,jev-1.13.0,0.16,0.0,0.84,2,2630
8741,jev-1.13.0,0.006666666666666667,0.0,0.9933333333333333,2,2630
8742,jev-1.13.0,0.0,1.0,0.0,1,2671
8743,jev-1.13.0,0.04666666666666667,0.16333333333333333,0.79,2,2894
8744,jev-1.13.0,0.0,0.0,1.0,2,2673
8745,jev-1.13.0,0.03,0.0,0.9700000000000001,2,2646
8746,jev-1.13.0,0.91,0.016666666666666666,0.07333333333333333,0,2625
8747,jev-1.13.0,0.03333333333333333,0.8333333333333334,0.13333333333333333,1,2616
8748,jev-1.13.0,0.023333333333333334,0.9766666666666666,0.0,1,2616
8749,jev-1.13.0,0.8833333333333333,0.01,0.10666666666666667,0,2946
8750,jev-1.13.0,0.9966666666666667,0.0,0.0033333333333333335,0,2654
8751,jev-1.13.0,0.09333333333333334,0.0033333333333333335,0.9033333333333333,2,2632
8752,jev-1.13.0,0.6900000000000001,0.09666666666666668,0.21333333333333335,0,2630
8753,jev-1.13.0,0.9933333333333333,0.0,0.006666666666666667,0,2623
8754,jev-1.13.0,0.9700000000000001,0.03,0.0,0,2680
8755,jev-1.13.0,0.9166666666666666,0.04666666666666667,0.03666666666666667,0,2620
8756,jev-1.13.0,0.6133333333333333,0.030000000000000002,0.3566666666666667,0,2635
8757,jev-1.13.0,0.16666666666666666,0.0,0.8333333333333334,2,2674
8758,jev-1.13.0,0.5033333333333333,0.3733333333333333,0.12333333333333334,0,2621
8759,jev-1.13.0,0.013333333333333334,0.6866666666666666,0.30000000000000004,1,2640
8760,jev-1.13.0,0.14333333333333334,0.05333333333333334,0.8033333333333333,2,2636
8761,jev-1.13.0,0.05000000000000001,0.9499999999999998,0.0,1,2617
8762,jev-1.13.0,0.7533333333333333,0.006666666666666667,0.24,0,2640
8763,jev-1.13.0,0.0,0.01,0.9899999999999999,2,2630
8764,jev-1.13.0,1.0,0.0,0.0,0,2641
8765,jev-1.13.0,0.7566666666666667,0.0,0.24333333333333332,0,2625
8766,jev-1.13.0,0.6733333333333333,0.04,0.2866666666666667,0,2615
8767,jev-1.13.0,0.9766666666666666,0.0,0.023333333333333334,0,2662
8768,jev-1.13.0,0.12,0.8733333333333334,0.006666666666666667,1,2620
8769,jev-1.13.0,0.8733333333333334,0.05333333333333334,0.07333333333333335,0,2634
8770,jev-1.13.0,0.24333333333333332,0.02,0.7366666666666667,2,2628
8771,jev-1.13.0,0.59,0.04666666666666667,0.36333333333333334,0,2635
8772,jev-1.13.0,0.16,0.06666666666666667,0.7733333333333334,2,2623
8773,jev-1.13.0,0.4266666666666667,0.023333333333333334,0.5499999999999999,2,2629
8774,jev-1.13.0,0.56,0.01,0.42999999999999994,0,2640
8775,jev-1.13.0,0.69,0.0,0.31,0,2760
8776,jev-1.13.0,0.86,0.0,0.14,0,2636
8777,jev-1.13.0,0.09333333333333334,0.0,0.9066666666666667,2,2651
8778,jev-1.13.0,0.5333333333333333,0.22666666666666668,0.24,0,2636
8779,jev-1.13.0,0.4366666666666667,0.5366666666666666,0.02666666666666667,1,2623
8780,jev-1.13.0,0.9866666666666667,0.0,0.013333333333333334,0,2645
8781,jev-1.13.0,0.14666666666666667,0.8433333333333334,0.01,1,2620
8782,jev-1.13.0,1.0,0.0,0.0,0,2621
8783,jev-1.13.0,0.6766666666666667,0.25666666666666665,0.06666666666666667,0,2624
8784,jev-1.13.0,0.02,0.016666666666666666,0.9633333333333333,2,2640
8785,jev-1.13.0,0.09666666666666666,0.84,0.06333333333333334,1,2621
8786,jev-1.13.0,0.09666666666666668,0.0,0.9033333333333333,2,2669
8787,jev-1.13.0,0.49333333333333335,0.49333333333333335,0.013333333333333334,0,2617
8788,jev-1.13.0,0.4066666666666667,0.35333333333333333,0.24,0,2622
8789,jev-1.13.0,0.0,0.0,1.0,2,2662
8790,jev-1.13.0,0.02,0.0,0.98,2,2728
8791,jev-1.13.0,0.0,0.0,1.0,2,2639
8792,jev-1.13.0,0.14333333333333334,0.0,0.8566666666666666,2,2651
8793,jev-1.13.0,0.03333333333333333,0.0,0.9666666666666667,2,2664
8794,jev-1.13.0,0.7766666666666667,0.02333333333333333,0.20000000000000004,0,2623
8795,jev-1.13.0,0.0,0.9833333333333334,0.016666666666666666,1,2623
8796,jev-1.13.0,0.5933333333333333,0.09999999999999999,0.3066666666666667,0,2667
8797,jev-1.13.0,0.73,0.04666666666666667,0.22333333333333336,0,2661
8798,jev-1.13.0,0.9666666666666667,0.0,0.03333333333333333,0,2630
8799,jev-1.13.0,0.8566666666666668,0.14333333333333334,0.0,0,2641
8800,jev-1.13.0,0.9866666666666667,0.006666666666666667,0.006666666666666667,0,2629
8801,jev-1.13.0,0.1466666666666667,0.01,0.8433333333333333,2,2627
8802,jev-1.13.0,0.8133333333333334,0.03666666666666666,0.15,0,2625
8803,jev-1.13.0,0.9266666666666667,0.0,0.07333333333333335,0,2624
8804,jev-1.13.0,0.58,0.4066666666666667,0.013333333333333334,0,2631
8805,jev-1.13.0,0.06666666666666667,0.0,0.9333333333333332,2,2622
8806,jev-1.13.0,0.4200000000000001,0.02666666666666667,0.5533333333333333,2,2623
8807,jev-1.13.0,0.4633333333333334,0.2733333333333333,0.26333333333333336,0,2616
8808,jev-1.13.0,0.8966666666666666,0.07333333333333333,0.03,0,2626
8809,jev-1.13.0,0.9666666666666667,0.013333333333333334,0.02,0,2625
8810,jev-1.13.0,0.0,0.0,1.0,2,2635
8811,jev-1.13.0,0.69,0.01,0.3,0,2621
8812,jev-1.13.0,0.0,0.0,1.0,2,2645
8813,jev-1.13.0,0.01,0.006666666666666667,0.9833333333333334,2,2844
8814,jev-1.13.0,1.0,0.0,0.0,0,2616
8815,jev-1.13.0,0.8099999999999999,0.03666666666666667,0.15333333333333335,0,2616
8816,jev-1.13.0,0.8966666666666666,0.0033333333333333335,0.09999999999999999,0,2637
8817,jev-1.13.0,0.3233333333333333,0.22666666666666668,0.45,2,2624
8818,jev-1.13.0,0.8966666666666666,0.0,0.10333333333333333,0,2615
8819,jev-1.13.0,0.49,0.0033333333333333335,0.5066666666666667,2,2627
8820,jev-1.13.0,0.5733333333333334,0.0,0.4266666666666667,0,2740
8821,jev-1.13.0,0.9633333333333333,0.0,0.03666666666666667,0,2628
8822,jev-1.13.0,0.8066666666666666,0.0,0.19333333333333336,0,2625
8823,jev-1.13.0,0.5299999999999999,0.01,0.45999999999999996,0,2627
8824,jev-1.13.0,0.9466666666666667,0.0,0.05333333333333334,0,2622
8825,jev-1.13.0,0.77,0.0,0.22999999999999998,0,2655
8826,jev-1.13.0,0.8633333333333333,0.0,0.1366666666666667,0,2635
8827,jev-1.13.0,1.0,0.0,0.0,0,2693
8828,jev-1.13.0,0.8033333333333333,0.056666666666666664,0.14,0,2631
8829,jev-1.13.0,0.6233333333333334,0.013333333333333334,0.3633333333333333,0,2644
8830,jev-1.13.0,0.9,0.03,0.07,0,2633
8831,jev-1.13.0,0.9766666666666666,0.0,0.023333333333333334,0,2633
8832,jev-1.13.0,0.68,0.02,0.30000000000000004,0,2648
8833,jev-1.13.0,0.62,0.0,0.38000000000000006,0,2655
8834,jev-1.13.0,0.52,0.0,0.48,0,2648
8835,jev-1.13.0,0.9899999999999999,0.01,0.0,0,3031
8836,jev-1.13.0,0.89,0.0,0.11,0,2627
8837,jev-1.13.0,0.43,0.030000000000000002,0.5399999999999999,2,2646
8838,jev-1.13.0,0.9733333333333333,0.006666666666666667,0.02,0,2615
8839,jev-1.13.0,1.0,0.0,0.0,0,2623
8840,jev-1.13.0,0.9700000000000001,0.0,0.03,0,2624
8841,jev-1.13.0,0.4466666666666666,0.0,0.5533333333333333,2,2787
8842,jev-1.13.0,0.9733333333333333,0.0033333333333333335,0.023333333333333334,0,2621
8843,jev-1.13.0,1.0,0.0,0.0,0,2629
8844,jev-1.13.0,0.0,0.0,1.0,2,2658
8845,jev-1.13.0,0.83,0.0,0.17,0,2647
8846,jev-1.13.0,0.2733333333333334,0.6166666666666666,0.11,1,2792
8847,jev-1.13.0,0.43333333333333335,0.0,0.5666666666666668,2,2728
8848,jev-1.13.0,0.6533333333333333,0.0,0.3466666666666667,0,2642
8849,jev-1.13.0,0.01,0.0,0.9899999999999999,2,2628
8850,jev-1.13.0,0.96,0.0,0.04,0,2638
8851,jev-1.13.0,0.33,0.006666666666666667,0.6633333333333334,2,2787
8852,jev-1.13.0,0.5466666666666667,0.0,0.45333333333333337,0,2721
8853,jev-1.13.0,0.5933333333333334,0.08,0.32666666666666666,0,2617
8854,jev-1.13.0,0.19666666666666668,0.09333333333333334,0.71,2,2657
8855,jev-1.13.0,0.09000000000000001,0.0,0.91,2,2663
8856,jev-1.13.0,0.12666666666666668,0.0,0.8733333333333334,2,2731
8857,jev-1.13.0,0.05333333333333334,0.4166666666666667,0.5299999999999999,2,2623
8858,jev-1.13.0,0.4566666666666666,0.0,0.5433333333333333,2,2645
8859,jev-1.13.0,0.39666666666666667,0.01,0.5933333333333333,2,2627
8860,jev-1.13.0,0.043333333333333335,0.0,0.9566666666666667,2,2637
8861,jev-1.13.0,0.9400000000000001,0.0,0.060000000000000005,0,2632
8862,jev-1.13.0,0.006666666666666667,0.006666666666666667,0.9866666666666667,2,2622
8863,jev-1.13.0,0.7533333333333333,0.08333333333333333,0.16333333333333333,0,2627
8864,jev-1.13.0,0.9933333333333333,0.0,0.006666666666666667,0,2640
8865,jev-1.13.0,0.77,0.0,0.22999999999999998,0,2777
8866,jev-1.13.0,0.06,0.0,0.94,2,2618
8867,jev-1.13.0,0.016666666666666666,0.9833333333333334,0.0,1,2643
8868,jev-1.13.0,0.5533333333333333,0.0,0.4466666666666667,0,2674
8869,jev-1.13.0,1.0,0.0,0.0,0,2674
8870,jev-1.13.0,0.02333333333333333,0.0,0.9766666666666666,2,2665
8871,jev-1.13.0,0.7233333333333333,0.0,0.27666666666666667,0,2664
8872,jev-1.13.0,0.06,0.0033333333333333335,0.9366666666666666,2,2632
8873,jev-1.13.0,0.8133333333333334,0.09000000000000001,0.09666666666666668,0,2636
8874,jev-1.13.0,0.5933333333333333,0.0,0.4066666666666667,0,2632
8875,jev-1.13.0,0.006666666666666667,0.0,0.9933333333333333,2,2910
8876,jev-1.13.0,0.5800000000000001,0.01,0.41,0,2630
8877,jev-1.13.0,0.24333333333333332,0.08,0.6766666666666666,2,2711
8878,jev-1.13.0,0.4166666666666667,0.0,0.5833333333333334,2,2662
8879,jev-1.13.0,0.006666666666666667,0.0,0.9933333333333333,2,2756
8880,jev-1.13.0,0.0033333333333333335,0.0,0.9966666666666667,2,2627
8881,jev-1.13.0,0.22333333333333336,0.18333333333333335,0.5933333333333334,2,2616
8882,jev-1.13.0,1.0,0.0,0.0,0,2633
8883,jev-1.13.0,0.65,0.1433333333333333,0.2066666666666667,0,2625
8884,jev-1.13.0,0.0,0.0,1.0,2,2640
8885,jev-1.13.0,0.0,0.0,1.0,2,2643
8886,jev-1.13.0,0.58,0.3066666666666667,0.11333333333333333,0,2622
8887,jev-1.13.0,0.30666666666666664,0.01,0.6833333333333332,2,2664
8888,jev-1.13.0,0.41333333333333333,0.043333333333333335,0.5433333333333333,2,2637
8889,jev-1.13.0,0.1366666666666667,0.0033333333333333335,0.86,2,2838
8890,jev-1.13.0,0.7033333333333335,0.0,0.2966666666666667,0,2662
8891,jev-1.13.0,0.0,0.01,0.9899999999999999,2,2675
8892,jev-1.13.0,1.0,0.0,0.0,0,2638
8893,jev-1.13.0,0.13,0.7766666666666667,0.09333333333333334,1,2629
8894,jev-1.13.0,0.0,0.0,1.0,2,2675
8895,jev-1.13.0,0.35000000000000003,0.5033333333333333,0.1466666666666667,1,2616
8896,jev-1.13.0,0.7533333333333333,0.043333333333333335,0.20333333333333334,0,2629
8897,jev-1.13.0,0.4066666666666667,0.0,0.5933333333333333,2,2676
8898,jev-1.13.0,0.9,0.02666666666666667,0.07333333333333333,0,2619
8899,jev-1.13.0,0.8066666666666666,0.049999999999999996,0.14333333333333334,0,2617
8900,jev-1.13.0,0.8099999999999999,0.0,0.19000000000000003,0,2644
8901,jev-1.13.0,0.06333333333333334,0.9366666666666666,0.0,1,2618
8902,jev-1.13.0,0.71,0.03666666666666667,0.25333333333333335,0,2615
8903,jev-1.13.0,0.37333333333333335,0.006666666666666667,0.62,2,2683
8904,jev-1.13.0,0.5933333333333334,0.0,0.40666666666666673,0,2627
8905,jev-1.13.0,0.0,0.0,1.0,2,2615
8906,jev-1.13.0,0.4033333333333333,0.01,0.5866666666666667,2,2628
8907,jev-1.13.0,0.6,0.0,0.39999999999999997,0,2734
8908,jev-1.13.0,0.3033333333333333,0.01,0.6866666666666666,2,2631
8909,jev-1.13.0,0.8433333333333334,0.023333333333333334,0.13333333333333333,0,2635
8910,jev-1.13.0,0.013333333333333334,0.14333333333333334,0.8433333333333333,2,2657
8911,jev-1.13.0,0.42333333333333334,0.06333333333333334,0.5133333333333333,2,2627
8912,jev-1.13.0,0.8466666666666667,0.013333333333333334,0.14,0,2637
8913,jev-1.13.0,0.5633333333333334,0.0033333333333333335,0.43333333333333335,0,2655
8914,jev-1.13.0,0.8933333333333334,0.08333333333333333,0.023333333333333334,0,2674
8915,jev-1.13.0,0.8866666666666667,0.0,0.11333333333333333,0,2627
8916,jev-1.13.0,0.006666666666666667,0.0,0.9933333333333333,2,2622
8917,jev-1.13.0,0.08333333333333333,0.0,0.9166666666666666,2,2644
8918,jev-1.13.0,0.42333333333333334,0.0,0.5766666666666667,2,2626
8919,jev-1.13.0,0.5299999999999999,0.0,0.47,0,2659
8920,jev-1.13.0,0.49333333333333335,0.08666666666666667,0.42,0,2618
8921,jev-1.13.0,0.5066666666666667,0.17,0.3233333333333333,0,2619
8922,jev-1.13.0,0.01,0.0,0.9899999999999999,2,2714
8923,jev-1.13.0,0.01,0.03666666666666667,0.9533333333333333,2,2632
8924,jev-1.13.0,0.9533333333333333,0.0033333333333333335,0.043333333333333335,0,2632
8925,jev-1.13.0,0.03333333333333333,0.0,0.9666666666666667,2,2645
8926,jev-1.13.0,0.11666666666666668,0.01,0.8733333333333334,2,2662
8927,jev-1.13.0,0.54,0.3766666666666667,0.08333333333333333,0,2630
8928,jev-1.13.0,0.8133333333333334,0.0,0.18666666666666668,0,2629
8929,jev-1.13.0,0.0,0.0,1.0,2,2633
8930,jev-1.13.0,0.0,0.0,1.0,2,2621
8931,jev-1.13.0,0.9233333333333333,0.05333333333333334,0.023333333333333334,0,2619
8932,jev-1.13.0,0.07666666666666666,0.0,0.9233333333333333,2,2658
8933,jev-1.13.0,0.03333333333333333,0.0,0.9666666666666667,2,2626
8934,jev-1.13.0,0.5466666666666667,0.3066666666666667,0.14666666666666667,0,2634
8935,jev-1.13.0,1.0,0.0,0.0,0,2617
8936,jev-1.13.0,0.93,0.03333333333333333,0.036666666666666674,0,2618
8937,jev-1.13.0,0.54,0.0,0.46,0,2650
8938,jev-1.13.0,0.8533333333333334,0.12,0.02666666666666667,0,2618
8939,jev-1.13.0,0.7533333333333333,0.04,0.20666666666666667,0,2628
8940,jev-1.13.0,0.8866666666666667,0.02,0.09333333333333334,0,2621
8941,jev-1.13.0,0.5866666666666666,0.016666666666666666,0.39666666666666667,0,2629
8942,jev-1.13.0,0.7933333333333333,0.13333333333333333,0.07333333333333333,0,2618
8943,jev-1.13.0,0.09000000000000001,0.0,0.91,2,2774
8944,jev-1.13.0,0.5966666666666667,0.06,0.3433333333333333,0,2634
8945,jev-1.13.0,0.8533333333333334,0.016666666666666666,0.13,0,2619
8946,jev-1.13.0,0.09000000000000001,0.0,0.91,2,2631
8947,jev-1.13.0,0.049999999999999996,0.0,0.9499999999999998,2,2745
8948,jev-1.13.0,0.9433333333333334,0.013333333333333334,0.043333333333333335,0,2622
8949,jev-1.13.0,0.25333333333333335,0.07666666666666667,0.67,2,2660
8950,jev-1.13.0,0.9333333333333332,0.0,0.06666666666666667,0,2640
8951,jev-1.13.0,0.7733333333333334,0.03,0.19333333333333336,0,2619
8952,jev-1.13.0,1.0,0.0,0.0,0,2612
8953,jev-1.13.0,0.8566666666666666,0.0,0.14333333333333334,0,2637
8954,jev-1.13.0,0.8833333333333333,0.016666666666666666,0.09999999999999999,0,2621
8955,jev-1.13.0,0.7233333333333333,0.08333333333333333,0.19333333333333333,0,2619
8956,jev-1.13.0,0.0033333333333333335,0.0,0.9966666666666667,2,2632
8957,jev-1.13.0,0.043333333333333335,0.9533333333333333,0.0033333333333333335,1,2621
8958,jev-1.13.0,0.013333333333333334,0.9866666666666667,0.0,1,2626
8959,jev-1.13.0,0.89,0.09333333333333334,0.016666666666666666,0,2620
8960,jev-1.13.0,0.02666666666666667,0.05666666666666667,0.9166666666666666,2,2708
8961,jev-1.13.0,0.049999999999999996,0.0,0.9499999999999998,2,2653
8962,jev-1.13.0,0.14,0.016666666666666666,0.8433333333333333,2,2626
8963,jev-1.13.0,1.0,0.0,0.0,0,2644
8964,jev-1.13.0,0.9933333333333333,0.0,0.006666666666666667,0,2613
8965,jev-1.13.0,0.9899999999999999,0.01,0.0,0,2656
8966,jev-1.13.0,0.16666666666666666,0.0,0.8333333333333334,2,2703
8967,jev-1.13.0,0.56,0.23666666666666666,0.20333333333333334,0,2635
8968,jev-1.13.0,0.10000000000000002,0.0033333333333333335,0.8966666666666666,2,2637
8969,jev-1.13.0,0.06666666666666667,0.0,0.9333333333333332,2,2676
8970,jev-1.13.0,0.19333333333333336,0.0033333333333333335,0.8033333333333333,2,2629
8971,jev-1.13.0,0.65,0.07333333333333333,0.2733333333333334,0,2624
8972,jev-1.13.0,0.88,0.043333333333333335,0.07666666666666667,0,2617
8973,jev-1.13.0,0.0,1.0,0.0,1,2638
8974,jev-1.13.0,0.0,1.0,0.0,1,2629
8975,jev-1.13.0,0.6233333333333334,0.08666666666666667,0.29000000000000004,0,2638
8976,jev-1.13.0,0.9833333333333334,0.0,0.016666666666666666,0,2624
8977,jev-1.13.0,0.15666666666666665,0.47333333333333333,0.36999999999999994,1,2636
8978,jev-1.13.0,0.10333333333333335,0.0,0.8966666666666666,2,2646
8979,jev-1.13.0,0.98,0.013333333333333334,0.006666666666666667,0,2628
8980,jev-1.13.0,0.7033333333333335,0.006666666666666667,0.29000000000000004,0,2636
8981,jev-1.13.0,0.9,0.0033333333333333335,0.09666666666666668,0,2628
8982,jev-1.13.0,0.0,0.0,1.0,2,2645
8983,jev-1.13.0,0.06666666666666667,0.0,0.9333333333333332,2,2639
8984,jev-1.13.0,0.56,0.1466666666666667,0.2933333333333334,0,2639
8985,jev-1.13.0,0.24666666666666667,0.12333333333333334,0.63,2,2618
8986,jev-1.13.0,0.19666666666666668,0.0,0.8033333333333333,2,2631
8987,jev-1.13.0,0.34,0.0,0.66,2,2774
8988,jev-1.13.0,0.0,0.0,1.0,2,2695
8989,jev-1.13.0,0.9566666666666667,0.0033333333333333335,0.04,0,2628
8990,jev-1.13.0,0.6766666666666666,0.060000000000000005,0.26333333333333336,0,2629
8991,jev-1.13.0,0.84,0.0033333333333333335,0.15666666666666665,0,2636
8992,jev-1.13.0,0.9633333333333333,0.0,0.036666666666666674,0,2628
8993,jev-1.13.0,0.0,0.0,1.0,2,2623
8994,jev-1.13.0,0.81,0.0,0.19000000000000003,0,2796
8995,jev-1.13.0,0.6433333333333334,0.08666666666666667,0.27,0,2626
8996,jev-1.13.0,0.12333333333333334,0.0,0.8766666666666666,2,2735
8997,jev-1.13.0,0.43333333333333335,0.1466666666666667,0.42,0,2645
8998,jev-1.13.0,0.8133333333333334,0.02333333333333333,0.16333333333333333,0,2620
8999,jev-1.13.0,0.0,0.013333333333333334,0.9866666666666667,2,2643
9000,jev-1.13.0,0.26666666666666666,0.0033333333333333335,0.73,2,2651
9001,jev-1.13.0,0.7000000000000001,0.08,0.22,0,2619
9002,jev-1.13.0,0.5766666666666667,0.0033333333333333335,0.42,0,2631
9003,jev-1.13.0,0.4166666666666667,0.016666666666666666,0.5666666666666665,2,2651
9004,jev-1.13.0,0.12,0.0,0.88,2,2691
9005,jev-1.13.0,0.30000000000000004,0.006666666666666667,0.6933333333333334,2,2638
9006,jev-1.13.0,0.73,0.24666666666666667,0.023333333333333334,0,2640
9007,jev-1.13.0,0.9533333333333333,0.006666666666666667,0.04,0,2630
9008,jev-1.13.0,0.64,0.0,0.36000000000000004,0,2678
9009,jev-1.13.0,0.18666666666666668,0.04,0.7733333333333334,2,2646
9010,jev-1.13.0,0.27,0.3,0.43,2,2654
9011,jev-1.13.0,0.9066666666666667,0.0033333333333333335,0.09000000000000001,0,2630
9012,jev-1.13.0,0.7766666666666667,0.013333333333333334,0.2066666666666667,0,2633
9013,jev-1.13.0,0.89,0.02666666666666667,0.08333333333333333,0,2628
9014,jev-1.13.0,0.8433333333333333,0.04,0.11666666666666665,0,2635
9015,jev-1.13.0,0.5266666666666667,0.12666666666666668,0.3466666666666667,0,2623
9016,jev-1.13.0,0.5233333333333333,0.0,0.4766666666666666,0,2653
9017,jev-1.13.0,0.89,0.013333333333333334,0.09666666666666668,0,2623
9018,jev-1.13.0,0.15333333333333332,0.0,0.8466666666666667,2,2633
9019,jev-1.13.0,0.09000000000000001,0.0,0.91,2,2779
9020,jev-1.13.0,0.5266666666666667,0.0,0.47333333333333333,0,2630
9021,jev-1.13.0,1.0,0.0,0.0,0,2630
9022,jev-1.13.0,0.44999999999999996,0.006666666666666667,0.5433333333333333,2,2634
9023,jev-1.13.0,0.24333333333333332,0.023333333333333334,0.7333333333333334,2,2648
9024,jev-1.13.0,0.5233333333333333,0.030000000000000002,0.4466666666666666,0,2623
9025,jev-1.13.0,0.30666666666666664,0.0,0.6933333333333334,2,2625
9026,jev-1.13.0,0.06666666666666667,0.0,0.9333333333333332,2,2800
9027,jev-1.13.0,0.8333333333333334,0.0033333333333333335,0.16333333333333333,0,2623
9028,jev-1.13.0,0.6766666666666666,0.22999999999999998,0.09333333333333334,0,2625
9029,jev-1.13.0,0.8300000000000001,0.013333333333333334,0.15666666666666665,0,2654
9030,jev-1.13.0,0.08,0.02,0.9,2,2687
9031,jev-1.13.0,0.18666666666666668,0.006666666666666667,0.8066666666666666,2,2733
9032,jev-1.13.0,0.7833333333333333,0.0,0.21666666666666665,0,2658
9033,jev-1.13.0,0.8666666666666667,0.02,0.11333333333333333,0,2627
9034,jev-1.13.0,0.8466666666666667,0.04666666666666667,0.10666666666666669,0,2619
9035,jev-1.13.0,0.09666666666666668,0.0,0.9033333333333333,2,2639
9036,jev-1.13.0,0.9333333333333332,0.043333333333333335,0.023333333333333334,0,2629
9037,jev-1.13.0,0.006666666666666667,0.0,0.9933333333333333,2,2658
9038,jev-1.13.0,0.77,0.043333333333333335,0.18666666666666665,0,2623
9039,jev-1.13.0,0.6666666666666666,0.27,0.06333333333333334,0,2623
9040,jev-1.13.0,0.61,0.0,0.38999999999999996,0,2615
9041,jev-1.13.0,0.16,0.0,0.84,2,2667
9042,jev-1.13.0,0.5733333333333333,0.10666666666666667,0.32,0,2617
9043,jev-1.13.0,0.89,0.0,0.11,0,2620
9044,jev-1.13.0,0.36000000000000004,0.3,0.34,0,2647
9045,jev-1.13.0,0.9333333333333332,0.013333333333333334,0.05333333333333334,0,2623
9046,jev-1.13.0,0.8466666666666667,0.013333333333333334,0.13999999999999999,0,2621
9047,jev-1.13.0,0.7866666666666667,0.043333333333333335,0.17,0,2621
9048,jev-1.13.0,0.9566666666666667,0.0,0.043333333333333335,0,2631
9049,jev-1.13.0,0.9733333333333333,0.013333333333333334,0.013333333333333334,0,2631
9050,jev-1.13.0,0.6233333333333334,0.006666666666666667,0.37000000000000005,0,2629
9051,jev-1.13.0,0.62,0.0,0.38000000000000006,0,2640
9052,jev-1.13.0,0.5433333333333333,0.35333333333333333,0.10333333333333333,0,2615
9053,jev-1.13.0,0.85,0.0,0.15000000000000002,0,2725
9054,jev-1.13.0,0.5666666666666665,0.013333333333333334,0.42,0,2626
9055,jev-1.13.0,0.38333333333333336,0.01,0.6066666666666666,2,2620
9056,jev-1.13.0,1.0,0.0,0.0,0,2622
9057,jev-1.13.0,0.17,0.0,0.8300000000000001,2,2626
9058,jev-1.13.0,0.8933333333333334,0.0,0.10666666666666667,0,2636
9059,jev-1.13.0,0.06333333333333334,0.0033333333333333335,0.9333333333333332,2,2694
9060,jev-1.13.0,0.016666666666666666,0.0,0.9833333333333334,2,2696
9061,jev-1.13.0,0.4566666666666666,0.0,0.5433333333333333,2,2666
9062,jev-1.13.0,0.2833333333333334,0.71,0.006666666666666667,1,2622
9063,jev-1.13.0,1.0,0.0,0.0,0,2629
9064,jev-1.13.0,1.0,0.0,0.0,0,2623
9065,jev-1.13.0,0.056666666666666664,0.0,0.9433333333333334,2,2671
9066,jev-1.13.0,0.0,0.0,1.0,2,2711
9067,jev-1.13.0,0.0,0.0,1.0,2,2663
9068,jev-1.13.0,0.14,0.0033333333333333335,0.8566666666666666,2,2628
9069,jev-1.13.0,1.0,0.0,0.0,0,2635
9070,jev-1.13.0,0.84,0.006666666666666667,0.15333333333333335,0,2659
9071,jev-1.13.0,0.9966666666666667,0.0,0.0033333333333333335,0,2636
9072,jev-1.13.0,0.9966666666666667,0.0033333333333333335,0.0,0,2616
9073,jev-1.13.0,0.7766666666666667,0.02666666666666667,0.19666666666666666,0,2616
9074,jev-1.13.0,0.45333333333333337,0.013333333333333334,0.5333333333333333,2,2641
9075,jev-1.13.0,0.36999999999999994,0.006666666666666667,0.6233333333333334,2,2681
9076,jev-1.13.0,0.6133333333333333,0.02666666666666667,0.36000000000000004,0,2631
9077,jev-1.13.0,0.01,0.9899999999999999,0.0,1,2615
9078,jev-1.13.0,0.8933333333333334,0.0,0.10666666666666665,0,2651
9079,jev-1.13.0,0.8733333333333334,0.12666666666666668,0.0,0,2658
9080,jev-1.13.0,0.8533333333333334,0.0,0.1466666666666667,0,2621
9081,jev-1.13.0,0.04666666666666667,0.0033333333333333335,0.9499999999999998,2,2622
9082,jev-1.13.0,0.0033333333333333335,0.94,0.05666666666666667,1,2650
9083,jev-1.13.0,0.3033333333333333,0.006666666666666667,0.69,2,2635
9084,jev-1.13.0,0.8933333333333334,0.0,0.10666666666666667,0,2633
9085,jev-1.13.0,0.9766666666666666,0.02,0.0033333333333333335,0,2713
9086,jev-1.13.0,0.5766666666666667,0.07333333333333333,0.35000000000000003,0,2618
9087,jev-1.13.0,0.19000000000000003,0.006666666666666667,0.8033333333333333,2,2635
9088,jev-1.13.0,0.47000000000000003,0.5300000000000001,0.0,1,2636
9089,jev-1.13.0,0.22666666666666666,0.5433333333333333,0.22999999999999998,1,2638
9090,jev-1.13.0,0.30333333333333334,0.4833333333333334,0.21333333333333335,1,2617
9091,jev-1.13.0,0.7533333333333333,0.0,0.24666666666666667,0,2651
9092,jev-1.13.0,1.0,0.0,0.0,0,2626
9093,jev-1.13.0,0.6233333333333334,0.0,0.3766666666666667,0,2686
9094,jev-1.13.0,0.8133333333333334,0.0033333333333333335,0.18333333333333335,0,2639
9095,jev-1.13.0,0.17666666666666667,0.8133333333333334,0.01,1,2624
9096,jev-1.13.0,0.9899999999999999,0.0,0.01,0,2630
9097,jev-1.13.0,0.013333333333333334,0.0,0.9866666666666667,2,2677
9098,jev-1.13.0,1.0,0.0,0.0,0,2616
9099,jev-1.13.0,0.6766666666666667,0.12,0.20333333333333337,0,2634
9100,jev-1.13.0,0.2866666666666667,0.08666666666666667,0.6266666666666666,2,2632
9101,jev-1.13.0,0.03,0.94,0.03,1,2628
9102,jev-1.13.0,0.21666666666666667,0.0,0.7833333333333333,2,2652
9103,jev-1.13.0,0.043333333333333335,0.5133333333333333,0.4433333333333333,1,2696
9104,jev-1.13.0,0.8866666666666667,0.013333333333333334,0.09999999999999999,0,2630
9105,jev-1.13.0,0.18333333333333335,0.0,0.8166666666666668,2,2692
9106,jev-1.13.0,0.12666666666666668,0.8733333333333334,0.0,1,2655
9107,jev-1.13.0,0.15333333333333335,0.0,0.8466666666666667,2,2657
9108,jev-1.13.0,0.8833333333333333,0.10666666666666667,0.01,0,2620
9109,jev-1.13.0,1.0,0.0,0.0,0,2622
9110,jev-1.13.0,0.9333333333333335,0.0,0.06666666666666667,0,2623
9111,jev-1.13.0,0.5066666666666667,0.0,0.49333333333333335,0,2651
9112,jev-1.13.0,0.16333333333333333,0.0,0.8366666666666666,2,2835
9113,jev-1.13.0,0.38999999999999996,0.016666666666666666,0.5933333333333333,2,2631
9114,jev-1.13.0,0.3666666666666667,0.013333333333333334,0.6200000000000001,2,2638
9115,jev-1.13.0,0.0,0.0,1.0,2,2624
9116,jev-1.13.0,1.0,0.0,0.0,0,2640
9117,jev-1.13.0,0.8566666666666666,0.0,0.14333333333333334,0,2655
9118,jev-1.13.0,0.16333333333333333,0.0,0.8366666666666666,2,2660
9119,jev-1.13.0,0.8066666666666666,0.0,0.19333333333333336,0,2658
9120,jev-1.13.0,0.6,0.06666666666666667,0.3333333333333333,0,2627
9121,jev-1.13.0,0.2833333333333333,0.6333333333333334,0.08333333333333333,1,2654
9122,jev-1.13.0,0.5466666666666667,0.03333333333333333,0.42,0,2633
9123,jev-1.13.0,0.6033333333333334,0.023333333333333334,0.3733333333333333,0,2622
9124,jev-1.13.0,0.0033333333333333335,0.0,0.9966666666666667,2,2677
9125,jev-1.13.0,0.0,0.0,1.0,2,2684
9126,jev-1.13.0,0.7399999999999999,0.0033333333333333335,0.25666666666666665,0,2635
9127,jev-1.13.0,0.0,0.0,1.0,2,2679
9128,jev-1.13.0,0.8166666666666668,0.006666666666666667,0.17666666666666667,0,2618
9129,jev-1.13.0,0.02333333333333333,0.0,0.9766666666666666,2,2683
9130,jev-1.13.0,0.9766666666666666,0.0033333333333333335,0.02,0,2626
9131,jev-1.13.0,0.19000000000000003,0.006666666666666667,0.8033333333333333,2,2643
9132,jev-1.13.0,0.9666666666666667,0.0,0.03333333333333333,0,2657
9133,jev-1.13.0,0.8966666666666666,0.0,0.10333333333333333,0,2633
9134,jev-1.13.0,0.32666666666666666,0.0,0.6733333333333333,2,2638
9135,jev-1.13.0,0.3066666666666667,0.5166666666666667,0.17666666666666667,1,2630
9136,jev-1.13.0,0.01,0.0,0.9899999999999999,2,2643
9137,jev-1.13.0,0.89,0.01,0.09999999999999999,0,2642
9138,jev-1.13.0,0.22666666666666666,0.6566666666666667,0.11666666666666665,1,2631
9139,jev-1.13.0,1.0,0.0,0.0,0,2639
9140,jev-1.13.0,0.18333333333333335,0.0,0.8166666666666668,2,2688
9141,jev-1.13.0,0.20666666666666667,0.0,0.7933333333333333,2,2712
9142,jev-1.13.0,0.7633333333333333,0.006666666666666667,0.23,0,2651
9143,jev-1.13.0,0.9666666666666667,0.0,0.03333333333333333,0,2667
9144,jev-1.13.0,0.8133333333333334,0.06,0.12666666666666668,0,2620
9145,jev-1.13.0,0.006666666666666667,0.9133333333333334,0.08,1,2638
9146,jev-1.13.0,0.9666666666666667,0.02,0.013333333333333334,0,2619
9147,jev-1.13.0,0.3633333333333333,0.0,0.6366666666666667,2,2641
9148,jev-1.13.0,0.98,0.0,0.02,0,2629
9149,jev-1.13.0,0.0,0.0,1.0,2,2665
9150,jev-1.13.0,0.59,0.030000000000000002,0.38000000000000006,0,2616
9151,jev-1.13.0,0.6699999999999999,0.17,0.16,0,2624
9152,jev-1.13.0,0.15,0.8166666666666668,0.03333333333333333,1,2624
9153,jev-1.13.0,0.26333333333333336,0.0,0.7366666666666667,2,2649
9154,jev-1.13.0,0.3,0.29,0.41,2,2652
9155,jev-1.13.0,1.0,0.0,0.0,0,2617
9156,jev-1.13.0,0.73,0.09333333333333334,0.17666666666666667,0,2630
9157,jev-1.13.0,0.23666666666666666,0.03333333333333333,0.73,2,2638
9158,jev-1.13.0,0.33,0.04,0.63,2,2628
9159,jev-1.13.0,0.4166666666666667,0.18666666666666668,0.39666666666666667,0,2633
9160,jev-1.13.0,0.7166666666666667,0.0,0.2833333333333334,0,2628
9161,jev-1.13.0,0.0,1.0,0.0,1,2618
9162,jev-1.13.0,0.3633333333333333,0.0033333333333333335,0.6333333333333333,2,2633
9163,jev-1.13.0,0.9899999999999999,0.0,0.01,0,2627
9164,jev-1.13.0,0.5566666666666666,0.10333333333333333,0.34,0,2634
9165,jev-1.13.0,0.37666666666666665,0.6033333333333334,0.02,1,2632
9166,jev-1.13.0,0.6533333333333333,0.0,0.3466666666666667,0,2615
9167,jev-1.13.0,0.47333333333333333,0.4000000000000001,0.12666666666666668,0,2619
9168,jev-1.13.0,0.6466666666666666,0.03,0.3233333333333333,0,2616
9169,jev-1.13.0,0.33,0.016666666666666666,0.6533333333333333,2,2645
9170,jev-1.13.0,0.006666666666666667,0.9933333333333333,0.0,1,2614
9171,jev-1.13.0,0.5733333333333334,0.0033333333333333335,0.42333333333333334,0,2654
9172,jev-1.13.0,0.75,0.14333333333333334,0.10666666666666667,0,2635
9173,jev-1.13.0,0.9233333333333333,0.02,0.05666666666666667,0,2634
9174,jev-1.13.0,0.13,0.3866666666666667,0.4833333333333334,2,2624
9175,jev-1.13.0,0.4766666666666666,0.0,0.5233333333333333,2,2629
9176,jev-1.13.0,0.16,0.13,0.71,2,2623
9177,jev-1.13.0,0.6966666666666667,0.016666666666666666,0.2866666666666667,0,2640
9178,jev-1.13.0,0.15333333333333335,0.0033333333333333335,0.8433333333333333,2,2651
9179,jev-1.13.0,0.27999999999999997,0.006666666666666667,0.7133333333333333,2,2657
9180,jev-1.13.0,0.58,0.03666666666666667,0.3833333333333333,0,2628
9181,jev-1.13.0,0.16000000000000003,0.0033333333333333335,0.8366666666666666,2,2661
9182,jev-1.13.0,0.96,0.0,0.04,0,2631
9183,jev-1.13.0,0.16,0.0,0.84,2,2622
9184,jev-1.13.0,0.03,0.07333333333333335,0.8966666666666666,2,2665
9185,jev-1.13.0,0.3866666666666667,0.056666666666666664,0.5566666666666666,2,2622
9186,jev-1.13.0,0.9133333333333334,0.0033333333333333335,0.08333333333333333,0,2636
9187,jev-1.13.0,1.0,0.0,0.0,0,2636
9188,jev-1.13.0,0.3033333333333334,0.0,0.6966666666666667,2,2669
9189,jev-1.13.0,0.56,0.19666666666666666,0.24333333333333332,0,2617
9190,jev-1.13.0,0.16,0.0,0.84,2,2642
9191,jev-1.13.0,0.16,0.05000000000000001,0.79,2,2675
9192,jev-1.13.0,0.9733333333333333,0.0033333333333333335,0.023333333333333334,0,2625
9193,jev-1.13.0,0.61,0.016666666666666666,0.37333333333333335,0,2652
9194,jev-1.13.0,0.17333333333333334,0.5833333333333334,0.24333333333333332,1,2634
9195,jev-1.13.0,0.9666666666666667,0.0,0.03333333333333333,0,2617
9196,jev-1.13.0,0.8166666666666668,0.03333333333333333,0.15,0,2625
9197,jev-1.13.0,0.016666666666666666,0.9833333333333334,0.0,1,2628
9198,jev-1.13.0,1.0,0.0,0.0,0,2637
9199,jev-1.13.0,0.63,0.0033333333333333335,0.3666666666666667,0,2633
9200,jev-1.13.0,0.0033333333333333335,0.0033333333333333335,0.9933333333333333,2,2628
9201,jev-1.13.0,0.12333333333333334,0.7699999999999999,0.10666666666666667,1,2624
9202,jev-1.13.0,0.56,0.03666666666666667,0.4033333333333333,0,2628
9203,jev-1.13.0,0.9566666666666667,0.01,0.03333333333333333,0,2614
9204,jev-1.13.0,0.0,0.0,1.0,2,2661
9205,jev-1.13.0,1.0,0.0,0.0,0,2653
9206,jev-1.13.0,0.0,0.0,1.0,2,2631
9207,jev-1.13.0,0.9233333333333333,0.0033333333333333335,0.07333333333333333,0,2623
9208,jev-1.13.0,0.37333333333333335,0.3433333333333333,0.2833333333333333,0,2638
9209,jev-1.13.0,0.42333333333333334,0.01,0.5666666666666667,2,2658
9210,jev-1.13.0,0.21,0.06333333333333334,0.7266666666666666,2,2625
9211,jev-1.13.0,0.19333333333333336,0.12666666666666668,0.68,2,2617
9212,jev-1.13.0,0.09333333333333334,0.0,0.9066666666666667,2,2649
9213,jev-1.13.0,0.9633333333333333,0.02666666666666667,0.01,0,2635
9214,jev-1.13.0,0.03666666666666667,0.88,0.08333333333333333,1,2621
9215,jev-1.13.0,0.0,0.0,1.0,2,2819
9216,jev-1.13.0,0.6833333333333332,0.07666666666666666,0.24,0,2621
9217,jev-1.13.0,0.5,0.04666666666666667,0.4533333333333333,0,2627
9218,jev-1.13.0,0.4766666666666666,0.09333333333333334,0.43,0,2627
9219,jev-1.13.0,0.26,0.016666666666666666,0.7233333333333333,2,2638
9220,jev-1.13.0,0.9266666666666667,0.013333333333333334,0.06,0,2621
9221,jev-1.13.0,0.10333333333333335,0.0,0.8966666666666666,2,2649
9222,jev-1.13.0,0.8866666666666667,0.0,0.11333333333333333,0,2642
9223,jev-1.13.0,0.05333333333333334,0.9366666666666666,0.01,1,2617
9224,jev-1.13.0,0.8833333333333333,0.013333333333333334,0.10333333333333333,0,2625
9225,jev-1.13.0,0.9899999999999999,0.0,0.01,0,2622
9226,jev-1.13.0,0.8866666666666667,0.07333333333333333,0.04,0,2622
9227,jev-1.13.0,0.6966666666666667,0.0,0.3033333333333333,0,2644
9228,jev-1.13.0,1.0,0.0,0.0,0,2617
9229,jev-1.13.0,0.006666666666666667,0.0,0.9933333333333333,2,2650
9230,jev-1.13.0,0.9466666666666667,0.013333333333333334,0.04,0,2631
9231,jev-1.13.0,1.0,0.0,0.0,0,2616
9232,jev-1.13.0,0.05333333333333334,0.7033333333333333,0.24333333333333332,1,2660
9233,jev-1.13.0,0.81,0.0,0.19000000000000003,0,2629
9234,jev-1.13.0,0.5933333333333334,0.030000000000000002,0.37666666666666665,0,2638
9235,jev-1.13.0,0.6433333333333334,0.20666666666666667,0.15,0,2618
9236,jev-1.13.0,0.9899999999999999,0.0,0.01,0,2621
9237,jev-1.13.0,0.6566666666666667,0.22666666666666668,0.11666666666666665,0,2624
9238,jev-1.13.0,0.96,0.030000000000000002,0.01,0,2628
9239,jev-1.13.0,0.5833333333333334,0.013333333333333334,0.4033333333333333,0,2671
9240,jev-1.13.0,0.1366666666666667,0.79,0.07333333333333333,1,2618
9241,jev-1.13.0,0.47333333333333333,0.016666666666666666,0.5099999999999999,2,2620
9242,jev-1.13.0,0.4033333333333333,0.006666666666666667,0.59,2,2639
9243,jev-1.13.0,0.8866666666666667,0.0033333333333333335,0.11,0,2629
9244,jev-1.13.0,0.06,0.65,0.29000000000000004,1,2623
9245,jev-1.13.0,0.8766666666666666,0.0033333333333333335,0.12,0,2634
9246,jev-1.13.0,0.013333333333333334,0.9700000000000001,0.016666666666666666,1,2619
9247,jev-1.13.0,0.7799999999999999,0.03333333333333333,0.18666666666666665,0,2619
9248,jev-1.13.0,0.9633333333333333,0.0033333333333333335,0.03333333333333333,0,2626
9249,jev-1.13.0,0.7133333333333334,0.0,0.2866666666666667,0,2615
9250,jev-1.13.0,0.0,0.0,1.0,2,2777
9251,jev-1.13.0,0.9733333333333333,0.0,0.02666666666666667,0,2624
9252,jev-1.13.0,0.14,0.01,0.85,2,2618
9253,jev-1.13.0,0.9866666666666667,0.013333333333333334,0.0,0,2613
9254,jev-1.13.0,0.0,1.0,0.0,1,2621
9255,jev-1.13.0,0.08,0.05333333333333334,0.8666666666666667,2,2755
9256,jev-1.13.0,0.6766666666666666,0.12,0.20333333333333334,0,2616
9257,jev-1.13.0,1.0,0.0,0.0,0,2618
9258,jev-1.13.0,0.9733333333333333,0.0,0.02666666666666667,0,2619
9259,jev-1.13.0,0.6866666666666666,0.3133333333333333,0.0,0,2621
9260,jev-1.13.0,0.46666666666666673,0.02,0.5133333333333333,2,2621
9261,jev-1.13.0,0.9366666666666665,0.03,0.03333333333333333,0,2626
9262,jev-1.13.0,0.56,0.0,0.43999999999999995,0,2669
9263,jev-1.13.0,0.5433333333333333,0.0,0.4566666666666666,0,2666
9264,jev-1.13.0,1.0,0.0,0.0,0,2616
9265,jev-1.13.0,0.8033333333333333,0.05333333333333334,0.1433333333333333,0,2618
9266,jev-1.13.0,0.19000000000000003,0.0033333333333333335,0.8066666666666666,2,2649
9267,jev-1.13.0,0.39666666666666667,0.0,0.6033333333333334,2,2661
9268,jev-1.13.0,1.0,0.0,0.0,0,2645
9269,jev-1.13.0,0.6066666666666666,0.0,0.39333333333333337,0,2631
9270,jev-1.13.0,0.24,0.006666666666666667,0.7533333333333334,2,2646
9271,jev-1.13.0,0.37333333333333335,0.02,0.6066666666666666,2,2623
9272,jev-1.13.0,1.0,0.0,0.0,0,2615
9273,jev-1.13.0,0.6066666666666666,0.05666666666666667,0.33666666666666667,0,2622
9274,jev-1.13.0,0.6566666666666667,0.013333333333333334,0.33,0,2634
9275,jev-1.13.0,0.04666666666666667,0.043333333333333335,0.91,2,2624
9276,jev-1.13.0,0.9499999999999998,0.013333333333333334,0.036666666666666674,0,2642
9277,jev-1.13.0,0.7933333333333333,0.09000000000000001,0.11666666666666668,0,2618
9278,jev-1.13.0,0.043333333333333335,0.0,0.9566666666666667,2,2643
9279,jev-1.13.0,0.8533333333333334,0.0,0.1466666666666667,0,2630
9280,jev-1.13.0,0.2866666666666667,0.4633333333333334,0.25,1,2623
9281,jev-1.13.0,0.21333333333333337,0.0,0.7866666666666667,2,2636
9282,jev-1.13.0,0.0033333333333333335,0.0,0.9966666666666667,2,2635
9283,jev-1.13.0,0.24666666666666667,0.0,0.7533333333333333,2,2653
9284,jev-1.13.0,0.8133333333333335,0.07666666666666666,0.10999999999999999,0,2625
9285,jev-1.13.0,0.79,0.19666666666666666,0.013333333333333334,0,2622
9286,jev-1.13.0,0.006666666666666667,0.0,0.9933333333333333,2,2652
9287,jev-1.13.0,0.2733333333333334,0.01,0.7166666666666667,2,2676
9288,jev-1.13.0,1.0,0.0,0.0,0,2615
9289,jev-1.13.0,0.47333333333333333,0.056666666666666664,0.47000000000000003,0,2646
9290,jev-1.13.0,0.0,0.0,1.0,2,2648
9291,jev-1.13.0,0.0,0.0,1.0,2,2848
9292,jev-1.13.0,0.36999999999999994,0.07333333333333335,0.5566666666666668,2,2618
9293,jev-1.13.0,0.37333333333333335,0.06333333333333334,0.5633333333333334,2,2630
9294,jev-1.13.0,0.33666666666666667,0.0,0.6633333333333332,2,2634
9295,jev-1.13.0,1.0,0.0,0.0,0,2636
9296,jev-1.13.0,0.4066666666666667,0.48333333333333334,0.10999999999999999,1,2631
9297,jev-1.13.0,0.44,0.043333333333333335,0.5166666666666667,2,2631
9298,jev-1.13.0,0.15666666666666665,0.8433333333333333,0.0,1,2647
9299,jev-1.13.0,0.11666666666666665,0.02666666666666667,0.8566666666666666,2,2662
9300,jev-1.13.0,0.006666666666666667,0.0,0.9933333333333333,2,2664
9301,jev-1.13.0,0.7966666666666667,0.01,0.19333333333333336,0,2665
9302,jev-1.13.0,0.0,0.0,1.0,2,2738
9303,jev-1.13.0,0.83,0.0,0.17,0,2639
9304,jev-1.13.0,0.63,0.0033333333333333335,0.3666666666666667,0,2634
9305,jev-1.13.0,0.07666666666666667,0.52,0.4033333333333333,1,2640
9306,jev-1.13.0,1.0,0.0,0.0,0,2621
9307,jev-1.13.0,0.85,0.006666666666666667,0.14333333333333334,0,2961
9308,jev-1.13.0,0.45999999999999996,0.043333333333333335,0.49666666666666676,2,2644
9309,jev-1.13.0,0.5133333333333333,0.016666666666666666,0.47,0,2831
9310,jev-1.13.0,1.0,0.0,0.0,0,2655
9311,jev-1.13.0,0.013333333333333334,0.0,0.9866666666666667,2,2652
9312,jev-1.13.0,0.29000000000000004,0.4466666666666666,0.26333333333333336,1,2659
9313,jev-1.13.0,0.22999999999999998,0.013333333333333334,0.7566666666666667,2,2632
9314,jev-1.13.0,0.05333333333333334,0.9466666666666667,0.0,1,2619
9315,jev-1.13.0,0.3166666666666667,0.016666666666666666,0.6666666666666666,2,2621
9316,jev-1.13.0,0.9700000000000001,0.01,0.02,0,2628
9317,jev-1.13.0,0.02,0.0,0.98,2,2705
9318,jev-1.13.0,0.5833333333333334,0.05666666666666667,0.36000000000000004,0,2623
9319,jev-1.13.0,0.2333333333333333,0.016666666666666666,0.75,2,2626
9320,jev-1.13.0,0.9833333333333334,0.0,0.016666666666666666,0,2625
9321,jev-1.13.0,0.35333333333333333,0.02,0.6266666666666666,2,2630
9322,jev-1.13.0,1.0,0.0,0.0,0,2631
9323,jev-1.13.0,1.0,0.0,0.0,0,2657
9324,jev-1.13.0,0.0,0.05000000000000001,0.9499999999999998,2,2711
9325,jev-1.13.0,0.4633333333333334,0.0,0.5366666666666667,2,2624
9326,jev-1.13.0,0.29000000000000004,0.0033333333333333335,0.7066666666666667,2,2634
9327,jev-1.13.0,0.05333333333333334,0.0,0.9466666666666667,2,2617
9328,jev-1.13.0,0.6566666666666667,0.07,0.2733333333333334,0,2616
9329,jev-1.13.0,0.12,0.0,0.88,2,2684
9330,jev-1.13.0,0.98,0.0,0.02,0,2616
9331,jev-1.13.0,0.21333333333333335,0.77,0.016666666666666666,1,2627
9332,jev-1.13.0,0.02666666666666667,0.013333333333333334,0.96,2,2720
9333,jev-1.13.0,0.53,0.0,0.47,0,2624
9334,jev-1.13.0,0.91,0.09000000000000001,0.0,0,2637
9335,jev-1.13.0,0.023333333333333334,0.01,0.9666666666666667,2,2651
9336,jev-1.13.0,0.7766666666666667,0.21,0.013333333333333334,0,2614
9337,jev-1.13.0,0.18666666666666668,0.06666666666666667,0.7466666666666667,2,2627
9338,jev-1.13.0,0.09333333333333334,0.19999999999999998,0.7066666666666667,2,2662
9339,jev-1.13.0,1.0,0.0,0.0,0,2622
9340,jev-1.13.0,0.04666666666666667,0.01,0.9433333333333334,2,2688
9341,jev-1.13.0,0.3933333333333333,0.47333333333333333,0.13333333333333333,1,2637
9342,jev-1.13.0,0.8466666666666667,0.0,0.15333333333333335,0,2620
9343,jev-1.13.0,0.5033333333333333,0.0,0.49666666666666665,0,2691
9344,jev-1.13.0,0.7366666666666667,0.25333333333333335,0.01,0,2617
9345,jev-1.13.0,0.04666666666666667,0.7266666666666667,0.22666666666666668,1,2618
9346,jev-1.13.0,0.38666666666666666,0.0,0.6133333333333333,2,2650
9347,jev-1.13.0,0.056666666666666664,0.06666666666666667,0.8766666666666666,2,2654
9348,jev-1.13.0,0.5533333333333333,0.0,0.4466666666666667,0,2657
9349,jev-1.13.0,0.9366666666666665,0.02333333333333333,0.04,0,2619
9350,jev-1.13.0,0.8066666666666666,0.043333333333333335,0.15,0,2635
9351,jev-1.13.0,0.15,0.7799999999999999,0.07,1,2614
9352,jev-1.13.0,0.8033333333333333,0.060000000000000005,0.13333333333333333,0,2620
9353,jev-1.13.0,0.11666666666666665,0.006666666666666667,0.8766666666666666,2,2701
9354,jev-1.13.0,0.0,0.0,1.0,2,2634
9355,jev-1.13.0,0.61,0.10999999999999999,0.28,0,2632
9356,jev-1.13.0,0.7366666666666667,0.0,0.26333333333333336,0,2645
9357,jev-1.13.0,0.39333333333333337,0.0,0.6066666666666666,2,2643
9358,jev-1.13.0,0.07666666666666667,0.0,0.9233333333333333,2,2626
9359,jev-1.13.0,0.39666666666666667,0.0,0.6033333333333334,2,2815
9360,jev-1.13.0,0.056666666666666664,0.56,0.38333333333333336,1,2640
9361,jev-1.13.0,0.26333333333333336,0.02333333333333333,0.7133333333333333,2,2649
9362,jev-1.13.0,0.056666666666666664,0.0,0.9433333333333334,2,2631
9363,jev-1.13.0,0.22999999999999998,0.013333333333333334,0.7566666666666667,2,2621
9364,jev-1.13.0,0.19333333333333333,0.01,0.7966666666666665,2,2623
9365,jev-1.13.0,0.18666666666666668,0.0,0.8133333333333334,2,2657
9366,jev-1.13.0,0.9899999999999999,0.0,0.01,0,2670
9367,jev-1.13.0,0.5466666666666667,0.04,0.41333333333333333,0,2640
9368,jev-1.13.0,0.08,0.92,0.0,1,2631
9369,jev-1.13.0,0.7966666666666667,0.02666666666666667,0.17666666666666667,0,2618
9370,jev-1.13.0,0.48,0.51,0.01,1,2632
9371,jev-1.13.0,0.28,0.023333333333333334,0.6966666666666667,2,2629
9372,jev-1.13.0,0.9566666666666667,0.0,0.043333333333333335,0,2650
9373,jev-1.13.0,0.8633333333333333,0.006666666666666667,0.13,0,2625
9374,jev-1.13.0,0.4266666666666667,0.06333333333333334,0.51,2,2630
9375,jev-1.13.0,0.59,0.14,0.27,0,2644
9376,jev-1.13.0,0.9933333333333333,0.0,0.006666666666666667,0,2628
9377,jev-1.13.0,0.5766666666666667,0.04666666666666667,0.3766666666666667,0,2635
9378,jev-1.13.0,0.43333333333333335,0.48,0.08666666666666667,1,2626
9379,jev-1.13.0,0.7366666666666667,0.12333333333333334,0.14,0,2620
9380,jev-1.13.0,0.016666666666666666,0.04666666666666667,0.9366666666666666,2,2653
9381,jev-1.13.0,0.3233333333333333,0.0,0.6766666666666667,2,2672
9382,jev-1.13.0,0.3433333333333333,0.2866666666666667,0.37000000000000005,2,2636
9383,jev-1.13.0,0.6566666666666666,0.32,0.023333333333333334,0,2701
9384,jev-1.13.0,0.18000000000000002,0.01,0.81,2,2632
9385,jev-1.13.0,0.0,0.9833333333333334,0.016666666666666666,1,2618
9386,jev-1.13.0,0.16,0.0,0.84,2,2625
9387,jev-1.13.0,0.4000000000000001,0.0,0.6000000000000001,2,2629
9388,jev-1.13.0,0.9766666666666666,0.0,0.023333333333333334,0,2636
9389,jev-1.13.0,0.013333333333333334,0.0,0.9866666666666667,2,2632
9390,jev-1.13.0,0.7366666666666667,0.05333333333333334,0.21,0,2625
9391,jev-1.13.0,0.39333333333333337,0.09666666666666666,0.51,2,2619
9392,jev-1.13.0,0.5033333333333333,0.12333333333333334,0.37333333333333335,0,2621
9393,jev-1.13.0,0.27999999999999997,0.2833333333333333,0.4366666666666667,2,2626
9394,jev-1.13.0,0.6666666666666666,0.09333333333333334,0.24,0,2622
9395,jev-1.13.0,1.0,0.0,0.0,0,2620
9396,jev-1.13.0,0.006666666666666667,0.0,0.9933333333333333,2,2644
9397,jev-1.13.0,0.7966666666666667,0.02,0.18333333333333335,0,2621
9398,jev-1.13.0,0.52,0.006666666666666667,0.47333333333333333,0,2628
9399,jev-1.13.0,0.9899999999999999,0.006666666666666667,0.0033333333333333335,0,2628
9400,jev-1.13.0,1.0,0.0,0.0,0,2621
9401,jev-1.13.0,0.8233333333333333,0.0033333333333333335,0.17333333333333334,0,2627
9402,jev-1.13.0,0.9633333333333333,0.03666666666666667,0.0,0,2620
9403,jev-1.13.0,0.5066666666666667,0.08333333333333333,0.41,0,2637
9404,jev-1.13.0,0.13,0.4566666666666666,0.41333333333333333,1,2633
9405,jev-1.13.0,0.12,0.049999999999999996,0.83,2,2634
9406,jev-1.13.0,0.4466666666666667,0.08666666666666667,0.4666666666666666,2,2620
9407,jev-1.13.0,0.8533333333333334,0.0,0.1466666666666667,0,2722
9408,jev-1.13.0,0.5066666666666667,0.0,0.49333333333333335,0,2687
9409,jev-1.13.0,0.89,0.0,0.11,0,2760
9410,jev-1.13.0,0.030000000000000002,0.02,0.9499999999999998,2,2636
9411,jev-1.13.0,0.18666666666666665,0.48999999999999994,0.3233333333333333,1,2638
9412,jev-1.13.0,0.9433333333333334,0.0,0.05666666666666667,0,2692
9413,jev-1.13.0,0.0,1.0,0.0,1,2631
9414,jev-1.13.0,0.9333333333333335,0.0033333333333333335,0.06333333333333334,0,2625
9415,jev-1.13.0,0.5133333333333333,0.02,0.4666666666666666,0,2628
9416,jev-1.13.0,0.5533333333333333,0.3933333333333333,0.05333333333333334,0,2640
9417,jev-1.13.0,0.5733333333333333,0.006666666666666667,0.42,0,2628
9418,jev-1.13.0,0.5233333333333333,0.03666666666666667,0.44,0,2624
9419,jev-1.13.0,0.6333333333333333,0.006666666666666667,0.36000000000000004,0,2654
9420,jev-1.13.0,0.77,0.05666666666666667,0.17333333333333334,0,2639
9421,jev-1.13.0,0.07333333333333333,0.0,0.9266666666666667,2,2665
9422,jev-1.13.0,0.4533333333333333,0.12333333333333334,0.42333333333333334,0,2630
9423,jev-1.13.0,0.08333333333333333,0.0,0.9166666666666666,2,2645
9424,jev-1.13.0,0.023333333333333334,0.0,0.9766666666666666,2,2626
9425,jev-1.13.0,0.30666666666666664,0.03666666666666667,0.6566666666666667,2,2650
9426,jev-1.13.0,0.07,0.8966666666666666,0.03333333333333333,1,2633
9427,jev-1.13.0,0.5800000000000001,0.21999999999999997,0.19999999999999998,0,2617
9428,jev-1.13.0,0.3466666666666667,0.03333333333333333,0.62,2,2618
9429,jev-1.13.0,0.4266666666666667,0.13333333333333333,0.43999999999999995,2,2627
9430,jev-1.13.0,0.01,0.0,0.9899999999999999,2,2657
9431,jev-1.13.0,0.26333333333333336,0.006666666666666667,0.73,2,2616
9432,jev-1.13.0,0.8966666666666666,0.08,0.02333333333333333,0,2630
9433,jev-1.13.0,0.26333333333333336,0.08,0.6566666666666666,2,2627
9434,jev-1.13.0,0.8733333333333334,0.06,0.06666666666666667,0,2628
9435,jev-1.13.0,0.8633333333333333,0.13333333333333333,0.0033333333333333335,0,2639
9436,jev-1.13.0,0.3633333333333333,0.39999999999999997,0.23666666666666666,1,2639
9437,jev-1.13.0,0.5966666666666667,0.006666666666666667,0.39666666666666667,0,2647
9438,jev-1.13.0,0.01,0.9899999999999999,0.0,1,2628
9439,jev-1.13.0,0.15666666666666665,0.08666666666666667,0.7566666666666667,2,2631
9440,jev-1.13.0,0.4033333333333333,0.06333333333333334,0.5333333333333333,2,2648
9441,jev-1.13.0,0.9933333333333333,0.0,0.006666666666666667,0,2620
9442,jev-1.13.0,0.21999999999999997,0.5133333333333333,0.26666666666666666,1,2672
9443,jev-1.13.0,0.8566666666666666,0.0,0.14333333333333334,0,2643
9444,jev-1.13.0,0.8099999999999999,0.0,0.19000000000000003,0,2633
9445,jev-1.13.0,0.04,0.0033333333333333335,0.9566666666666667,2,2653
9446,jev-1.13.0,0.0,0.0,1.0,2,2655
9447,jev-1.13.0,0.29333333333333333,0.6166666666666666,0.09000000000000001,1,2628
9448,jev-1.13.0,0.6733333333333333,0.26666666666666666,0.06,0,2621
9449,jev-1.13.0,0.22999999999999998,0.013333333333333334,0.7566666666666667,2,2616
9450,jev-1.13.0,0.08333333333333333,0.0,0.9166666666666666,2,2633
9451,jev-1.13.0,0.8633333333333333,0.0,0.13666666666666666,0,2615
9452,jev-1.13.0,0.7666666666666666,0.15666666666666668,0.07666666666666667,0,2618
9453,jev-1.13.0,0.0,0.0,1.0,2,2650
9454,jev-1.13.0,0.023333333333333334,0.01,0.9666666666666667,2,2658
9455,jev-1.13.0,1.0,0.0,0.0,0,2638
9456,jev-1.13.0,0.19000000000000003,0.01,0.7999999999999999,2,2628
9457,jev-1.13.0,1.0,0.0,0.0,0,2628
9458,jev-1.13.0,0.6766666666666666,0.0033333333333333335,0.32,0,2638
9459,jev-1.13.0,0.4033333333333333,0.04666666666666667,0.5499999999999999,2,2626
9460,jev-1.13.0,0.6866666666666666,0.2966666666666667,0.016666666666666666,0,2615
9461,jev-1.13.0,0.36000000000000004,0.04,0.6000000000000001,2,2630
9462,jev-1.13.0,0.9966666666666667,0.0,0.0033333333333333335,0,2622
9463,jev-1.13.0,0.8233333333333333,0.0,0.17666666666666667,0,2665
9464,jev-1.13.0,0.0,0.0,1.0,2,2646
9465,jev-1.13.0,0.2866666666666667,0.7133333333333333,0.0,1,2620
9466,jev-1.13.0,0.9333333333333332,0.013333333333333334,0.05333333333333334,0,2631
9467,jev-1.13.0,0.4766666666666666,0.5233333333333333,0.0,1,2626
9468,jev-1.13.0,0.13333333333333333,0.0033333333333333335,0.8633333333333333,2,2625
9469,jev-1.13.0,0.45,0.02333333333333333,0.5266666666666666,2,2643
9470,jev-1.13.0,0.0,0.0,1.0,2,2659
9471,jev-1.13.0,0.8866666666666667,0.11333333333333333,0.0,0,2616
9472,jev-1.13.0,1.0,0.0,0.0,0,2615
9473,jev-1.13.0,0.0,0.9766666666666666,0.023333333333333334,1,2665
9474,jev-1.13.0,0.8433333333333333,0.0033333333333333335,0.15333333333333335,0,2640
9475,jev-1.13.0,0.3233333333333333,0.6433333333333334,0.03333333333333333,1,2647
9476,jev-1.13.0,0.5033333333333333,0.21666666666666667,0.28,0,2626
9477,jev-1.13.0,0.10000000000000002,0.0033333333333333335,0.8966666666666666,2,2652
9478,jev-1.13.0,0.6133333333333333,0.03,0.35666666666666663,0,2688
9479,jev-1.13.0,0.07666666666666666,0.8933333333333334,0.03,1,2635
9480,jev-1.13.0,0.8066666666666666,0.030000000000000002,0.16333333333333333,0,2626
9481,jev-1.13.0,0.22999999999999998,0.75,0.02,1,2618
9482,jev-1.13.0,0.006666666666666667,0.9700000000000001,0.023333333333333334,1,2677
9483,jev-1.13.0,0.04,0.01,0.9499999999999998,2,2677
9484,jev-1.13.0,0.7033333333333333,0.0033333333333333335,0.2933333333333334,0,2633
9485,jev-1.13.0,0.98,0.0,0.02,0,2615
9486,jev-1.13.0,0.7133333333333334,0.2866666666666667,0.0,0,2637
9487,jev-1.13.0,0.14333333333333334,0.006666666666666667,0.85,2,2634
9488,jev-1.13.0,0.17333333333333334,0.33666666666666667,0.49,2,2626
9489,jev-1.13.0,0.6633333333333333,0.13,0.20666666666666667,0,2622
9490,jev-1.13.0,0.62,0.38000000000000006,0.0,0,3029
9491,jev-1.13.0,0.5433333333333333,0.0033333333333333335,0.4533333333333333,0,2614
9492,jev-1.13.0,0.49,0.06666666666666667,0.44333333333333336,0,2616
9493,jev-1.13.0,0.9166666666666666,0.02,0.06333333333333334,0,2623
9494,jev-1.13.0,0.9899999999999999,0.0,0.01,0,2631
9495,jev-1.13.0,0.42333333333333334,0.04666666666666667,0.5299999999999999,2,2645
9496,jev-1.13.0,0.04,0.6966666666666667,0.26333333333333336,1,2642
9497,jev-1.13.0,0.04666666666666667,0.02333333333333333,0.9266666666666667,2,2825
9498,jev-1.13.0,0.7366666666666667,0.02333333333333333,0.24000000000000002,0,2619
9499,jev-1.13.0,0.0,0.0033333333333333335,0.9966666666666667,2,2670
9500,jev-1.13.0,0.5833333333333334,0.35999999999999993,0.05666666666666667,0,2620
9501,jev-1.13.0,0.0033333333333333335,0.0,0.9966666666666667,2,2742
9502,jev-1.13.0,0.3866666666666667,0.0,0.6133333333333333,2,2637
9503,jev-1.13.0,0.61,0.20666666666666667,0.18333333333333335,0,2617
9504,jev-1.13.0,0.19333333333333333,0.0,0.8066666666666666,2,2636
9505,jev-1.13.0,0.0,1.0,0.0,1,2623
9506,jev-1.13.0,0.06333333333333334,0.03333333333333333,0.9033333333333333,2,2666
9507,jev-1.13.0,0.6933333333333334,0.0033333333333333335,0.3033333333333334,0,2622
9508,jev-1.13.0,0.21666666666666667,0.0,0.7833333333333333,2,2647
9509,jev-1.13.0,0.7733333333333334,0.01,0.21666666666666667,0,2629
9510,jev-1.13.0,1.0,0.0,0.0,0,2616
9511,jev-1.13.0,0.023333333333333334,0.69,0.2866666666666667,1,2797
9512,jev-1.13.0,0.34,0.52,0.13999999999999999,1,2626
9513,jev-1.13.0,0.31000000000000005,0.006666666666666667,0.6833333333333332,2,2620
9514,jev-1.13.0,0.36999999999999994,0.05333333333333334,0.5766666666666667,2,2644
9515,jev-1.13.0,0.6133333333333333,0.006666666666666667,0.38000000000000006,0,2625
9516,jev-1.13.0,0.7333333333333334,0.19333333333333336,0.07333333333333333,0,2622
9517,jev-1.13.0,0.3933333333333333,0.06999999999999999,0.5366666666666666,2,2636
9518,jev-1.13.0,0.9866666666666667,0.0033333333333333335,0.01,0,2623
9519,jev-1.13.0,0.35666666666666663,0.0033333333333333335,0.64,2,2618
9520,jev-1.13.0,0.10000000000000002,0.0033333333333333335,0.8966666666666666,2,2629
9521,jev-1.13.0,0.15,0.08666666666666667,0.7633333333333333,2,2667
9522,jev-1.13.0,0.6566666666666666,0.32666666666666666,0.016666666666666666,0,2618
9523,jev-1.13.0,0.006666666666666667,0.0,0.9933333333333333,2,2641
9524,jev-1.13.0,0.7033333333333333,0.006666666666666667,0.29,0,2624
9525,jev-1.13.0,0.01,0.0,0.9899999999999999,2,2683
9526,jev-1.13.0,0.023333333333333334,0.06,0.9166666666666666,2,2633
9527,jev-1.13.0,0.9566666666666667,0.03666666666666667,0.006666666666666667,0,2615
9528,jev-1.13.0,0.5566666666666668,0.05666666666666667,0.38666666666666666,0,2622
9529,jev-1.13.0,0.22666666666666668,0.049999999999999996,0.7233333333333333,2,2618
9530,jev-1.13.0,0.36333333333333334,0.07,0.5666666666666668,2,2623
9531,jev-1.13.0,0.09666666666666668,0.0,0.9033333333333333,2,2711
9532,jev-1.13.0,0.9933333333333333,0.0,0.006666666666666667,0,2621
9533,jev-1.13.0,0.06333333333333334,0.0033333333333333335,0.9333333333333332,2,2631
9534,jev-1.13.0,0.7599999999999999,0.043333333333333335,0.19666666666666666,0,2616
9535,jev-1.13.0,0.15666666666666665,0.02666666666666667,0.8166666666666668,2,2629
9536,jev-1.13.0,0.5766666666666667,0.0,0.42333333333333334,0,2663
9537,jev-1.13.0,0.9733333333333333,0.0033333333333333335,0.023333333333333334,0,2629
9538,jev-1.13.0,1.0,0.0,0.0,0,2616
9539,jev-1.13.0,0.91,0.0,0.09000000000000001,0,2681
9540,jev-1.13.0,0.9866666666666667,0.0,0.013333333333333334,0,2667
9541,jev-1.13.0,1.0,0.0,0.0,0,2616
9542,jev-1.13.0,0.17,0.0033333333333333335,0.8266666666666667,2,2642
9543,jev-1.13.0,0.7033333333333333,0.0,0.2966666666666667,0,2638
9544,jev-1.13.0,0.26333333333333336,0.006666666666666667,0.73,2,2624
9545,jev-1.13.0,0.8066666666666666,0.0,0.19333333333333333,0,2617
9546,jev-1.13.0,0.93,0.030000000000000002,0.04,0,2619
9547,jev-1.13.0,1.0,0.0,0.0,0,2625
9548,jev-1.13.0,0.09333333333333334,0.0,0.9066666666666667,2,2649
9549,jev-1.13.0,0.04666666666666667,0.01,0.9433333333333334,2,2635
9550,jev-1.13.0,0.02666666666666667,0.0,0.9733333333333333,2,2664
9551,jev-1.13.0,0.5933333333333334,0.016666666666666666,0.38999999999999996,0,2630
9552,jev-1.13.0,0.24666666666666667,0.2233333333333333,0.53,2,2644
9553,jev-1.13.0,1.0,0.0,0.0,0,2626
9554,jev-1.13.0,0.9366666666666665,0.0033333333333333335,0.06,0,2622
9555,jev-1.13.0,0.02,0.98,0.0,1,2620
9556,jev-1.13.0,0.08666666666666667,0.6033333333333333,0.31,1,2619
9557,jev-1.13.0,0.11333333333333333,0.006666666666666667,0.88,2,2645
9558,jev-1.13.0,0.84,0.07666666666666667,0.08333333333333333,0,2622
9559,jev-1.13.0,0.32666666666666666,0.30666666666666664,0.36666666666666664,2,2622
9560,jev-1.13.0,0.36999999999999994,0.14333333333333334,0.48666666666666664,2,2625
9561,jev-1.13.0,0.31,0.01,0.68,2,2629
9562,jev-1.13.0,0.0033333333333333335,0.9966666666666667,0.0,1,2618
9563,jev-1.13.0,0.8766666666666666,0.013333333333333334,0.10999999999999999,0,2633
9564,jev-1.13.0,0.01,0.0,0.9899999999999999,2,2662
9565,jev-1.13.0,0.0,1.0,0.0,1,2620
9566,jev-1.13.0,0.049999999999999996,0.9466666666666667,0.0033333333333333335,1,2618
9567,jev-1.13.0,0.5866666666666666,0.016666666666666666,0.39666666666666667,0,2622
9568,jev-1.13.0,0.5066666666666667,0.18333333333333335,0.31000000000000005,0,2616
9569,jev-1.13.0,0.006666666666666667,0.0,0.9933333333333333,2,2633
9570,jev-1.13.0,0.01,0.0,0.9899999999999999,2,2664
9571,jev-1.13.0,0.5333333333333333,0.0,0.4666666666666666,0,2643
9572,jev-1.13.0,0.3633333333333333,0.01,0.6266666666666666,2,2652
9573,jev-1.13.0,0.9933333333333333,0.0,0.006666666666666667,0,2635
9574,jev-1.13.0,0.38999999999999996,0.0,0.61,2,2653
9575,jev-1.13.0,0.9933333333333333,0.0,0.006666666666666667,0,2615
9576,jev-1.13.0,0.6233333333333334,0.09000000000000001,0.2866666666666666,0,2622
9577,jev-1.13.0,0.7133333333333333,0.0033333333333333335,0.2833333333333334,0,2647
9578,jev-1.13.0,0.0,0.0,1.0,2,2670
9579,jev-1.13.0,0.04666666666666667,0.0,0.9533333333333333,2,2629
9580,jev-1.13.0,0.59,0.030000000000000002,0.38000000000000006,0,2628
9581,jev-1.13.0,0.0,0.0,1.0,2,2626
9582,jev-1.13.0,0.49666666666666665,0.29,0.2133333333333333,0,2625
9583,jev-1.13.0,0.013333333333333334,0.0,0.9866666666666667,2,2841
9584,jev-1.13.0,0.89,0.02,0.08666666666666667,0,2619
9585,jev-1.13.0,0.5499999999999999,0.03333333333333333,0.4166666666666667,0,2627
9586,jev-1.13.0,0.5499999999999999,0.22666666666666668,0.22333333333333336,0,2639
9587,jev-1.13.0,0.33,0.11333333333333334,0.5566666666666666,2,2669
9588,jev-1.13.0,1.0,0.0,0.0,0,2616
9589,jev-1.13.0,0.0,1.0,0.0,1,2623
9590,jev-1.13.0,0.6866666666666666,0.21,0.10333333333333333,0,2620
9591,jev-1.13.0,1.0,0.0,0.0,0,2624
9592,jev-1.13.0,1.0,0.0,0.0,0,2625
9593,jev-1.13.0,0.9366666666666666,0.0,0.06333333333333334,0,2640
9594,jev-1.13.0,0.96,0.0,0.04,0,2628
9595,jev-1.13.0,0.7566666666666667,0.016666666666666666,0.22666666666666666,0,2624
9596,jev-1.13.0,0.14,0.0,0.86,2,2629
9597,jev-1.13.0,0.013333333333333334,0.0,0.9866666666666667,2,2624
9598,jev-1.13.0,0.36000000000000004,0.013333333333333334,0.6266666666666666,2,2636
9599,jev-1.13.0,0.5366666666666667,0.1366666666666667,0.32666666666666666,0,2626
9600,jev-1.13.0,0.9266666666666667,0.016666666666666666,0.05666666666666667,0,2638
9601,jev-1.13.0,0.07,0.0,0.93,2,2633
9602,jev-1.13.0,0.1466666666666667,0.0,0.8533333333333334,2,2767
9603,jev-1.13.0,0.23666666666666666,0.0,0.7633333333333333,2,2631
9604,jev-1.13.0,0.8933333333333334,0.043333333333333335,0.06333333333333334,0,2643
9605,jev-1.13.0,0.8966666666666666,0.02666666666666667,0.07666666666666667,0,2622
9606,jev-1.13.0,1.0,0.0,0.0,0,2625
9607,jev-1.13.0,0.93,0.0,0.07,0,2623
9608,jev-1.13.0,0.6766666666666666,0.01,0.3133333333333333,0,2628
9609,jev-1.13.0,0.7533333333333333,0.043333333333333335,0.20333333333333334,0,2621
9610,jev-1.13.0,0.11333333333333333,0.0,0.8866666666666667,2,2645
9611,jev-1.13.0,0.9933333333333333,0.006666666666666667,0.0,0,2618
9612,jev-1.13.0,0.59,0.01,0.4000000000000001,0,2719
9613,jev-1.13.0,0.04,0.9533333333333333,0.006666666666666667,1,2619
9614,jev-1.13.0,0.41,0.10666666666666667,0.48333333333333334,2,2668
9615,jev-1.13.0,0.049999999999999996,0.0,0.9499999999999998,2,2644
9616,jev-1.13.0,0.03333333333333333,0.0,0.9666666666666667,2,2674
9617,jev-1.13.0,0.8266666666666667,0.0033333333333333335,0.17,0,2634
9618,jev-1.13.0,0.0,0.0,1.0,2,2622
9619,jev-1.13.0,0.8566666666666666,0.0,0.14333333333333334,0,2635
9620,jev-1.13.0,0.39666666666666667,0.0,0.6033333333333334,2,2648
9621,jev-1.13.0,0.9133333333333334,0.06333333333333334,0.023333333333333334,0,2623
9622,jev-1.13.0,0.18333333333333335,0.006666666666666667,0.8066666666666666,2,2621
9623,jev-1.13.0,0.023333333333333334,0.7333333333333334,0.24333333333333332,1,2657
9624,jev-1.13.0,0.09000000000000001,0.0,0.91,2,2646
9625,jev-1.13.0,0.98,0.0,0.02,0,2617
9626,jev-1.13.0,0.6366666666666667,0.24333333333333337,0.12,0,2698
9627,jev-1.13.0,0.006666666666666667,0.0,0.9933333333333333,2,2628
9628,jev-1.13.0,0.58,0.03,0.38999999999999996,0,2624
9629,jev-1.13.0,0.41,0.03333333333333333,0.5566666666666666,2,2621
9630,jev-1.13.0,0.25,0.0033333333333333335,0.7466666666666667,2,2643
9631,jev-1.13.0,0.5066666666666667,0.0,0.49333333333333335,0,2630
9632,jev-1.13.0,0.12666666666666668,0.03333333333333333,0.84,2,2655
9633,jev-1.13.0,0.4766666666666666,0.33666666666666667,0.18666666666666668,0,2621
9634,jev-1.13.0,0.77,0.21333333333333335,0.016666666666666666,0,2617
9635,jev-1.13.0,1.0,0.0,0.0,0,2617
9636,jev-1.13.0,0.0,0.0,1.0,2,2685
9637,jev-1.13.0,0.7033333333333333,0.0,0.29666666666666663,0,2633
9638,jev-1.13.0,0.3133333333333333,0.013333333333333334,0.6733333333333333,2,2630
9639,jev-1.13.0,0.10333333333333333,0.0,0.8966666666666666,2,2624
9640,jev-1.13.0,0.2066666666666667,0.04,0.7533333333333334,2,2622
9641,jev-1.13.0,0.016666666666666666,0.9700000000000001,0.013333333333333334,1,2623
9642,jev-1.13.0,0.049999999999999996,0.9266666666666666,0.023333333333333334,1,2621
9643,jev-1.13.0,0.33,0.5466666666666666,0.12333333333333334,1,2618
9644,jev-1.13.0,0.11333333333333333,0.8533333333333334,0.03333333333333333,1,2617
9645,jev-1.13.0,0.7833333333333333,0.06666666666666667,0.15000000000000002,0,2622
9646,jev-1.13.0,0.2833333333333334,0.006666666666666667,0.71,2,2625
9647,jev-1.13.0,0.31333333333333335,0.01,0.6766666666666667,2,2623
9648,jev-1.13.0,0.6166666666666667,0.38333333333333336,0.0,0,2962
9649,jev-1.13.0,0.96,0.0,0.04,0,2637
9650,jev-1.13.0,0.7666666666666666,0.0,0.2333333333333333,0,2659
9651,jev-1.13.0,0.10666666666666667,0.0,0.8933333333333334,2,2686
9652,jev-1.13.0,0.37999999999999995,0.0,0.62,2,2744
9653,jev-1.13.0,0.9333333333333332,0.02666666666666667,0.04,0,2618
9654,jev-1.13.0,0.5366666666666666,0.013333333333333334,0.44999999999999996,0,2639
9655,jev-1.13.0,0.7933333333333333,0.06333333333333334,0.14333333333333334,0,2618
9656,jev-1.13.0,0.02,0.84,0.14,1,2618
9657,jev-1.13.0,1.0,0.0,0.0,0,2640
9658,jev-1.13.0,0.08333333333333333,0.006666666666666667,0.91,2,2650
9659,jev-1.13.0,0.0033333333333333335,0.0,0.9966666666666667,2,2855
9660,jev-1.13.0,0.26666666666666666,0.0,0.7333333333333334,2,2630
9661,jev-1.13.0,0.05666666666666667,0.0,0.9433333333333334,2,2630
9662,jev-1.13.0,0.5966666666666667,0.006666666666666667,0.39666666666666667,0,2629
9663,jev-1.13.0,0.23,0.0,0.77,2,2661
9664,jev-1.13.0,0.15333333333333332,0.25333333333333335,0.5933333333333333,2,2646
9665,jev-1.13.0,0.7200000000000001,0.01,0.27,0,2624
9666,jev-1.13.0,0.01,0.0,0.9899999999999999,2,2839
9667,jev-1.13.0,0.9833333333333334,0.0,0.016666666666666666,0,2698
9668,jev-1.13.0,0.6733333333333333,0.016666666666666666,0.31,0,2627
9669,jev-1.13.0,1.0,0.0,0.0,0,2613
9670,jev-1.13.0,0.02,0.0,0.98,2,2652
9671,jev-1.13.0,0.01,0.0,0.9899999999999999,2,2748
9672,jev-1.13.0,0.04,0.8966666666666666,0.06333333333333334,1,2619
9673,jev-1.13.0,0.0,0.0,1.0,2,2631
9674,jev-1.13.0,0.0,1.0,0.0,1,2728
9675,jev-1.13.0,0.27,0.013333333333333334,0.7166666666666668,2,2687
9676,jev-1.13.0,0.9400000000000001,0.0,0.06,0,2618
9677,jev-1.13.0,0.9933333333333333,0.0,0.006666666666666667,0,2687
9678,jev-1.13.0,0.006666666666666667,0.0,0.9933333333333333,2,2665
9679,jev-1.13.0,0.5133333333333333,0.05666666666666667,0.43,0,2643
9680,jev-1.13.0,0.7966666666666667,0.0,0.20333333333333334,0,2647
9681,jev-1.13.0,1.0,0.0,0.0,0,2616
9682,jev-1.13.0,0.0,1.0,0.0,1,2615
9683,jev-1.13.0,0.0033333333333333335,0.98,0.016666666666666666,1,2635
9684,jev-1.13.0,0.33,0.08333333333333333,0.5866666666666666,2,2636
9685,jev-1.13.0,0.9466666666666667,0.049999999999999996,0.0033333333333333335,0,2616
9686,jev-1.13.0,0.0,0.0,1.0,2,2668
9687,jev-1.13.0,0.9766666666666666,0.0033333333333333335,0.02,0,2619
9688,jev-1.13.0,0.52,0.023333333333333334,0.4566666666666667,0,2620
9689,jev-1.13.0,0.6866666666666666,0.0,0.3133333333333333,0,2656
9690,jev-1.13.0,0.6266666666666666,0.0,0.37333333333333335,0,2699
9691,jev-1.13.0,0.7133333333333334,0.0033333333333333335,0.2833333333333334,0,2645
9692,jev-1.13.0,0.0,0.0,1.0,2,2646
9693,jev-1.13.0,0.03666666666666667,0.9533333333333333,0.01,1,2618
9694,jev-1.13.0,0.7799999999999999,0.03666666666666667,0.18333333333333335,0,2619
9695,jev-1.13.0,1.0,0.0,0.0,0,2625
9696,jev-1.13.0,0.0,1.0,0.0,1,2621
9697,jev-1.13.0,0.01,0.9666666666666667,0.023333333333333334,1,2639
9698,jev-1.13.0,0.93,0.01,0.06,0,2633
9699,jev-1.13.0,0.26666666666666666,0.18000000000000002,0.5533333333333333,2,2655
9700,jev-1.13.0,0.006666666666666667,0.0,0.9933333333333333,2,2668
9701,jev-1.13.0,0.0,0.0,1.0,2,2677
9702,jev-1.13.0,0.7933333333333333,0.15333333333333335,0.05333333333333334,0,2631
9703,jev-1.13.0,0.7566666666666665,0.05666666666666667,0.18666666666666668,0,2629
9704,jev-1.13.0,0.9066666666666667,0.013333333333333334,0.08,0,2668
9705,jev-1.13.0,0.2833333333333333,0.02,0.6966666666666667,2,2702
9706,jev-1.13.0,0.4566666666666667,0.12333333333333334,0.42,0,2629
9707,jev-1.13.0,0.06666666666666667,0.02,0.9133333333333334,2,2620
9708,jev-1.13.0,0.9066666666666667,0.02666666666666667,0.06666666666666667,0,2645
9709,jev-1.13.0,0.0,0.0,1.0,2,2682
9710,jev-1.13.0,0.7766666666666667,0.016666666666666666,0.20666666666666667,0,2622
9711,jev-1.13.0,0.7799999999999999,0.08,0.14,0,2622
9712,jev-1.13.0,0.6000000000000001,0.013333333333333334,0.3866666666666667,0,2629
9713,jev-1.13.0,0.0,1.0,0.0,1,2627
9714,jev-1.13.0,0.19000000000000003,0.006666666666666667,0.8033333333333333,2,2629
9715,jev-1.13.0,0.02,0.0,0.98,2,2692
9716,jev-1.13.0,1.0,0.0,0.0,0,2617
9717,jev-1.13.0,0.8866666666666667,0.02,0.09333333333333334,0,2619
9718,jev-1.13.0,0.0,0.0,1.0,2,2657
9719,jev-1.13.0,0.18333333333333335,0.26333333333333336,0.5533333333333333,2,2618
9720,jev-1.13.0,0.64,0.12,0.24,0,2622
9721,jev-1.13.0,0.75,0.01,0.24,0,2617
9722,jev-1.13.0,0.11333333333333333,0.02,0.8666666666666667,2,2645
9723,jev-1.13.0,0.22,0.0,0.7799999999999999,2,2620
9724,jev-1.13.0,0.3466666666666667,0.006666666666666667,0.6466666666666666,2,2638
9725,jev-1.13.0,0.87,0.03666666666666667,0.09333333333333334,0,2630
9726,jev-1.13.0,0.3333333333333333,0.4000000000000001,0.26666666666666666,1,2632
9727,jev-1.13.0,0.6933333333333334,0.030000000000000002,0.27666666666666667,0,2625
9728,jev-1.13.0,0.02666666666666667,0.8933333333333334,0.08,1,2628
9729,jev-1.13.0,0.0,0.0,1.0,2,2687
9730,jev-1.13.0,0.0,1.0,0.0,1,2628
9731,jev-1.13.0,0.22333333333333336,0.006666666666666667,0.77,2,2657
9732,jev-1.13.0,0.71,0.023333333333333334,0.26666666666666666,0,2643
9733,jev-1.13.0,0.19000000000000003,0.006666666666666667,0.8033333333333333,2,2633
9734,jev-1.13.0,1.0,0.0,0.0,0,2618
9735,jev-1.13.0,0.3333333333333333,0.27999999999999997,0.3866666666666667,2,2639
9736,jev-1.13.0,0.8866666666666667,0.013333333333333334,0.09999999999999999,0,2618
9737,jev-1.13.0,0.04666666666666667,0.0,0.9533333333333333,2,2630
9738,jev-1.13.0,0.73,0.05666666666666667,0.21333333333333335,0,2625
9739,jev-1.13.0,0.5233333333333333,0.016666666666666666,0.45999999999999996,0,2627
9740,jev-1.13.0,0.3033333333333334,0.0,0.6966666666666668,2,2678
9741,jev-1.13.0,0.27666666666666667,0.32,0.4033333333333333,2,2628
9742,jev-1.13.0,0.4166666666666667,0.049999999999999996,0.5333333333333333,2,2627
9743,jev-1.13.0,0.03,0.88,0.09000000000000001,1,2623
9744,jev-1.13.0,0.39666666666666667,0.20666666666666667,0.39666666666666667,0,2616
9745,jev-1.13.0,0.02,0.09333333333333334,0.8866666666666667,2,2650
9746,jev-1.13.0,0.9899999999999999,0.006666666666666667,0.0033333333333333335,0,2616
9747,jev-1.13.0,0.9833333333333334,0.0033333333333333335,0.013333333333333334,0,2627
9748,jev-1.13.0,0.7266666666666666,0.01,0.26333333333333336,0,2673
9749,jev-1.13.0,0.07333333333333333,0.05666666666666667,0.87,2,2678
9750,jev-1.13.0,0.65,0.03333333333333333,0.31666666666666665,0,2662
9751,jev-1.13.0,0.2966666666666667,0.0033333333333333335,0.6999999999999998,2,2647
9752,jev-1.13.0,0.6833333333333332,0.16,0.15666666666666668,0,2625
9753,jev-1.13.0,0.0,0.0,1.0,2,2636
9754,jev-1.13.0,0.53,0.16,0.31,0,2621
9755,jev-1.13.0,0.09000000000000001,0.8866666666666667,0.023333333333333334,1,2617
9756,jev-1.13.0,0.08666666666666667,0.006666666666666667,0.9066666666666666,2,2637
9757,jev-1.13.0,0.13,0.3466666666666667,0.5233333333333333,2,2665
9758,jev-1.13.0,0.11333333333333333,0.0,0.8866666666666667,2,2646
9759,jev-1.13.0,1.0,0.0,0.0,0,2616
9760,jev-1.13.0,0.33,0.37333333333333335,0.2966666666666667,1,2632
9761,jev-1.13.0,0.09333333333333334,0.7466666666666667,0.16,1,2623
9762,jev-1.13.0,0.6466666666666666,0.25666666666666665,0.09666666666666666,0,2623
9763,jev-1.13.0,0.75,0.02666666666666667,0.22333333333333336,0,2621
9764,jev-1.13.0,1.0,0.0,0.0,0,2616
9765,jev-1.13.0,0.61,0.0,0.38999999999999996,0,2705
9766,jev-1.13.0,1.0,0.0,0.0,0,2615
9767,jev-1.13.0,0.0,0.0,1.0,2,2675
9768,jev-1.13.0,0.0,0.0,1.0,2,2660
9769,jev-1.13.0,0.006666666666666667,0.0,0.9933333333333333,2,2625
9770,jev-1.13.0,0.5599999999999999,0.006666666666666667,0.43333333333333335,0,2640
9771,jev-1.13.0,0.2233333333333333,0.016666666666666666,0.7600000000000001,2,2633
9772,jev-1.13.0,0.06,0.0033333333333333335,0.9366666666666665,2,2624
9773,jev-1.13.0,0.023333333333333334,0.04,0.9366666666666666,2,2641
9774,jev-1.13.0,0.10333333333333333,0.006666666666666667,0.89,2,2647
9775,jev-1.13.0,0.016666666666666666,0.0,0.9833333333333334,2,2643
9776,jev-1.13.0,0.71,0.01,0.28,0,2625
9777,jev-1.13.0,0.6133333333333333,0.02666666666666667,0.36000000000000004,0,2623
9778,jev-1.13.0,0.49,0.2233333333333333,0.2866666666666667,0,2619
9779,jev-1.13.0,1.0,0.0,0.0,0,2615
9780,jev-1.13.0,0.10999999999999999,0.8000000000000002,0.09000000000000001,1,2627
9781,jev-1.13.0,0.4566666666666666,0.006666666666666667,0.5366666666666666,2,2631
9782,jev-1.13.0,0.1366666666666667,0.0,0.8633333333333333,2,2658
9783,jev-1.13.0,0.2866666666666667,0.25333333333333335,0.45999999999999996,2,2623
9784,jev-1.13.0,0.9366666666666665,0.0,0.06333333333333334,0,2648
9785,jev-1.13.0,0.35333333333333333,0.16,0.48666666666666664,2,2616
9786,jev-1.13.0,0.9033333333333333,0.013333333333333334,0.08333333333333333,0,2626
9787,jev-1.13.0,0.0033333333333333335,0.0,0.9966666666666667,2,2662
9788,jev-1.13.0,0.62,0.016666666666666666,0.3633333333333333,0,2647
9789,jev-1.13.0,0.9166666666666666,0.0,0.08333333333333333,0,2637
9790,jev-1.13.0,0.92,0.0,0.08,0,2649
9791,jev-1.13.0,0.6933333333333334,0.04,0.26666666666666666,0,2622
9792,jev-1.13.0,0.6366666666666667,0.0,0.36333333333333334,0,2657
9793,jev-1.13.0,0.29000000000000004,0.013333333333333334,0.6966666666666667,2,2665
9794,jev-1.13.0,0.48333333333333334,0.006666666666666667,0.51,2,2644
9795,jev-1.13.0,0.39999999999999997,0.3566666666666667,0.24333333333333332,0,2633
9796,jev-1.13.0,0.013333333333333334,0.0,0.9866666666666667,2,2714
9797,jev-1.13.0,0.09666666666666668,0.0,0.9033333333333333,2,2618
9798,jev-1.13.0,0.36999999999999994,0.18666666666666668,0.44333333333333336,2,2671
9799,jev-1.13.0,0.9199999999999999,0.03,0.05000000000000001,0,2625
9800,jev-1.13.0,0.10333333333333333,0.0,0.8966666666666666,2,2635
9801,jev-1.13.0,0.17333333333333334,0.0,0.8266666666666667,2,2652
9802,jev-1.13.0,0.82,0.13,0.05000000000000001,0,2619
9803,jev-1.13.0,0.19666666666666668,0.0,0.8033333333333333,2,2636
9804,jev-1.13.0,0.013333333333333334,0.0,0.9866666666666667,2,2662
9805,jev-1.13.0,0.11333333333333334,0.4366666666666667,0.45,2,2649
9806,jev-1.13.0,0.9466666666666667,0.0,0.05333333333333334,0,2626
9807,jev-1.13.0,0.016666666666666666,0.0,0.9833333333333334,2,2669
9808,jev-1.13.0,0.39666666666666667,0.04,0.5633333333333334,2,2622
9809,jev-1.13.0,0.5233333333333333,0.0033333333333333335,0.47333333333333333,0,2642
9810,jev-1.13.0,0.26333333333333336,0.6266666666666667,0.11,1,2639
9811,jev-1.13.0,0.0,0.0,1.0,2,2683
9812,jev-1.13.0,0.06666666666666667,0.87,0.06333333333333334,1,2615
9813,jev-1.13.0,0.049999999999999996,0.0,0.9499999999999998,2,2629
9814,jev-1.13.0,0.06666666666666667,0.0,0.9333333333333332,2,2626
9815,jev-1.13.0,0.0033333333333333335,0.0,0.9966666666666667,2,2657
9816,jev-1.13.0,0.71,0.0,0.29,0,2709
9817,jev-1.13.0,0.48,0.0,0.52,2,2647
9818,jev-1.13.0,0.7866666666666666,0.10666666666666667,0.10666666666666667,0,2620
9819,jev-1.13.0,0.6033333333333334,0.016666666666666666,0.38000000000000006,0,2628
9820,jev-1.13.0,0.16,0.03333333333333333,0.8066666666666666,2,2657
9821,jev-1.13.0,0.0,0.0,1.0,2,2654
9822,jev-1.13.0,0.09999999999999999,0.0,0.9,2,2650
9823,jev-1.13.0,0.91,0.013333333333333334,0.07666666666666666,0,2626
9824,jev-1.13.0,0.6933333333333334,0.29666666666666663,0.01,0,2631
9825,jev-1.13.0,0.81,0.016666666666666666,0.17333333333333334,0,2628
9826,jev-1.13.0,0.9333333333333335,0.03333333333333333,0.03,0,2618
9827,jev-1.13.0,0.013333333333333334,0.9866666666666667,0.0,1,2616
9828,jev-1.13.0,0.4166666666666667,0.18333333333333335,0.39999999999999997,0,2625
9829,jev-1.13.0,0.10666666666666667,0.0033333333333333335,0.89,2,2625
9830,jev-1.13.0,0.02666666666666667,0.9700000000000001,0.0033333333333333335,1,2615
9831,jev-1.13.0,0.7600000000000001,0.14333333333333334,0.09666666666666668,0,2615
9832,jev-1.13.0,0.11,0.27999999999999997,0.61,2,2836
9833,jev-1.13.0,0.5333333333333333,0.44333333333333336,0.023333333333333334,0,2614
9834,jev-1.13.0,0.0,0.0,1.0,2,2696
9835,jev-1.13.0,0.04666666666666667,0.0,0.9533333333333333,2,2670
9836,jev-1.13.0,0.06,0.006666666666666667,0.9333333333333332,2,2691
9837,jev-1.13.0,0.96,0.0,0.04,0,2677
9838,jev-1.13.0,1.0,0.0,0.0,0,2619
9839,jev-1.13.0,0.8633333333333333,0.006666666666666667,0.13,0,2632
9840,jev-1.13.0,0.9700000000000001,0.0033333333333333335,0.02666666666666667,0,2623
9841,jev-1.13.0,0.006666666666666667,0.016666666666666666,0.9766666666666666,2,2656
9842,jev-1.13.0,0.9,0.016666666666666666,0.08333333333333333,0,2691
9843,jev-1.13.0,0.14666666666666667,0.0033333333333333335,0.85,2,2627
9844,jev-1.13.0,1.0,0.0,0.0,0,2616
9845,jev-1.13.0,0.7966666666666667,0.0,0.20333333333333334,0,2620
9846,jev-1.13.0,0.9066666666666667,0.016666666666666666,0.07666666666666667,0,2638
9847,jev-1.13.0,1.0,0.0,0.0,0,2615
9848,jev-1.13.0,0.6066666666666666,0.0033333333333333335,0.38999999999999996,0,2638
9849,jev-1.13.0,0.01,0.0,0.9899999999999999,2,2711
9850,jev-1.13.0,0.7966666666666667,0.11666666666666665,0.08666666666666667,0,2619
9851,jev-1.13.0,0.5666666666666668,0.0,0.43333333333333335,0,2626
9852,jev-1.13.0,0.34333333333333327,0.0033333333333333335,0.6533333333333333,2,2636
9853,jev-1.13.0,0.42,0.03333333333333333,0.5466666666666667,2,2635
9854,jev-1.13.0,0.54,0.13333333333333333,0.32666666666666666,0,2624
9855,jev-1.13.0,0.07,0.0033333333333333335,0.9266666666666667,2,2648
9856,jev-1.13.0,0.0,0.0,1.0,2,2661
9857,jev-1.13.0,0.5066666666666667,0.030000000000000002,0.4633333333333333,0,2621
9858,jev-1.13.0,0.31,0.47,0.22,1,2625
9859,jev-1.13.0,0.29666666666666663,0.0,0.7033333333333333,2,2695
9860,jev-1.13.0,0.8966666666666666,0.0,0.10333333333333333,0,2627
9861,jev-1.13.0,0.5933333333333334,0.023333333333333334,0.3833333333333333,0,2637
9862,jev-1.13.0,0.47000000000000003,0.35333333333333333,0.17666666666666667,0,2628
9863,jev-1.13.0,0.9166666666666666,0.0,0.08333333333333333,0,2723
9864,jev-1.13.0,0.05333333333333334,0.01,0.9366666666666666,2,2659
9865,jev-1.13.0,1.0,0.0,0.0,0,2623
9866,jev-1.13.0,1.0,0.0,0.0,0,2616
9867,jev-1.13.0,0.3,0.0,0.6999999999999998,2,2660
9868,jev-1.13.0,0.7833333333333333,0.03,0.18666666666666668,0,2655
9869,jev-1.13.0,0.44333333333333336,0.3233333333333333,0.2333333333333333,0,2620
9870,jev-1.13.0,0.27,0.02333333333333333,0.7066666666666667,2,2637
9871,jev-1.13.0,0.13,0.03333333333333333,0.8366666666666666,2,2625
9872,jev-1.13.0,0.10333333333333333,0.01,0.8866666666666667,2,2618
9873,jev-1.13.0,0.0,0.0,1.0,2,2651
9874,jev-1.13.0,0.1366666666666667,0.023333333333333334,0.84,2,2639
9875,jev-1.13.0,0.3166666666666667,0.0,0.6833333333333332,2,2647
9876,jev-1.13.0,0.03666666666666667,0.0,0.9633333333333333,2,2667
9877,jev-1.13.0,0.36999999999999994,0.10666666666666667,0.5233333333333333,2,2640
9878,jev-1.13.0,0.06333333333333334,0.22333333333333336,0.7133333333333333,2,2674
9879,jev-1.13.0,0.7399999999999999,0.053333333333333344,0.20666666666666667,0,2623
9880,jev-1.13.0,0.6633333333333332,0.14,0.19666666666666666,0,2628
9881,jev-1.13.0,0.36666666666666664,0.0,0.6333333333333333,2,2679
9882,jev-1.13.0,0.36999999999999994,0.63,0.0,1,2618
9883,jev-1.13.0,0.19666666666666666,0.03666666666666667,0.7666666666666666,2,2738
9884,jev-1.13.0,0.9433333333333334,0.013333333333333334,0.043333333333333335,0,2622
9885,jev-1.13.0,0.42,0.0,0.5800000000000001,2,2667
9886,jev-1.13.0,0.5233333333333333,0.0,0.4766666666666666,0,2673
9887,jev-1.13.0,1.0,0.0,0.0,0,2618
9888,jev-1.13.0,0.03,0.7999999999999999,0.17,1,2645
9889,jev-1.13.0,0.11333333333333333,0.049999999999999996,0.8366666666666666,2,2653
9890,jev-1.13.0,0.7733333333333333,0.08333333333333333,0.14333333333333334,0,2633
9891,jev-1.13.0,0.0033333333333333335,0.9966666666666667,0.0,1,2614
9892,jev-1.13.0,0.013333333333333334,0.9866666666666667,0.0,1,2631
9893,jev-1.13.0,0.6900000000000001,0.0,0.31000000000000005,0,2650
9894,jev-1.13.0,0.6166666666666667,0.016666666666666666,0.3666666666666667,0,2623
9895,jev-1.13.0,0.8733333333333334,0.04,0.08666666666666667,0,2622
9896,jev-1.13.0,1.0,0.0,0.0,0,2618
9897,jev-1.13.0,0.25333333333333335,0.18000000000000002,0.5666666666666665,2,2676
9898,jev-1.13.0,0.84,0.06666666666666667,0.09333333333333334,0,2631
9899,jev-1.13.0,0.92,0.0,0.08,0,2641
9900,jev-1.13.0,0.9833333333333334,0.0,0.016666666666666666,0,2624
9901,jev-1.13.0,1.0,0.0,0.0,0,2621
9902,jev-1.13.0,1.0,0.0,0.0,0,2618
9903,jev-1.13.0,0.29000000000000004,0.016666666666666666,0.6933333333333334,2,2817
9904,jev-1.13.0,0.18333333333333335,0.05333333333333334,0.7633333333333333,2,2633
9905,jev-1.13.0,0.21666666666666667,0.51,0.2733333333333334,1,2617
9906,jev-1.13.0,0.2333333333333333,0.4666666666666666,0.3,1,2626
9907,jev-1.13.0,0.08,0.8966666666666666,0.023333333333333334,1,2615
9908,jev-1.13.0,0.21,0.016666666666666666,0.7733333333333334,2,2669
9909,jev-1.13.0,0.42333333333333334,0.31,0.26666666666666666,0,2616
9910,jev-1.13.0,0.016666666666666666,0.0,0.9833333333333334,2,2672
9911,jev-1.13.0,0.7766666666666667,0.03333333333333333,0.19000000000000003,0,2736
9912,jev-1.13.0,0.67,0.03666666666666667,0.2933333333333333,0,2621
9913,jev-1.13.0,0.9566666666666667,0.0,0.043333333333333335,0,2620
9914,jev-1.13.0,0.8633333333333333,0.02666666666666667,0.10999999999999999,0,2627
9915,jev-1.13.0,1.0,0.0,0.0,0,2615
9916,jev-1.13.0,0.016666666666666666,0.98,0.0033333333333333335,1,2624
9917,jev-1.13.0,0.9366666666666666,0.0,0.06333333333333334,0,2644
9918,jev-1.13.0,0.09000000000000001,0.8700000000000001,0.036666666666666674,1,2711
9919,jev-1.13.0,0.17333333333333334,0.02333333333333333,0.8033333333333333,2,2629
9920,jev-1.13.0,0.48333333333333334,0.013333333333333334,0.5033333333333333,2,2631
9921,jev-1.13.0,0.11333333333333333,0.006666666666666667,0.88,2,2668
9922,jev-1.13.0,0.043333333333333335,0.3433333333333333,0.6133333333333333,2,2630
9923,jev-1.13.0,0.22999999999999998,0.0,0.77,2,2662
9924,jev-1.13.0,0.06333333333333334,0.18000000000000002,0.7566666666666668,2,2635
9925,jev-1.13.0,0.5166666666666667,0.006666666666666667,0.47666666666666674,0,2649
9926,jev-1.13.0,0.41333333333333333,0.14,0.4466666666666667,2,2639
9927,jev-1.13.0,1.0,0.0,0.0,0,2619
9928,jev-1.13.0,0.05000000000000001,0.58,0.36999999999999994,1,2636
9929,jev-1.13.0,0.0033333333333333335,0.10000000000000002,0.8966666666666666,2,2662
9930,jev-1.13.0,0.42,0.03,0.5499999999999999,2,2619
9931,jev-1.13.0,0.9866666666666667,0.0033333333333333335,0.01,0,2613
9932,jev-1.13.0,0.08,0.9,0.02,1,2627
9933,jev-1.13.0,0.8533333333333334,0.0,0.14666666666666667,0,2624
9934,jev-1.13.0,0.7533333333333333,0.049999999999999996,0.19666666666666666,0,2631
9935,jev-1.13.0,0.9866666666666667,0.013333333333333334,0.0,0,2615
9936,jev-1.13.0,0.48333333333333334,0.07333333333333333,0.44333333333333336,0,2632
9937,jev-1.13.0,0.5066666666666667,0.06333333333333334,0.43,0,2635
9938,jev-1.13.0,0.0,0.0,1.0,2,2657
9939,jev-1.13.0,0.59,0.11666666666666668,0.2933333333333334,0,2618
9940,jev-1.13.0,0.0033333333333333335,0.0,0.9966666666666667,2,2657
9941,jev-1.13.0,0.8966666666666666,0.023333333333333334,0.08,0,2619
9942,jev-1.13.0,1.0,0.0,0.0,0,2616
9943,jev-1.13.0,0.0,0.0,1.0,2,2661
9944,jev-1.13.0,0.35333333333333333,0.02333333333333333,0.6233333333333334,2,2617
9945,jev-1.13.0,0.9966666666666667,0.0,0.0033333333333333335,0,2626
9946,jev-1.13.0,0.7233333333333333,0.18000000000000002,0.09666666666666668,0,2631
9947,jev-1.13.0,0.4766666666666666,0.043333333333333335,0.48,2,2631
9948,jev-1.13.0,0.9499999999999998,0.0,0.05000000000000001,0,2638
9949,jev-1.13.0,0.49333333333333335,0.45,0.05666666666666667,0,2631
9950,jev-1.13.0,0.0,1.0,0.0,1,2630
9951,jev-1.13.0,0.9166666666666666,0.0,0.08333333333333333,0,2626
9952,jev-1.13.0,0.67,0.006666666666666667,0.3233333333333333,0,2645
9953,jev-1.13.0,0.5033333333333333,0.0,0.49666666666666665,0,2623
9954,jev-1.13.0,1.0,0.0,0.0,0,2616
9955,jev-1.13.0,0.7933333333333333,0.17666666666666667,0.030000000000000002,0,2619
9956,jev-1.13.0,0.5566666666666666,0.013333333333333334,0.43,0,2642
9957,jev-1.13.0,1.0,0.0,0.0,0,2614
9958,jev-1.13.0,0.06,0.01,0.93,2,2653
9959,jev-1.13.0,0.7066666666666667,0.016666666666666666,0.27666666666666667,0,2625
9960,jev-1.13.0,0.22666666666666668,0.0,0.7733333333333333,2,2634
9961,jev-1.13.0,0.6466666666666666,0.17333333333333334,0.18000000000000002,0,2620
9962,jev-1.13.0,0.5266666666666667,0.006666666666666667,0.46666666666666673,0,2617
9963,jev-1.13.0,0.09666666666666668,0.0,0.9033333333333333,2,2629
9964,jev-1.13.0,0.0033333333333333335,0.0,0.9966666666666667,2,2724
9965,jev-1.13.0,0.0,0.0,1.0,2,2643
9966,jev-1.13.0,0.9366666666666666,0.06,0.0033333333333333335,0,2630
9967,jev-1.13.0,0.04666666666666667,0.0,0.9533333333333333,2,2686
9968,jev-1.13.0,0.0,0.0,1.0,2,2724
9969,jev-1.13.0,0.9666666666666667,0.0,0.03333333333333333,0,2639
9970,jev-1.13.0,0.36333333333333334,0.6166666666666666,0.02,1,2628
9971,jev-1.13.0,0.68,0.013333333333333334,0.30666666666666664,0,2628
9972,jev-1.13.0,0.8333333333333334,0.0,0.16666666666666666,0,2642
9973,jev-1.13.0,0.05000000000000001,0.0,0.9500000000000001,2,2644
9974,jev-1.13.0,0.1366666666666667,0.8533333333333334,0.01,1,2662
9975,jev-1.13.0,1.0,0.0,0.0,0,2617
9976,jev-1.13.0,0.47333333333333333,0.006666666666666667,0.52,2,2627
9977,jev-1.13.0,0.9133333333333334,0.03,0.05666666666666667,0,2613
9978,jev-1.13.0,0.8166666666666668,0.0,0.18333333333333335,0,2766
9979,jev-1.13.0,0.06,0.0,0.9400000000000001,2,2638
9980,jev-1.13.0,0.88,0.006666666666666667,0.11333333333333334,0,2625
9981,jev-1.13.0,0.053333333333333344,0.006666666666666667,0.9400000000000001,2,2653
9982,jev-1.13.0,0.09999999999999999,0.0033333333333333335,0.8966666666666666,2,2685
9983,jev-1.13.0,0.17,0.0,0.8300000000000001,2,2652
9984,jev-1.13.0,0.08,0.0,0.9199999999999999,2,2636
9985,jev-1.13.0,0.26666666666666666,0.14333333333333334,0.59,2,2627
9986,jev-1.13.0,0.6000000000000001,0.03333333333333333,0.3666666666666667,0,2626
9987,jev-1.13.0,0.0,0.0,1.0,2,2695
9988,jev-1.13.0,0.6766666666666667,0.013333333333333334,0.31,0,2620
9989,jev-1.13.0,0.8533333333333334,0.0033333333333333335,0.14333333333333334,0,2630
9990,jev-1.13.0,0.3333333333333333,0.016666666666666666,0.6499999999999999,2,2625
9991,jev-1.13.0,0.1566666666666667,0.0,0.8433333333333333,2,2625
9992,jev-1.13.0,0.9899999999999999,0.01,0.0,0,2629
9993,jev-1.13.0,0.0,0.0,1.0,2,2680
9994,jev-1.13.0,0.7166666666666667,0.0033333333333333335,0.28,0,2667
9995,jev-1.13.0,0.4000000000000001,0.03333333333333333,0.5666666666666668,2,2630
9996,jev-1.13.0,0.02333333333333333,0.0033333333333333335,0.9733333333333333,2,2629
9997,jev-1.13.0,0.9333333333333332,0.01,0.056666666666666664,0,2675
9998,jev-1.13.0,0.38000000000000006,0.006666666666666667,0.6133333333333333,2,2632
9999,jev-1.13.0,0.4466666666666667,0.2966666666666667,0.25666666666666665,0,2648
10000,jev-1.13.0,0.7166666666666667,0.02,0.26333333333333336,0,2638
10001,jev-1.13.0,0.89,0.0,0.11,0,2638
10002,jev-1.13.0,0.08666666666666667,0.0,0.9133333333333334,2,2645
10003,jev-1.13.0,0.17,0.0033333333333333335,0.8266666666666667,2,2688
10004,jev-1.13.0,0.9499999999999998,0.013333333333333334,0.036666666666666674,0,2623
10005,jev-1.13.0,0.6633333333333334,0.05333333333333334,0.2833333333333334,0,2632
10006,jev-1.13.0,0.25666666666666665,0.0,0.7433333333333333,2,2659
10007,jev-1.13.0,0.9966666666666667,0.0033333333333333335,0.0,0,2618
10008,jev-1.13.0,0.5700000000000001,0.036666666666666674,0.3933333333333333,0,2615
10009,jev-1.13.0,0.5333333333333333,0.006666666666666667,0.45999999999999996,0,2627
10010,jev-1.13.0,0.0,0.016666666666666666,0.9833333333333334,2,2637
10011,jev-1.13.0,0.57,0.0,0.43,0,2619
10012,jev-1.13.0,0.12666666666666668,0.8733333333333334,0.0,1,2638
10013,jev-1.13.0,0.7266666666666666,0.19999999999999998,0.07333333333333335,0,2625
10014,jev-1.13.0,0.8366666666666668,0.01,0.15333333333333332,0,2616
10015,jev-1.13.0,1.0,0.0,0.0,0,2644
10016,jev-1.13.0,0.96,0.006666666666666667,0.03333333333333333,0,2624
10017,jev-1.13.0,0.19999999999999998,0.0,0.7999999999999999,2,2619
10018,jev-1.13.0,0.8466666666666667,0.0,0.15333333333333332,0,2634
10019,jev-1.13.0,0.7600000000000001,0.006666666666666667,0.2333333333333333,0,2660
10020,jev-1.13.0,0.8833333333333333,0.0,0.11666666666666665,0,2658
10021,jev-1.13.0,0.3833333333333333,0.06,0.5566666666666666,2,2621
10022,jev-1.13.0,0.8300000000000001,0.01,0.16,0,2623
10023,jev-1.13.0,0.016666666666666666,0.0,0.9833333333333334,2,2667
10024,jev-1.13.0,0.9966666666666667,0.0033333333333333335,0.0,0,2617
10025,jev-1.13.0,0.51,0.04666666666666666,0.44333333333333336,0,2623
10026,jev-1.13.0,0.85,0.0,0.15000000000000002,0,2651
10027,jev-1.13.0,0.9866666666666667,0.0,0.013333333333333334,0,2669
10028,jev-1.13.0,0.11666666666666665,0.013333333333333334,0.87,2,2657
10029,jev-1.13.0,0.9400000000000001,0.043333333333333335,0.016666666666666666,0,2620
10030,jev-1.13.0,0.016666666666666666,0.98,0.0033333333333333335,1,2620
10031,jev-1.13.0,0.98,0.0,0.02,0,2626
10032,jev-1.13.0,0.7033333333333333,0.09333333333333334,0.20333333333333334,0,2635
10033,jev-1.13.0,0.8966666666666666,0.0,0.10333333333333333,0,2625
10034,jev-1.13.0,0.05666666666666667,0.9366666666666666,0.006666666666666667,1,2618
10035,jev-1.13.0,0.5566666666666666,0.15,0.2933333333333334,0,2622
10036,jev-1.13.0,0.52,0.013333333333333334,0.4666666666666666,0,2635
10037,jev-1.13.0,0.19333333333333336,0.20666666666666667,0.6,2,2622
10038,jev-1.13.0,0.9666666666666667,0.0,0.03333333333333333,0,2616
10039,jev-1.13.0,0.26333333333333336,0.35000000000000003,0.38666666666666666,2,2619
10040,jev-1.13.0,0.02666666666666667,0.9666666666666667,0.006666666666666667,1,2624
10041,jev-1.13.0,0.9766666666666666,0.0,0.023333333333333334,0,2623
10042,jev-1.13.0,0.26333333333333336,0.02,0.7166666666666667,2,2625
10043,jev-1.13.0,0.9966666666666667,0.0,0.0033333333333333335,0,2625
10044,jev-1.13.0,0.7833333333333332,0.016666666666666666,0.20000000000000004,0,2622
10045,jev-1.13.0,0.9766666666666666,0.0033333333333333335,0.02,0,2622
10046,jev-1.13.0,0.9133333333333334,0.0033333333333333335,0.08333333333333333,0,2641
10047,jev-1.13.0,0.16666666666666666,0.7999999999999999,0.03333333333333333,1,2648
10048,jev-1.13.0,0.3233333333333333,0.17666666666666667,0.5,2,2632
10049,jev-1.13.0,0.8666666666666667,0.023333333333333334,0.11,0,2627
10050,jev-1.13.0,0.9700000000000001,0.0,0.03,0,2625
10051,jev-1.13.0,0.036666666666666674,0.6933333333333334,0.27,1,2656
10052,jev-1.13.0,0.3933333333333333,0.59,0.016666666666666666,1,2631
10053,jev-1.13.0,0.0,0.0,1.0,2,2715
10054,jev-1.13.0,0.6933333333333334,0.02666666666666667,0.28,0,2621
10055,jev-1.13.0,0.21666666666666665,0.11666666666666665,0.6666666666666666,2,2646
10056,jev-1.13.0,0.05000000000000001,0.7266666666666667,0.22333333333333336,1,2652
10057,jev-1.13.0,0.5066666666666667,0.02333333333333333,0.47000000000000003,0,2615
10058,jev-1.13.0,0.6566666666666666,0.06333333333333334,0.27999999999999997,0,2634
10059,jev-1.13.0,0.9766666666666666,0.0,0.023333333333333334,0,2620
10060,jev-1.13.0,0.41,0.11666666666666665,0.47333333333333333,2,2617
10061,jev-1.13.0,0.4666666666666666,0.04,0.49333333333333335,2,2634
10062,jev-1.13.0,0.9666666666666667,0.02666666666666667,0.006666666666666667,0,2612
10063,jev-1.13.0,0.22666666666666668,0.013333333333333334,0.7600000000000001,2,2651
10064,jev-1.13.0,0.8566666666666666,0.02333333333333333,0.12,0,2624
10065,jev-1.13.0,0.6666666666666666,0.01,0.3233333333333333,0,2614
10066,jev-1.13.0,0.15,0.8300000000000001,0.02,1,2616
10067,jev-1.13.0,0.37333333333333335,0.6266666666666667,0.0,1,2639
10068,jev-1.13.0,0.0,0.0,1.0,2,2667
10069,jev-1.13.0,0.20333333333333337,0.01,0.7866666666666666,2,2643
10070,jev-1.13.0,0.02666666666666667,0.0,0.9733333333333333,2,2643
10071,jev-1.13.0,0.6533333333333333,0.006666666666666667,0.34,0,2676
10072,jev-1.13.0,0.5033333333333333,0.013333333333333334,0.48333333333333334,0,2622
10073,jev-1.13.0,0.4566666666666667,0.030000000000000002,0.5133333333333333,2,2625
10074,jev-1.13.0,0.9866666666666667,0.013333333333333334,0.0,0,2636
10075,jev-1.13.0,0.5299999999999999,0.3466666666666667,0.12333333333333334,0,2635
10076,jev-1.13.0,0.08666666666666667,0.0033333333333333335,0.91,2,2635
10077,jev-1.13.0,0.9833333333333334,0.016666666666666666,0.0,0,2626
10078,jev-1.13.0,0.7666666666666666,0.013333333333333334,0.22,0,2630
10079,jev-1.13.0,0.5366666666666666,0.0,0.4633333333333333,0,2647
10080,jev-1.13.0,0.0,1.0,0.0,1,2619
10081,jev-1.13.0,1.0,0.0,0.0,0,2622
10082,jev-1.13.0,0.09333333333333334,0.7766666666666667,0.13,1,2661
10083,jev-1.13.0,0.45,0.0033333333333333335,0.5466666666666666,2,2713
10084,jev-1.13.0,0.9566666666666667,0.0,0.043333333333333335,0,2625
10085,jev-1.13.0,0.6900000000000001,0.16,0.15,0,2629
10086,jev-1.13.0,0.9766666666666666,0.016666666666666666,0.006666666666666667,0,2632
10087,jev-1.13.0,0.09666666666666668,0.0,0.9033333333333333,2,2639
10088,jev-1.13.0,0.023333333333333334,0.0,0.9766666666666666,2,2614
10089,jev-1.13.0,0.02,0.0,0.98,2,2705
10090,jev-1.13.0,0.6866666666666666,0.006666666666666667,0.3066666666666667,0,2634
10091,jev-1.13.0,0.8066666666666666,0.09666666666666668,0.09666666666666666,0,2628
10092,jev-1.13.0,0.29,0.0033333333333333335,0.7066666666666667,2,2677
10093,jev-1.13.0,0.59,0.013333333333333334,0.39666666666666667,0,2625
10094,jev-1.13.0,0.013333333333333334,0.0033333333333333335,0.9833333333333334,2,2653
10095,jev-1.13.0,0.9366666666666666,0.0,0.06333333333333334,0,2625
10096,jev-1.13.0,0.77,0.006666666666666667,0.2233333333333333,0,2623
10097,jev-1.13.0,0.01,0.0,0.9899999999999999,2,2732
10098,jev-1.13.0,0.0,1.0,0.0,1,2623
10099,jev-1.13.0,0.3033333333333333,0.41,0.2866666666666667,1,2634
10100,jev-1.13.0,0.7999999999999999,0.12000000000000001,0.08,0,2627
10101,jev-1.13.0,0.8933333333333334,0.01,0.09666666666666668,0,2632
10102,jev-1.13.0,0.5733333333333333,0.11666666666666665,0.31000000000000005,0,2634
10103,jev-1.13.0,0.9766666666666666,0.0,0.023333333333333334,0,2617
10104,jev-1.13.0,0.8766666666666666,0.07666666666666667,0.04666666666666667,0,2639
10105,jev-1.13.0,0.0,1.0,0.0,1,2628
10106,jev-1.13.0,0.21333333333333335,0.7833333333333333,0.0033333333333333335,1,2621
10107,jev-1.13.0,0.32666666666666666,0.006666666666666667,0.6666666666666666,2,2624
10108,jev-1.13.0,0.8866666666666667,0.016666666666666666,0.09666666666666668,0,2628
10109,jev-1.13.0,0.16,0.6533333333333333,0.18666666666666668,1,2629
10110,jev-1.13.0,0.5966666666666667,0.0,0.4033333333333333,0,2658
10111,jev-1.13.0,0.8966666666666666,0.09333333333333334,0.01,0,2646
10112,jev-1.13.0,0.06333333333333334,0.0,0.9366666666666666,2,2631
10113,jev-1.13.0,0.9666666666666667,0.0,0.03333333333333333,0,2781
10114,jev-1.13.0,0.7533333333333333,0.030000000000000002,0.21666666666666667,0,2617
10115,jev-1.13.0,1.0,0.0,0.0,0,2613
10116,jev-1.13.0,1.0,0.0,0.0,0,2616
10117,jev-1.13.0,0.65,0.0,0.35000000000000003,0,2672
10118,jev-1.13.0,0.9733333333333333,0.0,0.02666666666666667,0,2631
10119,jev-1.13.0,0.27999999999999997,0.06999999999999999,0.65,2,2640
10120,jev-1.13.0,0.6866666666666666,0.030000000000000002,0.2833333333333334,0,2624
10121,jev-1.13.0,0.39666666666666667,0.0,0.6033333333333334,2,2678
10122,jev-1.13.0,0.16666666666666666,0.0,0.8333333333333334,2,2625
10123,jev-1.13.0,0.48333333333333334,0.0,0.5166666666666667,2,2685
10124,jev-1.13.0,0.7699999999999999,0.06666666666666667,0.16333333333333333,0,2619
10125,jev-1.13.0,0.0,0.013333333333333334,0.9866666666666667,2,2670
10126,jev-1.13.0,0.68,0.3033333333333333,0.016666666666666666,0,2616
10127,jev-1.13.0,0.03333333333333333,0.0,0.9666666666666667,2,2624
10128,jev-1.13.0,0.30666666666666664,0.6866666666666666,0.006666666666666667,1,2625
10129,jev-1.13.0,0.21,0.0033333333333333335,0.7866666666666667,2,2655
10130,jev-1.13.0,0.48333333333333334,0.03666666666666667,0.47666666666666674,0,2647
10131,jev-1.13.0,0.9033333333333333,0.016666666666666666,0.08,0,2640
10132,jev-1.13.0,0.17333333333333334,0.01,0.8166666666666668,2,2655
10133,jev-1.13.0,0.0033333333333333335,0.0,0.9966666666666667,2,2669
10134,jev-1.13.0,0.42333333333333334,0.05333333333333334,0.5233333333333333,2,2626
10135,jev-1.13.0,0.9333333333333332,0.0,0.06666666666666667,0,2661
10136,jev-1.13.0,0.04666666666666667,0.0033333333333333335,0.9499999999999998,2,2696
10137,jev-1.13.0,0.96,0.01,0.03,0,2626
10138,jev-1.13.0,0.12666666666666668,0.0,0.8733333333333334,2,2658
10139,jev-1.13.0,0.06333333333333334,0.0033333333333333335,0.9333333333333332,2,2619
10140,jev-1.13.0,0.04666666666666667,0.0,0.9533333333333333,2,2709
10141,jev-1.13.0,0.94,0.02,0.04,0,2620
10142,jev-1.13.0,0.3,0.02,0.68,2,2632
10143,jev-1.13.0,0.09666666666666666,0.006666666666666667,0.8966666666666666,2,2631
10144,jev-1.13.0,0.8233333333333333,0.006666666666666667,0.17,0,2657
10145,jev-1.13.0,0.02,0.98,0.0,1,2621
10146,jev-1.13.0,0.6433333333333334,0.09333333333333334,0.26333333333333336,0,2618
10147,jev-1.13.0,0.023333333333333334,0.0,0.9766666666666666,2,2621
10148,jev-1.13.0,0.08333333333333333,0.21666666666666667,0.7000000000000001,2,2832
10149,jev-1.13.0,0.0033333333333333335,0.030000000000000002,0.9666666666666667,2,2685
10150,jev-1.13.0,0.05333333333333334,0.006666666666666667,0.94,2,2688
10151,jev-1.13.0,0.35333333333333333,0.0,0.6466666666666666,2,2703
10152,jev-1.13.0,0.07333333333333335,0.0033333333333333335,0.9233333333333333,2,2628
10153,jev-1.13.0,0.9666666666666667,0.0,0.03333333333333333,0,2676
10154,jev-1.13.0,0.35000000000000003,0.0,0.65,2,2633
10155,jev-1.13.0,0.8933333333333334,0.013333333333333334,0.09333333333333332,0,2622
10156,jev-1.13.0,0.6866666666666666,0.0,0.3133333333333333,0,2635
10157,jev-1.13.0,0.2733333333333333,0.6133333333333334,0.11333333333333333,1,2621
10158,jev-1.13.0,0.27666666666666667,0.0,0.7233333333333333,2,2642
10159,jev-1.13.0,0.01,0.0,0.9899999999999999,2,2710
10160,jev-1.13.0,0.5766666666666667,0.060000000000000005,0.36333333333333334,0,2625
10161,jev-1.13.0,0.0,1.0,0.0,1,2617
10162,jev-1.13.0,0.5366666666666667,0.0,0.4633333333333333,0,2689
10163,jev-1.13.0,0.15000000000000002,0.01,0.84,2,2622
10164,jev-1.13.0,0.9899999999999999,0.0,0.01,0,2617
10165,jev-1.13.0,0.5233333333333333,0.13,0.3466666666666667,0,2614
10166,jev-1.13.0,0.6200000000000001,0.02666666666666667,0.35333333333333333,0,2618
10167,jev-1.13.0,0.9700000000000001,0.0,0.03,0,2624
10168,jev-1.13.0,1.0,0.0,0.0,0,2616
10169,jev-1.13.0,0.6233333333333334,0.08,0.2966666666666667,0,2630
10170,jev-1.13.0,0.03333333333333333,0.0033333333333333335,0.9633333333333333,2,2655
10171,jev-1.13.0,0.59,0.049999999999999996,0.36000000000000004,0,2634
10172,jev-1.13.0,0.9899999999999999,0.0,0.01,0,2624
10173,jev-1.13.0,0.5399999999999999,0.10666666666666667,0.35333333333333333,0,2616
10174,jev-1.13.0,0.13,0.0,0.87,2,2754
10175,jev-1.13.0,0.36999999999999994,0.006666666666666667,0.6233333333333334,2,2628
10176,jev-1.13.0,0.06666666666666667,0.84,0.09333333333333334,1,2626
10177,jev-1.13.0,0.22666666666666666,0.6466666666666666,0.12666666666666668,1,2828
10178,jev-1.13.0,0.46,0.0,0.54,2,2716
10179,jev-1.13.0,0.05000000000000001,0.006666666666666667,0.9433333333333334,2,2626
10180,jev-1.13.0,0.0,0.0,1.0,2,2826
10181,jev-1.13.0,0.9266666666666667,0.04666666666666667,0.02666666666666667,0,2618
10182,jev-1.13.0,1.0,0.0,0.0,0,2635
10183,jev-1.13.0,0.15666666666666665,0.0,0.8433333333333333,2,2777
10184,jev-1.13.0,0.04,0.0,0.96,2,2626
10185,jev-1.13.0,0.9533333333333333,0.03333333333333333,0.013333333333333334,0,2622
10186,jev-1.13.0,1.0,0.0,0.0,0,2616
10187,jev-1.13.0,0.26,0.0,0.7399999999999999,2,2690
10188,jev-1.13.0,0.9166666666666666,0.049999999999999996,0.03333333333333333,0,2632
10189,jev-1.13.0,0.26333333333333336,0.0,0.7366666666666667,2,2680
10190,jev-1.13.0,0.7166666666666667,0.03666666666666667,0.24666666666666667,0,2620
10191,jev-1.13.0,0.53,0.0,0.47,0,2652
10192,jev-1.13.0,0.7399999999999999,0.030000000000000002,0.23,0,2621
10193,jev-1.13.0,0.44,0.03333333333333333,0.5266666666666667,2,2624
10194,jev-1.13.0,0.9233333333333333,0.006666666666666667,0.07,0,2631
10195,jev-1.13.0,0.7133333333333333,0.0,0.2866666666666667,0,2796
10196,jev-1.13.0,0.7833333333333333,0.006666666666666667,0.21,0,2626
10197,jev-1.13.0,0.006666666666666667,0.0,0.9933333333333333,2,2705
10198,jev-1.13.0,0.6533333333333333,0.12333333333333334,0.22333333333333336,0,2647
10199,jev-1.13.0,0.0,0.0,1.0,2,2760
10200,jev-1.13.0,0.9333333333333335,0.01,0.056666666666666664,0,2624
10201,jev-1.13.0,0.23,0.03333333333333333,0.7366666666666667,2,2649
10202,jev-1.13.0,0.53,0.04,0.43,0,2634
10203,jev-1.13.0,0.9700000000000001,0.0033333333333333335,0.02666666666666667,0,2618
10204,jev-1.13.0,0.7200000000000001,0.0,0.27999999999999997,0,2658
10205,jev-1.13.0,0.6366666666666667,0.03666666666666667,0.32666666666666666,0,2633
10206,jev-1.13.0,0.9833333333333334,0.01,0.006666666666666667,0,2616
10207,jev-1.13.0,0.09666666666666668,0.65,0.25333333333333335,1,2629
10208,jev-1.13.0,0.02666666666666667,0.0,0.9733333333333333,2,2624
10209,jev-1.13.0,0.43,0.01,0.5599999999999999,2,2634
10210,jev-1.13.0,0.0,0.0,1.0,2,2621
10211,jev-1.13.0,0.25666666666666665,0.15,0.5933333333333333,2,2642
10212,jev-1.13.0,0.73,0.12333333333333334,0.14666666666666667,0,2625
10213,jev-1.13.0,0.0,1.0,0.0,1,2619
10214,jev-1.13.0,1.0,0.0,0.0,0,2624
10215,jev-1.13.0,0.07333333333333333,0.91,0.016666666666666666,1,2622
10216,jev-1.13.0,0.9933333333333333,0.006666666666666667,0.0,0,2617
10217,jev-1.13.0,1.0,0.0,0.0,0,2618
10218,jev-1.13.0,0.5233333333333333,0.0,0.47666666666666674,0,2632
10219,jev-1.13.0,0.9066666666666667,0.0,0.09333333333333334,0,2620
10220,jev-1.13.0,0.0033333333333333335,0.0,0.9966666666666667,2,2672
10221,jev-1.13.0,0.11666666666666665,0.7966666666666667,0.08666666666666667,1,2625
10222,jev-1.13.0,0.6966666666666667,0.04666666666666667,0.25666666666666665,0,2626
10223,jev-1.13.0,0.1566666666666667,0.04,0.8033333333333333,2,2628
10224,jev-1.13.0,0.7833333333333333,0.016666666666666666,0.20000000000000004,0,2627
10225,jev-1.13.0,0.41,0.0,0.59,2,2689
10226,jev-1.13.0,0.3466666666666667,0.0,0.6533333333333333,2,2747
10227,jev-1.13.0,0.9833333333333334,0.0,0.016666666666666666,0,2648
10228,jev-1.13.0,0.4033333333333333,0.06,0.5366666666666666,2,2634
10229,jev-1.13.0,0.5933333333333334,0.03,0.3766666666666667,0,2631
10230,jev-1.13.0,0.2833333333333334,0.01,0.7066666666666667,2,2638
10231,jev-1.13.0,1.0,0.0,0.0,0,2616
10232,jev-1.13.0,0.0033333333333333335,0.0,0.9966666666666667,2,2871
10233,jev-1.13.0,0.47000000000000003,0.22,0.31,0,2626
10234,jev-1.13.0,0.6699999999999999,0.01,0.32,0,2661
10235,jev-1.13.0,0.84,0.07666666666666667,0.08333333333333333,0,2618
10236,jev-1.13.0,0.0,0.013333333333333334,0.9866666666666667,2,2678
10237,jev-1.13.0,0.8500000000000001,0.09333333333333334,0.05666666666666667,0,2619
10238,jev-1.13.0,0.9866666666666667,0.006666666666666667,0.006666666666666667,0,2621
10239,jev-1.13.0,0.8566666666666666,0.0033333333333333335,0.14,0,2635
10240,jev-1.13.0,0.91,0.0,0.09000000000000001,0,2694
10241,jev-1.13.0,0.8333333333333334,0.0,0.16666666666666666,0,2681
10242,jev-1.13.0,0.7133333333333334,0.0033333333333333335,0.2833333333333334,0,2703
10243,jev-1.13.0,0.6166666666666667,0.006666666666666667,0.37666666666666665,0,2636
10244,jev-1.13.0,0.06666666666666667,0.043333333333333335,0.89,2,2671
10245,jev-1.13.0,0.0,0.0,1.0,2,2657
10246,jev-1.13.0,0.03,0.7833333333333333,0.18666666666666668,1,2624
10247,jev-1.13.0,0.8433333333333334,0.0,0.15666666666666665,0,2678
10248,jev-1.13.0,0.02666666666666667,0.26333333333333336,0.71,2,2645
10249,jev-1.13.0,0.5566666666666666,0.06666666666666667,0.37666666666666665,0,2623
10250,jev-1.13.0,0.51,0.20000000000000004,0.29,0,2663
10251,jev-1.13.0,0.86,0.0,0.13999999999999999,0,2644
10252,jev-1.13.0,1.0,0.0,0.0,0,2617
10253,jev-1.13.0,0.5166666666666667,0.0,0.48333333333333334,0,2706
10254,jev-1.13.0,0.9966666666666667,0.0,0.0033333333333333335,0,2730
10255,jev-1.13.0,0.29,0.02,0.69,2,2635
10256,jev-1.13.0,0.9033333333333333,0.013333333333333334,0.08333333333333333,0,2647
10257,jev-1.13.0,0.013333333333333334,0.0,0.9866666666666667,2,2647
10258,jev-1.13.0,0.5800000000000001,0.04666666666666666,0.37333333333333335,0,2634
10259,jev-1.13.0,0.8666666666666667,0.0,0.13333333333333333,0,2672
10260,jev-1.13.0,0.043333333333333335,0.19000000000000003,0.7666666666666666,2,2635
10261,jev-1.13.0,0.4066666666666667,0.006666666666666667,0.5866666666666666,2,2680
10262,jev-1.13.0,0.47333333333333333,0.036666666666666674,0.49,2,2623
10263,jev-1.13.0,0.5366666666666666,0.0,0.4633333333333334,0,2648
10264,jev-1.13.0,0.4033333333333333,0.02,0.5766666666666667,2,2651
10265,jev-1.13.0,0.6566666666666666,0.06,0.2833333333333334,0,2632
10266,jev-1.13.0,0.0,0.0,1.0,2,2618
10267,jev-1.13.0,0.47,0.0,0.53,2,2654
10268,jev-1.13.0,0.55,0.22,0.22999999999999998,0,2620
10269,jev-1.13.0,0.09000000000000001,0.8700000000000001,0.04,1,2630
10270,jev-1.13.0,0.0,0.0,1.0,2,2740
10271,jev-1.13.0,0.31,0.6533333333333333,0.03666666666666667,1,2628
10272,jev-1.13.0,0.25666666666666665,0.6333333333333334,0.11,1,2710
10273,jev-1.13.0,0.02666666666666667,0.006666666666666667,0.9666666666666667,2,2619
10274,jev-1.13.0,0.013333333333333334,0.9833333333333334,0.0033333333333333335,1,2622
10275,jev-1.13.0,0.02666666666666667,0.0,0.9733333333333333,2,2703
10276,jev-1.13.0,1.0,0.0,0.0,0,2619
10277,jev-1.13.0,0.8966666666666666,0.10333333333333333,0.0,0,2623
10278,jev-1.13.0,0.09999999999999999,0.8866666666666667,0.013333333333333334,1,2662
10279,jev-1.13.0,0.04666666666666667,0.06666666666666667,0.8866666666666667,2,2619
10280,jev-1.13.0,0.2733333333333333,0.16666666666666666,0.56,2,2635
10281,jev-1.13.0,0.65,0.006666666666666667,0.3433333333333333,0,2689
10282,jev-1.13.0,0.36333333333333334,0.12333333333333334,0.5133333333333333,2,2628
10283,jev-1.13.0,0.04666666666666667,0.8266666666666667,0.12666666666666668,1,2678
10284,jev-1.13.0,0.41,0.016666666666666666,0.5733333333333334,2,2630
10285,jev-1.13.0,0.7933333333333333,0.03333333333333333,0.17333333333333334,0,2625
10286,jev-1.13.0,0.5033333333333333,0.12333333333333334,0.3733333333333333,0,2624
10287,jev-1.13.0,0.65,0.006666666666666667,0.3433333333333333,0,2625
10288,jev-1.13.0,0.39333333333333337,0.02666666666666667,0.5800000000000001,2,2627
10289,jev-1.13.0,0.22999999999999998,0.6,0.17,1,2619
10290,jev-1.13.0,1.0,0.0,0.0,0,2615
10291,jev-1.13.0,0.96,0.03333333333333333,0.006666666666666667,0,2621
10292,jev-1.13.0,0.6733333333333332,0.006666666666666667,0.32,0,2635
10293,jev-1.13.0,0.9833333333333334,0.013333333333333334,0.0033333333333333335,0,2613
10294,jev-1.13.0,1.0,0.0,0.0,0,2620
10295,jev-1.13.0,0.3033333333333333,0.06333333333333334,0.6333333333333333,2,2620
10296,jev-1.13.0,0.043333333333333335,0.86,0.09666666666666668,1,2630
10297,jev-1.13.0,0.6633333333333334,0.0,0.33666666666666667,0,2649
10298,jev-1.13.0,0.4666666666666666,0.013333333333333334,0.52,2,2686
10299,jev-1.13.0,1.0,0.0,0.0,0,2647
10300,jev-1.13.0,0.01,0.0,0.9899999999999999,2,2642
10301,jev-1.13.0,0.5566666666666668,0.13,0.3133333333333333,0,2621
10302,jev-1.13.0,0.6566666666666667,0.03333333333333333,0.31000000000000005,0,2648
10303,jev-1.13.0,0.47666666666666674,0.023333333333333334,0.5,2,2629
10304,jev-1.13.0,0.01,0.0,0.9899999999999999,2,2861
10305,jev-1.13.0,0.8666666666666667,0.06,0.07333333333333335,0,2619
10306,jev-1.13.0,0.03666666666666667,0.9199999999999999,0.043333333333333335,1,2621
10307,jev-1.13.0,1.0,0.0,0.0,0,2615
10308,jev-1.13.0,0.58,0.41,0.01,0,2621
10309,jev-1.13.0,0.02,0.9733333333333333,0.006666666666666667,1,2625
10310,jev-1.13.0,0.05333333333333334,0.0,0.9466666666666667,2,2644
10311,jev-1.13.0,0.43,0.2833333333333333,0.2866666666666667,0,2635
10312,jev-1.13.0,1.0,0.0,0.0,0,2628
10313,jev-1.13.0,1.0,0.0,0.0,0,2612
10314,jev-1.13.0,0.22999999999999998,0.52,0.25,1,2629
10315,jev-1.13.0,0.0,0.0,1.0,2,2731
10316,jev-1.13.0,0.6366666666666667,0.07666666666666666,0.2866666666666667,0,2630
10317,jev-1.13.0,0.7200000000000001,0.0,0.28,0,2642
10318,jev-1.13.0,1.0,0.0,0.0,0,2656
10319,jev-1.13.0,0.3733333333333333,0.0,0.6266666666666666,2,2678
10320,jev-1.13.0,0.03333333333333333,0.5366666666666667,0.43,1,2633
10321,jev-1.13.0,0.7266666666666666,0.006666666666666667,0.26666666666666666,0,2640
10322,jev-1.13.0,0.01,0.0,0.9899999999999999,2,2691
10323,jev-1.13.0,0.5399999999999999,0.05000000000000001,0.41,0,2620
10324,jev-1.13.0,0.9899999999999999,0.0,0.01,0,2631
10325,jev-1.13.0,0.26333333333333336,0.013333333333333334,0.7233333333333333,2,2637
10326,jev-1.13.0,0.7999999999999999,0.05000000000000001,0.15,0,2621
10327,jev-1.13.0,1.0,0.0,0.0,0,2618
10328,jev-1.13.0,1.0,0.0,0.0,0,2618
10329,jev-1.13.0,0.02666666666666667,0.013333333333333334,0.96,2,2671
10330,jev-1.13.0,0.8166666666666668,0.030000000000000002,0.15333333333333335,0,2626
10331,jev-1.13.0,0.49333333333333335,0.0,0.5066666666666667,2,2649
10332,jev-1.13.0,0.8433333333333333,0.013333333333333334,0.14333333333333334,0,2636
10333,jev-1.13.0,0.20666666666666667,0.13333333333333333,0.66,2,2642
10334,jev-1.13.0,0.96,0.01,0.03,0,2620
10335,jev-1.13.0,0.0,0.0,1.0,2,2644
10336,jev-1.13.0,0.75,0.09999999999999999,0.15,0,2643
10337,jev-1.13.0,0.8533333333333334,0.13333333333333333,0.013333333333333334,0,2621
10338,jev-1.13.0,0.7633333333333333,0.06666666666666667,0.17,0,2629
10339,jev-1.13.0,0.006666666666666667,0.9866666666666667,0.006666666666666667,1,2643
10340,jev-1.13.0,0.98,0.02,0.0,0,2630
10341,jev-1.13.0,0.6933333333333334,0.07,0.23666666666666666,0,2626
10342,jev-1.13.0,1.0,0.0,0.0,0,2616
10343,jev-1.13.0,0.8166666666666668,0.12666666666666668,0.05666666666666667,0,2636
10344,jev-1.13.0,0.5466666666666667,0.0033333333333333335,0.45,0,2617
10345,jev-1.13.0,0.9266666666666667,0.0,0.07333333333333335,0,2624
10346,jev-1.13.0,0.26666666666666666,0.0,0.7333333333333334,2,2636
10347,jev-1.13.0,0.6966666666666667,0.03333333333333333,0.27,0,2625
10348,jev-1.13.0,0.8166666666666668,0.18333333333333335,0.0,0,2632
10349,jev-1.13.0,0.01,0.006666666666666667,0.9833333333333334,2,2649
10350,jev-1.13.0,0.05333333333333334,0.8566666666666666,0.09000000000000001,1,2657
10351,jev-1.13.0,0.6766666666666667,0.15,0.17333333333333334,0,2642
10352,jev-1.13.0,0.08,0.8966666666666666,0.023333333333333334,1,2632
10353,jev-1.13.0,0.7333333333333334,0.17,0.09666666666666668,0,2616
10354,jev-1.13.0,0.3466666666666667,0.0033333333333333335,0.65,2,2631
10355,jev-1.13.0,0.01,0.9899999999999999,0.0,1,2623
10356,jev-1.13.0,0.7200000000000001,0.06666666666666667,0.21333333333333335,0,2633
10357,jev-1.13.0,0.5599999999999999,0.09333333333333334,0.3433333333333333,0,2630
10358,jev-1.13.0,0.016666666666666666,0.9733333333333333,0.01,1,2622
10359,jev-1.13.0,0.5333333333333333,0.11333333333333334,0.35333333333333333,0,2623
10360,jev-1.13.0,0.19333333333333336,0.02,0.7866666666666666,2,2637
10361,jev-1.13.0,0.08333333333333333,0.88,0.03666666666666667,1,2617
10362,jev-1.13.0,0.12,0.7233333333333333,0.15666666666666668,1,2627
10363,jev-1.13.0,0.38999999999999996,0.0,0.61,2,2648
10364,jev-1.13.0,0.0,0.0,1.0,2,2792
10365,jev-1.13.0,0.8033333333333332,0.08333333333333333,0.11333333333333334,0,2620
10366,jev-1.13.0,0.0033333333333333335,0.0,0.9966666666666667,2,2966
10367,jev-1.13.0,0.04,0.03333333333333333,0.9266666666666667,2,2691
10368,jev-1.13.0,0.02,0.03333333333333333,0.9466666666666667,2,2752
10369,jev-1.13.0,0.11,0.0,0.89,2,2676
10370,jev-1.13.0,0.7266666666666667,0.01,0.26333333333333336,0,2619
10371,jev-1.13.0,0.02666666666666667,0.0,0.9733333333333333,2,2752
10372,jev-1.13.0,0.01,0.023333333333333334,0.9666666666666667,2,2650
10373,jev-1.13.0,0.1366666666666667,0.5466666666666667,0.3166666666666667,1,2664
10374,jev-1.13.0,0.9899999999999999,0.0,0.01,0,2619
10375,jev-1.13.0,1.0,0.0,0.0,0,2614
10376,jev-1.13.0,0.7433333333333333,0.04,0.21666666666666667,0,2857
10377,jev-1.13.0,0.03,0.8866666666666667,0.08333333333333333,1,2646
10378,jev-1.13.0,0.8733333333333334,0.0,0.12666666666666668,0,2631
10379,jev-1.13.0,0.21666666666666667,0.0,0.7833333333333333,2,2676
10380,jev-1.13.0,0.9233333333333333,0.0,0.07666666666666667,0,2639
10381,jev-1.13.0,1.0,0.0,0.0,0,2652
10382,jev-1.13.0,0.12,0.016666666666666666,0.8633333333333333,2,2621
10383,jev-1.13.0,0.7166666666666667,0.0033333333333333335,0.28,0,2632
10384,jev-1.13.0,0.8933333333333334,0.02,0.08666666666666667,0,2619
10385,jev-1.13.0,0.4466666666666666,0.023333333333333334,0.53,2,2629
10386,jev-1.13.0,0.7766666666666667,0.01,0.21333333333333335,0,2649
10387,jev-1.13.0,1.0,0.0,0.0,0,2615
10388,jev-1.13.0,0.7200000000000001,0.0,0.27999999999999997,0,2652
10389,jev-1.13.0,0.01,0.0,0.9899999999999999,2,2635
10390,jev-1.13.0,0.47333333333333333,0.043333333333333335,0.48333333333333334,2,2618
10391,jev-1.13.0,0.3466666666666667,0.0,0.6533333333333333,2,2643
10392,jev-1.13.0,0.9966666666666667,0.0033333333333333335,0.0,0,2618
10393,jev-1.13.0,0.9933333333333333,0.0,0.006666666666666667,0,2621
10394,jev-1.13.0,0.09000000000000001,0.0,0.91,2,2752
10395,jev-1.13.0,1.0,0.0,0.0,0,2646
10396,jev-1.13.0,0.3666666666666667,0.33,0.3033333333333334,0,2665
10397,jev-1.13.0,0.01,0.0,0.9899999999999999,2,2675
10398,jev-1.13.0,0.84,0.030000000000000002,0.13,0,2631
10399,jev-1.13.0,0.35333333333333333,0.043333333333333335,0.6033333333333334,2,2640
10400,jev-1.13.0,0.4366666666666667,0.023333333333333334,0.5399999999999999,2,2629
10401,jev-1.13.0,0.8099999999999999,0.02333333333333333,0.16666666666666666,0,2621
10402,jev-1.13.0,0.9666666666666667,0.0,0.03333333333333333,0,2637
10403,jev-1.13.0,0.8066666666666666,0.19333333333333336,0.0,0,2616
10404,jev-1.13.0,0.13,0.0,0.87,2,2651
10405,jev-1.13.0,0.9833333333333334,0.01,0.006666666666666667,0,2618
10406,jev-1.13.0,0.6433333333333334,0.11666666666666665,0.24,0,2623
10407,jev-1.13.0,0.6166666666666666,0.02333333333333333,0.36000000000000004,0,2664
10408,jev-1.13.0,0.0,1.0,0.0,1,2652
10409,jev-1.13.0,1.0,0.0,0.0,0,2632
10410,jev-1.13.0,0.7766666666666667,0.10333333333333333,0.12000000000000001,0,2621
10411,jev-1.13.0,0.7233333333333333,0.043333333333333335,0.2333333333333333,0,2621
10412,jev-1.13.0,0.5066666666666667,0.006666666666666667,0.48666666666666664,0,2638
10413,jev-1.13.0,0.9499999999999998,0.0,0.05000000000000001,0,2635
10414,jev-1.13.0,0.02,0.9733333333333333,0.006666666666666667,1,2634
10415,jev-1.13.0,1.0,0.0,0.0,0,2612
10416,jev-1.13.0,0.16666666666666666,0.39333333333333337,0.44,2,2619
10417,jev-1.13.0,0.7999999999999999,0.03666666666666667,0.16333333333333336,0,2629
10418,jev-1.13.0,0.016666666666666666,0.96,0.023333333333333334,1,2653
10419,jev-1.13.0,0.19000000000000003,0.7133333333333334,0.09333333333333334,1,2651
10420,jev-1.13.0,0.9933333333333333,0.0,0.006666666666666667,0,2617
10421,jev-1.13.0,0.7566666666666667,0.0033333333333333335,0.24,0,2636
10422,jev-1.13.0,0.9866666666666667,0.0033333333333333335,0.01,0,2625
10423,jev-1.13.0,0.03333333333333333,0.11,0.8566666666666668,2,2644
10424,jev-1.13.0,0.93,0.0,0.07,0,2804
10425,jev-1.13.0,0.5733333333333334,0.08333333333333333,0.34333333333333327,0,2618
10426,jev-1.13.0,0.056666666666666664,0.94,0.0033333333333333335,1,2615
10427,jev-1.13.0,0.9066666666666667,0.043333333333333335,0.05000000000000001,0,2623
10428,jev-1.13.0,0.0,0.0,1.0,2,2693
10429,jev-1.13.0,0.48666666666666664,0.49,0.023333333333333334,1,2653
10430,jev-1.13.0,0.22666666666666666,0.0,0.7733333333333334,2,2766
10431,jev-1.13.0,0.030000000000000002,0.0,0.9700000000000001,2,2659
10432,jev-1.13.0,0.2733333333333334,0.0033333333333333335,0.7233333333333333,2,2627
10433,jev-1.13.0,0.58,0.12666666666666668,0.2933333333333334,0,2662
10434,jev-1.13.0,0.8099999999999999,0.03,0.16,0,2625
10435,jev-1.13.0,1.0,0.0,0.0,0,2615
10436,jev-1.13.0,0.8233333333333334,0.03,0.1466666666666667,0,2623
10437,jev-1.13.0,0.013333333333333334,0.006666666666666667,0.98,2,2619
10438,jev-1.13.0,0.54,0.24333333333333337,0.21666666666666665,0,2645
10439,jev-1.13.0,0.6166666666666667,0.0,0.38333333333333336,0,2634
10440,jev-1.13.0,0.18666666666666668,0.006666666666666667,0.8066666666666666,2,2772
10441,jev-1.13.0,0.25666666666666665,0.0,0.7433333333333333,2,2639
10442,jev-1.13.0,0.0,0.0,1.0,2,2635
10443,jev-1.13.0,0.2933333333333334,0.68,0.02666666666666667,1,2627
10444,jev-1.13.0,0.9033333333333333,0.023333333333333334,0.07333333333333335,0,2620
10445,jev-1.13.0,0.19333333333333336,0.0,0.8066666666666666,2,2635
10446,jev-1.13.0,0.043333333333333335,0.0,0.9566666666666667,2,2616
10447,jev-1.13.0,0.47,0.0,0.5299999999999999,2,2698
10448,jev-1.13.0,0.06333333333333334,0.91,0.02666666666666667,1,2646
10449,jev-1.13.0,0.023333333333333334,0.9766666666666666,0.0,1,2808
10450,jev-1.13.0,0.7733333333333333,0.22666666666666666,0.0,0,2623
10451,jev-1.13.0,0.006666666666666667,0.0,0.9933333333333333,2,2667
10452,jev-1.13.0,0.9133333333333332,0.01,0.07666666666666667,0,2626
10453,jev-1.13.0,0.9466666666666667,0.01,0.043333333333333335,0,2626
10454,jev-1.13.0,0.5166666666666667,0.01,0.47333333333333333,0,2637
10455,jev-1.13.0,0.34333333333333327,0.06,0.5966666666666667,2,2641
10456,jev-1.13.0,0.01,0.0,0.9899999999999999,2,2625
10457,jev-1.13.0,0.9466666666666667,0.023333333333333334,0.03,0,2621
10458,jev-1.13.0,0.0,0.0,1.0,2,2686
10459,jev-1.13.0,0.41,0.20333333333333334,0.3866666666666667,0,2637
10460,jev-1.13.0,0.7833333333333333,0.0,0.21666666666666667,0,2633
10461,jev-1.13.0,0.12,0.013333333333333334,0.8666666666666667,2,2633
10462,jev-1.13.0,1.0,0.0,0.0,0,2639
10463,jev-1.13.0,0.41333333333333333,0.0,0.5866666666666667,2,2703
10464,jev-1.13.0,0.006666666666666667,0.9633333333333333,0.030000000000000002,1,2633
10465,jev-1.13.0,0.03,0.0,0.9700000000000001,2,2845
10466,jev-1.13.0,0.7033333333333333,0.0,0.2966666666666667,0,2625
10467,jev-1.13.0,0.01,0.006666666666666667,0.9833333333333334,2,2646
10468,jev-1.13.0,0.9899999999999999,0.0,0.01,0,2623
10469,jev-1.13.0,0.9033333333333333,0.03,0.06666666666666667,0,2620
10470,jev-1.13.0,0.036666666666666674,0.03666666666666667,0.9266666666666667,2,2690
10471,jev-1.13.0,1.0,0.0,0.0,0,2615
10472,jev-1.13.0,0.08666666666666667,0.023333333333333334,0.89,2,2693
10473,jev-1.13.0,0.9899999999999999,0.0,0.01,0,2690
10474,jev-1.13.0,0.8033333333333333,0.0,0.19666666666666668,0,2629
10475,jev-1.13.0,0.3833333333333333,0.03,0.5866666666666667,2,2813
10476,jev-1.13.0,0.30333333333333334,0.08,0.6166666666666667,2,2623
10477,jev-1.13.0,0.9899999999999999,0.0033333333333333335,0.006666666666666667,0,2625
10478,jev-1.13.0,0.4766666666666666,0.01,0.5133333333333333,2,2638
10479,jev-1.13.0,0.0,0.0,1.0,2,2640
10480,jev-1.13.0,0.9333333333333332,0.03666666666666667,0.03,0,2630
10481,jev-1.13.0,0.7600000000000001,0.0,0.24,0,2620
10482,jev-1.13.0,0.13,0.0,0.87,2,2649
10483,jev-1.13.0,0.3866666666666667,0.14666666666666667,0.4666666666666666,2,2678
10484,jev-1.13.0,0.05333333333333334,0.0,0.9466666666666667,2,2773
10485,jev-1.13.0,0.9899999999999999,0.0,0.01,0,2642
10486,jev-1.13.0,0.7233333333333333,0.006666666666666667,0.27,0,2631
10487,jev-1.13.0,0.8766666666666666,0.03,0.09333333333333334,0,2627
10488,jev-1.13.0,0.9566666666666667,0.03333333333333333,0.01,0,2639
10489,jev-1.13.0,0.9466666666666667,0.0,0.05333333333333334,0,2812
10490,jev-1.13.0,1.0,0.0,0.0,0,2632
10491,jev-1.13.0,0.0,0.0,1.0,2,2635
10492,jev-1.13.0,0.8866666666666667,0.0,0.11333333333333334,0,2665
10493,jev-1.13.0,0.9866666666666667,0.0,0.013333333333333334,0,2619
10494,jev-1.13.0,0.6433333333333334,0.03666666666666667,0.32,0,2617
10495,jev-1.13.0,0.9,0.0,0.10000000000000002,0,2756
10496,jev-1.13.0,0.47333333333333333,0.0,0.5266666666666666,2,2646
10497,jev-1.13.0,0.45,0.08666666666666667,0.4633333333333334,2,2624
10498,jev-1.13.0,0.04,0.0,0.96,2,2657
10499,jev-1.13.0,0.5933333333333334,0.02,0.3866666666666667,0,2664
10500,jev-1.13.0,0.5566666666666666,0.12666666666666668,0.31666666666666665,0,2618
10501,jev-1.13.0,0.6033333333333334,0.05666666666666667,0.34,0,2618
10502,jev-1.13.0,0.22666666666666668,0.08666666666666667,0.6866666666666666,2,2614
10503,jev-1.13.0,0.11333333333333333,0.0033333333333333335,0.8833333333333333,2,2641
10504,jev-1.13.0,0.89,0.02666666666666667,0.08333333333333333,0,2617
10505,jev-1.13.0,0.9233333333333333,0.07666666666666667,0.0,0,2671
10506,jev-1.13.0,1.0,0.0,0.0,0,2641
10507,jev-1.13.0,0.013333333333333334,0.0,0.9866666666666667,2,2778
10508,jev-1.13.0,0.16,0.016666666666666666,0.8233333333333334,2,2677
10509,jev-1.13.0,0.28,0.6699999999999999,0.049999999999999996,1,2624
10510,jev-1.13.0,0.8933333333333334,0.006666666666666667,0.09999999999999999,0,2614
10511,jev-1.13.0,0.9866666666666667,0.0,0.013333333333333334,0,2625
10512,jev-1.13.0,0.5433333333333333,0.013333333333333334,0.44333333333333336,0,2627
10513,jev-1.13.0,0.0,0.0,1.0,2,2718
10514,jev-1.13.0,0.5966666666666667,0.06333333333333334,0.34,0,2620
10515,jev-1.13.0,0.0033333333333333335,0.0,0.9966666666666667,2,2624
10516,jev-1.13.0,0.0,0.0,1.0,2,2778
10517,jev-1.13.0,0.96,0.0,0.04,0,2632
10518,jev-1.13.0,0.4533333333333333,0.0,0.5466666666666667,2,2662
10519,jev-1.13.0,0.6066666666666666,0.34333333333333327,0.05000000000000001,0,2618
10520,jev-1.13.0,1.0,0.0,0.0,0,2631
10521,jev-1.13.0,0.030000000000000002,0.0,0.9700000000000001,2,2654
10522,jev-1.13.0,1.0,0.0,0.0,0,2617
10523,jev-1.13.0,0.66,0.27999999999999997,0.060000000000000005,0,2635
10524,jev-1.13.0,0.04,0.0,0.96,2,2664
10525,jev-1.13.0,0.13333333333333333,0.19333333333333336,0.6733333333333333,2,2621
10526,jev-1.13.0,0.29000000000000004,0.03333333333333333,0.6766666666666666,2,2634
10527,jev-1.13.0,0.05000000000000001,0.0,0.9499999999999998,2,2644
10528,jev-1.13.0,0.0,0.0,1.0,2,2614
10529,jev-1.13.0,0.91,0.0033333333333333335,0.08666666666666667,0,2621
10530,jev-1.13.0,0.9666666666666667,0.02,0.013333333333333334,0,2618
10531,jev-1.13.0,0.0,0.0,1.0,2,2615
10532,jev-1.13.0,0.9533333333333333,0.0,0.04666666666666667,0,2812
10533,jev-1.13.0,0.5866666666666668,0.05000000000000001,0.36333333333333334,0,2628
10534,jev-1.13.0,0.9366666666666666,0.0,0.06333333333333334,0,2625
10535,jev-1.13.0,0.7399999999999999,0.0,0.26,0,2650
10536,jev-1.13.0,0.4666666666666666,0.11666666666666665,0.4166666666666667,0,2633
10537,jev-1.13.0,0.7399999999999999,0.0033333333333333335,0.25666666666666665,0,2638
10538,jev-1.13.0,0.87,0.07333333333333335,0.056666666666666664,0,2621
10539,jev-1.13.0,0.84,0.06,0.10000000000000002,0,2625
10540,jev-1.13.0,0.7866666666666667,0.06,0.15333333333333335,0,2622
10541,jev-1.13.0,0.04,0.96,0.0,1,2638
10542,jev-1.13.0,0.52,0.0,0.48,0,2690
10543,jev-1.13.0,0.87,0.04666666666666667,0.08333333333333333,0,2626
10544,jev-1.13.0,0.9266666666666666,0.0,0.07333333333333335,0,2628
10545,jev-1.13.0,0.04,0.0,0.96,2,2675
10546,jev-1.13.0,0.93,0.03333333333333333,0.036666666666666674,0,2635
10547,jev-1.13.0,1.0,0.0,0.0,0,2616
10548,jev-1.13.0,0.6366666666666667,0.03333333333333333,0.33,0,2653
10549,jev-1.13.0,0.12333333333333335,0.0,0.8766666666666666,2,2652
10550,jev-1.13.0,0.9533333333333335,0.01,0.03666666666666667,0,2624
10551,jev-1.13.0,0.9033333333333333,0.0,0.09666666666666668,0,2633
10552,jev-1.13.0,0.0,0.0,1.0,2,2770
10553,jev-1.13.0,0.043333333333333335,0.03333333333333333,0.9233333333333333,2,2625
10554,jev-1.13.0,0.013333333333333334,0.02,0.9666666666666667,2,2656
10555,jev-1.13.0,0.45,0.013333333333333334,0.5366666666666666,2,2628
10556,jev-1.13.0,0.12333333333333334,0.22,0.6566666666666666,2,2630
10557,jev-1.13.0,0.98,0.0,0.02,0,2626
10558,jev-1.13.0,0.75,0.0,0.25,0,2748
10559,jev-1.13.0,0.8233333333333334,0.17333333333333334,0.0033333333333333335,0,2700
10560,jev-1.13.0,0.08666666666666667,0.01,0.9033333333333333,2,2621
10561,jev-1.13.0,0.7933333333333333,0.013333333333333334,0.19333333333333333,0,2619
10562,jev-1.13.0,0.36000000000000004,0.0033333333333333335,0.6366666666666666,2,2634
10563,jev-1.13.0,0.05000000000000001,0.0,0.9500000000000001,2,2655
10564,jev-1.13.0,0.65,0.0,0.35000000000000003,0,2628
10565,jev-1.13.0,0.6433333333333334,0.10666666666666667,0.25,0,2622
10566,jev-1.13.0,0.93,0.049999999999999996,0.02,0,2659
10567,jev-1.13.0,0.16666666666666666,0.0,0.8333333333333334,2,2633
10568,jev-1.13.0,0.8066666666666666,0.04666666666666667,0.14666666666666664,0,2618
10569,jev-1.13.0,0.88,0.0033333333333333335,0.11666666666666665,0,2666
10570,jev-1.13.0,0.9666666666666667,0.0,0.03333333333333333,0,2824
10571,jev-1.13.0,0.07666666666666667,0.0,0.9233333333333333,2,2627
10572,jev-1.13.0,0.13666666666666666,0.0,0.8633333333333333,2,2632
10573,jev-1.13.0,0.9700000000000001,0.0,0.03,0,2633
10574,jev-1.13.0,0.06,0.0,0.9400000000000001,2,2690
10575,jev-1.13.0,0.19999999999999998,0.0,0.7999999999999999,2,2749
10576,jev-1.13.0,0.5666666666666665,0.05333333333333334,0.38000000000000006,0,2643
10577,jev-1.13.0,0.0,0.013333333333333334,0.9866666666666667,2,2670
10578,jev-1.13.0,0.016666666666666666,0.0,0.9833333333333334,2,2767
10579,jev-1.13.0,0.17666666666666667,0.10666666666666667,0.7166666666666668,2,2671
10580,jev-1.13.0,0.4133333333333334,0.02,0.5666666666666668,2,2622
10581,jev-1.13.0,0.18333333333333335,0.01,0.8066666666666666,2,2617
10582,jev-1.13.0,0.6266666666666668,0.25000000000000006,0.12333333333333334,0,2639
10583,jev-1.13.0,0.006666666666666667,0.0,0.9933333333333333,2,2628
10584,jev-1.13.0,0.96,0.0,0.04,0,2622
10585,jev-1.13.0,0.08666666666666667,0.19666666666666668,0.7166666666666668,2,2632
10586,jev-1.13.0,1.0,0.0,0.0,0,2622
10587,jev-1.13.0,0.09333333333333334,0.0,0.9066666666666667,2,2640
10588,jev-1.13.0,0.43,0.0,0.57,2,2648
10589,jev-1.13.0,0.08333333333333333,0.006666666666666667,0.91,2,2635
10590,jev-1.13.0,0.63,0.07333333333333333,0.29666666666666663,0,2648
10591,jev-1.13.0,0.0,1.0,0.0,1,2633
10592,jev-1.13.0,0.61,0.08333333333333333,0.30666666666666664,0,2631
10593,jev-1.13.0,0.03,0.7200000000000001,0.25,1,2624
10594,jev-1.13.0,0.0,0.0,1.0,2,2614
10595,jev-1.13.0,0.79,0.0,0.21,0,2629
10596,jev-1.13.0,0.91,0.0,0.09000000000000001,0,2637
10597,jev-1.13.0,0.9066666666666667,0.09333333333333334,0.0,0,2654
10598,jev-1.13.0,0.023333333333333334,0.0,0.9766666666666666,2,2654
10599,jev-1.13.0,0.9,0.0,0.09999999999999999,0,2626
10600,jev-1.13.0,0.9066666666666667,0.0,0.09333333333333334,0,2645
10601,jev-1.13.0,0.53,0.013333333333333334,0.4566666666666666,0,2644
10602,jev-1.13.0,0.5066666666666667,0.013333333333333334,0.48,0,2637
10603,jev-1.13.0,0.8966666666666666,0.08333333333333333,0.02,0,2623
10604,jev-1.13.0,0.01,0.98,0.01,1,2627
10605,jev-1.13.0,0.5666666666666667,0.016666666666666666,0.4166666666666667,0,2622
10606,jev-1.13.0,1.0,0.0,0.0,0,2646
10607,jev-1.13.0,0.006666666666666667,0.0,0.9933333333333333,2,2645
10608,jev-1.13.0,0.7166666666666667,0.0033333333333333335,0.28,0,2663
10609,jev-1.13.0,0.14333333333333334,0.08333333333333333,0.7733333333333333,2,2617
10610,jev-1.13.0,1.0,0.0,0.0,0,2639
10611,jev-1.13.0,0.32999999999999996,0.0033333333333333335,0.6666666666666666,2,2617
10612,jev-1.13.0,0.5866666666666668,0.0033333333333333335,0.41,0,2631
10613,jev-1.13.0,0.01,0.26666666666666666,0.7233333333333333,2,2674
10614,jev-1.13.0,0.016666666666666666,0.0,0.9833333333333334,2,2619
10615,jev-1.13.0,0.6433333333333332,0.0033333333333333335,0.35333333333333333,0,2656
10616,jev-1.13.0,0.17,0.04666666666666667,0.7833333333333333,2,2635
10617,jev-1.13.0,0.8966666666666666,0.0,0.10333333333333333,0,2632
10618,jev-1.13.0,0.42,0.4266666666666667,0.15333333333333332,1,2627
10619,jev-1.13.0,0.6866666666666666,0.02666666666666667,0.2866666666666667,0,2643
10620,jev-1.13.0,0.9366666666666666,0.06333333333333334,0.0,0,2613
10621,jev-1.13.0,0.05666666666666667,0.9433333333333334,0.0,1,2617
10622,jev-1.13.0,0.04666666666666667,0.0,0.9533333333333333,2,2717
10623,jev-1.13.0,0.05666666666666667,0.0,0.9433333333333334,2,2694
10624,jev-1.13.0,0.27666666666666667,0.48666666666666664,0.23666666666666666,1,2629
10625,jev-1.13.0,0.6766666666666666,0.043333333333333335,0.28,0,2625
10626,jev-1.13.0,0.016666666666666666,0.0,0.9833333333333334,2,2624
10627,jev-1.13.0,0.35666666666666663,0.0,0.6433333333333334,2,2662
10628,jev-1.13.0,0.91,0.0,0.09000000000000001,0,2647
10629,jev-1.13.0,0.16333333333333336,0.66,0.17666666666666667,1,2630
10630,jev-1.13.0,0.8433333333333333,0.06333333333333334,0.09333333333333334,0,2622
10631,jev-1.13.0,0.7866666666666667,0.09000000000000001,0.12333333333333334,0,2623
10632,jev-1.13.0,0.52,0.0033333333333333335,0.47666666666666674,0,2628
10633,jev-1.13.0,0.4633333333333334,0.0,0.5366666666666666,2,2684
10634,jev-1.13.0,0.49666666666666665,0.03666666666666667,0.4666666666666666,0,2670
10635,jev-1.13.0,0.0,0.0,1.0,2,2627
10636,jev-1.13.0,0.45333333333333337,0.0,0.5466666666666666,2,2661
10637,jev-1.13.0,0.51,0.19333333333333336,0.29666666666666663,0,2631
10638,jev-1.13.0,0.9566666666666667,0.0,0.043333333333333335,0,2807
10639,jev-1.13.0,0.6066666666666666,0.3633333333333333,0.030000000000000002,0,2631
10640,jev-1.13.0,0.3233333333333333,0.0,0.6766666666666667,2,2624
10641,jev-1.13.0,0.6566666666666666,0.01,0.3333333333333333,0,2641
10642,jev-1.13.0,0.26333333333333336,0.013333333333333334,0.7233333333333333,2,2623
10643,jev-1.13.0,0.8933333333333334,0.0033333333333333335,0.10333333333333335,0,2624
10644,jev-1.13.0,0.9,0.0,0.09999999999999999,0,2626
10645,jev-1.13.0,0.01,0.0,0.9899999999999999,2,2659
10646,jev-1.13.0,0.9166666666666666,0.02,0.06333333333333334,0,2668
10647,jev-1.13.0,0.04,0.006666666666666667,0.9533333333333333,2,2615
10648,jev-1.13.0,0.0,1.0,0.0,1,2624
10649,jev-1.13.0,0.87,0.02,0.11,0,2624
10650,jev-1.13.0,0.030000000000000002,0.013333333333333334,0.9566666666666667,2,2673
10651,jev-1.13.0,0.9766666666666666,0.0,0.02333333333333333,0,2634
10652,jev-1.13.0,0.9233333333333333,0.0,0.07666666666666667,0,2639
10653,jev-1.13.0,0.056666666666666664,0.6866666666666666,0.25666666666666665,1,2672
10654,jev-1.13.0,0.93,0.023333333333333334,0.04666666666666667,0,2628
10655,jev-1.13.0,0.03333333333333333,0.9666666666666667,0.0,1,2682
10656,jev-1.13.0,0.0033333333333333335,0.0,0.9966666666666667,2,2625
10657,jev-1.13.0,0.12,0.15666666666666665,0.7233333333333333,2,2634
10658,jev-1.13.0,0.0,1.0,0.0,1,2636
10659,jev-1.13.0,0.32666666666666666,0.03333333333333333,0.64,2,2626
10660,jev-1.13.0,0.0033333333333333335,0.9266666666666667,0.06999999999999999,1,2648
10661,jev-1.13.0,1.0,0.0,0.0,0,2617
10662,jev-1.13.0,0.8733333333333334,0.01,0.11666666666666665,0,2647
10663,jev-1.13.0,0.48,0.24666666666666667,0.2733333333333334,0,2621
10664,jev-1.13.0,0.9899999999999999,0.01,0.0,0,2616
10665,jev-1.13.0,0.016666666666666666,0.88,0.10333333333333333,1,2646
10666,jev-1.13.0,0.15,0.7999999999999999,0.05000000000000001,1,2620
10667,jev-1.13.0,0.9766666666666666,0.0,0.023333333333333334,0,2628
10668,jev-1.13.0,0.52,0.0033333333333333335,0.4766666666666666,0,2626
10669,jev-1.13.0,0.6233333333333334,0.016666666666666666,0.36000000000000004,0,2628
10670,jev-1.13.0,0.03333333333333333,0.9266666666666667,0.04,1,2626
10671,jev-1.13.0,0.04666666666666667,0.9466666666666667,0.006666666666666667,1,2615
10672,jev-1.13.0,0.3933333333333333,0.1366666666666667,0.47,2,2633
10673,jev-1.13.0,0.7166666666666667,0.0,0.2833333333333334,0,2648
10674,jev-1.13.0,0.5833333333333334,0.3433333333333333,0.07333333333333335,0,2633
10675,jev-1.13.0,0.9766666666666666,0.0,0.023333333333333334,0,2822
10676,jev-1.13.0,0.9966666666666667,0.0033333333333333335,0.0,0,2627
10677,jev-1.13.0,0.5833333333333334,0.24666666666666667,0.17,0,2623
10678,jev-1.13.0,0.5133333333333333,0.02666666666666667,0.45999999999999996,0,2633
10679,jev-1.13.0,0.57,0.21333333333333335,0.21666666666666667,0,2634
10680,jev-1.13.0,0.26,0.67,0.07,1,2648
10681,jev-1.13.0,0.7699999999999999,0.09333333333333334,0.1366666666666667,0,2632
10682,jev-1.13.0,0.01,0.9899999999999999,0.0,1,2640
10683,jev-1.13.0,0.33666666666666667,0.11,0.5533333333333332,2,2618
10684,jev-1.13.0,0.013333333333333334,0.96,0.02666666666666667,1,2621
10685,jev-1.13.0,0.61,0.05666666666666667,0.3333333333333333,0,2616
10686,jev-1.13.0,0.0,1.0,0.0,1,2635
10687,jev-1.13.0,0.56,0.3433333333333333,0.09666666666666668,0,2655
10688,jev-1.13.0,0.68,0.0,0.32,0,2652
10689,jev-1.13.0,0.0,1.0,0.0,1,2640
10690,jev-1.13.0,1.0,0.0,0.0,0,2632
10691,jev-1.13.0,0.19333333333333336,0.5366666666666667,0.27,1,2666
10692,jev-1.13.0,0.8633333333333333,0.12666666666666668,0.01,0,2625
10693,jev-1.13.0,0.9466666666666667,0.0,0.05333333333333334,0,2640
10694,jev-1.13.0,0.8766666666666666,0.0033333333333333335,0.12000000000000001,0,2627
10695,jev-1.13.0,0.6133333333333334,0.03333333333333333,0.35333333333333333,0,2621
10696,jev-1.13.0,0.19333333333333333,0.0,0.8066666666666666,2,2634
10697,jev-1.13.0,0.4633333333333334,0.08333333333333333,0.4533333333333333,0,2628
10698,jev-1.13.0,0.21666666666666665,0.03333333333333333,0.75,2,2635
10699,jev-1.13.0,0.43,0.09666666666666666,0.47333333333333333,2,2629
10700,jev-1.13.0,0.7133333333333333,0.04666666666666667,0.24,0,2625
10701,jev-1.13.0,0.9566666666666667,0.02,0.023333333333333334,0,2619
10702,jev-1.13.0,0.12333333333333334,0.0,0.8766666666666666,2,2800
10703,jev-1.13.0,0.8066666666666666,0.05666666666666667,0.1366666666666667,0,2616
10704,jev-1.13.0,0.3499999999999999,0.0,0.65,2,2648
10705,jev-1.13.0,0.5866666666666667,0.02333333333333333,0.38999999999999996,0,2631
10706,jev-1.13.0,0.8433333333333333,0.043333333333333335,0.11333333333333333,0,2695
10707,jev-1.13.0,0.006666666666666667,0.043333333333333335,0.9499999999999998,2,2884
10708,jev-1.13.0,0.0,0.0,1.0,2,2636
10709,jev-1.13.0,0.9766666666666666,0.0,0.02333333333333333,0,2639
10710,jev-1.13.0,0.6000000000000001,0.36000000000000004,0.04,0,2615
10711,jev-1.13.0,0.29000000000000004,0.6666666666666666,0.043333333333333335,1,2636
10712,jev-1.13.0,0.86,0.05000000000000001,0.09000000000000001,0,2617
10713,jev-1.13.0,1.0,0.0,0.0,0,2639
10714,jev-1.13.0,0.1466666666666667,0.0,0.8533333333333334,2,2711
10715,jev-1.13.0,0.3833333333333333,0.03333333333333333,0.5833333333333334,2,2619
10716,jev-1.13.0,0.09999999999999999,0.0,0.9,2,2627
10717,jev-1.13.0,0.15,0.0,0.85,2,2650
10718,jev-1.13.0,0.05666666666666667,0.0,0.9433333333333334,2,2643
10719,jev-1.13.0,0.6666666666666666,0.043333333333333335,0.29000000000000004,0,2616
10720,jev-1.13.0,0.93,0.016666666666666666,0.05333333333333334,0,2623
10721,jev-1.13.0,0.9966666666666667,0.0,0.0033333333333333335,0,2652
10722,jev-1.13.0,0.16,0.06,0.7799999999999999,2,2646
10723,jev-1.13.0,0.25333333333333335,0.0,0.7466666666666667,2,2687
10724,jev-1.13.0,1.0,0.0,0.0,0,2615
10725,jev-1.13.0,0.3366666666666666,0.07666666666666666,0.5866666666666668,2,2641
10726,jev-1.13.0,0.9366666666666666,0.043333333333333335,0.02,0,2622
10727,jev-1.13.0,0.9966666666666667,0.0033333333333333335,0.0,0,2617
10728,jev-1.13.0,0.5533333333333333,0.06333333333333334,0.3833333333333333,0,2626
10729,jev-1.13.0,0.48333333333333334,0.0,0.5166666666666667,2,2691
10730,jev-1.13.0,0.04,0.36666666666666664,0.5933333333333334,2,2649
10731,jev-1.13.0,0.77,0.006666666666666667,0.22333333333333336,0,2626
10732,jev-1.13.0,0.45,0.07666666666666667,0.47333333333333333,2,2624
10733,jev-1.13.0,0.05666666666666667,0.6733333333333333,0.27,1,2622
10734,jev-1.13.0,0.27666666666666667,0.41999999999999993,0.3033333333333333,1,2621
10735,jev-1.13.0,0.04,0.013333333333333334,0.9466666666666667,2,2633
10736,jev-1.13.0,0.9766666666666666,0.0,0.023333333333333334,0,2860
10737,jev-1.13.0,0.2933333333333334,0.016666666666666666,0.6900000000000001,2,2631
10738,jev-1.13.0,0.62,0.19999999999999998,0.18000000000000002,0,2672
10739,jev-1.13.0,0.8533333333333334,0.053333333333333344,0.09333333333333334,0,2621
10740,jev-1.13.0,0.12,0.01,0.87,2,2646
10741,jev-1.13.0,0.8533333333333334,0.01,0.1366666666666667,0,2631
10742,jev-1.13.0,0.6499999999999999,0.01,0.34,0,2620
