model,embeddings,seed,Id,split,prediction
BERT,mBERT,0,1,test,0
BERT,mBERT,0,2,test,0
BERT,mBERT,0,6,val,1
BERT,mBERT,0,7,test,0
BERT,mBERT,0,12,val,1
BERT,mBERT,0,14,test,0
BERT,mBERT,0,15,test,2
BERT,mBERT,0,19,test,0
BERT,mBERT,0,23,val,2
BERT,mBERT,0,26,test,1
BERT,mBERT,0,30,test,1
BERT,mBERT,0,32,test,0
BERT,mBERT,0,34,test,2
BERT,mBERT,0,37,val,0
BERT,mBERT,0,39,val,0
BERT,mBERT,0,40,val,0
BERT,mBERT,0,42,test,0
BERT,mBERT,0,43,test,0
BERT,mBERT,0,44,val,0
BERT,mBERT,0,45,val,0
BERT,mBERT,0,47,test,0
BERT,mBERT,0,48,test,0
BERT,mBERT,0,49,test,1
BERT,mBERT,0,50,val,0
BERT,mBERT,0,51,test,2
BERT,mBERT,0,52,test,0
BERT,mBERT,0,54,test,2
BERT,mBERT,0,55,val,0
BERT,mBERT,0,56,test,0
BERT,mBERT,0,58,test,0
BERT,mBERT,0,59,test,1
BERT,mBERT,0,61,test,2
BERT,mBERT,0,62,val,0
BERT,mBERT,0,63,test,2
BERT,mBERT,0,64,test,2
BERT,mBERT,0,66,test,0
BERT,mBERT,0,67,test,2
BERT,mBERT,0,69,val,1
BERT,mBERT,0,70,test,2
BERT,mBERT,0,71,test,0
BERT,mBERT,0,72,test,0
BERT,mBERT,0,73,val,0
BERT,mBERT,0,76,val,0
BERT,mBERT,0,77,test,2
BERT,mBERT,0,78,val,0
BERT,mBERT,0,79,test,2
BERT,mBERT,0,81,val,0
BERT,mBERT,0,82,val,0
BERT,mBERT,0,87,val,0
BERT,mBERT,0,88,val,1
BERT,mBERT,0,91,val,0
BERT,mBERT,0,92,test,2
BERT,mBERT,0,95,test,0
BERT,mBERT,0,96,test,2
BERT,mBERT,0,98,test,2
BERT,mBERT,0,99,test,0
BERT,mBERT,0,100,test,0
BERT,mBERT,0,101,test,0
BERT,mBERT,0,104,test,0
BERT,mBERT,0,106,val,0
BERT,mBERT,0,111,val,1
BERT,mBERT,0,114,val,0
BERT,mBERT,0,115,val,2
BERT,mBERT,0,116,test,0
BERT,mBERT,0,118,val,0
BERT,mBERT,0,122,val,0
BERT,mBERT,0,123,val,1
BERT,mBERT,0,126,test,0
BERT,mBERT,0,127,val,1
BERT,mBERT,0,129,val,0
BERT,mBERT,0,133,test,0
BERT,mBERT,0,135,test,2
BERT,mBERT,0,138,val,1
BERT,mBERT,0,140,test,0
BERT,mBERT,0,141,test,2
BERT,mBERT,0,148,test,0
BERT,mBERT,0,150,test,0
BERT,mBERT,0,153,test,1
BERT,mBERT,0,155,test,0
BERT,mBERT,0,156,test,0
BERT,mBERT,0,162,test,1
BERT,mBERT,0,163,val,2
BERT,mBERT,0,164,test,1
BERT,mBERT,0,166,test,0
BERT,mBERT,0,169,val,1
BERT,mBERT,0,170,val,2
BERT,mBERT,0,171,test,1
BERT,mBERT,0,176,test,1
BERT,mBERT,0,177,val,0
BERT,mBERT,0,181,test,0
BERT,mBERT,0,182,test,0
BERT,mBERT,0,184,val,2
BERT,mBERT,0,185,test,0
BERT,mBERT,0,187,test,2
BERT,mBERT,0,191,test,2
BERT,mBERT,0,194,val,0
BERT,mBERT,0,197,test,0
BERT,mBERT,0,202,test,0
BERT,mBERT,0,205,val,0
BERT,mBERT,0,207,test,0
BERT,mBERT,0,209,test,2
BERT,mBERT,0,212,val,2
BERT,mBERT,0,213,test,0
BERT,mBERT,0,214,test,0
BERT,mBERT,0,216,test,0
BERT,mBERT,0,219,val,2
BERT,mBERT,0,220,test,0
BERT,mBERT,0,221,test,0
BERT,mBERT,0,222,val,1
BERT,mBERT,0,225,val,0
BERT,mBERT,0,227,val,2
BERT,mBERT,0,229,val,2
BERT,mBERT,0,231,test,0
BERT,mBERT,0,232,val,0
BERT,mBERT,0,233,test,0
BERT,mBERT,0,234,test,1
BERT,mBERT,0,235,test,0
BERT,mBERT,0,236,test,0
BERT,mBERT,0,240,val,1
BERT,mBERT,0,241,test,1
BERT,mBERT,0,242,val,2
BERT,mBERT,0,243,val,0
BERT,mBERT,0,244,val,1
BERT,mBERT,0,246,test,2
BERT,mBERT,0,248,test,0
BERT,mBERT,0,250,val,1
BERT,mBERT,0,255,val,0
BERT,mBERT,0,258,val,0
BERT,mBERT,0,260,test,0
BERT,mBERT,0,263,val,0
BERT,mBERT,0,268,test,0
BERT,mBERT,0,269,val,0
BERT,mBERT,0,276,test,0
BERT,mBERT,0,278,val,0
BERT,mBERT,0,280,test,1
BERT,mBERT,0,281,test,2
BERT,mBERT,0,282,val,1
BERT,mBERT,0,283,val,0
BERT,mBERT,0,286,test,0
BERT,mBERT,0,288,val,0
BERT,mBERT,0,291,val,1
BERT,mBERT,0,292,val,0
BERT,mBERT,0,294,val,1
BERT,mBERT,0,295,val,0
BERT,mBERT,0,296,test,0
BERT,mBERT,0,297,val,0
BERT,mBERT,0,298,test,0
BERT,mBERT,0,299,val,0
BERT,mBERT,0,300,test,0
BERT,mBERT,0,301,val,0
BERT,mBERT,0,302,test,2
BERT,mBERT,0,303,val,0
BERT,mBERT,0,304,test,1
BERT,mBERT,0,306,test,0
BERT,mBERT,0,307,val,0
BERT,mBERT,0,308,test,0
BERT,mBERT,0,310,val,1
BERT,mBERT,0,313,test,1
BERT,mBERT,0,316,test,0
BERT,mBERT,0,320,val,2
BERT,mBERT,0,322,val,1
BERT,mBERT,0,324,val,0
BERT,mBERT,0,327,test,0
BERT,mBERT,0,331,val,0
BERT,mBERT,0,333,test,0
BERT,mBERT,0,335,test,2
BERT,mBERT,0,337,test,0
BERT,mBERT,0,338,val,0
BERT,mBERT,0,339,val,0
BERT,mBERT,0,340,val,1
BERT,mBERT,0,341,val,0
BERT,mBERT,0,342,test,0
BERT,mBERT,0,343,val,0
BERT,mBERT,0,345,val,0
BERT,mBERT,0,347,test,1
BERT,mBERT,0,352,val,0
BERT,mBERT,0,353,test,0
BERT,mBERT,0,355,val,0
BERT,mBERT,0,356,test,0
BERT,mBERT,0,358,test,1
BERT,mBERT,0,360,val,2
BERT,mBERT,0,361,val,1
BERT,mBERT,0,364,val,0
BERT,mBERT,0,370,test,0
BERT,mBERT,0,371,val,0
BERT,mBERT,0,377,val,0
BERT,mBERT,0,378,test,0
BERT,mBERT,0,382,val,2
BERT,mBERT,0,384,test,0
BERT,mBERT,0,387,val,1
BERT,mBERT,0,390,val,0
BERT,mBERT,0,391,test,0
BERT,mBERT,0,396,test,0
BERT,mBERT,0,399,val,0
BERT,mBERT,0,402,val,0
BERT,mBERT,0,404,test,0
BERT,mBERT,0,405,val,1
BERT,mBERT,0,407,test,0
BERT,mBERT,0,408,test,1
BERT,mBERT,0,409,val,0
BERT,mBERT,0,411,val,2
BERT,mBERT,0,414,test,2
BERT,mBERT,0,418,val,1
BERT,mBERT,0,419,test,2
BERT,mBERT,0,422,test,1
BERT,mBERT,0,426,test,2
BERT,mBERT,0,427,val,0
BERT,mBERT,0,428,test,0
BERT,mBERT,0,429,val,2
BERT,mBERT,0,430,val,0
BERT,mBERT,0,431,test,0
BERT,mBERT,0,432,test,0
BERT,mBERT,0,434,val,2
BERT,mBERT,0,435,test,0
BERT,mBERT,0,439,test,0
BERT,mBERT,0,442,val,0
BERT,mBERT,0,445,val,2
BERT,mBERT,0,448,val,0
BERT,mBERT,0,449,val,1
BERT,mBERT,0,450,test,0
BERT,mBERT,0,451,test,0
BERT,mBERT,0,453,test,0
BERT,mBERT,0,454,val,0
BERT,mBERT,0,456,val,0
BERT,mBERT,0,457,val,1
BERT,mBERT,0,458,val,0
BERT,mBERT,0,459,test,1
BERT,mBERT,0,460,val,0
BERT,mBERT,0,462,val,1
BERT,mBERT,0,463,val,1
BERT,mBERT,0,465,test,0
BERT,mBERT,0,467,test,1
BERT,mBERT,0,470,test,0
BERT,mBERT,0,471,test,1
BERT,mBERT,0,473,test,1
BERT,mBERT,0,476,val,0
BERT,mBERT,0,477,test,0
BERT,mBERT,0,479,test,1
BERT,mBERT,0,480,test,1
BERT,mBERT,0,482,val,0
BERT,mBERT,0,488,val,0
BERT,mBERT,0,489,val,1
BERT,mBERT,0,491,test,0
BERT,mBERT,0,493,val,1
BERT,mBERT,0,494,test,1
BERT,mBERT,0,497,val,0
BERT,mBERT,0,498,test,1
BERT,mBERT,0,499,test,0
BERT,mBERT,0,500,val,0
BERT,mBERT,0,504,test,0
BERT,mBERT,0,506,test,1
BERT,mBERT,0,507,test,0
BERT,mBERT,0,509,test,1
BERT,mBERT,0,510,test,1
BERT,mBERT,0,511,val,1
BERT,mBERT,0,512,test,2
BERT,mBERT,0,515,test,1
BERT,mBERT,0,517,test,1
BERT,mBERT,0,520,test,1
BERT,mBERT,0,521,test,0
BERT,mBERT,0,522,val,0
BERT,mBERT,0,523,test,1
BERT,mBERT,0,527,test,1
BERT,mBERT,0,529,val,0
BERT,mBERT,0,531,val,0
BERT,mBERT,0,532,test,0
BERT,mBERT,0,534,val,1
BERT,mBERT,0,536,val,1
BERT,mBERT,0,537,test,1
BERT,mBERT,0,538,test,1
BERT,mBERT,0,540,test,1
BERT,mBERT,0,542,val,0
BERT,mBERT,0,544,val,1
BERT,mBERT,0,546,test,1
BERT,mBERT,0,550,val,0
BERT,mBERT,0,551,test,1
BERT,mBERT,0,554,val,1
BERT,mBERT,0,557,test,1
BERT,mBERT,0,558,val,0
BERT,mBERT,0,560,test,0
BERT,mBERT,0,564,test,0
BERT,mBERT,0,565,test,2
BERT,mBERT,0,566,test,0
BERT,mBERT,0,567,test,1
BERT,mBERT,0,568,test,0
BERT,mBERT,0,570,val,1
BERT,mBERT,0,574,test,0
BERT,mBERT,0,575,val,1
BERT,mBERT,0,576,test,1
BERT,mBERT,0,578,test,1
BERT,mBERT,0,579,test,1
BERT,mBERT,0,580,test,1
BERT,mBERT,0,581,val,1
BERT,mBERT,0,582,val,1
BERT,mBERT,0,583,test,0
BERT,mBERT,0,584,test,1
BERT,mBERT,0,585,val,0
BERT,mBERT,0,586,test,0
BERT,mBERT,0,587,val,2
BERT,mBERT,0,590,test,1
BERT,mBERT,0,591,val,1
BERT,mBERT,0,592,val,0
BERT,mBERT,0,596,test,1
BERT,mBERT,0,597,test,0
BERT,mBERT,0,598,test,0
BERT,mBERT,0,599,test,1
BERT,mBERT,0,600,test,1
BERT,mBERT,0,606,test,1
BERT,mBERT,0,607,test,1
BERT,mBERT,0,609,test,0
BERT,mBERT,0,610,test,0
BERT,mBERT,0,611,val,1
BERT,mBERT,0,612,val,0
BERT,mBERT,0,613,val,0
BERT,mBERT,0,614,val,1
BERT,mBERT,0,615,val,1
BERT,mBERT,0,616,test,1
BERT,mBERT,0,618,val,0
BERT,mBERT,0,619,test,1
BERT,mBERT,0,620,test,0
BERT,mBERT,0,622,test,0
BERT,mBERT,0,625,test,2
BERT,mBERT,0,628,val,0
BERT,mBERT,0,631,test,0
BERT,mBERT,0,634,test,0
BERT,mBERT,0,635,test,0
BERT,mBERT,0,637,test,1
BERT,mBERT,0,638,test,0
BERT,mBERT,0,640,val,0
BERT,mBERT,0,642,test,0
BERT,mBERT,0,646,test,2
BERT,mBERT,0,650,val,0
BERT,mBERT,0,651,test,0
BERT,mBERT,0,652,test,2
BERT,mBERT,0,655,val,2
BERT,mBERT,0,656,val,2
BERT,mBERT,0,658,val,0
BERT,mBERT,0,659,val,1
BERT,mBERT,0,660,test,0
BERT,mBERT,0,663,test,0
BERT,mBERT,0,664,test,0
BERT,mBERT,0,668,test,0
BERT,mBERT,0,669,test,0
BERT,mBERT,0,671,test,1
BERT,mBERT,0,672,val,0
BERT,mBERT,0,675,val,2
BERT,mBERT,0,677,test,0
BERT,mBERT,0,680,val,0
BERT,mBERT,0,682,test,0
BERT,mBERT,0,683,val,2
BERT,mBERT,0,684,test,2
BERT,mBERT,0,685,val,2
BERT,mBERT,0,687,val,0
BERT,mBERT,0,688,test,0
BERT,mBERT,0,689,val,0
BERT,mBERT,0,690,val,0
BERT,mBERT,0,692,val,2
BERT,mBERT,0,693,val,0
BERT,mBERT,0,695,test,2
BERT,mBERT,0,697,test,0
BERT,mBERT,0,699,test,0
BERT,mBERT,0,701,val,1
BERT,mBERT,0,702,test,2
BERT,mBERT,0,704,test,0
BERT,mBERT,0,705,val,0
BERT,mBERT,0,713,test,2
BERT,mBERT,0,714,val,0
BERT,mBERT,0,715,test,2
BERT,mBERT,0,716,test,1
BERT,mBERT,0,717,test,0
BERT,mBERT,0,718,test,2
BERT,mBERT,0,720,val,0
BERT,mBERT,0,723,val,0
BERT,mBERT,0,727,val,0
BERT,mBERT,0,731,test,0
BERT,mBERT,0,733,val,0
BERT,mBERT,0,737,val,0
BERT,mBERT,0,740,test,1
BERT,mBERT,0,742,test,2
BERT,mBERT,0,743,test,0
BERT,mBERT,0,745,val,2
BERT,mBERT,0,749,val,0
BERT,mBERT,0,751,test,0
BERT,mBERT,0,755,val,0
BERT,mBERT,0,756,val,1
BERT,mBERT,0,757,test,0
BERT,mBERT,0,758,val,1
BERT,mBERT,0,761,test,0
BERT,mBERT,0,762,test,0
BERT,mBERT,0,763,val,0
BERT,mBERT,0,764,val,2
BERT,mBERT,0,766,test,0
BERT,mBERT,0,767,test,0
BERT,mBERT,0,768,test,0
BERT,mBERT,0,769,test,1
BERT,mBERT,0,771,test,0
BERT,mBERT,0,772,val,0
BERT,mBERT,0,773,test,1
BERT,mBERT,0,780,val,1
BERT,mBERT,0,781,test,0
BERT,mBERT,0,783,val,0
BERT,mBERT,0,786,test,1
BERT,mBERT,0,791,val,2
BERT,mBERT,0,792,test,0
BERT,mBERT,0,794,val,0
BERT,mBERT,0,797,val,2
BERT,mBERT,0,798,test,0
BERT,mBERT,0,799,test,0
BERT,mBERT,0,800,test,1
BERT,mBERT,0,804,test,2
BERT,mBERT,0,805,test,0
BERT,mBERT,0,806,val,0
BERT,mBERT,0,807,val,2
BERT,mBERT,0,808,test,0
BERT,mBERT,0,811,test,2
BERT,mBERT,0,812,test,0
BERT,mBERT,0,816,test,0
BERT,mBERT,0,817,test,0
BERT,mBERT,0,818,test,1
BERT,mBERT,0,819,val,0
BERT,mBERT,0,820,val,0
BERT,mBERT,0,821,test,0
BERT,mBERT,0,822,test,1
BERT,mBERT,0,825,test,0
BERT,mBERT,0,826,test,0
BERT,mBERT,0,827,test,0
BERT,mBERT,0,828,val,0
BERT,mBERT,0,831,test,0
BERT,mBERT,0,835,test,0
BERT,mBERT,0,836,val,0
BERT,mBERT,0,837,val,0
BERT,mBERT,0,838,val,0
BERT,mBERT,0,839,val,0
BERT,mBERT,0,841,val,2
BERT,mBERT,0,844,test,2
BERT,mBERT,0,845,test,2
BERT,mBERT,0,846,val,0
BERT,mBERT,0,848,val,0
BERT,mBERT,0,849,test,0
BERT,mBERT,0,850,val,0
BERT,mBERT,0,855,test,0
BERT,mBERT,0,859,test,0
BERT,mBERT,0,860,val,0
BERT,mBERT,0,866,test,0
BERT,mBERT,0,867,test,0
BERT,mBERT,0,868,test,2
BERT,mBERT,0,871,test,0
BERT,mBERT,0,872,val,0
BERT,mBERT,0,873,test,0
BERT,mBERT,0,874,test,0
BERT,mBERT,0,876,test,0
BERT,mBERT,0,877,val,0
BERT,mBERT,0,878,test,0
BERT,mBERT,0,881,val,0
BERT,mBERT,0,885,test,1
BERT,mBERT,0,889,test,1
BERT,mBERT,0,890,test,0
BERT,mBERT,0,891,val,2
BERT,mBERT,0,893,val,2
BERT,mBERT,0,894,test,1
BERT,mBERT,0,896,val,0
BERT,mBERT,0,897,test,0
BERT,mBERT,0,898,val,0
BERT,mBERT,0,900,test,2
BERT,mBERT,0,901,test,0
BERT,mBERT,0,903,test,0
BERT,mBERT,0,904,test,0
BERT,mBERT,0,905,val,0
BERT,mBERT,0,906,test,0
BERT,mBERT,0,908,test,0
BERT,mBERT,0,909,test,2
BERT,mBERT,0,911,val,0
BERT,mBERT,0,914,val,0
BERT,mBERT,0,918,test,0
BERT,mBERT,0,919,test,0
BERT,mBERT,0,922,val,1
BERT,mBERT,0,924,test,0
BERT,mBERT,0,927,val,0
BERT,mBERT,0,928,val,2
BERT,mBERT,0,929,test,0
BERT,mBERT,0,933,val,0
BERT,mBERT,0,934,test,0
BERT,mBERT,0,936,val,1
BERT,mBERT,0,938,test,0
BERT,mBERT,0,943,val,2
BERT,mBERT,0,944,val,0
BERT,mBERT,0,947,test,2
BERT,mBERT,0,948,test,0
BERT,mBERT,0,949,val,2
BERT,mBERT,0,950,test,0
BERT,mBERT,0,955,test,2
BERT,mBERT,0,959,val,0
BERT,mBERT,0,960,test,0
BERT,mBERT,0,961,test,2
BERT,mBERT,0,965,val,0
BERT,mBERT,0,966,val,2
BERT,mBERT,0,967,val,2
BERT,mBERT,0,970,val,2
BERT,mBERT,0,972,val,0
BERT,mBERT,0,973,test,0
BERT,mBERT,0,976,test,0
BERT,mBERT,0,980,test,0
BERT,mBERT,0,981,test,2
BERT,mBERT,0,982,val,0
BERT,mBERT,0,990,val,2
BERT,mBERT,0,994,test,0
BERT,mBERT,0,997,test,2
BERT,mBERT,0,998,test,2
BERT,mBERT,0,1000,val,0
BERT,mBERT,0,1002,val,2
BERT,mBERT,0,1005,test,2
BERT,mBERT,0,1006,val,2
BERT,mBERT,0,1008,test,0
BERT,mBERT,0,1009,test,0
BERT,mBERT,0,1010,val,2
BERT,mBERT,0,1012,val,2
BERT,mBERT,0,1014,val,0
BERT,mBERT,0,1016,test,0
BERT,mBERT,0,1020,val,0
BERT,mBERT,0,1021,val,2
BERT,mBERT,0,1022,val,2
BERT,mBERT,0,1025,test,0
BERT,mBERT,0,1026,val,0
BERT,mBERT,0,1028,test,2
BERT,mBERT,0,1029,val,0
BERT,mBERT,0,1030,test,1
BERT,mBERT,0,1037,val,2
BERT,mBERT,0,1041,val,0
BERT,mBERT,0,1042,val,0
BERT,mBERT,0,1043,test,0
BERT,mBERT,0,1044,val,0
BERT,mBERT,0,1046,test,2
BERT,mBERT,0,1048,test,0
BERT,mBERT,0,1049,val,1
BERT,mBERT,0,1052,val,0
BERT,mBERT,0,1054,val,1
BERT,mBERT,0,1055,test,0
BERT,mBERT,0,1056,val,2
BERT,mBERT,0,1057,val,2
BERT,mBERT,0,1061,test,1
BERT,mBERT,0,1062,test,2
BERT,mBERT,0,1065,val,2
BERT,mBERT,0,1069,val,1
BERT,mBERT,0,1070,val,0
BERT,mBERT,0,1072,test,1
BERT,mBERT,0,1073,val,0
BERT,mBERT,0,1075,val,0
BERT,mBERT,0,1082,val,0
BERT,mBERT,0,1085,test,1
BERT,mBERT,0,1090,test,1
BERT,mBERT,0,1092,val,2
BERT,mBERT,0,1098,test,0
BERT,mBERT,0,1102,test,0
BERT,mBERT,0,1103,val,2
BERT,mBERT,0,1104,test,2
BERT,mBERT,0,1105,val,0
BERT,mBERT,0,1106,val,0
BERT,mBERT,0,1108,test,2
BERT,mBERT,0,1110,test,2
BERT,mBERT,0,1111,val,0
BERT,mBERT,0,1112,val,0
BERT,mBERT,0,1116,val,0
BERT,mBERT,0,1117,val,0
BERT,mBERT,0,1120,test,0
BERT,mBERT,0,1122,val,2
BERT,mBERT,0,1123,val,0
BERT,mBERT,0,1126,test,0
BERT,mBERT,0,1127,val,0
BERT,mBERT,0,1128,val,2
BERT,mBERT,0,1130,test,2
BERT,mBERT,0,1132,val,0
BERT,mBERT,0,1134,val,0
BERT,mBERT,0,1136,test,2
BERT,mBERT,0,1137,test,2
BERT,mBERT,0,1138,test,0
BERT,mBERT,0,1139,test,0
BERT,mBERT,0,1141,val,0
BERT,mBERT,0,1142,val,1
BERT,mBERT,0,1147,test,0
BERT,mBERT,0,1151,val,0
BERT,mBERT,0,1152,val,0
BERT,mBERT,0,1153,test,2
BERT,mBERT,0,1157,test,0
BERT,mBERT,0,1158,test,0
BERT,mBERT,0,1159,test,2
BERT,mBERT,0,1163,test,0
BERT,mBERT,0,1164,val,1
BERT,mBERT,0,1167,test,0
BERT,mBERT,0,1170,test,2
BERT,mBERT,0,1171,test,1
BERT,mBERT,0,1173,val,0
BERT,mBERT,0,1174,val,0
BERT,mBERT,0,1175,test,0
BERT,mBERT,0,1177,test,0
BERT,mBERT,0,1179,val,1
BERT,mBERT,0,1180,val,2
BERT,mBERT,0,1181,test,0
BERT,mBERT,0,1183,test,1
BERT,mBERT,0,1184,val,0
BERT,mBERT,0,1186,test,0
BERT,mBERT,0,1188,test,1
BERT,mBERT,0,1190,test,0
BERT,mBERT,0,1193,test,1
BERT,mBERT,0,1194,test,0
BERT,mBERT,0,1195,test,0
BERT,mBERT,0,1197,val,0
BERT,mBERT,0,1199,test,0
BERT,mBERT,0,1200,test,0
BERT,mBERT,0,1203,test,1
BERT,mBERT,0,1205,test,2
BERT,mBERT,0,1208,test,1
BERT,mBERT,0,1209,test,1
BERT,mBERT,0,1211,test,2
BERT,mBERT,0,1212,val,0
BERT,mBERT,0,1213,test,0
BERT,mBERT,0,1214,test,2
BERT,mBERT,0,1215,test,0
BERT,mBERT,0,1220,test,1
BERT,mBERT,0,1222,val,0
BERT,mBERT,0,1223,val,1
BERT,mBERT,0,1225,test,0
BERT,mBERT,0,1226,test,1
BERT,mBERT,0,1227,test,0
BERT,mBERT,0,1231,val,0
BERT,mBERT,0,1232,test,0
BERT,mBERT,0,1233,val,0
BERT,mBERT,0,1235,test,0
BERT,mBERT,0,1236,test,0
BERT,mBERT,0,1238,val,0
BERT,mBERT,0,1239,val,2
BERT,mBERT,0,1240,val,0
BERT,mBERT,0,1242,test,2
BERT,mBERT,0,1243,test,0
BERT,mBERT,0,1247,val,0
BERT,mBERT,0,1248,test,0
BERT,mBERT,0,1249,test,0
BERT,mBERT,0,1250,val,0
BERT,mBERT,0,1252,test,0
BERT,mBERT,0,1254,val,0
BERT,mBERT,0,1255,test,0
BERT,mBERT,0,1256,test,0
BERT,mBERT,0,1259,val,0
BERT,mBERT,0,1260,val,0
BERT,mBERT,0,1263,test,1
BERT,mBERT,0,1264,val,0
BERT,mBERT,0,1265,test,0
BERT,mBERT,0,1266,val,2
BERT,mBERT,0,1268,val,0
BERT,mBERT,0,1272,val,0
BERT,mBERT,0,1273,test,0
BERT,mBERT,0,1275,test,0
BERT,mBERT,0,1276,test,0
BERT,mBERT,0,1278,test,1
BERT,mBERT,0,1279,test,0
BERT,mBERT,0,1283,test,0
BERT,mBERT,0,1285,test,1
BERT,mBERT,0,1286,test,0
BERT,mBERT,0,1288,test,0
BERT,mBERT,0,1289,val,0
BERT,mBERT,0,1294,test,0
BERT,mBERT,0,1295,val,2
BERT,mBERT,0,1296,test,2
BERT,mBERT,0,1297,test,0
BERT,mBERT,0,1298,test,0
BERT,mBERT,0,1299,test,2
BERT,mBERT,0,1300,test,0
BERT,mBERT,0,1301,val,2
BERT,mBERT,0,1302,test,0
BERT,mBERT,0,1303,test,0
BERT,mBERT,0,1304,val,0
BERT,mBERT,0,1305,test,0
BERT,mBERT,0,1307,test,1
BERT,mBERT,0,1309,val,0
BERT,mBERT,0,1312,test,2
BERT,mBERT,0,1313,test,0
BERT,mBERT,0,1314,test,0
BERT,mBERT,0,1318,test,1
BERT,mBERT,0,1323,test,1
BERT,mBERT,0,1324,test,0
BERT,mBERT,0,1325,val,1
BERT,mBERT,0,1326,test,0
BERT,mBERT,0,1330,test,1
BERT,mBERT,0,1332,val,0
BERT,mBERT,0,1333,val,2
BERT,mBERT,0,1334,val,0
BERT,mBERT,0,1337,test,0
BERT,mBERT,0,1338,test,2
BERT,mBERT,0,1339,test,0
BERT,mBERT,0,1340,test,2
BERT,mBERT,0,1341,val,0
BERT,mBERT,0,1342,test,0
BERT,mBERT,0,1343,val,0
BERT,mBERT,0,1345,test,0
BERT,mBERT,0,1347,test,0
BERT,mBERT,0,1348,test,0
BERT,mBERT,0,1351,val,2
BERT,mBERT,0,1354,test,0
BERT,mBERT,0,1357,test,0
BERT,mBERT,0,1358,val,0
BERT,mBERT,0,1360,val,0
BERT,mBERT,0,1361,val,0
BERT,mBERT,0,1362,val,1
BERT,mBERT,0,1363,test,0
BERT,mBERT,0,1364,test,1
BERT,mBERT,0,1366,test,1
BERT,mBERT,0,1368,val,1
BERT,mBERT,0,1371,test,0
BERT,mBERT,0,1372,val,2
BERT,mBERT,0,1374,test,2
BERT,mBERT,0,1376,test,0
BERT,mBERT,0,1378,val,2
BERT,mBERT,0,1382,test,0
BERT,mBERT,0,1384,val,2
BERT,mBERT,0,1385,test,0
BERT,mBERT,0,1386,val,1
BERT,mBERT,0,1388,test,2
BERT,mBERT,0,1391,val,0
BERT,mBERT,0,1395,test,1
BERT,mBERT,0,1399,test,0
BERT,mBERT,0,1401,test,2
BERT,mBERT,0,1402,test,1
BERT,mBERT,0,1404,test,0
BERT,mBERT,0,1405,test,2
BERT,mBERT,0,1406,val,1
BERT,mBERT,0,1407,val,0
BERT,mBERT,0,1411,val,2
BERT,mBERT,0,1414,test,0
BERT,mBERT,0,1415,test,0
BERT,mBERT,0,1417,test,1
BERT,mBERT,0,1421,test,2
BERT,mBERT,0,1422,val,0
BERT,mBERT,0,1424,test,0
BERT,mBERT,0,1425,test,0
BERT,mBERT,0,1426,test,0
BERT,mBERT,0,1427,test,0
BERT,mBERT,0,1428,test,0
BERT,mBERT,0,1429,test,0
BERT,mBERT,0,1430,test,0
BERT,mBERT,0,1431,test,2
BERT,mBERT,0,1432,test,0
BERT,mBERT,0,1441,val,0
BERT,mBERT,0,1444,val,1
BERT,mBERT,0,1446,val,1
BERT,mBERT,0,1450,test,1
BERT,mBERT,0,1452,val,2
BERT,mBERT,0,1453,val,1
BERT,mBERT,0,1455,test,0
BERT,mBERT,0,1456,val,0
BERT,mBERT,0,1457,test,0
BERT,mBERT,0,1458,test,0
BERT,mBERT,0,1462,test,1
BERT,mBERT,0,1463,val,1
BERT,mBERT,0,1471,val,2
BERT,mBERT,0,1477,test,1
BERT,mBERT,0,1478,test,1
BERT,mBERT,0,1479,val,0
BERT,mBERT,0,1480,test,0
BERT,mBERT,0,1482,val,1
BERT,mBERT,0,1483,val,0
BERT,mBERT,0,1485,test,1
BERT,mBERT,0,1486,test,0
BERT,mBERT,0,1487,test,1
BERT,mBERT,0,1489,test,0
BERT,mBERT,0,1490,test,0
BERT,mBERT,0,1491,val,1
BERT,mBERT,0,1493,test,2
BERT,mBERT,0,1494,test,1
BERT,mBERT,0,1497,test,0
BERT,mBERT,0,1500,test,1
BERT,mBERT,0,1501,val,1
BERT,mBERT,0,1502,test,0
BERT,mBERT,0,1503,test,1
BERT,mBERT,0,1505,val,2
BERT,mBERT,0,1510,test,1
BERT,mBERT,0,1515,test,1
BERT,mBERT,0,1516,test,0
BERT,mBERT,0,1517,test,0
BERT,mBERT,0,1518,test,1
BERT,mBERT,0,1522,val,1
BERT,mBERT,0,1523,test,1
BERT,mBERT,0,1524,test,1
BERT,mBERT,0,1525,test,1
BERT,mBERT,0,1526,test,0
BERT,mBERT,0,1527,val,0
BERT,mBERT,0,1528,val,2
BERT,mBERT,0,1529,test,1
BERT,mBERT,0,1531,val,2
BERT,mBERT,0,1532,test,1
BERT,mBERT,0,1536,test,1
BERT,mBERT,0,1537,test,1
BERT,mBERT,0,1538,test,0
BERT,mBERT,0,1539,test,2
BERT,mBERT,0,1541,test,2
BERT,mBERT,0,1543,val,1
BERT,mBERT,0,1545,test,1
BERT,mBERT,0,1547,test,0
BERT,mBERT,0,1548,val,2
BERT,mBERT,0,1553,val,0
BERT,mBERT,0,1558,test,0
BERT,mBERT,0,1559,val,2
BERT,mBERT,0,1561,val,0
BERT,mBERT,0,1562,test,0
BERT,mBERT,0,1563,test,1
BERT,mBERT,0,1564,val,2
BERT,mBERT,0,1565,test,0
BERT,mBERT,0,1570,test,1
BERT,mBERT,0,1571,test,0
BERT,mBERT,0,1572,test,0
BERT,mBERT,0,1573,test,0
BERT,mBERT,0,1574,val,1
BERT,mBERT,0,1575,test,0
BERT,mBERT,0,1576,test,0
BERT,mBERT,0,1579,test,0
BERT,mBERT,0,1580,val,0
BERT,mBERT,0,1582,val,1
BERT,mBERT,0,1584,val,2
BERT,mBERT,0,1585,val,0
BERT,mBERT,0,1586,test,2
BERT,mBERT,0,1587,val,1
BERT,mBERT,0,1592,test,0
BERT,mBERT,0,1593,test,0
BERT,mBERT,0,1595,test,0
BERT,mBERT,0,1597,test,1
BERT,mBERT,0,1599,val,0
BERT,mBERT,0,1600,test,0
BERT,mBERT,0,1601,val,2
BERT,mBERT,0,1602,test,0
BERT,mBERT,0,1604,test,0
BERT,mBERT,0,1606,test,0
BERT,mBERT,0,1609,test,0
BERT,mBERT,0,1611,test,1
BERT,mBERT,0,1613,test,2
BERT,mBERT,0,1614,val,0
BERT,mBERT,0,1615,test,0
BERT,mBERT,0,1618,test,0
BERT,mBERT,0,1619,test,0
BERT,mBERT,0,1620,val,0
BERT,mBERT,0,1621,test,0
BERT,mBERT,0,1622,val,0
BERT,mBERT,0,1623,val,2
BERT,mBERT,0,1628,val,0
BERT,mBERT,0,1639,val,2
BERT,mBERT,0,1642,test,0
BERT,mBERT,0,1644,val,0
BERT,mBERT,0,1645,val,0
BERT,mBERT,0,1649,test,2
BERT,mBERT,0,1650,val,0
BERT,mBERT,0,1651,test,0
BERT,mBERT,0,1652,val,0
BERT,mBERT,0,1653,test,2
BERT,mBERT,0,1654,val,0
BERT,mBERT,0,1656,test,0
BERT,mBERT,0,1657,val,2
BERT,mBERT,0,1658,val,0
BERT,mBERT,0,1662,val,0
BERT,mBERT,0,1666,test,0
BERT,mBERT,0,1672,val,0
BERT,mBERT,0,1673,test,2
BERT,mBERT,0,1674,val,0
BERT,mBERT,0,1676,val,0
BERT,mBERT,0,1678,val,0
BERT,mBERT,0,1679,test,0
BERT,mBERT,0,1684,test,0
BERT,mBERT,0,1686,test,0
BERT,mBERT,0,1688,test,0
BERT,mBERT,0,1692,val,0
BERT,mBERT,0,1693,val,2
BERT,mBERT,0,1694,val,1
BERT,mBERT,0,1696,test,0
BERT,mBERT,0,1697,test,0
BERT,mBERT,0,1699,val,2
BERT,mBERT,0,1700,test,0
BERT,mBERT,0,1702,test,0
BERT,mBERT,0,1705,test,0
BERT,mBERT,0,1706,test,0
BERT,mBERT,0,1707,val,0
BERT,mBERT,0,1708,test,1
BERT,mBERT,0,1709,val,0
BERT,mBERT,0,1710,val,0
BERT,mBERT,0,1713,test,0
BERT,mBERT,0,1714,test,0
BERT,mBERT,0,1715,val,2
BERT,mBERT,0,1717,val,2
BERT,mBERT,0,1720,val,0
BERT,mBERT,0,1721,val,0
BERT,mBERT,0,1722,test,0
BERT,mBERT,0,1723,test,2
BERT,mBERT,0,1727,test,0
BERT,mBERT,0,1729,test,0
BERT,mBERT,0,1730,test,0
BERT,mBERT,0,1732,val,0
BERT,mBERT,0,1734,val,0
BERT,mBERT,0,1737,val,0
BERT,mBERT,0,1739,test,2
BERT,mBERT,0,1740,test,0
BERT,mBERT,0,1742,test,0
BERT,mBERT,0,1744,test,0
BERT,mBERT,0,1746,val,0
BERT,mBERT,0,1747,test,1
BERT,mBERT,0,1748,test,0
BERT,mBERT,0,1749,test,0
BERT,mBERT,0,1751,test,0
BERT,mBERT,0,1757,val,1
BERT,mBERT,0,1758,test,0
BERT,mBERT,0,1760,test,2
BERT,mBERT,0,1762,test,2
BERT,mBERT,0,1766,test,2
BERT,mBERT,0,1767,val,2
BERT,mBERT,0,1769,test,0
BERT,mBERT,0,1770,test,0
BERT,mBERT,0,1772,test,1
BERT,mBERT,0,1774,test,0
BERT,mBERT,0,1775,val,0
BERT,mBERT,0,1776,val,0
BERT,mBERT,0,1777,test,0
BERT,mBERT,0,1778,test,2
BERT,mBERT,0,1781,val,0
BERT,mBERT,0,1782,val,1
BERT,mBERT,0,1783,test,0
BERT,mBERT,0,1785,val,0
BERT,mBERT,0,1786,test,2
BERT,mBERT,0,1788,test,2
BERT,mBERT,0,1790,val,0
BERT,mBERT,0,1791,val,0
BERT,mBERT,0,1792,val,0
BERT,mBERT,0,1795,val,0
BERT,mBERT,0,1797,test,0
BERT,mBERT,0,1801,val,0
BERT,mBERT,0,1802,test,1
BERT,mBERT,0,1804,val,0
BERT,mBERT,0,1805,val,0
BERT,mBERT,0,1806,val,1
BERT,mBERT,0,1808,test,1
BERT,mBERT,0,1811,test,1
BERT,mBERT,0,1819,test,2
BERT,mBERT,0,1820,val,0
BERT,mBERT,0,1821,val,2
BERT,mBERT,0,1826,test,2
BERT,mBERT,0,1828,test,0
BERT,mBERT,0,1833,test,1
BERT,mBERT,0,1834,test,0
BERT,mBERT,0,1838,val,0
BERT,mBERT,0,1841,val,0
BERT,mBERT,0,1843,test,1
BERT,mBERT,0,1851,test,1
BERT,mBERT,0,1852,val,0
BERT,mBERT,0,1853,test,1
BERT,mBERT,0,1857,val,1
BERT,mBERT,0,1858,val,1
BERT,mBERT,0,1859,test,2
BERT,mBERT,0,1860,val,0
BERT,mBERT,0,1862,val,1
BERT,mBERT,0,1863,val,0
BERT,mBERT,0,1864,val,2
BERT,mBERT,0,1866,test,1
BERT,mBERT,0,1868,val,1
BERT,mBERT,0,1870,test,1
BERT,mBERT,0,1871,val,1
BERT,mBERT,0,1874,test,0
BERT,mBERT,0,1877,test,0
BERT,mBERT,0,1878,test,1
BERT,mBERT,0,1879,test,0
BERT,mBERT,0,1881,val,1
BERT,mBERT,0,1882,test,1
BERT,mBERT,0,1883,val,0
BERT,mBERT,0,1884,val,1
BERT,mBERT,0,1885,test,0
BERT,mBERT,0,1886,val,1
BERT,mBERT,0,1888,test,1
BERT,mBERT,0,1890,val,1
BERT,mBERT,0,1891,test,1
BERT,mBERT,0,1892,test,1
BERT,mBERT,0,1898,test,0
BERT,mBERT,0,1899,test,1
BERT,mBERT,0,1901,val,1
BERT,mBERT,0,1902,val,0
BERT,mBERT,0,1903,test,2
BERT,mBERT,0,1904,test,1
BERT,mBERT,0,1905,test,0
BERT,mBERT,0,1908,test,0
BERT,mBERT,0,1912,val,1
BERT,mBERT,0,1913,test,0
BERT,mBERT,0,1915,test,1
BERT,mBERT,0,1916,val,1
BERT,mBERT,0,1917,test,0
BERT,mBERT,0,1918,test,0
BERT,mBERT,0,1921,val,1
BERT,mBERT,0,1923,test,1
BERT,mBERT,0,1925,test,1
BERT,mBERT,0,1927,test,0
BERT,mBERT,0,1929,val,2
BERT,mBERT,0,1931,test,0
BERT,mBERT,0,1932,test,0
BERT,mBERT,0,1933,test,1
BERT,mBERT,0,1934,val,0
BERT,mBERT,0,1935,val,0
BERT,mBERT,0,1938,test,0
BERT,mBERT,0,1942,test,0
BERT,mBERT,0,1944,val,2
BERT,mBERT,0,1947,test,1
BERT,mBERT,0,1948,test,2
BERT,mBERT,0,1950,val,1
BERT,mBERT,0,1951,test,1
BERT,mBERT,0,1952,val,1
BERT,mBERT,0,1953,test,1
BERT,mBERT,0,1954,val,1
BERT,mBERT,0,1955,val,2
BERT,mBERT,0,1956,test,1
BERT,mBERT,0,1958,test,0
BERT,mBERT,0,1965,test,1
BERT,mBERT,0,1966,val,0
BERT,mBERT,0,1969,test,0
BERT,mBERT,0,1970,test,1
BERT,mBERT,0,1972,test,0
BERT,mBERT,0,1973,test,1
BERT,mBERT,0,1974,val,1
BERT,mBERT,0,1975,test,0
BERT,mBERT,0,1976,val,1
BERT,mBERT,0,1979,val,1
BERT,mBERT,0,1981,val,0
BERT,mBERT,0,1982,test,1
BERT,mBERT,0,1983,val,0
BERT,mBERT,0,1987,test,0
BERT,mBERT,0,1989,val,2
BERT,mBERT,0,1991,val,0
BERT,mBERT,0,1992,val,0
BERT,mBERT,0,1993,val,1
BERT,mBERT,0,1995,test,1
BERT,mBERT,0,1996,test,2
BERT,mBERT,0,1998,test,0
BERT,mBERT,0,2000,test,1
BERT,mBERT,0,2003,val,1
BERT,mBERT,0,2006,test,1
BERT,mBERT,0,2008,test,0
BERT,mBERT,0,2009,test,0
BERT,mBERT,0,2010,val,0
BERT,mBERT,0,2012,val,2
BERT,mBERT,0,2013,val,2
BERT,mBERT,0,2017,test,1
BERT,mBERT,0,2018,val,1
BERT,mBERT,0,2020,val,1
BERT,mBERT,0,2021,val,0
BERT,mBERT,0,2024,test,1
BERT,mBERT,0,2026,test,0
BERT,mBERT,0,2027,test,1
BERT,mBERT,0,2028,test,0
BERT,mBERT,0,2030,test,0
BERT,mBERT,0,2031,val,0
BERT,mBERT,0,2032,test,0
BERT,mBERT,0,2035,test,0
BERT,mBERT,0,2037,test,0
BERT,mBERT,0,2039,test,0
BERT,mBERT,0,2044,val,0
BERT,mBERT,0,2045,val,0
BERT,mBERT,0,2048,val,1
BERT,mBERT,0,2049,test,1
BERT,mBERT,0,2052,test,1
BERT,mBERT,0,2054,val,1
BERT,mBERT,0,2055,test,0
BERT,mBERT,0,2056,val,1
BERT,mBERT,0,2057,val,0
BERT,mBERT,0,2058,test,0
BERT,mBERT,0,2059,test,1
BERT,mBERT,0,2060,test,0
BERT,mBERT,0,2061,val,0
BERT,mBERT,0,2064,test,1
BERT,mBERT,0,2065,test,1
BERT,mBERT,0,2067,val,1
BERT,mBERT,0,2070,val,1
BERT,mBERT,0,2071,val,0
BERT,mBERT,0,2072,val,0
BERT,mBERT,0,2073,test,1
BERT,mBERT,0,2076,test,0
BERT,mBERT,0,2079,test,1
BERT,mBERT,0,2080,test,1
BERT,mBERT,0,2081,test,1
BERT,mBERT,0,2082,test,1
BERT,mBERT,0,2083,test,1
BERT,mBERT,0,2085,val,0
BERT,mBERT,0,2086,test,1
BERT,mBERT,0,2087,test,0
BERT,mBERT,0,2091,val,0
BERT,mBERT,0,2092,val,0
BERT,mBERT,0,2093,val,0
BERT,mBERT,0,2094,val,0
BERT,mBERT,0,2095,test,0
BERT,mBERT,0,2098,test,1
BERT,mBERT,0,2099,test,0
BERT,mBERT,0,2100,val,1
BERT,mBERT,0,2102,val,0
BERT,mBERT,0,2107,val,0
BERT,mBERT,0,2109,test,2
BERT,mBERT,0,2112,val,0
BERT,mBERT,0,2116,test,0
BERT,mBERT,0,2118,test,1
BERT,mBERT,0,2119,val,1
BERT,mBERT,0,2122,test,0
BERT,mBERT,0,2124,test,0
BERT,mBERT,0,2131,test,0
BERT,mBERT,0,2132,test,2
BERT,mBERT,0,2133,val,1
BERT,mBERT,0,2134,val,0
BERT,mBERT,0,2136,test,0
BERT,mBERT,0,2138,test,0
BERT,mBERT,0,2139,test,1
BERT,mBERT,0,2144,test,0
BERT,mBERT,0,2145,test,0
BERT,mBERT,0,2146,val,0
BERT,mBERT,0,2147,val,0
BERT,mBERT,0,2148,test,0
BERT,mBERT,0,2149,test,0
BERT,mBERT,0,2150,test,0
BERT,mBERT,0,2152,val,0
BERT,mBERT,0,2156,test,0
BERT,mBERT,0,2157,test,0
BERT,mBERT,0,2160,val,1
BERT,mBERT,0,2161,val,1
BERT,mBERT,0,2164,val,0
BERT,mBERT,0,2165,test,0
BERT,mBERT,0,2167,test,0
BERT,mBERT,0,2169,test,0
BERT,mBERT,0,2170,test,0
BERT,mBERT,0,2175,test,1
BERT,mBERT,0,2176,test,1
BERT,mBERT,0,2178,val,1
BERT,mBERT,0,2180,val,1
BERT,mBERT,0,2182,val,1
BERT,mBERT,0,2183,test,0
BERT,mBERT,0,2186,test,0
BERT,mBERT,0,2190,test,0
BERT,mBERT,0,2191,val,1
BERT,mBERT,0,2198,val,1
BERT,mBERT,0,2199,val,1
BERT,mBERT,0,2201,test,1
BERT,mBERT,0,2202,val,2
BERT,mBERT,0,2203,val,1
BERT,mBERT,0,2204,test,0
BERT,mBERT,0,2207,test,1
BERT,mBERT,0,2208,val,2
BERT,mBERT,0,2210,test,2
BERT,mBERT,0,2211,test,0
BERT,mBERT,0,2212,val,1
BERT,mBERT,0,2217,test,1
BERT,mBERT,0,2218,val,1
BERT,mBERT,0,2220,test,0
BERT,mBERT,0,2223,test,0
BERT,mBERT,0,2224,test,1
BERT,mBERT,0,2225,test,0
BERT,mBERT,0,2228,test,1
BERT,mBERT,0,2231,val,1
BERT,mBERT,0,2232,val,2
BERT,mBERT,0,2235,test,1
BERT,mBERT,0,2236,val,1
BERT,mBERT,0,2237,test,1
BERT,mBERT,0,2238,test,1
BERT,mBERT,0,2244,test,0
BERT,mBERT,0,2245,test,1
BERT,mBERT,0,2246,val,1
BERT,mBERT,0,2249,val,1
BERT,mBERT,0,2251,val,0
BERT,mBERT,0,2253,val,0
BERT,mBERT,0,2255,val,0
BERT,mBERT,0,2256,test,0
BERT,mBERT,0,2258,test,1
BERT,mBERT,0,2261,test,1
BERT,mBERT,0,2262,test,0
BERT,mBERT,0,2266,val,0
BERT,mBERT,0,2274,test,2
BERT,mBERT,0,2276,val,0
BERT,mBERT,0,2277,val,2
BERT,mBERT,0,2278,test,0
BERT,mBERT,0,2283,test,1
BERT,mBERT,0,2285,val,0
BERT,mBERT,0,2286,val,2
BERT,mBERT,0,2287,test,0
BERT,mBERT,0,2289,test,1
BERT,mBERT,0,2292,test,1
BERT,mBERT,0,2293,val,2
BERT,mBERT,0,2297,val,1
BERT,mBERT,0,2298,val,1
BERT,mBERT,0,2300,test,1
BERT,mBERT,0,2301,val,2
BERT,mBERT,0,2303,test,0
BERT,mBERT,0,2304,val,1
BERT,mBERT,0,2306,val,1
BERT,mBERT,0,2309,test,0
BERT,mBERT,0,2310,val,0
BERT,mBERT,0,2313,test,1
BERT,mBERT,0,2314,val,0
BERT,mBERT,0,2315,test,0
BERT,mBERT,0,2316,val,1
BERT,mBERT,0,2317,test,2
BERT,mBERT,0,2319,test,1
BERT,mBERT,0,2320,val,1
BERT,mBERT,0,2323,val,1
BERT,mBERT,0,2326,val,1
BERT,mBERT,0,2328,val,1
BERT,mBERT,0,2329,val,0
BERT,mBERT,0,2331,test,0
BERT,mBERT,0,2333,test,1
BERT,mBERT,0,2337,test,1
BERT,mBERT,0,2342,val,1
BERT,mBERT,0,2343,val,1
BERT,mBERT,0,2345,val,1
BERT,mBERT,0,2346,val,0
BERT,mBERT,0,2347,test,1
BERT,mBERT,0,2348,test,1
BERT,mBERT,0,2349,val,1
BERT,mBERT,0,2350,test,1
BERT,mBERT,0,2352,val,2
BERT,mBERT,0,2353,test,0
BERT,mBERT,0,2355,test,1
BERT,mBERT,0,2357,test,1
BERT,mBERT,0,2358,test,0
BERT,mBERT,0,2359,val,1
BERT,mBERT,0,2361,test,1
BERT,mBERT,0,2364,val,1
BERT,mBERT,0,2368,val,0
BERT,mBERT,0,2369,val,1
BERT,mBERT,0,2371,val,0
BERT,mBERT,0,2372,val,0
BERT,mBERT,0,2375,val,0
BERT,mBERT,0,2377,test,0
BERT,mBERT,0,2380,test,0
BERT,mBERT,0,2381,test,1
BERT,mBERT,0,2383,test,2
BERT,mBERT,0,2384,test,1
BERT,mBERT,0,2386,test,1
BERT,mBERT,0,2387,val,0
BERT,mBERT,0,2388,test,1
BERT,mBERT,0,2392,test,1
BERT,mBERT,0,2397,val,0
BERT,mBERT,0,2398,test,0
BERT,mBERT,0,2400,test,1
BERT,mBERT,0,2401,val,1
BERT,mBERT,0,2403,val,0
BERT,mBERT,0,2406,test,0
BERT,mBERT,0,2407,test,1
BERT,mBERT,0,2408,test,1
BERT,mBERT,0,2409,test,1
BERT,mBERT,0,2410,val,1
BERT,mBERT,0,2412,val,1
BERT,mBERT,0,2413,val,1
BERT,mBERT,0,2415,test,0
BERT,mBERT,0,2417,test,1
BERT,mBERT,0,2421,test,1
BERT,mBERT,0,2422,test,1
BERT,mBERT,0,2426,val,0
BERT,mBERT,0,2427,val,0
BERT,mBERT,0,2428,test,1
BERT,mBERT,0,2429,test,0
BERT,mBERT,0,2432,test,0
BERT,mBERT,0,2436,test,1
BERT,mBERT,0,2438,val,0
BERT,mBERT,0,2439,test,1
BERT,mBERT,0,2440,test,1
BERT,mBERT,0,2445,val,0
BERT,mBERT,0,2447,test,1
BERT,mBERT,0,2448,test,1
BERT,mBERT,0,2451,val,1
BERT,mBERT,0,2452,test,0
BERT,mBERT,0,2453,val,2
BERT,mBERT,0,2454,test,1
BERT,mBERT,0,2455,val,2
BERT,mBERT,0,2456,test,1
BERT,mBERT,0,2457,test,1
BERT,mBERT,0,2458,val,2
BERT,mBERT,0,2459,val,0
BERT,mBERT,0,2461,val,1
BERT,mBERT,0,2462,test,1
BERT,mBERT,0,2464,test,1
BERT,mBERT,0,2467,test,0
BERT,mBERT,0,2472,val,0
BERT,mBERT,0,2473,test,0
BERT,mBERT,0,2476,test,0
BERT,mBERT,0,2478,val,0
BERT,mBERT,0,2479,val,2
BERT,mBERT,0,2481,val,1
BERT,mBERT,0,2483,test,2
BERT,mBERT,0,2485,val,1
BERT,mBERT,0,2487,val,0
BERT,mBERT,0,2489,test,0
BERT,mBERT,0,2490,test,0
BERT,mBERT,0,2491,val,0
BERT,mBERT,0,2492,test,0
BERT,mBERT,0,2493,val,1
BERT,mBERT,0,2496,test,1
BERT,mBERT,0,2497,test,0
BERT,mBERT,0,2499,val,2
BERT,mBERT,0,2501,val,0
BERT,mBERT,0,2504,val,0
BERT,mBERT,0,2507,val,1
BERT,mBERT,0,2510,test,0
BERT,mBERT,0,2511,test,1
BERT,mBERT,0,2517,test,0
BERT,mBERT,0,2518,val,0
BERT,mBERT,0,2519,test,1
BERT,mBERT,0,2520,val,0
BERT,mBERT,0,2521,test,0
BERT,mBERT,0,2522,test,0
BERT,mBERT,0,2525,test,0
BERT,mBERT,0,2527,test,1
BERT,mBERT,0,2528,test,0
BERT,mBERT,0,2529,val,1
BERT,mBERT,0,2533,test,0
BERT,mBERT,0,2535,test,0
BERT,mBERT,0,2536,test,0
BERT,mBERT,0,2537,test,1
BERT,mBERT,0,2538,test,2
BERT,mBERT,0,2541,val,0
BERT,mBERT,0,2542,test,0
BERT,mBERT,0,2546,test,0
BERT,mBERT,0,2547,test,0
BERT,mBERT,0,2549,val,0
BERT,mBERT,0,2551,test,2
BERT,mBERT,0,2554,val,0
BERT,mBERT,0,2556,test,0
BERT,mBERT,0,2557,test,0
BERT,mBERT,0,2558,test,0
BERT,mBERT,0,2562,test,2
BERT,mBERT,0,2564,val,0
BERT,mBERT,0,2567,test,0
BERT,mBERT,0,2569,test,0
BERT,mBERT,0,2570,val,1
BERT,mBERT,0,2571,val,0
BERT,mBERT,0,2574,test,0
BERT,mBERT,0,2576,test,0
BERT,mBERT,0,2577,val,0
BERT,mBERT,0,2580,test,2
BERT,mBERT,0,2584,test,2
BERT,mBERT,0,2585,val,0
BERT,mBERT,0,2586,val,1
BERT,mBERT,0,2587,val,0
BERT,mBERT,0,2590,val,2
BERT,mBERT,0,2593,test,0
BERT,mBERT,0,2594,val,0
BERT,mBERT,0,2595,test,0
BERT,mBERT,0,2596,val,0
BERT,mBERT,0,2598,val,1
BERT,mBERT,0,2602,test,2
BERT,mBERT,0,2603,val,0
BERT,mBERT,0,2605,test,0
BERT,mBERT,0,2608,test,0
BERT,mBERT,0,2609,test,0
BERT,mBERT,0,2611,val,2
BERT,mBERT,0,2613,val,1
BERT,mBERT,0,2617,test,0
BERT,mBERT,0,2621,test,0
BERT,mBERT,0,2625,val,2
BERT,mBERT,0,2627,test,0
BERT,mBERT,0,2628,test,0
BERT,mBERT,0,2629,val,0
BERT,mBERT,0,2633,val,2
BERT,mBERT,0,2635,val,0
BERT,mBERT,0,2636,val,0
BERT,mBERT,0,2637,val,0
BERT,mBERT,0,2638,test,2
BERT,mBERT,0,2640,val,0
BERT,mBERT,0,2641,test,0
BERT,mBERT,0,2644,test,0
BERT,mBERT,0,2645,val,0
BERT,mBERT,0,2648,val,0
BERT,mBERT,0,2649,val,0
BERT,mBERT,0,2650,test,0
BERT,mBERT,0,2652,test,0
BERT,mBERT,0,2653,test,0
BERT,mBERT,0,2660,test,0
BERT,mBERT,0,2661,test,0
BERT,mBERT,0,2662,test,2
BERT,mBERT,0,2663,test,0
BERT,mBERT,0,2667,test,0
BERT,mBERT,0,2669,test,0
BERT,mBERT,0,2670,test,0
BERT,mBERT,0,2671,test,0
BERT,mBERT,0,2673,test,0
BERT,mBERT,0,2675,test,0
BERT,mBERT,0,2676,test,2
BERT,mBERT,0,2677,test,0
BERT,mBERT,0,2678,test,2
BERT,mBERT,0,2679,test,0
BERT,mBERT,0,2681,test,2
BERT,mBERT,0,2685,val,0
BERT,mBERT,0,2687,test,2
BERT,mBERT,0,2688,test,2
BERT,mBERT,0,2689,val,0
BERT,mBERT,0,2690,val,0
BERT,mBERT,0,2692,test,2
BERT,mBERT,0,2695,val,2
BERT,mBERT,0,2697,test,0
BERT,mBERT,0,2698,test,2
BERT,mBERT,0,2700,test,0
BERT,mBERT,0,2704,test,2
BERT,mBERT,0,2706,test,0
BERT,mBERT,0,2711,val,0
BERT,mBERT,0,2712,test,0
BERT,mBERT,0,2714,test,2
BERT,mBERT,0,2719,test,0
BERT,mBERT,0,2723,val,0
BERT,mBERT,0,2724,test,0
BERT,mBERT,0,2727,val,1
BERT,mBERT,0,2732,test,2
BERT,mBERT,0,2734,test,2
BERT,mBERT,0,2736,test,0
BERT,mBERT,0,2737,test,0
BERT,mBERT,0,2742,test,0
BERT,mBERT,0,2745,test,2
BERT,mBERT,0,2748,test,0
BERT,mBERT,0,2750,test,2
BERT,mBERT,0,2753,test,1
BERT,mBERT,0,2754,val,2
BERT,mBERT,0,2755,test,2
BERT,mBERT,0,2756,val,0
BERT,mBERT,0,2759,test,0
BERT,mBERT,0,2761,val,0
BERT,mBERT,0,2764,test,0
BERT,mBERT,0,2766,test,0
BERT,mBERT,0,2769,test,0
BERT,mBERT,0,2770,test,2
BERT,mBERT,0,2771,val,0
BERT,mBERT,0,2773,val,2
BERT,mBERT,0,2774,test,2
BERT,mBERT,0,2778,test,0
BERT,mBERT,0,2780,val,1
BERT,mBERT,0,2781,test,0
BERT,mBERT,0,2786,test,0
BERT,mBERT,0,2790,test,0
BERT,mBERT,0,2794,val,2
BERT,mBERT,0,2797,test,2
BERT,mBERT,0,2801,test,0
BERT,mBERT,0,2807,val,2
BERT,mBERT,0,2809,test,2
BERT,mBERT,0,2810,test,0
BERT,mBERT,0,2811,val,0
BERT,mBERT,0,2813,test,2
BERT,mBERT,0,2819,val,0
BERT,mBERT,0,2821,test,2
BERT,mBERT,0,2822,test,0
BERT,mBERT,0,2824,val,0
BERT,mBERT,0,2826,val,2
BERT,mBERT,0,2827,test,0
BERT,mBERT,0,2830,val,2
BERT,mBERT,0,2831,test,2
BERT,mBERT,0,2832,val,0
BERT,mBERT,0,2834,test,0
BERT,mBERT,0,2835,test,0
BERT,mBERT,0,2839,val,1
BERT,mBERT,0,2843,test,0
BERT,mBERT,0,2844,test,2
BERT,mBERT,0,2845,test,0
BERT,mBERT,0,2846,test,2
BERT,mBERT,0,2848,val,0
BERT,mBERT,0,2849,test,0
BERT,mBERT,0,2851,val,0
BERT,mBERT,0,2856,val,2
BERT,mBERT,0,2862,val,0
BERT,mBERT,0,2863,val,0
BERT,mBERT,0,2865,test,0
BERT,mBERT,0,2868,test,0
BERT,mBERT,0,2870,test,2
BERT,mBERT,0,2871,test,2
BERT,mBERT,0,2875,test,0
BERT,mBERT,0,2877,val,0
BERT,mBERT,0,2883,test,0
BERT,mBERT,0,2884,test,2
BERT,mBERT,0,2885,val,0
BERT,mBERT,0,2886,test,0
BERT,mBERT,0,2888,test,0
BERT,mBERT,0,2890,val,0
BERT,mBERT,0,2892,test,0
BERT,mBERT,0,2894,val,0
BERT,mBERT,0,2896,test,0
BERT,mBERT,0,2898,test,2
BERT,mBERT,0,2900,test,0
BERT,mBERT,0,2901,test,0
BERT,mBERT,0,2903,val,0
BERT,mBERT,0,2905,val,0
BERT,mBERT,0,2906,val,0
BERT,mBERT,0,2907,test,1
BERT,mBERT,0,2910,test,2
BERT,mBERT,0,2912,test,0
BERT,mBERT,0,2913,val,0
BERT,mBERT,0,2914,test,2
BERT,mBERT,0,2916,val,1
BERT,mBERT,0,2918,test,0
BERT,mBERT,0,2921,val,2
BERT,mBERT,0,2922,test,0
BERT,mBERT,0,2927,test,2
BERT,mBERT,0,2928,val,0
BERT,mBERT,0,2929,test,0
BERT,mBERT,0,2930,test,0
BERT,mBERT,0,2932,val,1
BERT,mBERT,0,2933,val,0
BERT,mBERT,0,2934,test,2
BERT,mBERT,0,2936,test,2
BERT,mBERT,0,2937,test,2
BERT,mBERT,0,2938,test,0
BERT,mBERT,0,2939,test,0
BERT,mBERT,0,2943,test,0
BERT,mBERT,0,2946,test,0
BERT,mBERT,0,2947,test,0
BERT,mBERT,0,2949,val,0
BERT,mBERT,0,2951,val,0
BERT,mBERT,0,2955,test,0
BERT,mBERT,0,2956,val,2
BERT,mBERT,0,2960,test,0
BERT,mBERT,0,2964,test,0
BERT,mBERT,0,2965,test,1
BERT,mBERT,0,2967,test,0
BERT,mBERT,0,2968,test,2
BERT,mBERT,0,2971,val,2
BERT,mBERT,0,2973,val,0
BERT,mBERT,0,2974,val,0
BERT,mBERT,0,2977,test,1
BERT,mBERT,0,2979,val,0
BERT,mBERT,0,2980,val,2
BERT,mBERT,0,2982,test,2
BERT,mBERT,0,2983,val,0
BERT,mBERT,0,2984,test,1
BERT,mBERT,0,2985,test,0
BERT,mBERT,0,2987,test,0
BERT,mBERT,0,2990,test,1
BERT,mBERT,0,2991,val,1
BERT,mBERT,0,2992,test,0
BERT,mBERT,0,2994,val,0
BERT,mBERT,0,2995,val,1
BERT,mBERT,0,2997,val,2
BERT,mBERT,0,2998,val,2
BERT,mBERT,0,3002,val,0
BERT,mBERT,0,3005,test,0
BERT,mBERT,0,3007,val,0
BERT,mBERT,0,3010,test,0
BERT,mBERT,0,3011,test,0
BERT,mBERT,0,3012,test,1
BERT,mBERT,0,3013,val,1
BERT,mBERT,0,3015,val,0
BERT,mBERT,0,3018,test,0
BERT,mBERT,0,3019,val,1
BERT,mBERT,0,3021,test,2
BERT,mBERT,0,3023,test,0
BERT,mBERT,0,3024,test,0
BERT,mBERT,0,3025,val,0
BERT,mBERT,0,3026,test,0
BERT,mBERT,0,3029,test,0
BERT,mBERT,0,3030,test,0
BERT,mBERT,0,3031,val,0
BERT,mBERT,0,3032,val,2
BERT,mBERT,0,3034,test,0
BERT,mBERT,0,3038,val,2
BERT,mBERT,0,3039,val,2
BERT,mBERT,0,3040,val,2
BERT,mBERT,0,3041,test,2
BERT,mBERT,0,3043,val,2
BERT,mBERT,0,3044,test,0
BERT,mBERT,0,3046,test,0
BERT,mBERT,0,3047,val,2
BERT,mBERT,0,3050,val,0
BERT,mBERT,0,3052,test,0
BERT,mBERT,0,3053,val,0
BERT,mBERT,0,3055,test,0
BERT,mBERT,0,3056,val,0
BERT,mBERT,0,3057,test,2
BERT,mBERT,0,3058,val,2
BERT,mBERT,0,3059,test,0
BERT,mBERT,0,3063,test,2
BERT,mBERT,0,3065,test,0
BERT,mBERT,0,3068,val,0
BERT,mBERT,0,3069,test,2
BERT,mBERT,0,3070,val,1
BERT,mBERT,0,3071,test,2
BERT,mBERT,0,3075,val,2
BERT,mBERT,0,3076,test,0
BERT,mBERT,0,3081,test,2
BERT,mBERT,0,3082,test,0
BERT,mBERT,0,3083,test,0
BERT,mBERT,0,3084,test,0
BERT,mBERT,0,3085,val,0
BERT,mBERT,0,3088,test,2
BERT,mBERT,0,3089,test,0
BERT,mBERT,0,3094,test,0
BERT,mBERT,0,3095,val,2
BERT,mBERT,0,3097,test,0
BERT,mBERT,0,3100,test,1
BERT,mBERT,0,3102,test,0
BERT,mBERT,0,3103,test,0
BERT,mBERT,0,3107,test,2
BERT,mBERT,0,3109,val,2
BERT,mBERT,0,3110,val,2
BERT,mBERT,0,3112,val,0
BERT,mBERT,0,3114,test,1
BERT,mBERT,0,3115,val,0
BERT,mBERT,0,3116,val,2
BERT,mBERT,0,3123,test,1
BERT,mBERT,0,3124,test,0
BERT,mBERT,0,3125,val,0
BERT,mBERT,0,3127,test,0
BERT,mBERT,0,3128,test,2
BERT,mBERT,0,3129,test,1
BERT,mBERT,0,3131,test,2
BERT,mBERT,0,3136,test,1
BERT,mBERT,0,3137,test,0
BERT,mBERT,0,3138,test,2
BERT,mBERT,0,3140,test,2
BERT,mBERT,0,3148,val,0
BERT,mBERT,0,3150,test,0
BERT,mBERT,0,3151,test,1
BERT,mBERT,0,3153,test,0
BERT,mBERT,0,3154,val,0
BERT,mBERT,0,3158,test,1
BERT,mBERT,0,3159,val,0
BERT,mBERT,0,3160,val,0
BERT,mBERT,0,3164,val,0
BERT,mBERT,0,3167,test,1
BERT,mBERT,0,3169,test,1
BERT,mBERT,0,3170,test,1
BERT,mBERT,0,3178,val,1
BERT,mBERT,0,3180,test,0
BERT,mBERT,0,3181,val,0
BERT,mBERT,0,3182,test,1
BERT,mBERT,0,3183,val,2
BERT,mBERT,0,3184,val,1
BERT,mBERT,0,3185,test,1
BERT,mBERT,0,3186,val,2
BERT,mBERT,0,3190,test,0
BERT,mBERT,0,3191,test,0
BERT,mBERT,0,3193,val,0
BERT,mBERT,0,3195,val,0
BERT,mBERT,0,3196,test,0
BERT,mBERT,0,3197,test,0
BERT,mBERT,0,3200,test,0
BERT,mBERT,0,3204,test,2
BERT,mBERT,0,3206,test,0
BERT,mBERT,0,3209,val,2
BERT,mBERT,0,3211,test,1
BERT,mBERT,0,3215,test,2
BERT,mBERT,0,3218,val,0
BERT,mBERT,0,3220,test,1
BERT,mBERT,0,3221,val,2
BERT,mBERT,0,3222,test,0
BERT,mBERT,0,3225,test,1
BERT,mBERT,0,3226,test,1
BERT,mBERT,0,3227,val,0
BERT,mBERT,0,3231,test,1
BERT,mBERT,0,3233,val,0
BERT,mBERT,0,3234,test,1
BERT,mBERT,0,3235,test,1
BERT,mBERT,0,3236,test,2
BERT,mBERT,0,3237,test,0
BERT,mBERT,0,3238,val,0
BERT,mBERT,0,3242,test,1
BERT,mBERT,0,3244,val,1
BERT,mBERT,0,3247,test,0
BERT,mBERT,0,3248,test,0
BERT,mBERT,0,3250,test,1
BERT,mBERT,0,3253,val,1
BERT,mBERT,0,3255,val,0
BERT,mBERT,0,3256,val,2
BERT,mBERT,0,3258,test,0
BERT,mBERT,0,3260,test,1
BERT,mBERT,0,3261,test,2
BERT,mBERT,0,3266,val,2
BERT,mBERT,0,3269,test,0
BERT,mBERT,0,3270,test,0
BERT,mBERT,0,3274,test,2
BERT,mBERT,0,3276,val,0
BERT,mBERT,0,3277,test,0
BERT,mBERT,0,3278,test,0
BERT,mBERT,0,3279,test,2
BERT,mBERT,0,3280,test,2
BERT,mBERT,0,3282,test,0
BERT,mBERT,0,3285,val,0
BERT,mBERT,0,3287,test,0
BERT,mBERT,0,3289,val,0
BERT,mBERT,0,3291,test,0
BERT,mBERT,0,3292,val,0
BERT,mBERT,0,3293,test,2
BERT,mBERT,0,3296,val,2
BERT,mBERT,0,3299,val,2
BERT,mBERT,0,3301,test,2
BERT,mBERT,0,3303,test,0
BERT,mBERT,0,3305,test,2
BERT,mBERT,0,3307,test,2
BERT,mBERT,0,3309,val,0
BERT,mBERT,0,3312,val,2
BERT,mBERT,0,3313,test,2
BERT,mBERT,0,3314,val,0
BERT,mBERT,0,3316,test,0
BERT,mBERT,0,3318,test,1
BERT,mBERT,0,3321,test,0
BERT,mBERT,0,3323,val,0
BERT,mBERT,0,3324,test,1
BERT,mBERT,0,3326,test,2
BERT,mBERT,0,3328,test,2
BERT,mBERT,0,3332,val,0
BERT,mBERT,0,3335,val,0
BERT,mBERT,0,3339,test,1
BERT,mBERT,0,3340,val,0
BERT,mBERT,0,3343,test,0
BERT,mBERT,0,3345,val,1
BERT,mBERT,0,3346,test,0
BERT,mBERT,0,3347,test,0
BERT,mBERT,0,3348,val,2
BERT,mBERT,0,3353,val,0
BERT,mBERT,0,3355,val,0
BERT,mBERT,0,3356,test,1
BERT,mBERT,0,3357,val,0
BERT,mBERT,0,3358,test,1
BERT,mBERT,0,3359,test,2
BERT,mBERT,0,3361,val,0
BERT,mBERT,0,3362,test,2
BERT,mBERT,0,3367,val,0
BERT,mBERT,0,3370,val,2
BERT,mBERT,0,3372,val,2
BERT,mBERT,0,3373,test,1
BERT,mBERT,0,3374,val,2
BERT,mBERT,0,3376,test,2
BERT,mBERT,0,3384,test,1
BERT,mBERT,0,3385,val,2
BERT,mBERT,0,3386,val,0
BERT,mBERT,0,3394,val,0
BERT,mBERT,0,3396,test,0
BERT,mBERT,0,3402,test,0
BERT,mBERT,0,3403,test,0
BERT,mBERT,0,3404,val,0
BERT,mBERT,0,3406,val,2
BERT,mBERT,0,3408,test,0
BERT,mBERT,0,3410,test,0
BERT,mBERT,0,3412,val,0
BERT,mBERT,0,3419,test,2
BERT,mBERT,0,3420,test,1
BERT,mBERT,0,3425,test,2
BERT,mBERT,0,3429,test,0
BERT,mBERT,0,3431,test,2
BERT,mBERT,0,3432,val,2
BERT,mBERT,0,3433,test,0
BERT,mBERT,0,3434,test,0
BERT,mBERT,0,3436,val,0
BERT,mBERT,0,3438,val,0
BERT,mBERT,0,3439,test,0
BERT,mBERT,0,3440,val,0
BERT,mBERT,0,3441,val,0
BERT,mBERT,0,3444,test,0
BERT,mBERT,0,3447,test,2
BERT,mBERT,0,3450,test,0
BERT,mBERT,0,3452,test,0
BERT,mBERT,0,3455,val,2
BERT,mBERT,0,3456,test,0
BERT,mBERT,0,3457,test,2
BERT,mBERT,0,3458,test,0
BERT,mBERT,0,3459,test,0
BERT,mBERT,0,3460,test,0
BERT,mBERT,0,3464,test,0
BERT,mBERT,0,3469,test,0
BERT,mBERT,0,3470,test,0
BERT,mBERT,0,3472,val,0
BERT,mBERT,0,3473,test,0
BERT,mBERT,0,3475,val,0
BERT,mBERT,0,3479,val,0
BERT,mBERT,0,3482,val,1
BERT,mBERT,0,3483,val,0
BERT,mBERT,0,3486,val,0
BERT,mBERT,0,3491,val,0
BERT,mBERT,0,3492,test,2
BERT,mBERT,0,3495,test,0
BERT,mBERT,0,3496,val,0
BERT,mBERT,0,3497,test,0
BERT,mBERT,0,3498,test,1
BERT,mBERT,0,3499,test,2
BERT,mBERT,0,3500,val,0
BERT,mBERT,0,3501,val,2
BERT,mBERT,0,3502,test,0
BERT,mBERT,0,3507,test,2
BERT,mBERT,0,3508,val,0
BERT,mBERT,0,3510,val,0
BERT,mBERT,0,3511,val,2
BERT,mBERT,0,3512,test,0
BERT,mBERT,0,3514,val,1
BERT,mBERT,0,3515,test,1
BERT,mBERT,0,3517,val,1
BERT,mBERT,0,3519,val,1
BERT,mBERT,0,3520,val,0
BERT,mBERT,0,3521,test,1
BERT,mBERT,0,3523,val,1
BERT,mBERT,0,3526,val,0
BERT,mBERT,0,3527,test,0
BERT,mBERT,0,3528,test,1
BERT,mBERT,0,3530,test,0
BERT,mBERT,0,3532,test,1
BERT,mBERT,0,3533,val,1
BERT,mBERT,0,3534,val,2
BERT,mBERT,0,3536,test,2
BERT,mBERT,0,3540,test,0
BERT,mBERT,0,3544,test,2
BERT,mBERT,0,3548,val,0
BERT,mBERT,0,3550,test,1
BERT,mBERT,0,3552,test,1
BERT,mBERT,0,3553,test,0
BERT,mBERT,0,3555,test,1
BERT,mBERT,0,3556,test,0
BERT,mBERT,0,3557,val,1
BERT,mBERT,0,3558,test,1
BERT,mBERT,0,3560,test,1
BERT,mBERT,0,3561,val,1
BERT,mBERT,0,3562,test,0
BERT,mBERT,0,3565,val,0
BERT,mBERT,0,3567,val,0
BERT,mBERT,0,3568,test,0
BERT,mBERT,0,3570,val,0
BERT,mBERT,0,3572,test,0
BERT,mBERT,0,3573,test,0
BERT,mBERT,0,3575,test,1
BERT,mBERT,0,3577,test,0
BERT,mBERT,0,3580,test,2
BERT,mBERT,0,3582,test,0
BERT,mBERT,0,3583,test,0
BERT,mBERT,0,3588,test,1
BERT,mBERT,0,3589,test,0
BERT,mBERT,0,3591,val,0
BERT,mBERT,0,3593,test,1
BERT,mBERT,0,3594,val,0
BERT,mBERT,0,3595,test,0
BERT,mBERT,0,3601,val,0
BERT,mBERT,0,3602,test,2
BERT,mBERT,0,3603,test,1
BERT,mBERT,0,3606,val,0
BERT,mBERT,0,3607,test,2
BERT,mBERT,0,3608,test,1
BERT,mBERT,0,3610,val,0
BERT,mBERT,0,3611,val,0
BERT,mBERT,0,3613,test,1
BERT,mBERT,0,3615,test,0
BERT,mBERT,0,3616,test,1
BERT,mBERT,0,3617,test,0
BERT,mBERT,0,3618,val,1
BERT,mBERT,0,3619,val,0
BERT,mBERT,0,3621,test,0
BERT,mBERT,0,3622,val,2
BERT,mBERT,0,3624,val,1
BERT,mBERT,0,3625,val,0
BERT,mBERT,0,3627,val,0
BERT,mBERT,0,3629,test,0
BERT,mBERT,0,3630,val,0
BERT,mBERT,0,3632,val,0
BERT,mBERT,0,3633,test,2
BERT,mBERT,0,3635,test,0
BERT,mBERT,0,3636,val,1
BERT,mBERT,0,3637,val,1
BERT,mBERT,0,3639,test,0
BERT,mBERT,0,3640,test,0
BERT,mBERT,0,3642,test,2
BERT,mBERT,0,3644,test,0
BERT,mBERT,0,3645,val,2
BERT,mBERT,0,3646,test,2
BERT,mBERT,0,3647,val,0
BERT,mBERT,0,3648,test,0
BERT,mBERT,0,3649,val,0
BERT,mBERT,0,3650,val,0
BERT,mBERT,0,3651,test,2
BERT,mBERT,0,3652,val,0
BERT,mBERT,0,3656,val,0
BERT,mBERT,0,3663,val,2
BERT,mBERT,0,3665,test,0
BERT,mBERT,0,3666,test,0
BERT,mBERT,0,3669,val,2
BERT,mBERT,0,3670,test,0
BERT,mBERT,0,3671,test,2
BERT,mBERT,0,3672,test,2
BERT,mBERT,0,3673,test,0
BERT,mBERT,0,3674,test,0
BERT,mBERT,0,3676,test,2
BERT,mBERT,0,3677,test,0
BERT,mBERT,0,3680,val,2
BERT,mBERT,0,3683,val,0
BERT,mBERT,0,3684,test,0
BERT,mBERT,0,3685,val,2
BERT,mBERT,0,3686,test,0
BERT,mBERT,0,3687,test,2
BERT,mBERT,0,3689,test,0
BERT,mBERT,0,3690,val,2
BERT,mBERT,0,3692,test,2
BERT,mBERT,0,3693,test,0
BERT,mBERT,0,3695,test,0
BERT,mBERT,0,3696,val,2
BERT,mBERT,0,3697,test,2
BERT,mBERT,0,3698,test,1
BERT,mBERT,0,3699,val,0
BERT,mBERT,0,3702,test,0
BERT,mBERT,0,3703,test,2
BERT,mBERT,0,3705,test,0
BERT,mBERT,0,3707,val,0
BERT,mBERT,0,3710,test,0
BERT,mBERT,0,3712,val,0
BERT,mBERT,0,3714,val,0
BERT,mBERT,0,3716,test,2
BERT,mBERT,0,3718,val,0
BERT,mBERT,0,3720,test,0
BERT,mBERT,0,3725,val,0
BERT,mBERT,0,3726,val,0
BERT,mBERT,0,3730,val,0
BERT,mBERT,0,3732,test,2
BERT,mBERT,0,3733,test,0
BERT,mBERT,0,3734,test,1
BERT,mBERT,0,3739,val,0
BERT,mBERT,0,3741,test,0
BERT,mBERT,0,3742,val,0
BERT,mBERT,0,3743,test,0
BERT,mBERT,0,3744,test,0
BERT,mBERT,0,3745,val,1
BERT,mBERT,0,3746,val,0
BERT,mBERT,0,3747,val,0
BERT,mBERT,0,3749,val,1
BERT,mBERT,0,3751,val,0
BERT,mBERT,0,3752,test,0
BERT,mBERT,0,3754,test,0
BERT,mBERT,0,3755,val,1
BERT,mBERT,0,3756,test,0
BERT,mBERT,0,3757,test,0
BERT,mBERT,0,3759,test,1
BERT,mBERT,0,3761,val,0
BERT,mBERT,0,3763,test,0
BERT,mBERT,0,3764,val,2
BERT,mBERT,0,3765,val,0
BERT,mBERT,0,3767,test,0
BERT,mBERT,0,3768,val,0
BERT,mBERT,0,3770,test,0
BERT,mBERT,0,3772,test,0
BERT,mBERT,0,3773,test,1
BERT,mBERT,0,3775,val,2
BERT,mBERT,0,3776,val,0
BERT,mBERT,0,3777,val,0
BERT,mBERT,0,3779,test,0
BERT,mBERT,0,3780,test,2
BERT,mBERT,0,3781,test,0
BERT,mBERT,0,3782,test,2
BERT,mBERT,0,3783,test,0
BERT,mBERT,0,3784,test,0
BERT,mBERT,0,3785,test,2
BERT,mBERT,0,3786,val,1
BERT,mBERT,0,3789,val,2
BERT,mBERT,0,3790,val,0
BERT,mBERT,0,3795,test,0
BERT,mBERT,0,3797,val,2
BERT,mBERT,0,3799,val,0
BERT,mBERT,0,3801,val,0
BERT,mBERT,0,3802,test,0
BERT,mBERT,0,3803,test,0
BERT,mBERT,0,3805,val,2
BERT,mBERT,0,3806,test,0
BERT,mBERT,0,3809,val,0
BERT,mBERT,0,3811,test,0
BERT,mBERT,0,3812,val,0
BERT,mBERT,0,3814,test,1
BERT,mBERT,0,3818,val,0
BERT,mBERT,0,3821,test,0
BERT,mBERT,0,3824,val,0
BERT,mBERT,0,3825,test,0
BERT,mBERT,0,3826,test,0
BERT,mBERT,0,3827,test,2
BERT,mBERT,0,3829,test,1
BERT,mBERT,0,3830,val,0
BERT,mBERT,0,3831,val,0
BERT,mBERT,0,3835,test,2
BERT,mBERT,0,3836,test,0
BERT,mBERT,0,3843,test,2
BERT,mBERT,0,3844,val,2
BERT,mBERT,0,3847,test,2
BERT,mBERT,0,3848,test,1
BERT,mBERT,0,3849,test,2
BERT,mBERT,0,3850,test,1
BERT,mBERT,0,3852,test,2
BERT,mBERT,0,3853,test,0
BERT,mBERT,0,3854,test,0
BERT,mBERT,0,3855,test,0
BERT,mBERT,0,3856,test,0
BERT,mBERT,0,3859,val,1
BERT,mBERT,0,3865,val,0
BERT,mBERT,0,3868,test,1
BERT,mBERT,0,3875,test,0
BERT,mBERT,0,3876,val,2
BERT,mBERT,0,3878,val,2
BERT,mBERT,0,3880,test,0
BERT,mBERT,0,3882,test,2
BERT,mBERT,0,3883,test,0
BERT,mBERT,0,3885,test,0
BERT,mBERT,0,3886,test,0
BERT,mBERT,0,3888,val,1
BERT,mBERT,0,3889,test,2
BERT,mBERT,0,3891,val,0
BERT,mBERT,0,3894,val,0
BERT,mBERT,0,3896,val,2
BERT,mBERT,0,3897,val,0
BERT,mBERT,0,3898,test,2
BERT,mBERT,0,3899,test,0
BERT,mBERT,0,3900,test,0
BERT,mBERT,0,3903,test,0
BERT,mBERT,0,3905,val,2
BERT,mBERT,0,3907,test,1
BERT,mBERT,0,3908,test,0
BERT,mBERT,0,3910,test,1
BERT,mBERT,0,3911,val,0
BERT,mBERT,0,3917,val,0
BERT,mBERT,0,3919,test,0
BERT,mBERT,0,3920,val,0
BERT,mBERT,0,3921,test,2
BERT,mBERT,0,3922,test,2
BERT,mBERT,0,3924,test,0
BERT,mBERT,0,3925,val,0
BERT,mBERT,0,3927,test,0
BERT,mBERT,0,3930,test,0
BERT,mBERT,0,3931,test,0
BERT,mBERT,0,3934,test,0
BERT,mBERT,0,3935,test,0
BERT,mBERT,0,3941,test,1
BERT,mBERT,0,3943,test,0
BERT,mBERT,0,3944,test,0
BERT,mBERT,0,3947,test,0
BERT,mBERT,0,3949,test,0
BERT,mBERT,0,3950,val,2
BERT,mBERT,0,3951,val,0
BERT,mBERT,0,3954,test,0
BERT,mBERT,0,3955,test,2
BERT,mBERT,0,3956,test,0
BERT,mBERT,0,3960,val,2
BERT,mBERT,0,3961,test,0
BERT,mBERT,0,3962,test,0
BERT,mBERT,0,3966,test,2
BERT,mBERT,0,3967,test,0
BERT,mBERT,0,3969,val,2
BERT,mBERT,0,3970,val,0
BERT,mBERT,0,3971,val,2
BERT,mBERT,0,3973,test,0
BERT,mBERT,0,3976,val,0
BERT,mBERT,0,3977,test,1
BERT,mBERT,0,3978,test,0
BERT,mBERT,0,3981,val,0
BERT,mBERT,0,3984,val,2
BERT,mBERT,0,3985,val,0
BERT,mBERT,0,3987,test,0
BERT,mBERT,0,3988,test,0
BERT,mBERT,0,3989,val,2
BERT,mBERT,0,3990,test,0
BERT,mBERT,0,3992,val,0
BERT,mBERT,0,3993,test,0
BERT,mBERT,0,3994,test,2
BERT,mBERT,0,3999,val,2
BERT,mBERT,0,4005,val,0
BERT,mBERT,0,4009,val,0
BERT,mBERT,0,4011,val,2
BERT,mBERT,0,4013,val,0
BERT,mBERT,0,4014,val,2
BERT,mBERT,0,4016,val,0
BERT,mBERT,0,4017,val,2
BERT,mBERT,0,4019,val,0
BERT,mBERT,0,4020,test,0
BERT,mBERT,0,4021,test,2
BERT,mBERT,0,4023,val,0
BERT,mBERT,0,4024,test,2
BERT,mBERT,0,4026,test,1
BERT,mBERT,0,4027,test,0
BERT,mBERT,0,4028,val,0
BERT,mBERT,0,4031,val,2
BERT,mBERT,0,4032,val,0
BERT,mBERT,0,4033,val,0
BERT,mBERT,0,4034,val,2
BERT,mBERT,0,4035,test,0
BERT,mBERT,0,4036,test,2
BERT,mBERT,0,4037,val,0
BERT,mBERT,0,4039,test,0
BERT,mBERT,0,4040,val,0
BERT,mBERT,0,4042,test,2
BERT,mBERT,0,4043,test,0
BERT,mBERT,0,4046,val,2
BERT,mBERT,0,4047,test,0
BERT,mBERT,0,4049,val,0
BERT,mBERT,0,4053,test,0
BERT,mBERT,0,4061,val,0
BERT,mBERT,0,4064,test,2
BERT,mBERT,0,4065,test,0
BERT,mBERT,0,4067,test,0
BERT,mBERT,0,4068,test,0
BERT,mBERT,0,4069,val,2
BERT,mBERT,0,4075,test,2
BERT,mBERT,0,4076,test,0
BERT,mBERT,0,4079,val,2
BERT,mBERT,0,4081,test,1
BERT,mBERT,0,4082,val,2
BERT,mBERT,0,4084,val,0
BERT,mBERT,0,4087,test,0
BERT,mBERT,0,4088,test,0
BERT,mBERT,0,4090,val,0
BERT,mBERT,0,4092,val,2
BERT,mBERT,0,4094,test,0
BERT,mBERT,0,4096,test,0
BERT,mBERT,0,4098,val,0
BERT,mBERT,0,4100,val,0
BERT,mBERT,0,4102,test,0
BERT,mBERT,0,4104,test,0
BERT,mBERT,0,4105,val,0
BERT,mBERT,0,4106,val,0
BERT,mBERT,0,4107,test,0
BERT,mBERT,0,4109,val,0
BERT,mBERT,0,4113,test,0
BERT,mBERT,0,4114,test,0
BERT,mBERT,0,4117,val,0
BERT,mBERT,0,4119,test,1
BERT,mBERT,0,4120,test,0
BERT,mBERT,0,4121,val,2
BERT,mBERT,0,4125,test,0
BERT,mBERT,0,4128,val,0
BERT,mBERT,0,4132,test,0
BERT,mBERT,0,4133,val,0
BERT,mBERT,0,4135,test,1
BERT,mBERT,0,4143,test,2
BERT,mBERT,0,4144,val,0
BERT,mBERT,0,4148,test,0
BERT,mBERT,0,4153,val,0
BERT,mBERT,0,4157,test,1
BERT,mBERT,0,4159,val,2
BERT,mBERT,0,4160,test,2
BERT,mBERT,0,4162,test,0
BERT,mBERT,0,4163,val,0
BERT,mBERT,0,4164,val,2
BERT,mBERT,0,4166,test,0
BERT,mBERT,0,4167,val,0
BERT,mBERT,0,4168,val,0
BERT,mBERT,0,4170,test,2
BERT,mBERT,0,4172,val,0
BERT,mBERT,0,4177,val,0
BERT,mBERT,0,4180,val,1
BERT,mBERT,0,4181,val,0
BERT,mBERT,0,4182,val,2
BERT,mBERT,0,4184,val,2
BERT,mBERT,0,4189,test,2
BERT,mBERT,0,4190,test,2
BERT,mBERT,0,4197,val,0
BERT,mBERT,0,4198,test,2
BERT,mBERT,0,4201,test,2
BERT,mBERT,0,4202,val,0
BERT,mBERT,0,4203,val,0
BERT,mBERT,0,4204,test,1
BERT,mBERT,0,4205,test,2
BERT,mBERT,0,4210,test,2
BERT,mBERT,0,4212,test,0
BERT,mBERT,0,4213,val,0
BERT,mBERT,0,4214,test,0
BERT,mBERT,0,4217,val,0
BERT,mBERT,0,4219,test,2
BERT,mBERT,0,4225,test,2
BERT,mBERT,0,4226,val,0
BERT,mBERT,0,4230,val,0
BERT,mBERT,0,4231,val,2
BERT,mBERT,0,4233,val,2
BERT,mBERT,0,4235,val,0
BERT,mBERT,0,4236,test,0
BERT,mBERT,0,4239,test,0
BERT,mBERT,0,4242,val,2
BERT,mBERT,0,4244,test,0
BERT,mBERT,0,4246,test,0
BERT,mBERT,0,4247,val,0
BERT,mBERT,0,4249,test,0
BERT,mBERT,0,4251,test,2
BERT,mBERT,0,4252,test,0
BERT,mBERT,0,4254,val,0
BERT,mBERT,0,4256,test,0
BERT,mBERT,0,4257,val,2
BERT,mBERT,0,4258,test,2
BERT,mBERT,0,4259,val,1
BERT,mBERT,0,4262,val,0
BERT,mBERT,0,4263,test,2
BERT,mBERT,0,4266,val,2
BERT,mBERT,0,4269,test,2
BERT,mBERT,0,4270,val,0
BERT,mBERT,0,4271,val,2
BERT,mBERT,0,4272,test,2
BERT,mBERT,0,4276,test,2
BERT,mBERT,0,4277,test,0
BERT,mBERT,0,4281,val,0
BERT,mBERT,0,4282,test,0
BERT,mBERT,0,4283,test,1
BERT,mBERT,0,4284,val,0
BERT,mBERT,0,4285,val,2
BERT,mBERT,0,4286,test,0
BERT,mBERT,0,4289,val,0
BERT,mBERT,0,4294,val,0
BERT,mBERT,0,4295,test,2
BERT,mBERT,0,4297,test,0
BERT,mBERT,0,4298,val,0
BERT,mBERT,0,4299,val,0
BERT,mBERT,0,4301,val,0
BERT,mBERT,0,4302,test,0
BERT,mBERT,0,4304,test,2
BERT,mBERT,0,4306,test,0
BERT,mBERT,0,4307,test,2
BERT,mBERT,0,4308,val,0
BERT,mBERT,0,4309,test,0
BERT,mBERT,0,4310,test,0
BERT,mBERT,0,4312,val,2
BERT,mBERT,0,4314,test,0
BERT,mBERT,0,4319,val,2
BERT,mBERT,0,4320,test,0
BERT,mBERT,0,4321,val,1
BERT,mBERT,0,4323,test,2
BERT,mBERT,0,4328,test,0
BERT,mBERT,0,4329,val,0
BERT,mBERT,0,4330,test,2
BERT,mBERT,0,4331,val,0
BERT,mBERT,0,4334,test,0
BERT,mBERT,0,4335,val,2
BERT,mBERT,0,4339,val,2
BERT,mBERT,0,4340,val,0
BERT,mBERT,0,4342,test,2
BERT,mBERT,0,4343,test,0
BERT,mBERT,0,4344,test,0
BERT,mBERT,0,4345,test,0
BERT,mBERT,0,4346,val,2
BERT,mBERT,0,4347,test,2
BERT,mBERT,0,4348,val,2
BERT,mBERT,0,4350,val,0
BERT,mBERT,0,4351,test,2
BERT,mBERT,0,4352,test,0
BERT,mBERT,0,4354,val,2
BERT,mBERT,0,4356,val,0
BERT,mBERT,0,4357,test,0
BERT,mBERT,0,4358,test,2
BERT,mBERT,0,4359,test,0
BERT,mBERT,0,4360,test,2
BERT,mBERT,0,4364,val,1
BERT,mBERT,0,4365,test,2
BERT,mBERT,0,4366,test,2
BERT,mBERT,0,4368,test,2
BERT,mBERT,0,4369,val,0
BERT,mBERT,0,4373,test,2
BERT,mBERT,0,4376,val,2
BERT,mBERT,0,4377,val,2
BERT,mBERT,0,4378,val,2
BERT,mBERT,0,4381,test,2
BERT,mBERT,0,4382,val,1
BERT,mBERT,0,4383,test,0
BERT,mBERT,0,4386,test,2
BERT,mBERT,0,4387,test,0
BERT,mBERT,0,4388,val,0
BERT,mBERT,0,4390,test,0
BERT,mBERT,0,4391,test,0
BERT,mBERT,0,4394,val,0
BERT,mBERT,0,4402,val,2
BERT,mBERT,0,4407,test,1
BERT,mBERT,0,4409,test,2
BERT,mBERT,0,4412,test,0
BERT,mBERT,0,4414,val,2
BERT,mBERT,0,4419,test,0
BERT,mBERT,0,4423,val,1
BERT,mBERT,0,4426,test,2
BERT,mBERT,0,4432,test,0
BERT,mBERT,0,4433,test,2
BERT,mBERT,0,4434,val,0
BERT,mBERT,0,4436,test,0
BERT,mBERT,0,4440,val,0
BERT,mBERT,0,4441,val,0
BERT,mBERT,0,4442,val,1
BERT,mBERT,0,4443,test,0
BERT,mBERT,0,4447,test,0
BERT,mBERT,0,4452,test,0
BERT,mBERT,0,4454,val,0
BERT,mBERT,0,4457,test,0
BERT,mBERT,0,4462,test,1
BERT,mBERT,0,4463,test,2
BERT,mBERT,0,4464,test,2
BERT,mBERT,0,4467,val,2
BERT,mBERT,0,4468,test,0
BERT,mBERT,0,4469,val,0
BERT,mBERT,0,4470,val,2
BERT,mBERT,0,4472,test,0
BERT,mBERT,0,4474,test,0
BERT,mBERT,0,4478,val,2
BERT,mBERT,0,4479,test,2
BERT,mBERT,0,4481,test,2
BERT,mBERT,0,4482,test,0
BERT,mBERT,0,4483,val,2
BERT,mBERT,0,4484,test,1
BERT,mBERT,0,4485,val,0
BERT,mBERT,0,4486,val,1
BERT,mBERT,0,4489,test,0
BERT,mBERT,0,4490,val,2
BERT,mBERT,0,4491,test,0
BERT,mBERT,0,4492,val,0
BERT,mBERT,0,4498,val,2
BERT,mBERT,0,4500,test,0
BERT,mBERT,0,4501,test,0
BERT,mBERT,0,4502,val,0
BERT,mBERT,0,4505,val,0
BERT,mBERT,0,4506,test,0
BERT,mBERT,0,4508,test,0
BERT,mBERT,0,4509,val,0
BERT,mBERT,0,4511,val,0
BERT,mBERT,0,4513,val,2
BERT,mBERT,0,4516,val,0
BERT,mBERT,0,4518,val,0
BERT,mBERT,0,4519,val,0
BERT,mBERT,0,4521,test,2
BERT,mBERT,0,4523,test,0
BERT,mBERT,0,4526,val,0
BERT,mBERT,0,4529,test,0
BERT,mBERT,0,4531,test,0
BERT,mBERT,0,4532,test,0
BERT,mBERT,0,4533,test,0
BERT,mBERT,0,4537,test,1
BERT,mBERT,0,4538,test,2
BERT,mBERT,0,4539,val,2
BERT,mBERT,0,4540,test,0
BERT,mBERT,0,4543,test,1
BERT,mBERT,0,4544,test,1
BERT,mBERT,0,4545,test,0
BERT,mBERT,0,4547,test,1
BERT,mBERT,0,4548,test,0
BERT,mBERT,0,4550,test,2
BERT,mBERT,0,4551,val,0
BERT,mBERT,0,4553,test,0
BERT,mBERT,0,4555,val,0
BERT,mBERT,0,4558,test,0
BERT,mBERT,0,4560,val,0
BERT,mBERT,0,4562,test,0
BERT,mBERT,0,4567,test,0
BERT,mBERT,0,4568,val,0
BERT,mBERT,0,4569,test,0
BERT,mBERT,0,4571,test,1
BERT,mBERT,0,4573,val,0
BERT,mBERT,0,4574,val,0
BERT,mBERT,0,4575,test,0
BERT,mBERT,0,4580,test,2
BERT,mBERT,0,4584,test,0
BERT,mBERT,0,4585,test,2
BERT,mBERT,0,4586,val,0
BERT,mBERT,0,4587,test,0
BERT,mBERT,0,4588,test,1
BERT,mBERT,0,4590,val,0
BERT,mBERT,0,4594,test,0
BERT,mBERT,0,4599,val,1
BERT,mBERT,0,4600,test,0
BERT,mBERT,0,4601,test,2
BERT,mBERT,0,4602,test,2
BERT,mBERT,0,4603,test,0
BERT,mBERT,0,4605,test,2
BERT,mBERT,0,4606,test,0
BERT,mBERT,0,4607,val,0
BERT,mBERT,0,4610,test,2
BERT,mBERT,0,4611,test,2
BERT,mBERT,0,4612,test,0
BERT,mBERT,0,4613,val,0
BERT,mBERT,0,4614,test,2
BERT,mBERT,0,4616,test,2
BERT,mBERT,0,4617,test,0
BERT,mBERT,0,4618,test,2
BERT,mBERT,0,4619,val,0
BERT,mBERT,0,4620,val,0
BERT,mBERT,0,4624,test,0
BERT,mBERT,0,4626,test,2
BERT,mBERT,0,4627,val,0
BERT,mBERT,0,4628,val,1
BERT,mBERT,0,4632,val,2
BERT,mBERT,0,4633,val,0
BERT,mBERT,0,4634,test,0
BERT,mBERT,0,4635,val,0
BERT,mBERT,0,4636,test,0
BERT,mBERT,0,4639,test,1
BERT,mBERT,0,4640,test,2
BERT,mBERT,0,4642,val,0
BERT,mBERT,0,4645,val,0
BERT,mBERT,0,4646,test,2
BERT,mBERT,0,4650,test,0
BERT,mBERT,0,4652,val,2
BERT,mBERT,0,4654,val,0
BERT,mBERT,0,4656,val,0
BERT,mBERT,0,4657,val,0
BERT,mBERT,0,4659,val,2
BERT,mBERT,0,4660,test,0
BERT,mBERT,0,4662,val,2
BERT,mBERT,0,4663,val,2
BERT,mBERT,0,4669,val,0
BERT,mBERT,0,4670,val,2
BERT,mBERT,0,4674,test,0
BERT,mBERT,0,4676,test,0
BERT,mBERT,0,4679,test,0
BERT,mBERT,0,4680,test,2
BERT,mBERT,0,4685,test,0
BERT,mBERT,0,4690,val,2
BERT,mBERT,0,4691,test,0
BERT,mBERT,0,4693,test,2
BERT,mBERT,0,4694,test,0
BERT,mBERT,0,4695,test,2
BERT,mBERT,0,4696,val,2
BERT,mBERT,0,4697,val,0
BERT,mBERT,0,4699,val,2
BERT,mBERT,0,4700,val,0
BERT,mBERT,0,4701,test,1
BERT,mBERT,0,4703,test,2
BERT,mBERT,0,4704,test,0
BERT,mBERT,0,4705,val,0
BERT,mBERT,0,4706,test,0
BERT,mBERT,0,4707,val,2
BERT,mBERT,0,4708,val,2
BERT,mBERT,0,4709,test,2
BERT,mBERT,0,4710,val,0
BERT,mBERT,0,4713,val,1
BERT,mBERT,0,4715,test,2
BERT,mBERT,0,4716,val,0
BERT,mBERT,0,4717,test,2
BERT,mBERT,0,4726,val,0
BERT,mBERT,0,4730,val,0
BERT,mBERT,0,4737,val,1
BERT,mBERT,0,4742,test,2
BERT,mBERT,0,4743,test,2
BERT,mBERT,0,4746,val,1
BERT,mBERT,0,4748,test,2
BERT,mBERT,0,4751,val,0
BERT,mBERT,0,4752,test,2
BERT,mBERT,0,4754,val,0
BERT,mBERT,0,4755,test,0
BERT,mBERT,0,4762,test,2
BERT,mBERT,0,4766,test,0
BERT,mBERT,0,4767,val,0
BERT,mBERT,0,4770,val,2
BERT,mBERT,0,4774,test,0
BERT,mBERT,0,4776,val,2
BERT,mBERT,0,4777,val,0
BERT,mBERT,0,4778,test,2
BERT,mBERT,0,4780,test,0
BERT,mBERT,0,4782,test,0
BERT,mBERT,0,4783,test,0
BERT,mBERT,0,4784,test,1
BERT,mBERT,0,4785,val,0
BERT,mBERT,0,4787,test,2
BERT,mBERT,0,4791,test,2
BERT,mBERT,0,4796,val,1
BERT,mBERT,0,4797,test,2
BERT,mBERT,0,4798,test,0
BERT,mBERT,0,4800,test,0
BERT,mBERT,0,4809,test,1
BERT,mBERT,0,4811,val,2
BERT,mBERT,0,4814,val,0
BERT,mBERT,0,4815,test,0
BERT,mBERT,0,4816,test,2
BERT,mBERT,0,4818,val,1
BERT,mBERT,0,4820,test,0
BERT,mBERT,0,4823,test,2
BERT,mBERT,0,4824,test,0
BERT,mBERT,0,4825,test,0
BERT,mBERT,0,4827,test,2
BERT,mBERT,0,4828,test,2
BERT,mBERT,0,4833,val,0
BERT,mBERT,0,4835,test,0
BERT,mBERT,0,4837,val,2
BERT,mBERT,0,4838,val,2
BERT,mBERT,0,4839,test,0
BERT,mBERT,0,4840,val,2
BERT,mBERT,0,4841,val,0
BERT,mBERT,0,4844,test,2
BERT,mBERT,0,4850,val,2
BERT,mBERT,0,4853,test,0
BERT,mBERT,0,4854,test,0
BERT,mBERT,0,4857,val,2
BERT,mBERT,0,4858,test,2
BERT,mBERT,0,4860,val,2
BERT,mBERT,0,4861,val,0
BERT,mBERT,0,4862,val,0
BERT,mBERT,0,4863,test,1
BERT,mBERT,0,4864,test,2
BERT,mBERT,0,4865,test,0
BERT,mBERT,0,4866,val,2
BERT,mBERT,0,4867,test,0
BERT,mBERT,0,4870,test,0
BERT,mBERT,0,4871,test,0
BERT,mBERT,0,4873,val,1
BERT,mBERT,0,4876,test,0
BERT,mBERT,0,4879,test,2
BERT,mBERT,0,4880,val,2
BERT,mBERT,0,4882,test,0
BERT,mBERT,0,4883,val,0
BERT,mBERT,0,4886,test,0
BERT,mBERT,0,4887,val,2
BERT,mBERT,0,4888,test,2
BERT,mBERT,0,4889,test,0
BERT,mBERT,0,4892,test,0
BERT,mBERT,0,4894,val,0
BERT,mBERT,0,4898,test,0
BERT,mBERT,0,4901,val,1
BERT,mBERT,0,4902,val,0
BERT,mBERT,0,4904,test,1
BERT,mBERT,0,4905,val,0
BERT,mBERT,0,4907,test,0
BERT,mBERT,0,4908,val,0
BERT,mBERT,0,4910,test,0
BERT,mBERT,0,4912,val,0
BERT,mBERT,0,4913,val,0
BERT,mBERT,0,4915,test,2
BERT,mBERT,0,4917,test,2
BERT,mBERT,0,4918,val,0
BERT,mBERT,0,4927,val,0
BERT,mBERT,0,4930,val,0
BERT,mBERT,0,4932,test,0
BERT,mBERT,0,4934,test,0
BERT,mBERT,0,4935,val,0
BERT,mBERT,0,4938,val,0
BERT,mBERT,0,4939,test,0
BERT,mBERT,0,4940,test,0
BERT,mBERT,0,4941,test,2
BERT,mBERT,0,4942,test,2
BERT,mBERT,0,4943,test,2
BERT,mBERT,0,4945,test,0
BERT,mBERT,0,4946,test,0
BERT,mBERT,0,4947,test,1
BERT,mBERT,0,4948,test,0
BERT,mBERT,0,4949,val,2
BERT,mBERT,0,4952,val,0
BERT,mBERT,0,4953,test,0
BERT,mBERT,0,4954,test,2
BERT,mBERT,0,4957,test,0
BERT,mBERT,0,4958,test,0
BERT,mBERT,0,4960,val,2
BERT,mBERT,0,4962,test,2
BERT,mBERT,0,4963,test,1
BERT,mBERT,0,4964,val,0
BERT,mBERT,0,4965,test,2
BERT,mBERT,0,4967,test,2
BERT,mBERT,0,4969,test,2
BERT,mBERT,0,4972,test,0
BERT,mBERT,0,4974,val,0
BERT,mBERT,0,4976,test,2
BERT,mBERT,0,4977,val,0
BERT,mBERT,0,4978,val,2
BERT,mBERT,0,4980,test,0
BERT,mBERT,0,4982,val,0
BERT,mBERT,0,4983,test,0
BERT,mBERT,0,4985,test,0
BERT,mBERT,0,4987,test,2
BERT,mBERT,0,4988,val,0
BERT,mBERT,0,4989,test,0
BERT,mBERT,0,4991,test,0
BERT,mBERT,0,4992,test,0
BERT,mBERT,0,4994,test,0
BERT,mBERT,0,4996,val,0
BERT,mBERT,0,4998,test,0
BERT,mBERT,0,4999,test,0
BERT,mBERT,0,5000,test,2
BERT,mBERT,0,5001,val,0
BERT,mBERT,0,5003,test,0
BERT,mBERT,0,5004,test,2
BERT,mBERT,0,5005,test,2
BERT,mBERT,0,5007,test,0
BERT,mBERT,0,5008,val,0
BERT,mBERT,0,5009,test,0
BERT,mBERT,0,5010,val,2
BERT,mBERT,0,5013,test,0
BERT,mBERT,0,5014,test,0
BERT,mBERT,0,5018,val,2
BERT,mBERT,0,5022,val,0
BERT,mBERT,0,5024,test,2
BERT,mBERT,0,5025,val,0
BERT,mBERT,0,5026,test,0
BERT,mBERT,0,5027,test,2
BERT,mBERT,0,5029,test,1
BERT,mBERT,0,5031,test,0
BERT,mBERT,0,5036,test,2
BERT,mBERT,0,5037,val,0
BERT,mBERT,0,5039,test,0
BERT,mBERT,0,5041,val,0
BERT,mBERT,0,5043,val,0
BERT,mBERT,0,5044,test,0
BERT,mBERT,0,5045,val,0
BERT,mBERT,0,5046,val,2
BERT,mBERT,0,5048,val,2
BERT,mBERT,0,5049,val,0
BERT,mBERT,0,5050,test,2
BERT,mBERT,0,5058,val,2
BERT,mBERT,0,5059,val,2
BERT,mBERT,0,5061,test,1
BERT,mBERT,0,5062,test,2
BERT,mBERT,0,5065,val,0
BERT,mBERT,0,5066,val,0
BERT,mBERT,0,5068,test,2
BERT,mBERT,0,5069,val,1
BERT,mBERT,0,5074,test,0
BERT,mBERT,0,5075,test,0
BERT,mBERT,0,5077,val,0
BERT,mBERT,0,5082,val,0
BERT,mBERT,0,5083,val,2
BERT,mBERT,0,5084,test,2
BERT,mBERT,0,5085,test,1
BERT,mBERT,0,5086,test,2
BERT,mBERT,0,5088,test,2
BERT,mBERT,0,5089,test,0
BERT,mBERT,0,5091,test,0
BERT,mBERT,0,5094,test,0
BERT,mBERT,0,5096,val,0
BERT,mBERT,0,5097,test,2
BERT,mBERT,0,5099,val,2
BERT,mBERT,0,5103,test,0
BERT,mBERT,0,5104,test,0
BERT,mBERT,0,5105,test,2
BERT,mBERT,0,5107,val,2
BERT,mBERT,0,5113,test,0
BERT,mBERT,0,5114,test,0
BERT,mBERT,0,5117,test,0
BERT,mBERT,0,5118,test,0
BERT,mBERT,0,5119,test,0
BERT,mBERT,0,5121,val,0
BERT,mBERT,0,5122,val,2
BERT,mBERT,0,5123,test,1
BERT,mBERT,0,5126,test,0
BERT,mBERT,0,5127,test,0
BERT,mBERT,0,5129,val,2
BERT,mBERT,0,5130,val,0
BERT,mBERT,0,5132,val,0
BERT,mBERT,0,5134,test,2
BERT,mBERT,0,5135,val,0
BERT,mBERT,0,5136,test,2
BERT,mBERT,0,5139,test,2
BERT,mBERT,0,5140,test,0
BERT,mBERT,0,5141,test,2
BERT,mBERT,0,5142,val,0
BERT,mBERT,0,5143,test,0
BERT,mBERT,0,5146,test,0
BERT,mBERT,0,5148,test,0
BERT,mBERT,0,5149,test,0
BERT,mBERT,0,5150,test,2
BERT,mBERT,0,5151,val,2
BERT,mBERT,0,5152,val,2
BERT,mBERT,0,5156,test,0
BERT,mBERT,0,5160,val,0
BERT,mBERT,0,5162,test,0
BERT,mBERT,0,5164,test,2
BERT,mBERT,0,5165,test,0
BERT,mBERT,0,5169,test,0
BERT,mBERT,0,5170,test,0
BERT,mBERT,0,5172,val,0
BERT,mBERT,0,5174,test,0
BERT,mBERT,0,5183,val,0
BERT,mBERT,0,5184,val,0
BERT,mBERT,0,5185,val,0
BERT,mBERT,0,5187,test,2
BERT,mBERT,0,5189,test,0
BERT,mBERT,0,5198,val,0
BERT,mBERT,0,5200,test,2
BERT,mBERT,0,5202,test,0
BERT,mBERT,0,5205,test,0
BERT,mBERT,0,5206,test,1
BERT,mBERT,0,5208,test,0
BERT,mBERT,0,5210,val,2
BERT,mBERT,0,5211,val,0
BERT,mBERT,0,5212,test,0
BERT,mBERT,0,5213,test,0
BERT,mBERT,0,5214,test,0
BERT,mBERT,0,5215,val,0
BERT,mBERT,0,5216,test,0
BERT,mBERT,0,5218,test,0
BERT,mBERT,0,5225,val,2
BERT,mBERT,0,5226,test,0
BERT,mBERT,0,5227,test,0
BERT,mBERT,0,5228,test,0
BERT,mBERT,0,5229,test,0
BERT,mBERT,0,5230,val,0
BERT,mBERT,0,5234,test,0
BERT,mBERT,0,5235,val,0
BERT,mBERT,0,5236,test,0
BERT,mBERT,0,5237,val,0
BERT,mBERT,0,5238,test,2
BERT,mBERT,0,5239,test,0
BERT,mBERT,0,5240,test,0
BERT,mBERT,0,5241,test,2
BERT,mBERT,0,5248,val,1
BERT,mBERT,0,5249,val,1
BERT,mBERT,0,5251,test,2
BERT,mBERT,0,5252,val,0
BERT,mBERT,0,5255,test,2
BERT,mBERT,0,5260,test,0
BERT,mBERT,0,5264,test,2
BERT,mBERT,0,5265,test,0
BERT,mBERT,0,5266,test,0
BERT,mBERT,0,5269,test,2
BERT,mBERT,0,5272,val,2
BERT,mBERT,0,5275,test,0
BERT,mBERT,0,5278,val,0
BERT,mBERT,0,5279,test,0
BERT,mBERT,0,5281,test,2
BERT,mBERT,0,5282,test,0
BERT,mBERT,0,5283,val,0
BERT,mBERT,0,5284,test,0
BERT,mBERT,0,5285,val,0
BERT,mBERT,0,5291,test,0
BERT,mBERT,0,5292,test,2
BERT,mBERT,0,5295,test,2
BERT,mBERT,0,5296,val,0
BERT,mBERT,0,5300,val,0
BERT,mBERT,0,5301,test,0
BERT,mBERT,0,5302,val,0
BERT,mBERT,0,5303,val,2
BERT,mBERT,0,5304,test,0
BERT,mBERT,0,5306,val,2
BERT,mBERT,0,5307,test,0
BERT,mBERT,0,5311,test,2
BERT,mBERT,0,5312,val,0
BERT,mBERT,0,5315,test,0
BERT,mBERT,0,5316,val,2
BERT,mBERT,0,5317,test,2
BERT,mBERT,0,5318,test,0
BERT,mBERT,0,5319,test,0
BERT,mBERT,0,5321,val,0
BERT,mBERT,0,5324,test,0
BERT,mBERT,0,5325,val,2
BERT,mBERT,0,5327,test,2
BERT,mBERT,0,5328,test,0
BERT,mBERT,0,5329,val,0
BERT,mBERT,0,5330,test,2
BERT,mBERT,0,5331,test,0
BERT,mBERT,0,5332,test,2
BERT,mBERT,0,5333,val,0
BERT,mBERT,0,5334,test,2
BERT,mBERT,0,5336,val,0
BERT,mBERT,0,5339,test,0
BERT,mBERT,0,5342,test,0
BERT,mBERT,0,5344,test,2
BERT,mBERT,0,5345,test,0
BERT,mBERT,0,5346,val,2
BERT,mBERT,0,5349,test,0
BERT,mBERT,0,5352,val,2
BERT,mBERT,0,5354,val,2
BERT,mBERT,0,5355,test,0
BERT,mBERT,0,5357,test,0
BERT,mBERT,0,5360,test,0
BERT,mBERT,0,5364,test,0
BERT,mBERT,0,5365,val,2
BERT,mBERT,0,5366,val,0
BERT,mBERT,0,5369,test,2
BERT,mBERT,0,5370,test,0
BERT,mBERT,0,5373,test,0
BERT,mBERT,0,5376,val,0
BERT,mBERT,0,5377,val,1
BERT,mBERT,0,5378,test,0
BERT,mBERT,0,5383,test,0
BERT,mBERT,0,5384,val,0
BERT,mBERT,0,5388,test,0
BERT,mBERT,0,5389,test,0
BERT,mBERT,0,5390,val,1
BERT,mBERT,0,5391,val,0
BERT,mBERT,0,5392,test,2
BERT,mBERT,0,5393,test,2
BERT,mBERT,0,5395,val,0
BERT,mBERT,0,5396,val,0
BERT,mBERT,0,5397,test,0
BERT,mBERT,0,5398,val,0
BERT,mBERT,0,5399,val,1
BERT,mBERT,0,5400,test,0
BERT,mBERT,0,5402,val,0
BERT,mBERT,0,5409,test,0
BERT,mBERT,0,5411,test,0
BERT,mBERT,0,5412,test,2
BERT,mBERT,0,5415,test,2
BERT,mBERT,0,5416,val,0
BERT,mBERT,0,5417,test,0
BERT,mBERT,0,5419,test,0
BERT,mBERT,0,5420,test,0
BERT,mBERT,0,5422,test,0
BERT,mBERT,0,5423,test,0
BERT,mBERT,0,5424,test,0
BERT,mBERT,0,5426,test,0
BERT,mBERT,0,5427,val,2
BERT,mBERT,0,5428,test,0
BERT,mBERT,0,5429,test,0
BERT,mBERT,0,5432,val,0
BERT,mBERT,0,5438,val,2
BERT,mBERT,0,5442,test,1
BERT,mBERT,0,5445,test,0
BERT,mBERT,0,5446,test,2
BERT,mBERT,0,5447,val,2
BERT,mBERT,0,5448,test,2
BERT,mBERT,0,5450,val,0
BERT,mBERT,0,5452,test,0
BERT,mBERT,0,5453,val,0
BERT,mBERT,0,5454,test,0
BERT,mBERT,0,5455,test,1
BERT,mBERT,0,5457,test,0
BERT,mBERT,0,5458,val,0
BERT,mBERT,0,5462,val,0
BERT,mBERT,0,5464,test,2
BERT,mBERT,0,5466,val,0
BERT,mBERT,0,5467,test,2
BERT,mBERT,0,5468,test,0
BERT,mBERT,0,5469,test,1
BERT,mBERT,0,5470,test,2
BERT,mBERT,0,5471,test,0
BERT,mBERT,0,5473,test,0
BERT,mBERT,0,5474,val,2
BERT,mBERT,0,5477,val,0
BERT,mBERT,0,5483,test,2
BERT,mBERT,0,5484,val,2
BERT,mBERT,0,5485,test,0
BERT,mBERT,0,5487,test,2
BERT,mBERT,0,5488,val,0
BERT,mBERT,0,5494,val,0
BERT,mBERT,0,5495,val,0
BERT,mBERT,0,5496,test,0
BERT,mBERT,0,5498,val,0
BERT,mBERT,0,5499,test,2
BERT,mBERT,0,5507,test,0
BERT,mBERT,0,5508,test,0
BERT,mBERT,0,5509,val,0
BERT,mBERT,0,5510,test,0
BERT,mBERT,0,5512,test,1
BERT,mBERT,0,5515,val,2
BERT,mBERT,0,5518,val,2
BERT,mBERT,0,5520,val,0
BERT,mBERT,0,5521,test,0
BERT,mBERT,0,5525,test,2
BERT,mBERT,0,5526,test,0
BERT,mBERT,0,5527,test,2
BERT,mBERT,0,5528,val,0
BERT,mBERT,0,5530,test,1
BERT,mBERT,0,5531,test,0
BERT,mBERT,0,5533,test,2
BERT,mBERT,0,5535,val,2
BERT,mBERT,0,5536,test,0
BERT,mBERT,0,5538,test,0
BERT,mBERT,0,5539,test,0
BERT,mBERT,0,5540,test,0
BERT,mBERT,0,5541,test,0
BERT,mBERT,0,5542,test,2
BERT,mBERT,0,5544,test,2
BERT,mBERT,0,5545,test,0
BERT,mBERT,0,5547,val,2
BERT,mBERT,0,5548,test,0
BERT,mBERT,0,5550,val,0
BERT,mBERT,0,5551,test,0
BERT,mBERT,0,5553,val,1
BERT,mBERT,0,5554,test,2
BERT,mBERT,0,5555,test,2
BERT,mBERT,0,5557,test,2
BERT,mBERT,0,5559,val,0
BERT,mBERT,0,5560,test,1
BERT,mBERT,0,5561,test,0
BERT,mBERT,0,5563,test,1
BERT,mBERT,0,5566,test,2
BERT,mBERT,0,5570,test,0
BERT,mBERT,0,5571,val,1
BERT,mBERT,0,5572,test,0
BERT,mBERT,0,5573,val,0
BERT,mBERT,0,5575,test,2
BERT,mBERT,0,5577,test,1
BERT,mBERT,0,5578,test,0
BERT,mBERT,0,5579,test,0
BERT,mBERT,0,5580,test,2
BERT,mBERT,0,5581,test,0
BERT,mBERT,0,5582,test,0
BERT,mBERT,0,5583,test,0
BERT,mBERT,0,5584,test,0
BERT,mBERT,0,5589,test,0
BERT,mBERT,0,5591,val,0
BERT,mBERT,0,5592,val,0
BERT,mBERT,0,5593,val,0
BERT,mBERT,0,5595,test,2
BERT,mBERT,0,5596,test,0
BERT,mBERT,0,5597,test,0
BERT,mBERT,0,5602,val,0
BERT,mBERT,0,5603,test,0
BERT,mBERT,0,5604,test,0
BERT,mBERT,0,5605,val,0
BERT,mBERT,0,5613,test,0
BERT,mBERT,0,5614,test,2
BERT,mBERT,0,5615,val,0
BERT,mBERT,0,5618,test,0
BERT,mBERT,0,5619,val,2
BERT,mBERT,0,5623,val,1
BERT,mBERT,0,5625,test,2
BERT,mBERT,0,5626,test,2
BERT,mBERT,0,5629,val,2
BERT,mBERT,0,5631,val,0
BERT,mBERT,0,5632,val,1
BERT,mBERT,0,5634,val,0
BERT,mBERT,0,5637,test,1
BERT,mBERT,0,5641,test,2
BERT,mBERT,0,5642,val,2
BERT,mBERT,0,5644,test,2
BERT,mBERT,0,5646,test,0
BERT,mBERT,0,5647,val,1
BERT,mBERT,0,5650,test,0
BERT,mBERT,0,5651,test,2
BERT,mBERT,0,5652,val,2
BERT,mBERT,0,5653,val,0
BERT,mBERT,0,5654,val,1
BERT,mBERT,0,5655,val,0
BERT,mBERT,0,5658,val,0
BERT,mBERT,0,5659,val,0
BERT,mBERT,0,5660,val,0
BERT,mBERT,0,5661,test,0
BERT,mBERT,0,5664,val,0
BERT,mBERT,0,5665,val,0
BERT,mBERT,0,5670,test,0
BERT,mBERT,0,5672,test,0
BERT,mBERT,0,5673,test,2
BERT,mBERT,0,5676,test,0
BERT,mBERT,0,5677,val,0
BERT,mBERT,0,5678,val,0
BERT,mBERT,0,5679,test,0
BERT,mBERT,0,5680,test,0
BERT,mBERT,0,5682,test,0
BERT,mBERT,0,5684,val,2
BERT,mBERT,0,5686,test,0
BERT,mBERT,0,5688,test,0
BERT,mBERT,0,5689,val,0
BERT,mBERT,0,5691,val,0
BERT,mBERT,0,5692,val,0
BERT,mBERT,0,5695,test,0
BERT,mBERT,0,5696,test,0
BERT,mBERT,0,5698,test,0
BERT,mBERT,0,5701,test,1
BERT,mBERT,0,5702,val,2
BERT,mBERT,0,5703,test,0
BERT,mBERT,0,5706,test,0
BERT,mBERT,0,5707,test,0
BERT,mBERT,0,5709,val,0
BERT,mBERT,0,5713,test,0
BERT,mBERT,0,5714,test,1
BERT,mBERT,0,5716,val,0
BERT,mBERT,0,5717,test,0
BERT,mBERT,0,5718,test,0
BERT,mBERT,0,5724,val,0
BERT,mBERT,0,5726,val,0
BERT,mBERT,0,5727,test,0
BERT,mBERT,0,5728,val,0
BERT,mBERT,0,5729,val,2
BERT,mBERT,0,5730,test,2
BERT,mBERT,0,5731,val,2
BERT,mBERT,0,5732,test,0
BERT,mBERT,0,5736,test,0
BERT,mBERT,0,5737,val,0
BERT,mBERT,0,5739,test,2
BERT,mBERT,0,5740,test,0
BERT,mBERT,0,5741,val,2
BERT,mBERT,0,5742,test,2
BERT,mBERT,0,5745,test,2
BERT,mBERT,0,5746,test,2
BERT,mBERT,0,5747,test,0
BERT,mBERT,0,5748,test,0
BERT,mBERT,0,5749,test,0
BERT,mBERT,0,5750,val,1
BERT,mBERT,0,5751,test,0
BERT,mBERT,0,5754,val,0
BERT,mBERT,0,5755,val,1
BERT,mBERT,0,5761,test,2
BERT,mBERT,0,5762,test,0
BERT,mBERT,0,5763,test,2
BERT,mBERT,0,5766,test,0
BERT,mBERT,0,5767,val,1
BERT,mBERT,0,5769,val,0
BERT,mBERT,0,5770,test,0
BERT,mBERT,0,5772,test,2
BERT,mBERT,0,5776,val,2
BERT,mBERT,0,5777,test,0
BERT,mBERT,0,5780,test,2
BERT,mBERT,0,5783,val,0
BERT,mBERT,0,5784,val,0
BERT,mBERT,0,5785,val,0
BERT,mBERT,0,5786,val,1
BERT,mBERT,0,5789,test,2
BERT,mBERT,0,5791,test,0
BERT,mBERT,0,5793,test,0
BERT,mBERT,0,5794,test,2
BERT,mBERT,0,5797,val,1
BERT,mBERT,0,5798,val,0
BERT,mBERT,0,5801,test,0
BERT,mBERT,0,5804,test,0
BERT,mBERT,0,5807,test,1
BERT,mBERT,0,5810,test,2
BERT,mBERT,0,5811,test,0
BERT,mBERT,0,5817,test,1
BERT,mBERT,0,5820,val,0
BERT,mBERT,0,5821,val,0
BERT,mBERT,0,5823,val,0
BERT,mBERT,0,5826,val,0
BERT,mBERT,0,5828,val,1
BERT,mBERT,0,5831,test,2
BERT,mBERT,0,5832,test,0
BERT,mBERT,0,5835,test,0
BERT,mBERT,0,5838,test,2
BERT,mBERT,0,5839,val,1
BERT,mBERT,0,5840,val,1
BERT,mBERT,0,5841,test,0
BERT,mBERT,0,5842,test,0
BERT,mBERT,0,5844,test,0
BERT,mBERT,0,5845,val,0
BERT,mBERT,0,5846,test,0
BERT,mBERT,0,5853,val,2
BERT,mBERT,0,5857,val,1
BERT,mBERT,0,5860,val,0
BERT,mBERT,0,5862,val,0
BERT,mBERT,0,5863,val,0
BERT,mBERT,0,5865,test,2
BERT,mBERT,0,5867,val,1
BERT,mBERT,0,5868,val,0
BERT,mBERT,0,5869,val,0
BERT,mBERT,0,5874,val,0
BERT,mBERT,0,5876,test,0
BERT,mBERT,0,5878,test,0
BERT,mBERT,0,5879,test,0
BERT,mBERT,0,5880,val,0
BERT,mBERT,0,5882,test,0
BERT,mBERT,0,5885,test,0
BERT,mBERT,0,5887,test,0
BERT,mBERT,0,5888,test,0
BERT,mBERT,0,5889,test,0
BERT,mBERT,0,5890,val,0
BERT,mBERT,0,5891,test,0
BERT,mBERT,0,5894,test,1
BERT,mBERT,0,5898,test,0
BERT,mBERT,0,5899,val,2
BERT,mBERT,0,5901,test,0
BERT,mBERT,0,5903,val,0
BERT,mBERT,0,5904,test,0
BERT,mBERT,0,5905,test,2
BERT,mBERT,0,5906,test,0
BERT,mBERT,0,5907,val,0
BERT,mBERT,0,5908,test,0
BERT,mBERT,0,5909,test,2
BERT,mBERT,0,5912,test,2
BERT,mBERT,0,5919,test,0
BERT,mBERT,0,5920,val,0
BERT,mBERT,0,5924,val,0
BERT,mBERT,0,5926,test,2
BERT,mBERT,0,5927,val,1
BERT,mBERT,0,5928,test,2
BERT,mBERT,0,5929,val,2
BERT,mBERT,0,5930,test,0
BERT,mBERT,0,5932,val,0
BERT,mBERT,0,5933,test,2
BERT,mBERT,0,5940,val,0
BERT,mBERT,0,5943,test,0
BERT,mBERT,0,5947,test,0
BERT,mBERT,0,5949,test,0
BERT,mBERT,0,5951,test,1
BERT,mBERT,0,5952,test,0
BERT,mBERT,0,5954,test,0
BERT,mBERT,0,5955,val,2
BERT,mBERT,0,5961,val,2
BERT,mBERT,0,5966,val,2
BERT,mBERT,0,5969,val,1
BERT,mBERT,0,5972,val,2
BERT,mBERT,0,5974,test,0
BERT,mBERT,0,5975,test,2
BERT,mBERT,0,5977,val,0
BERT,mBERT,0,5978,test,0
BERT,mBERT,0,5980,val,2
BERT,mBERT,0,5981,test,0
BERT,mBERT,0,5982,test,2
BERT,mBERT,0,5983,test,2
BERT,mBERT,0,5986,test,0
BERT,mBERT,0,5989,test,2
BERT,mBERT,0,5990,test,0
BERT,mBERT,0,5992,val,0
BERT,mBERT,0,5994,val,1
BERT,mBERT,0,5995,val,0
BERT,mBERT,0,5997,test,1
BERT,mBERT,0,6000,val,0
BERT,mBERT,0,6001,test,0
BERT,mBERT,0,6003,test,2
BERT,mBERT,0,6004,val,2
BERT,mBERT,0,6005,test,0
BERT,mBERT,0,6006,test,0
BERT,mBERT,0,6007,test,0
BERT,mBERT,0,6008,val,0
BERT,mBERT,0,6012,test,1
BERT,mBERT,0,6013,test,2
BERT,mBERT,0,6014,val,0
BERT,mBERT,0,6016,test,2
BERT,mBERT,0,6017,test,0
BERT,mBERT,0,6018,val,2
BERT,mBERT,0,6019,test,0
BERT,mBERT,0,6020,test,0
BERT,mBERT,0,6022,test,0
BERT,mBERT,0,6023,val,2
BERT,mBERT,0,6025,test,2
BERT,mBERT,0,6026,test,0
BERT,mBERT,0,6030,val,0
BERT,mBERT,0,6031,val,0
BERT,mBERT,0,6032,test,0
BERT,mBERT,0,6033,val,0
BERT,mBERT,0,6034,val,1
BERT,mBERT,0,6036,val,1
BERT,mBERT,0,6038,test,0
BERT,mBERT,0,6043,val,0
BERT,mBERT,0,6045,val,0
BERT,mBERT,0,6048,val,2
BERT,mBERT,0,6050,test,0
BERT,mBERT,0,6052,val,2
BERT,mBERT,0,6055,test,2
BERT,mBERT,0,6056,test,2
BERT,mBERT,0,6060,test,1
BERT,mBERT,0,6061,test,0
BERT,mBERT,0,6062,val,2
BERT,mBERT,0,6063,test,0
BERT,mBERT,0,6065,test,2
BERT,mBERT,0,6066,val,0
BERT,mBERT,0,6067,val,0
BERT,mBERT,0,6069,val,0
BERT,mBERT,0,6070,test,0
BERT,mBERT,0,6072,test,1
BERT,mBERT,0,6075,val,2
BERT,mBERT,0,6076,test,2
BERT,mBERT,0,6082,test,0
BERT,mBERT,0,6083,test,0
BERT,mBERT,0,6085,val,0
BERT,mBERT,0,6087,test,2
BERT,mBERT,0,6088,test,0
BERT,mBERT,0,6090,val,2
BERT,mBERT,0,6091,test,1
BERT,mBERT,0,6093,test,0
BERT,mBERT,0,6094,test,1
BERT,mBERT,0,6095,val,2
BERT,mBERT,0,6096,test,0
BERT,mBERT,0,6097,val,2
BERT,mBERT,0,6098,test,2
BERT,mBERT,0,6099,val,0
BERT,mBERT,0,6100,test,0
BERT,mBERT,0,6104,test,0
BERT,mBERT,0,6110,test,0
BERT,mBERT,0,6112,test,0
BERT,mBERT,0,6113,val,1
BERT,mBERT,0,6114,test,0
BERT,mBERT,0,6116,test,0
BERT,mBERT,0,6119,val,0
BERT,mBERT,0,6122,val,0
BERT,mBERT,0,6123,test,0
BERT,mBERT,0,6124,test,1
BERT,mBERT,0,6126,val,0
BERT,mBERT,0,6127,val,0
BERT,mBERT,0,6131,val,0
BERT,mBERT,0,6136,val,0
BERT,mBERT,0,6147,test,0
BERT,mBERT,0,6148,test,1
BERT,mBERT,0,6149,val,0
BERT,mBERT,0,6150,test,1
BERT,mBERT,0,6152,test,0
BERT,mBERT,0,6154,val,0
BERT,mBERT,0,6155,test,0
BERT,mBERT,0,6158,test,0
BERT,mBERT,0,6159,val,0
BERT,mBERT,0,6160,test,0
BERT,mBERT,0,6161,test,0
BERT,mBERT,0,6164,test,2
BERT,mBERT,0,6169,val,1
BERT,mBERT,0,6171,test,1
BERT,mBERT,0,6172,val,2
BERT,mBERT,0,6174,test,0
BERT,mBERT,0,6178,val,2
BERT,mBERT,0,6180,val,0
BERT,mBERT,0,6183,val,2
BERT,mBERT,0,6191,val,0
BERT,mBERT,0,6192,test,0
BERT,mBERT,0,6193,val,2
BERT,mBERT,0,6195,test,1
BERT,mBERT,0,6199,test,0
BERT,mBERT,0,6200,val,0
BERT,mBERT,0,6201,val,2
BERT,mBERT,0,6202,test,2
BERT,mBERT,0,6203,test,2
BERT,mBERT,0,6206,test,2
BERT,mBERT,0,6207,val,0
BERT,mBERT,0,6212,test,0
BERT,mBERT,0,6213,val,2
BERT,mBERT,0,6214,test,0
BERT,mBERT,0,6215,test,2
BERT,mBERT,0,6217,val,2
BERT,mBERT,0,6221,val,2
BERT,mBERT,0,6222,test,2
BERT,mBERT,0,6224,test,0
BERT,mBERT,0,6226,val,0
BERT,mBERT,0,6228,test,0
BERT,mBERT,0,6229,val,0
BERT,mBERT,0,6230,val,0
BERT,mBERT,0,6231,test,2
BERT,mBERT,0,6238,test,2
BERT,mBERT,0,6240,val,0
BERT,mBERT,0,6241,val,0
BERT,mBERT,0,6243,test,2
BERT,mBERT,0,6244,val,0
BERT,mBERT,0,6246,test,0
BERT,mBERT,0,6248,test,0
BERT,mBERT,0,6249,test,0
BERT,mBERT,0,6250,test,0
BERT,mBERT,0,6253,test,0
BERT,mBERT,0,6255,test,0
BERT,mBERT,0,6256,test,2
BERT,mBERT,0,6257,val,2
BERT,mBERT,0,6258,test,0
BERT,mBERT,0,6260,test,2
BERT,mBERT,0,6261,val,2
BERT,mBERT,0,6263,val,0
BERT,mBERT,0,6264,test,2
BERT,mBERT,0,6265,val,2
BERT,mBERT,0,6266,test,2
BERT,mBERT,0,6271,test,2
BERT,mBERT,0,6272,val,0
BERT,mBERT,0,6273,val,2
BERT,mBERT,0,6274,val,0
BERT,mBERT,0,6275,test,0
BERT,mBERT,0,6276,test,0
BERT,mBERT,0,6277,test,2
BERT,mBERT,0,6279,test,0
BERT,mBERT,0,6282,test,0
BERT,mBERT,0,6284,val,1
BERT,mBERT,0,6287,test,2
BERT,mBERT,0,6288,val,0
BERT,mBERT,0,6290,val,2
BERT,mBERT,0,6291,test,2
BERT,mBERT,0,6293,test,2
BERT,mBERT,0,6294,test,1
BERT,mBERT,0,6296,test,0
BERT,mBERT,0,6297,val,0
BERT,mBERT,0,6298,val,2
BERT,mBERT,0,6300,test,0
BERT,mBERT,0,6303,test,0
BERT,mBERT,0,6304,test,0
BERT,mBERT,0,6305,test,0
BERT,mBERT,0,6309,val,2
BERT,mBERT,0,6310,test,0
BERT,mBERT,0,6311,test,2
BERT,mBERT,0,6312,test,0
BERT,mBERT,0,6316,val,0
BERT,mBERT,0,6319,test,0
BERT,mBERT,0,6320,test,0
BERT,mBERT,0,6321,test,0
BERT,mBERT,0,6322,test,2
BERT,mBERT,0,6323,test,2
BERT,mBERT,0,6325,val,0
BERT,mBERT,0,6329,test,0
BERT,mBERT,0,6330,test,0
BERT,mBERT,0,6331,test,2
BERT,mBERT,0,6332,test,0
BERT,mBERT,0,6335,val,0
BERT,mBERT,0,6337,val,0
BERT,mBERT,0,6338,test,0
BERT,mBERT,0,6339,test,0
BERT,mBERT,0,6340,val,1
BERT,mBERT,0,6341,test,2
BERT,mBERT,0,6342,val,0
BERT,mBERT,0,6345,val,2
BERT,mBERT,0,6347,val,2
BERT,mBERT,0,6348,val,0
BERT,mBERT,0,6352,test,1
BERT,mBERT,0,6353,test,2
BERT,mBERT,0,6354,val,2
BERT,mBERT,0,6355,test,0
BERT,mBERT,0,6358,val,0
BERT,mBERT,0,6359,val,1
BERT,mBERT,0,6361,test,0
BERT,mBERT,0,6362,test,2
BERT,mBERT,0,6367,test,0
BERT,mBERT,0,6370,test,2
BERT,mBERT,0,6371,test,0
BERT,mBERT,0,6372,test,2
BERT,mBERT,0,6373,test,2
BERT,mBERT,0,6375,test,0
BERT,mBERT,0,6376,test,2
BERT,mBERT,0,6377,val,2
BERT,mBERT,0,6378,test,2
BERT,mBERT,0,6381,val,2
BERT,mBERT,0,6382,val,0
BERT,mBERT,0,6384,test,2
BERT,mBERT,0,6385,test,0
BERT,mBERT,0,6386,test,1
BERT,mBERT,0,6387,test,2
BERT,mBERT,0,6389,val,2
BERT,mBERT,0,6390,test,0
BERT,mBERT,0,6391,test,0
BERT,mBERT,0,6392,test,0
BERT,mBERT,0,6394,test,0
BERT,mBERT,0,6397,val,0
BERT,mBERT,0,6398,val,2
BERT,mBERT,0,6399,val,2
BERT,mBERT,0,6400,test,0
BERT,mBERT,0,6401,val,2
BERT,mBERT,0,6407,test,2
BERT,mBERT,0,6409,test,2
BERT,mBERT,0,6411,test,2
BERT,mBERT,0,6412,test,0
BERT,mBERT,0,6414,test,2
BERT,mBERT,0,6416,val,0
BERT,mBERT,0,6417,test,0
BERT,mBERT,0,6418,val,0
BERT,mBERT,0,6419,val,1
BERT,mBERT,0,6420,val,0
BERT,mBERT,0,6421,test,0
BERT,mBERT,0,6423,test,2
BERT,mBERT,0,6425,val,1
BERT,mBERT,0,6426,test,0
BERT,mBERT,0,6427,val,0
BERT,mBERT,0,6430,test,2
BERT,mBERT,0,6432,val,2
BERT,mBERT,0,6433,val,0
BERT,mBERT,0,6436,val,2
BERT,mBERT,0,6438,val,2
BERT,mBERT,0,6441,test,0
BERT,mBERT,0,6447,test,0
BERT,mBERT,0,6448,val,2
BERT,mBERT,0,6449,val,2
BERT,mBERT,0,6450,test,0
BERT,mBERT,0,6451,test,2
BERT,mBERT,0,6452,val,0
BERT,mBERT,0,6454,test,0
BERT,mBERT,0,6458,test,0
BERT,mBERT,0,6459,test,2
BERT,mBERT,0,6461,test,0
BERT,mBERT,0,6462,test,0
BERT,mBERT,0,6465,val,0
BERT,mBERT,0,6466,val,0
BERT,mBERT,0,6468,val,2
BERT,mBERT,0,6472,test,0
BERT,mBERT,0,6473,val,1
BERT,mBERT,0,6474,test,1
BERT,mBERT,0,6476,val,2
BERT,mBERT,0,6479,val,1
BERT,mBERT,0,6480,test,2
BERT,mBERT,0,6483,test,2
BERT,mBERT,0,6484,val,0
BERT,mBERT,0,6486,test,0
BERT,mBERT,0,6487,val,2
BERT,mBERT,0,6489,val,2
BERT,mBERT,0,6491,test,2
BERT,mBERT,0,6494,test,0
BERT,mBERT,0,6495,test,2
BERT,mBERT,0,6496,val,1
BERT,mBERT,0,6497,test,2
BERT,mBERT,0,6498,val,0
BERT,mBERT,0,6501,val,2
BERT,mBERT,0,6505,val,0
BERT,mBERT,0,6506,val,2
BERT,mBERT,0,6508,test,1
BERT,mBERT,0,6510,test,0
BERT,mBERT,0,6511,val,0
BERT,mBERT,0,6512,val,2
BERT,mBERT,0,6514,val,0
BERT,mBERT,0,6516,val,0
BERT,mBERT,0,6521,val,0
BERT,mBERT,0,6526,test,0
BERT,mBERT,0,6528,test,2
BERT,mBERT,0,6530,val,1
BERT,mBERT,0,6531,val,0
BERT,mBERT,0,6532,test,1
BERT,mBERT,0,6535,test,2
BERT,mBERT,0,6536,test,0
BERT,mBERT,0,6537,test,0
BERT,mBERT,0,6539,val,0
BERT,mBERT,0,6540,val,0
BERT,mBERT,0,6541,val,0
BERT,mBERT,0,6544,test,0
BERT,mBERT,0,6546,val,1
BERT,mBERT,0,6547,test,2
BERT,mBERT,0,6548,test,2
BERT,mBERT,0,6549,test,0
BERT,mBERT,0,6550,test,0
BERT,mBERT,0,6553,test,2
BERT,mBERT,0,6555,val,0
BERT,mBERT,0,6556,test,0
BERT,mBERT,0,6557,test,0
BERT,mBERT,0,6563,test,1
BERT,mBERT,0,6564,test,0
BERT,mBERT,0,6566,test,0
BERT,mBERT,0,6571,val,2
BERT,mBERT,0,6573,test,0
BERT,mBERT,0,6574,test,0
BERT,mBERT,0,6576,val,0
BERT,mBERT,0,6577,test,2
BERT,mBERT,0,6579,test,2
BERT,mBERT,0,6580,val,0
BERT,mBERT,0,6581,test,0
BERT,mBERT,0,6582,val,2
BERT,mBERT,0,6583,val,1
BERT,mBERT,0,6584,val,2
BERT,mBERT,0,6585,test,0
BERT,mBERT,0,6587,val,0
BERT,mBERT,0,6588,test,0
BERT,mBERT,0,6590,val,1
BERT,mBERT,0,6592,test,0
BERT,mBERT,0,6593,test,2
BERT,mBERT,0,6594,test,0
BERT,mBERT,0,6597,test,0
BERT,mBERT,0,6598,test,2
BERT,mBERT,0,6599,val,0
BERT,mBERT,0,6600,test,2
BERT,mBERT,0,6601,val,2
BERT,mBERT,0,6603,val,0
BERT,mBERT,0,6605,test,0
BERT,mBERT,0,6610,test,2
BERT,mBERT,0,6614,test,0
BERT,mBERT,0,6617,val,0
BERT,mBERT,0,6619,test,2
BERT,mBERT,0,6622,val,2
BERT,mBERT,0,6624,test,0
BERT,mBERT,0,6625,test,0
BERT,mBERT,0,6627,val,0
BERT,mBERT,0,6630,val,1
BERT,mBERT,0,6631,test,0
BERT,mBERT,0,6632,test,0
BERT,mBERT,0,6633,test,0
BERT,mBERT,0,6634,test,2
BERT,mBERT,0,6639,test,0
BERT,mBERT,0,6645,test,0
BERT,mBERT,0,6646,val,2
BERT,mBERT,0,6648,val,2
BERT,mBERT,0,6649,val,0
BERT,mBERT,0,6652,test,1
BERT,mBERT,0,6655,test,2
BERT,mBERT,0,6656,test,0
BERT,mBERT,0,6658,test,0
BERT,mBERT,0,6659,test,2
BERT,mBERT,0,6660,val,2
BERT,mBERT,0,6663,val,0
BERT,mBERT,0,6664,test,0
BERT,mBERT,0,6665,val,0
BERT,mBERT,0,6670,test,1
BERT,mBERT,0,6671,test,0
BERT,mBERT,0,6672,val,2
BERT,mBERT,0,6673,val,1
BERT,mBERT,0,6677,val,0
BERT,mBERT,0,6678,val,2
BERT,mBERT,0,6679,test,2
BERT,mBERT,0,6681,test,2
BERT,mBERT,0,6686,val,0
BERT,mBERT,0,6691,test,0
BERT,mBERT,0,6692,test,0
BERT,mBERT,0,6693,test,2
BERT,mBERT,0,6695,test,0
BERT,mBERT,0,6696,test,2
BERT,mBERT,0,6700,val,0
BERT,mBERT,0,6701,val,0
BERT,mBERT,0,6702,test,0
BERT,mBERT,0,6703,val,0
BERT,mBERT,0,6704,test,2
BERT,mBERT,0,6707,val,0
BERT,mBERT,0,6709,test,2
BERT,mBERT,0,6710,val,0
BERT,mBERT,0,6711,test,0
BERT,mBERT,0,6712,test,0
BERT,mBERT,0,6714,test,0
BERT,mBERT,0,6715,test,2
BERT,mBERT,0,6716,test,0
BERT,mBERT,0,6717,test,2
BERT,mBERT,0,6719,test,0
BERT,mBERT,0,6722,test,2
BERT,mBERT,0,6723,val,0
BERT,mBERT,0,6724,test,0
BERT,mBERT,0,6726,val,0
BERT,mBERT,0,6728,test,2
BERT,mBERT,0,6729,val,0
BERT,mBERT,0,6730,val,2
BERT,mBERT,0,6731,val,2
BERT,mBERT,0,6733,test,1
BERT,mBERT,0,6734,test,2
BERT,mBERT,0,6736,test,2
BERT,mBERT,0,6738,test,2
BERT,mBERT,0,6740,val,0
BERT,mBERT,0,6742,test,2
BERT,mBERT,0,6743,val,0
BERT,mBERT,0,6745,val,2
BERT,mBERT,0,6750,test,2
BERT,mBERT,0,6753,val,0
BERT,mBERT,0,6755,test,0
BERT,mBERT,0,6758,test,0
BERT,mBERT,0,6759,val,0
BERT,mBERT,0,6761,val,0
BERT,mBERT,0,6762,test,1
BERT,mBERT,0,6764,val,2
BERT,mBERT,0,6766,test,1
BERT,mBERT,0,6767,test,0
BERT,mBERT,0,6769,val,1
BERT,mBERT,0,6772,val,0
BERT,mBERT,0,6773,test,0
BERT,mBERT,0,6776,val,2
BERT,mBERT,0,6777,test,0
BERT,mBERT,0,6778,test,0
BERT,mBERT,0,6779,val,2
BERT,mBERT,0,6780,val,0
BERT,mBERT,0,6783,test,2
BERT,mBERT,0,6785,test,0
BERT,mBERT,0,6786,val,0
BERT,mBERT,0,6787,val,2
BERT,mBERT,0,6788,val,0
BERT,mBERT,0,6790,val,0
BERT,mBERT,0,6791,val,0
BERT,mBERT,0,6792,val,0
BERT,mBERT,0,6803,val,0
BERT,mBERT,0,6804,test,0
BERT,mBERT,0,6806,test,0
BERT,mBERT,0,6807,test,0
BERT,mBERT,0,6810,test,0
BERT,mBERT,0,6812,val,0
BERT,mBERT,0,6813,val,0
BERT,mBERT,0,6816,val,2
BERT,mBERT,0,6819,val,0
BERT,mBERT,0,6820,test,2
BERT,mBERT,0,6821,test,2
BERT,mBERT,0,6822,test,0
BERT,mBERT,0,6824,test,1
BERT,mBERT,0,6825,test,0
BERT,mBERT,0,6826,val,0
BERT,mBERT,0,6828,val,1
BERT,mBERT,0,6830,test,1
BERT,mBERT,0,6832,test,1
BERT,mBERT,0,6833,test,0
BERT,mBERT,0,6835,val,0
BERT,mBERT,0,6837,test,1
BERT,mBERT,0,6839,test,2
BERT,mBERT,0,6845,val,0
BERT,mBERT,0,6847,val,0
BERT,mBERT,0,6848,test,0
BERT,mBERT,0,6849,test,0
BERT,mBERT,0,6853,val,0
BERT,mBERT,0,6855,val,2
BERT,mBERT,0,6857,test,0
BERT,mBERT,0,6859,val,1
BERT,mBERT,0,6860,val,2
BERT,mBERT,0,6861,val,0
BERT,mBERT,0,6864,test,2
BERT,mBERT,0,6866,test,2
BERT,mBERT,0,6870,test,0
BERT,mBERT,0,6877,val,0
BERT,mBERT,0,6879,test,2
BERT,mBERT,0,6881,val,0
BERT,mBERT,0,6883,val,2
BERT,mBERT,0,6884,val,0
BERT,mBERT,0,6886,val,0
BERT,mBERT,0,6888,test,2
BERT,mBERT,0,6890,val,1
BERT,mBERT,0,6893,test,0
BERT,mBERT,0,6895,test,0
BERT,mBERT,0,6897,test,0
BERT,mBERT,0,6899,test,0
BERT,mBERT,0,6900,val,2
BERT,mBERT,0,6902,val,2
BERT,mBERT,0,6903,test,0
BERT,mBERT,0,6904,val,0
BERT,mBERT,0,6905,val,2
BERT,mBERT,0,6906,val,0
BERT,mBERT,0,6907,val,0
BERT,mBERT,0,6908,test,1
BERT,mBERT,0,6910,val,2
BERT,mBERT,0,6912,test,0
BERT,mBERT,0,6913,val,1
BERT,mBERT,0,6916,val,2
BERT,mBERT,0,6918,test,0
BERT,mBERT,0,6922,test,2
BERT,mBERT,0,6924,test,0
BERT,mBERT,0,6925,test,2
BERT,mBERT,0,6926,test,0
BERT,mBERT,0,6929,test,2
BERT,mBERT,0,6930,test,2
BERT,mBERT,0,6931,test,2
BERT,mBERT,0,6933,val,0
BERT,mBERT,0,6934,val,2
BERT,mBERT,0,6935,test,2
BERT,mBERT,0,6941,val,0
BERT,mBERT,0,6942,test,0
BERT,mBERT,0,6945,test,2
BERT,mBERT,0,6946,val,1
BERT,mBERT,0,6947,test,0
BERT,mBERT,0,6948,test,1
BERT,mBERT,0,6950,val,0
BERT,mBERT,0,6951,test,2
BERT,mBERT,0,6953,test,2
BERT,mBERT,0,6954,test,0
BERT,mBERT,0,6955,val,0
BERT,mBERT,0,6956,test,2
BERT,mBERT,0,6958,val,0
BERT,mBERT,0,6959,test,0
BERT,mBERT,0,6962,test,0
BERT,mBERT,0,6963,test,1
BERT,mBERT,0,6966,test,0
BERT,mBERT,0,6967,test,0
BERT,mBERT,0,6972,test,2
BERT,mBERT,0,6974,test,2
BERT,mBERT,0,6977,test,0
BERT,mBERT,0,6978,val,0
BERT,mBERT,0,6979,test,1
BERT,mBERT,0,6980,test,0
BERT,mBERT,0,6981,test,2
BERT,mBERT,0,6985,test,1
BERT,mBERT,0,6987,test,0
BERT,mBERT,0,6988,val,0
BERT,mBERT,0,6989,test,0
BERT,mBERT,0,6990,val,1
BERT,mBERT,0,6992,val,0
BERT,mBERT,0,6993,val,2
BERT,mBERT,0,6995,val,0
BERT,mBERT,0,6996,val,1
BERT,mBERT,0,6997,test,0
BERT,mBERT,0,6999,val,1
BERT,mBERT,0,7000,val,2
BERT,mBERT,0,7001,val,0
BERT,mBERT,0,7002,val,2
BERT,mBERT,0,7004,test,0
BERT,mBERT,0,7007,test,0
BERT,mBERT,0,7008,test,0
BERT,mBERT,0,7013,val,2
BERT,mBERT,0,7014,test,2
BERT,mBERT,0,7015,test,2
BERT,mBERT,0,7016,val,2
BERT,mBERT,0,7019,val,2
BERT,mBERT,0,7023,test,2
BERT,mBERT,0,7025,test,0
BERT,mBERT,0,7028,test,2
BERT,mBERT,0,7030,test,2
BERT,mBERT,0,7033,test,0
BERT,mBERT,0,7035,test,0
BERT,mBERT,0,7036,test,0
BERT,mBERT,0,7037,val,0
BERT,mBERT,0,7038,val,2
BERT,mBERT,0,7041,test,0
BERT,mBERT,0,7042,val,0
BERT,mBERT,0,7044,val,0
BERT,mBERT,0,7045,test,2
BERT,mBERT,0,7047,test,0
BERT,mBERT,0,7048,test,2
BERT,mBERT,0,7049,val,2
BERT,mBERT,0,7050,val,2
BERT,mBERT,0,7052,test,0
BERT,mBERT,0,7053,test,2
BERT,mBERT,0,7055,val,2
BERT,mBERT,0,7056,val,2
BERT,mBERT,0,7059,test,0
BERT,mBERT,0,7060,val,1
BERT,mBERT,0,7061,test,0
BERT,mBERT,0,7062,val,2
BERT,mBERT,0,7063,val,0
BERT,mBERT,0,7066,test,0
BERT,mBERT,0,7069,val,0
BERT,mBERT,0,7071,test,0
BERT,mBERT,0,7077,val,2
BERT,mBERT,0,7081,test,2
BERT,mBERT,0,7084,val,2
BERT,mBERT,0,7085,test,2
BERT,mBERT,0,7086,test,2
BERT,mBERT,0,7089,val,2
BERT,mBERT,0,7090,test,0
BERT,mBERT,0,7091,val,0
BERT,mBERT,0,7093,val,0
BERT,mBERT,0,7095,val,2
BERT,mBERT,0,7097,test,0
BERT,mBERT,0,7101,val,0
BERT,mBERT,0,7102,val,0
BERT,mBERT,0,7104,test,0
BERT,mBERT,0,7109,test,0
BERT,mBERT,0,7111,test,2
BERT,mBERT,0,7112,test,0
BERT,mBERT,0,7116,test,2
BERT,mBERT,0,7118,test,2
BERT,mBERT,0,7122,val,0
BERT,mBERT,0,7123,val,0
BERT,mBERT,0,7124,test,2
BERT,mBERT,0,7131,val,0
BERT,mBERT,0,7132,val,0
BERT,mBERT,0,7134,test,0
BERT,mBERT,0,7135,test,0
BERT,mBERT,0,7140,val,2
BERT,mBERT,0,7142,val,0
BERT,mBERT,0,7143,test,1
BERT,mBERT,0,7144,val,0
BERT,mBERT,0,7145,val,0
BERT,mBERT,0,7146,val,0
BERT,mBERT,0,7150,test,0
BERT,mBERT,0,7151,test,0
BERT,mBERT,0,7152,test,1
BERT,mBERT,0,7156,val,0
BERT,mBERT,0,7157,test,0
BERT,mBERT,0,7160,val,0
BERT,mBERT,0,7163,test,2
BERT,mBERT,0,7164,val,0
BERT,mBERT,0,7167,val,0
BERT,mBERT,0,7171,val,0
BERT,mBERT,0,7172,test,2
BERT,mBERT,0,7174,test,0
BERT,mBERT,0,7177,val,0
BERT,mBERT,0,7179,test,2
BERT,mBERT,0,7181,val,0
BERT,mBERT,0,7182,val,2
BERT,mBERT,0,7189,val,2
BERT,mBERT,0,7194,test,0
BERT,mBERT,0,7200,val,0
BERT,mBERT,0,7201,test,2
BERT,mBERT,0,7202,val,2
BERT,mBERT,0,7207,val,0
BERT,mBERT,0,7209,test,2
BERT,mBERT,0,7210,val,2
BERT,mBERT,0,7211,val,0
BERT,mBERT,0,7213,val,0
BERT,mBERT,0,7215,test,0
BERT,mBERT,0,7217,test,0
BERT,mBERT,0,7220,val,2
BERT,mBERT,0,7221,test,2
BERT,mBERT,0,7228,test,1
BERT,mBERT,0,7229,test,2
BERT,mBERT,0,7230,val,2
BERT,mBERT,0,7231,val,0
BERT,mBERT,0,7233,test,0
BERT,mBERT,0,7234,val,0
BERT,mBERT,0,7235,val,0
BERT,mBERT,0,7237,val,2
BERT,mBERT,0,7238,test,0
BERT,mBERT,0,7240,test,2
BERT,mBERT,0,7243,test,0
BERT,mBERT,0,7245,val,0
BERT,mBERT,0,7250,test,2
BERT,mBERT,0,7251,val,0
BERT,mBERT,0,7252,test,0
BERT,mBERT,0,7253,val,0
BERT,mBERT,0,7255,test,2
BERT,mBERT,0,7256,val,1
BERT,mBERT,0,7259,test,0
BERT,mBERT,0,7261,test,0
BERT,mBERT,0,7262,test,0
BERT,mBERT,0,7263,val,0
BERT,mBERT,0,7265,val,0
BERT,mBERT,0,7267,val,0
BERT,mBERT,0,7268,val,0
BERT,mBERT,0,7270,val,0
BERT,mBERT,0,7271,test,0
BERT,mBERT,0,7272,test,0
BERT,mBERT,0,7273,val,0
BERT,mBERT,0,7274,test,0
BERT,mBERT,0,7277,val,0
BERT,mBERT,0,7278,val,2
BERT,mBERT,0,7281,val,0
BERT,mBERT,0,7285,val,0
BERT,mBERT,0,7286,test,0
BERT,mBERT,0,7289,test,0
BERT,mBERT,0,7290,test,2
BERT,mBERT,0,7296,val,0
BERT,mBERT,0,7297,test,0
BERT,mBERT,0,7298,test,2
BERT,mBERT,0,7299,test,0
BERT,mBERT,0,7300,test,1
BERT,mBERT,0,7301,val,2
BERT,mBERT,0,7302,test,0
BERT,mBERT,0,7305,test,2
BERT,mBERT,0,7306,test,1
BERT,mBERT,0,7307,test,0
BERT,mBERT,0,7308,test,0
BERT,mBERT,0,7311,test,0
BERT,mBERT,0,7312,val,0
BERT,mBERT,0,7317,val,0
BERT,mBERT,0,7318,test,0
BERT,mBERT,0,7319,test,0
BERT,mBERT,0,7327,test,0
BERT,mBERT,0,7330,val,0
BERT,mBERT,0,7331,val,2
BERT,mBERT,0,7333,test,0
BERT,mBERT,0,7334,val,0
BERT,mBERT,0,7338,test,2
BERT,mBERT,0,7339,test,0
BERT,mBERT,0,7340,test,2
BERT,mBERT,0,7342,test,2
BERT,mBERT,0,7343,val,0
BERT,mBERT,0,7344,val,0
BERT,mBERT,0,7345,test,0
BERT,mBERT,0,7347,test,0
BERT,mBERT,0,7348,test,0
BERT,mBERT,0,7355,test,0
BERT,mBERT,0,7357,val,1
BERT,mBERT,0,7358,test,0
BERT,mBERT,0,7359,test,0
BERT,mBERT,0,7360,val,0
BERT,mBERT,0,7361,test,0
BERT,mBERT,0,7364,val,0
BERT,mBERT,0,7368,test,2
BERT,mBERT,0,7369,test,1
BERT,mBERT,0,7371,test,2
BERT,mBERT,0,7372,val,0
BERT,mBERT,0,7373,val,2
BERT,mBERT,0,7375,val,0
BERT,mBERT,0,7376,val,2
BERT,mBERT,0,7377,val,0
BERT,mBERT,0,7378,test,2
BERT,mBERT,0,7379,test,2
BERT,mBERT,0,7384,test,2
BERT,mBERT,0,7385,val,0
BERT,mBERT,0,7386,test,0
BERT,mBERT,0,7388,test,0
BERT,mBERT,0,7389,val,0
BERT,mBERT,0,7391,val,0
BERT,mBERT,0,7394,test,2
BERT,mBERT,0,7396,test,2
BERT,mBERT,0,7399,test,0
BERT,mBERT,0,7400,val,0
BERT,mBERT,0,7401,val,0
BERT,mBERT,0,7402,test,2
BERT,mBERT,0,7405,val,0
BERT,mBERT,0,7406,test,0
BERT,mBERT,0,7407,val,2
BERT,mBERT,0,7411,test,0
BERT,mBERT,0,7417,test,2
BERT,mBERT,0,7419,val,0
BERT,mBERT,0,7421,test,0
BERT,mBERT,0,7425,val,1
BERT,mBERT,0,7426,test,2
BERT,mBERT,0,7428,test,2
BERT,mBERT,0,7429,test,2
BERT,mBERT,0,7430,test,0
BERT,mBERT,0,7431,test,2
BERT,mBERT,0,7432,test,1
BERT,mBERT,0,7437,val,2
BERT,mBERT,0,7438,val,0
BERT,mBERT,0,7440,test,1
BERT,mBERT,0,7441,val,2
BERT,mBERT,0,7442,val,2
BERT,mBERT,0,7443,val,0
BERT,mBERT,0,7444,test,1
BERT,mBERT,0,7445,val,2
BERT,mBERT,0,7446,val,0
BERT,mBERT,0,7447,val,0
BERT,mBERT,0,7448,val,2
BERT,mBERT,0,7450,test,0
BERT,mBERT,0,7453,test,0
BERT,mBERT,0,7456,test,0
BERT,mBERT,0,7461,test,0
BERT,mBERT,0,7468,test,2
BERT,mBERT,0,7469,test,2
BERT,mBERT,0,7473,test,0
BERT,mBERT,0,7474,test,2
BERT,mBERT,0,7475,val,2
BERT,mBERT,0,7476,test,0
BERT,mBERT,0,7478,val,0
BERT,mBERT,0,7479,val,0
BERT,mBERT,0,7480,val,0
BERT,mBERT,0,7485,test,0
BERT,mBERT,0,7486,val,2
BERT,mBERT,0,7490,test,2
BERT,mBERT,0,7491,val,2
BERT,mBERT,0,7493,test,0
BERT,mBERT,0,7494,test,0
BERT,mBERT,0,7497,test,2
BERT,mBERT,0,7499,val,0
BERT,mBERT,0,7500,val,2
BERT,mBERT,0,7501,test,2
BERT,mBERT,0,7505,val,2
BERT,mBERT,0,7506,test,1
BERT,mBERT,0,7507,val,2
BERT,mBERT,0,7508,test,0
BERT,mBERT,0,7509,test,0
BERT,mBERT,0,7510,val,2
BERT,mBERT,0,7511,val,0
BERT,mBERT,0,7515,test,2
BERT,mBERT,0,7516,val,0
BERT,mBERT,0,7517,test,2
BERT,mBERT,0,7520,val,0
BERT,mBERT,0,7522,val,1
BERT,mBERT,0,7523,test,2
BERT,mBERT,0,7524,val,2
BERT,mBERT,0,7526,test,0
BERT,mBERT,0,7529,test,1
BERT,mBERT,0,7531,test,0
BERT,mBERT,0,7532,val,0
BERT,mBERT,0,7536,test,2
BERT,mBERT,0,7538,test,2
BERT,mBERT,0,7541,val,2
BERT,mBERT,0,7542,val,0
BERT,mBERT,0,7543,test,0
BERT,mBERT,0,7545,test,2
BERT,mBERT,0,7547,val,0
BERT,mBERT,0,7549,test,0
BERT,mBERT,0,7550,val,0
BERT,mBERT,0,7551,test,0
BERT,mBERT,0,7554,test,1
BERT,mBERT,0,7558,test,0
BERT,mBERT,0,7559,val,0
BERT,mBERT,0,7560,val,2
BERT,mBERT,0,7561,test,1
BERT,mBERT,0,7563,test,0
BERT,mBERT,0,7566,test,0
BERT,mBERT,0,7567,test,0
BERT,mBERT,0,7570,val,2
BERT,mBERT,0,7571,val,0
BERT,mBERT,0,7572,val,0
BERT,mBERT,0,7573,val,2
BERT,mBERT,0,7575,test,0
BERT,mBERT,0,7576,test,0
BERT,mBERT,0,7578,test,0
BERT,mBERT,0,7586,test,2
BERT,mBERT,0,7588,test,0
BERT,mBERT,0,7589,val,2
BERT,mBERT,0,7592,val,2
BERT,mBERT,0,7593,val,0
BERT,mBERT,0,7596,test,0
BERT,mBERT,0,7597,val,2
BERT,mBERT,0,7598,test,2
BERT,mBERT,0,7599,test,2
BERT,mBERT,0,7601,val,0
BERT,mBERT,0,7604,test,1
BERT,mBERT,0,7606,val,0
BERT,mBERT,0,7607,val,0
BERT,mBERT,0,7609,test,2
BERT,mBERT,0,7611,test,0
BERT,mBERT,0,7612,val,2
BERT,mBERT,0,7613,val,0
BERT,mBERT,0,7615,test,0
BERT,mBERT,0,7617,val,0
BERT,mBERT,0,7619,test,0
BERT,mBERT,0,7621,test,0
BERT,mBERT,0,7624,test,0
BERT,mBERT,0,7627,val,0
BERT,mBERT,0,7628,test,0
BERT,mBERT,0,7629,val,0
BERT,mBERT,0,7633,val,0
BERT,mBERT,0,7638,test,2
BERT,mBERT,0,7640,test,2
BERT,mBERT,0,7642,test,0
BERT,mBERT,0,7645,val,0
BERT,mBERT,0,7646,val,0
BERT,mBERT,0,7647,test,2
BERT,mBERT,0,7649,val,2
BERT,mBERT,0,7650,test,2
BERT,mBERT,0,7651,test,0
BERT,mBERT,0,7653,val,2
BERT,mBERT,0,7654,val,0
BERT,mBERT,0,7657,val,2
BERT,mBERT,0,7658,test,2
BERT,mBERT,0,7660,test,0
BERT,mBERT,0,7661,val,2
BERT,mBERT,0,7662,test,1
BERT,mBERT,0,7663,test,2
BERT,mBERT,0,7665,val,2
BERT,mBERT,0,7666,val,2
BERT,mBERT,0,7669,test,0
BERT,mBERT,0,7670,val,0
BERT,mBERT,0,7671,test,0
BERT,mBERT,0,7673,val,0
BERT,mBERT,0,7678,test,0
BERT,mBERT,0,7679,test,0
BERT,mBERT,0,7683,val,0
BERT,mBERT,0,7686,test,2
BERT,mBERT,0,7687,test,2
BERT,mBERT,0,7688,test,0
BERT,mBERT,0,7690,test,0
BERT,mBERT,0,7691,test,0
BERT,mBERT,0,7693,test,2
BERT,mBERT,0,7696,val,0
BERT,mBERT,0,7699,val,0
BERT,mBERT,0,7700,test,0
BERT,mBERT,0,7703,val,2
BERT,mBERT,0,7704,test,0
BERT,mBERT,0,7707,test,0
BERT,mBERT,0,7708,test,0
BERT,mBERT,0,7710,test,2
BERT,mBERT,0,7713,test,2
BERT,mBERT,0,7716,val,0
BERT,mBERT,0,7718,test,2
BERT,mBERT,0,7719,test,0
BERT,mBERT,0,7720,val,0
BERT,mBERT,0,7721,test,2
BERT,mBERT,0,7722,val,0
BERT,mBERT,0,7723,val,0
BERT,mBERT,0,7724,test,2
BERT,mBERT,0,7725,val,0
BERT,mBERT,0,7727,val,0
BERT,mBERT,0,7728,val,2
BERT,mBERT,0,7729,val,0
BERT,mBERT,0,7730,test,0
BERT,mBERT,0,7732,test,0
BERT,mBERT,0,7733,test,0
BERT,mBERT,0,7735,val,0
BERT,mBERT,0,7736,test,0
BERT,mBERT,0,7738,val,2
BERT,mBERT,0,7739,test,2
BERT,mBERT,0,7743,test,0
BERT,mBERT,0,7744,val,0
BERT,mBERT,0,7749,test,2
BERT,mBERT,0,7750,test,1
BERT,mBERT,0,7751,val,0
BERT,mBERT,0,7755,val,2
BERT,mBERT,0,7756,test,2
BERT,mBERT,0,7758,test,0
BERT,mBERT,0,7759,test,0
BERT,mBERT,0,7761,val,0
BERT,mBERT,0,7764,test,0
BERT,mBERT,0,7766,test,2
BERT,mBERT,0,7768,val,0
BERT,mBERT,0,7770,test,2
BERT,mBERT,0,7772,test,0
BERT,mBERT,0,7774,test,0
BERT,mBERT,0,7775,test,0
BERT,mBERT,0,7777,test,2
BERT,mBERT,0,7780,test,0
BERT,mBERT,0,7781,test,2
BERT,mBERT,0,7783,test,0
BERT,mBERT,0,7784,test,0
BERT,mBERT,0,7786,test,2
BERT,mBERT,0,7787,test,1
BERT,mBERT,0,7788,test,0
BERT,mBERT,0,7790,val,1
BERT,mBERT,0,7793,test,0
BERT,mBERT,0,7794,val,0
BERT,mBERT,0,7798,test,0
BERT,mBERT,0,7800,val,0
BERT,mBERT,0,7803,test,0
BERT,mBERT,0,7804,test,2
BERT,mBERT,0,7806,test,0
BERT,mBERT,0,7807,test,0
BERT,mBERT,0,7809,val,0
BERT,mBERT,0,7813,test,0
BERT,mBERT,0,7817,val,2
BERT,mBERT,0,7818,test,0
BERT,mBERT,0,7819,val,2
BERT,mBERT,0,7821,val,0
BERT,mBERT,0,7824,test,0
BERT,mBERT,0,7826,test,2
BERT,mBERT,0,7827,val,0
BERT,mBERT,0,7828,val,0
BERT,mBERT,0,7829,test,2
BERT,mBERT,0,7832,test,0
BERT,mBERT,0,7833,test,0
BERT,mBERT,0,7835,test,2
BERT,mBERT,0,7836,val,2
BERT,mBERT,0,7837,val,0
BERT,mBERT,0,7838,val,0
BERT,mBERT,0,7839,test,2
BERT,mBERT,0,7842,test,2
BERT,mBERT,0,7845,test,0
BERT,mBERT,0,7847,test,2
BERT,mBERT,0,7851,test,0
BERT,mBERT,0,7852,test,2
BERT,mBERT,0,7853,val,2
BERT,mBERT,0,7855,test,2
BERT,mBERT,0,7856,test,0
BERT,mBERT,0,7859,test,2
BERT,mBERT,0,7862,test,0
BERT,mBERT,0,7865,val,2
BERT,mBERT,0,7866,val,0
BERT,mBERT,0,7867,test,2
BERT,mBERT,0,7869,val,0
BERT,mBERT,0,7872,test,0
BERT,mBERT,0,7873,val,0
BERT,mBERT,0,7874,val,0
BERT,mBERT,0,7875,test,0
BERT,mBERT,0,7879,test,0
BERT,mBERT,0,7882,test,2
BERT,mBERT,0,7883,val,0
BERT,mBERT,0,7887,test,0
BERT,mBERT,0,7888,test,2
BERT,mBERT,0,7890,test,0
BERT,mBERT,0,7892,test,2
BERT,mBERT,0,7893,val,1
BERT,mBERT,0,7894,val,1
BERT,mBERT,0,7896,test,2
BERT,mBERT,0,7897,test,0
BERT,mBERT,0,7899,test,0
BERT,mBERT,0,7901,val,2
BERT,mBERT,0,7902,test,0
BERT,mBERT,0,7903,val,2
BERT,mBERT,0,7906,test,0
BERT,mBERT,0,7907,val,0
BERT,mBERT,0,7909,test,2
BERT,mBERT,0,7910,test,0
BERT,mBERT,0,7913,test,1
BERT,mBERT,0,7914,test,2
BERT,mBERT,0,7916,test,0
BERT,mBERT,0,7921,test,0
BERT,mBERT,0,7922,test,1
BERT,mBERT,0,7923,val,0
BERT,mBERT,0,7926,val,0
BERT,mBERT,0,7927,test,2
BERT,mBERT,0,7929,test,2
BERT,mBERT,0,7933,val,1
BERT,mBERT,0,7934,val,2
BERT,mBERT,0,7935,test,0
BERT,mBERT,0,7936,test,0
BERT,mBERT,0,7937,test,0
BERT,mBERT,0,7939,val,0
BERT,mBERT,0,7940,test,0
BERT,mBERT,0,7942,val,0
BERT,mBERT,0,7944,test,2
BERT,mBERT,0,7946,test,2
BERT,mBERT,0,7952,test,0
BERT,mBERT,0,7953,test,0
BERT,mBERT,0,7954,val,0
BERT,mBERT,0,7955,test,2
BERT,mBERT,0,7956,test,0
BERT,mBERT,0,7957,test,0
BERT,mBERT,0,7958,test,2
BERT,mBERT,0,7959,val,0
BERT,mBERT,0,7960,test,0
BERT,mBERT,0,7961,test,0
BERT,mBERT,0,7962,test,0
BERT,mBERT,0,7965,val,0
BERT,mBERT,0,7967,val,1
BERT,mBERT,0,7968,test,0
BERT,mBERT,0,7969,val,0
BERT,mBERT,0,7971,test,1
BERT,mBERT,0,7975,test,0
BERT,mBERT,0,7976,val,2
BERT,mBERT,0,7977,test,0
BERT,mBERT,0,7978,test,0
BERT,mBERT,0,7979,test,0
BERT,mBERT,0,7980,test,0
BERT,mBERT,0,7981,test,0
BERT,mBERT,0,7982,val,1
BERT,mBERT,0,7984,val,0
BERT,mBERT,0,7987,val,0
BERT,mBERT,0,7990,test,0
BERT,mBERT,0,7992,val,0
BERT,mBERT,0,7994,val,2
BERT,mBERT,0,7995,test,0
BERT,mBERT,0,7997,test,0
BERT,mBERT,0,7998,test,0
BERT,mBERT,0,8002,test,2
BERT,mBERT,0,8003,test,0
BERT,mBERT,0,8004,val,0
BERT,mBERT,0,8010,val,2
BERT,mBERT,0,8011,test,2
BERT,mBERT,0,8013,val,0
BERT,mBERT,0,8015,test,2
BERT,mBERT,0,8019,val,0
BERT,mBERT,0,8020,val,1
BERT,mBERT,0,8021,val,0
BERT,mBERT,0,8024,test,0
BERT,mBERT,0,8025,test,0
BERT,mBERT,0,8028,test,2
BERT,mBERT,0,8029,test,2
BERT,mBERT,0,8030,test,0
BERT,mBERT,0,8035,val,0
BERT,mBERT,0,8039,val,1
BERT,mBERT,0,8040,test,0
BERT,mBERT,0,8041,test,2
BERT,mBERT,0,8042,test,2
BERT,mBERT,0,8048,val,0
BERT,mBERT,0,8050,test,2
BERT,mBERT,0,8052,test,0
BERT,mBERT,0,8054,test,2
BERT,mBERT,0,8056,val,2
BERT,mBERT,0,8058,val,2
BERT,mBERT,0,8060,val,0
BERT,mBERT,0,8061,test,0
BERT,mBERT,0,8066,test,1
BERT,mBERT,0,8067,val,1
BERT,mBERT,0,8069,test,0
BERT,mBERT,0,8070,test,2
BERT,mBERT,0,8071,test,0
BERT,mBERT,0,8073,val,2
BERT,mBERT,0,8074,test,0
BERT,mBERT,0,8075,test,0
BERT,mBERT,0,8076,val,2
BERT,mBERT,0,8077,test,0
BERT,mBERT,0,8078,test,2
BERT,mBERT,0,8079,val,0
BERT,mBERT,0,8080,val,0
BERT,mBERT,0,8081,test,2
BERT,mBERT,0,8082,test,1
BERT,mBERT,0,8083,test,2
BERT,mBERT,0,8084,test,0
BERT,mBERT,0,8085,test,2
BERT,mBERT,0,8088,test,0
BERT,mBERT,0,8089,val,2
BERT,mBERT,0,8091,test,0
BERT,mBERT,0,8095,val,2
BERT,mBERT,0,8099,test,0
BERT,mBERT,0,8100,test,1
BERT,mBERT,0,8101,test,0
BERT,mBERT,0,8103,test,0
BERT,mBERT,0,8104,val,0
BERT,mBERT,0,8105,test,0
BERT,mBERT,0,8108,test,2
BERT,mBERT,0,8109,val,2
BERT,mBERT,0,8111,test,0
BERT,mBERT,0,8112,val,0
BERT,mBERT,0,8113,test,2
BERT,mBERT,0,8114,test,2
BERT,mBERT,0,8118,val,0
BERT,mBERT,0,8121,val,0
BERT,mBERT,0,8122,test,2
BERT,mBERT,0,8123,val,1
BERT,mBERT,0,8124,test,1
BERT,mBERT,0,8126,test,2
BERT,mBERT,0,8129,val,0
BERT,mBERT,0,8130,test,2
BERT,mBERT,0,8132,test,0
BERT,mBERT,0,8135,test,2
BERT,mBERT,0,8136,test,0
BERT,mBERT,0,8137,test,0
BERT,mBERT,0,8143,val,0
BERT,mBERT,0,8145,test,0
BERT,mBERT,0,8146,val,1
BERT,mBERT,0,8147,test,0
BERT,mBERT,0,8149,test,2
BERT,mBERT,0,8150,val,0
BERT,mBERT,0,8151,test,2
BERT,mBERT,0,8152,test,2
BERT,mBERT,0,8158,test,0
BERT,mBERT,0,8159,test,0
BERT,mBERT,0,8164,test,0
BERT,mBERT,0,8165,test,0
BERT,mBERT,0,8166,val,0
BERT,mBERT,0,8167,test,1
BERT,mBERT,0,8168,test,0
BERT,mBERT,0,8169,val,0
BERT,mBERT,0,8170,val,0
BERT,mBERT,0,8171,test,0
BERT,mBERT,0,8172,val,2
BERT,mBERT,0,8174,val,2
BERT,mBERT,0,8179,val,2
BERT,mBERT,0,8180,test,1
BERT,mBERT,0,8182,test,0
BERT,mBERT,0,8185,test,2
BERT,mBERT,0,8186,test,0
BERT,mBERT,0,8187,val,0
BERT,mBERT,0,8189,val,0
BERT,mBERT,0,8190,test,0
BERT,mBERT,0,8193,val,1
BERT,mBERT,0,8199,test,0
BERT,mBERT,0,8200,val,2
BERT,mBERT,0,8203,test,0
BERT,mBERT,0,8204,val,2
BERT,mBERT,0,8207,val,0
BERT,mBERT,0,8209,test,0
BERT,mBERT,0,8210,val,1
BERT,mBERT,0,8211,test,0
BERT,mBERT,0,8213,val,1
BERT,mBERT,0,8214,val,2
BERT,mBERT,0,8215,val,0
BERT,mBERT,0,8217,test,0
BERT,mBERT,0,8218,test,0
BERT,mBERT,0,8219,test,0
BERT,mBERT,0,8220,val,0
BERT,mBERT,0,8221,val,0
BERT,mBERT,0,8222,test,0
BERT,mBERT,0,8224,val,0
BERT,mBERT,0,8225,val,0
BERT,mBERT,0,8228,val,2
BERT,mBERT,0,8232,test,0
BERT,mBERT,0,8233,test,0
BERT,mBERT,0,8234,test,0
BERT,mBERT,0,8237,val,0
BERT,mBERT,0,8239,test,0
BERT,mBERT,0,8240,test,0
BERT,mBERT,0,8241,val,1
BERT,mBERT,0,8243,test,0
BERT,mBERT,0,8244,test,0
BERT,mBERT,0,8245,test,0
BERT,mBERT,0,8246,val,2
BERT,mBERT,0,8247,test,2
BERT,mBERT,0,8250,test,0
BERT,mBERT,0,8251,test,0
BERT,mBERT,0,8252,test,1
BERT,mBERT,0,8254,test,0
BERT,mBERT,0,8257,val,2
BERT,mBERT,0,8258,val,2
BERT,mBERT,0,8259,test,2
BERT,mBERT,0,8261,val,2
BERT,mBERT,0,8264,test,0
BERT,mBERT,0,8265,test,2
BERT,mBERT,0,8266,test,0
BERT,mBERT,0,8267,test,2
BERT,mBERT,0,8268,val,0
BERT,mBERT,0,8269,val,0
BERT,mBERT,0,8272,test,2
BERT,mBERT,0,8273,test,0
BERT,mBERT,0,8276,val,0
BERT,mBERT,0,8277,test,2
BERT,mBERT,0,8282,val,0
BERT,mBERT,0,8283,val,2
BERT,mBERT,0,8286,test,0
BERT,mBERT,0,8287,val,0
BERT,mBERT,0,8289,test,2
BERT,mBERT,0,8290,val,2
BERT,mBERT,0,8296,test,0
BERT,mBERT,0,8298,val,1
BERT,mBERT,0,8299,test,0
BERT,mBERT,0,8300,test,2
BERT,mBERT,0,8303,val,2
BERT,mBERT,0,8304,val,2
BERT,mBERT,0,8305,test,1
BERT,mBERT,0,8306,val,0
BERT,mBERT,0,8307,val,2
BERT,mBERT,0,8310,test,2
BERT,mBERT,0,8311,val,2
BERT,mBERT,0,8312,test,2
BERT,mBERT,0,8313,test,2
BERT,mBERT,0,8314,val,0
BERT,mBERT,0,8316,test,1
BERT,mBERT,0,8318,test,0
BERT,mBERT,0,8319,test,1
BERT,mBERT,0,8321,val,0
BERT,mBERT,0,8322,test,0
BERT,mBERT,0,8323,test,2
BERT,mBERT,0,8325,test,0
BERT,mBERT,0,8326,test,0
BERT,mBERT,0,8328,test,0
BERT,mBERT,0,8330,test,2
BERT,mBERT,0,8331,test,0
BERT,mBERT,0,8332,val,2
BERT,mBERT,0,8333,val,0
BERT,mBERT,0,8334,val,2
BERT,mBERT,0,8337,test,0
BERT,mBERT,0,8339,test,0
BERT,mBERT,0,8340,val,0
BERT,mBERT,0,8343,test,2
BERT,mBERT,0,8348,test,2
BERT,mBERT,0,8351,test,2
BERT,mBERT,0,8352,val,2
BERT,mBERT,0,8353,test,0
BERT,mBERT,0,8355,val,2
BERT,mBERT,0,8357,test,0
BERT,mBERT,0,8358,test,2
BERT,mBERT,0,8359,test,2
BERT,mBERT,0,8360,test,1
BERT,mBERT,0,8361,test,2
BERT,mBERT,0,8364,val,2
BERT,mBERT,0,8366,test,2
BERT,mBERT,0,8368,test,0
BERT,mBERT,0,8369,test,0
BERT,mBERT,0,8371,test,2
BERT,mBERT,0,8372,test,0
BERT,mBERT,0,8375,test,0
BERT,mBERT,0,8378,test,0
BERT,mBERT,0,8383,test,2
BERT,mBERT,0,8386,test,0
BERT,mBERT,0,8387,test,0
BERT,mBERT,0,8390,test,2
BERT,mBERT,0,8392,test,0
BERT,mBERT,0,8393,test,2
BERT,mBERT,0,8394,test,0
BERT,mBERT,0,8395,test,0
BERT,mBERT,0,8397,test,0
BERT,mBERT,0,8399,val,2
BERT,mBERT,0,8400,test,0
BERT,mBERT,0,8403,test,2
BERT,mBERT,0,8404,test,0
BERT,mBERT,0,8407,val,0
BERT,mBERT,0,8414,val,0
BERT,mBERT,0,8415,test,0
BERT,mBERT,0,8417,test,2
BERT,mBERT,0,8419,val,0
BERT,mBERT,0,8420,test,0
BERT,mBERT,0,8421,val,2
BERT,mBERT,0,8428,val,0
BERT,mBERT,0,8430,test,1
BERT,mBERT,0,8433,test,2
BERT,mBERT,0,8435,val,2
BERT,mBERT,0,8437,val,2
BERT,mBERT,0,8438,test,2
BERT,mBERT,0,8440,val,0
BERT,mBERT,0,8443,test,0
BERT,mBERT,0,8444,test,0
BERT,mBERT,0,8445,val,2
BERT,mBERT,0,8446,test,2
BERT,mBERT,0,8447,val,2
BERT,mBERT,0,8449,test,0
BERT,mBERT,0,8451,val,2
BERT,mBERT,0,8453,val,2
BERT,mBERT,0,8454,test,0
BERT,mBERT,0,8456,test,0
BERT,mBERT,0,8457,val,0
BERT,mBERT,0,8458,test,2
BERT,mBERT,0,8459,test,0
BERT,mBERT,0,8464,val,0
BERT,mBERT,0,8465,val,2
BERT,mBERT,0,8466,test,0
BERT,mBERT,0,8467,val,0
BERT,mBERT,0,8468,test,0
BERT,mBERT,0,8470,val,0
BERT,mBERT,0,8471,val,1
BERT,mBERT,0,8472,test,2
BERT,mBERT,0,8473,val,0
BERT,mBERT,0,8474,test,0
BERT,mBERT,0,8475,test,0
BERT,mBERT,0,8480,val,2
BERT,mBERT,0,8483,test,0
BERT,mBERT,0,8485,test,2
BERT,mBERT,0,8486,val,2
BERT,mBERT,0,8487,val,0
BERT,mBERT,0,8488,test,0
BERT,mBERT,0,8489,test,0
BERT,mBERT,0,8491,test,1
BERT,mBERT,0,8493,test,0
BERT,mBERT,0,8496,val,1
BERT,mBERT,0,8501,test,0
BERT,mBERT,0,8504,test,0
BERT,mBERT,0,8505,test,1
BERT,mBERT,0,8506,test,0
BERT,mBERT,0,8507,test,1
BERT,mBERT,0,8509,test,0
BERT,mBERT,0,8510,val,1
BERT,mBERT,0,8511,val,0
BERT,mBERT,0,8512,val,0
BERT,mBERT,0,8517,val,0
BERT,mBERT,0,8519,val,2
BERT,mBERT,0,8522,test,0
BERT,mBERT,0,8525,test,0
BERT,mBERT,0,8529,val,0
BERT,mBERT,0,8530,val,0
BERT,mBERT,0,8533,test,0
BERT,mBERT,0,8535,val,0
BERT,mBERT,0,8538,val,0
BERT,mBERT,0,8539,val,2
BERT,mBERT,0,8540,test,0
BERT,mBERT,0,8541,test,0
BERT,mBERT,0,8542,test,0
BERT,mBERT,0,8547,test,2
BERT,mBERT,0,8548,val,2
BERT,mBERT,0,8549,val,2
BERT,mBERT,0,8550,val,2
BERT,mBERT,0,8551,test,0
BERT,mBERT,0,8553,val,0
BERT,mBERT,0,8554,test,2
BERT,mBERT,0,8557,test,0
BERT,mBERT,0,8563,test,0
BERT,mBERT,0,8566,test,0
BERT,mBERT,0,8569,val,2
BERT,mBERT,0,8570,val,0
BERT,mBERT,0,8571,val,0
BERT,mBERT,0,8572,test,2
BERT,mBERT,0,8575,val,0
BERT,mBERT,0,8577,val,2
BERT,mBERT,0,8578,test,1
BERT,mBERT,0,8580,test,0
BERT,mBERT,0,8582,test,0
BERT,mBERT,0,8585,val,0
BERT,mBERT,0,8586,test,0
BERT,mBERT,0,8587,test,0
BERT,mBERT,0,8588,val,2
BERT,mBERT,0,8590,test,0
BERT,mBERT,0,8592,val,2
BERT,mBERT,0,8594,val,1
BERT,mBERT,0,8595,test,2
BERT,mBERT,0,8596,test,0
BERT,mBERT,0,8598,test,2
BERT,mBERT,0,8600,test,0
BERT,mBERT,0,8602,val,0
BERT,mBERT,0,8603,val,0
BERT,mBERT,0,8604,val,0
BERT,mBERT,0,8605,test,0
BERT,mBERT,0,8606,test,1
BERT,mBERT,0,8612,val,2
BERT,mBERT,0,8613,val,0
BERT,mBERT,0,8618,val,0
BERT,mBERT,0,8620,test,1
BERT,mBERT,0,8621,test,1
BERT,mBERT,0,8622,test,0
BERT,mBERT,0,8623,test,0
BERT,mBERT,0,8624,val,2
BERT,mBERT,0,8625,val,0
BERT,mBERT,0,8627,test,0
BERT,mBERT,0,8628,test,0
BERT,mBERT,0,8630,val,2
BERT,mBERT,0,8633,test,0
BERT,mBERT,0,8634,test,0
BERT,mBERT,0,8637,val,2
BERT,mBERT,0,8638,test,0
BERT,mBERT,0,8640,test,2
BERT,mBERT,0,8643,val,0
BERT,mBERT,0,8647,test,2
BERT,mBERT,0,8648,test,2
BERT,mBERT,0,8653,val,2
BERT,mBERT,0,8654,test,2
BERT,mBERT,0,8657,val,2
BERT,mBERT,0,8659,test,2
BERT,mBERT,0,8660,test,2
BERT,mBERT,0,8663,val,2
BERT,mBERT,0,8666,test,0
BERT,mBERT,0,8669,test,2
BERT,mBERT,0,8670,test,0
BERT,mBERT,0,8673,val,2
BERT,mBERT,0,8678,test,0
BERT,mBERT,0,8679,test,0
BERT,mBERT,0,8680,test,2
BERT,mBERT,0,8681,val,0
BERT,mBERT,0,8682,test,1
BERT,mBERT,0,8684,test,0
BERT,mBERT,0,8686,val,2
BERT,mBERT,0,8687,test,0
BERT,mBERT,0,8688,test,2
BERT,mBERT,0,8692,test,2
BERT,mBERT,0,8693,val,0
BERT,mBERT,0,8694,test,0
BERT,mBERT,0,8696,test,2
BERT,mBERT,0,8699,test,0
BERT,mBERT,0,8700,val,2
BERT,mBERT,0,8701,test,0
BERT,mBERT,0,8702,val,2
BERT,mBERT,0,8706,test,1
BERT,mBERT,0,8708,test,1
BERT,mBERT,0,8709,test,2
BERT,mBERT,0,8711,test,1
BERT,mBERT,0,8714,test,0
BERT,mBERT,0,8715,val,2
BERT,mBERT,0,8721,test,2
BERT,mBERT,0,8723,test,2
BERT,mBERT,0,8724,val,0
BERT,mBERT,0,8728,val,0
BERT,mBERT,0,8731,val,0
BERT,mBERT,0,8732,val,0
BERT,mBERT,0,8734,val,0
BERT,mBERT,0,8737,val,0
BERT,mBERT,0,8741,test,2
BERT,mBERT,0,8742,test,1
BERT,mBERT,0,8744,test,0
BERT,mBERT,0,8745,val,2
BERT,mBERT,0,8746,val,0
BERT,mBERT,0,8749,val,0
BERT,mBERT,0,8750,val,0
BERT,mBERT,0,8751,test,1
BERT,mBERT,0,8752,test,2
BERT,mBERT,0,8753,test,0
BERT,mBERT,0,8754,test,1
BERT,mBERT,0,8756,test,2
BERT,mBERT,0,8760,val,2
BERT,mBERT,0,8762,test,0
BERT,mBERT,0,8764,val,0
BERT,mBERT,0,8772,test,2
BERT,mBERT,0,8774,test,0
BERT,mBERT,0,8775,test,2
BERT,mBERT,0,8776,val,0
BERT,mBERT,0,8777,test,2
BERT,mBERT,0,8778,test,0
BERT,mBERT,0,8784,val,2
BERT,mBERT,0,8786,val,0
BERT,mBERT,0,8789,test,2
BERT,mBERT,0,8790,test,0
BERT,mBERT,0,8791,test,2
BERT,mBERT,0,8793,test,2
BERT,mBERT,0,8794,test,0
BERT,mBERT,0,8796,val,0
BERT,mBERT,0,8797,test,2
BERT,mBERT,0,8798,test,0
BERT,mBERT,0,8802,val,0
BERT,mBERT,0,8803,val,0
BERT,mBERT,0,8804,test,0
BERT,mBERT,0,8805,test,0
BERT,mBERT,0,8810,val,2
BERT,mBERT,0,8811,test,0
BERT,mBERT,0,8812,val,2
BERT,mBERT,0,8814,test,0
BERT,mBERT,0,8815,val,0
BERT,mBERT,0,8818,test,0
BERT,mBERT,0,8820,test,0
BERT,mBERT,0,8825,val,2
BERT,mBERT,0,8826,test,0
BERT,mBERT,0,8827,test,0
BERT,mBERT,0,8829,test,0
BERT,mBERT,0,8831,test,0
BERT,mBERT,0,8833,val,0
BERT,mBERT,0,8836,test,0
BERT,mBERT,0,8838,val,0
BERT,mBERT,0,8839,test,0
BERT,mBERT,0,8841,val,2
BERT,mBERT,0,8843,test,0
BERT,mBERT,0,8844,val,2
BERT,mBERT,0,8846,test,2
BERT,mBERT,0,8847,val,2
BERT,mBERT,0,8848,test,0
BERT,mBERT,0,8851,test,0
BERT,mBERT,0,8856,test,0
BERT,mBERT,0,8859,val,2
BERT,mBERT,0,8860,val,2
BERT,mBERT,0,8861,test,0
BERT,mBERT,0,8863,val,2
BERT,mBERT,0,8865,val,0
BERT,mBERT,0,8866,val,2
BERT,mBERT,0,8869,test,0
BERT,mBERT,0,8871,val,0
BERT,mBERT,0,8876,test,2
BERT,mBERT,0,8877,val,2
BERT,mBERT,0,8878,test,2
BERT,mBERT,0,8881,test,1
BERT,mBERT,0,8882,val,0
BERT,mBERT,0,8884,test,2
BERT,mBERT,0,8886,test,0
BERT,mBERT,0,8889,val,0
BERT,mBERT,0,8891,val,2
BERT,mBERT,0,8892,test,0
BERT,mBERT,0,8894,test,2
BERT,mBERT,0,8897,test,2
BERT,mBERT,0,8898,val,0
BERT,mBERT,0,8899,val,0
BERT,mBERT,0,8900,test,2
BERT,mBERT,0,8903,test,0
BERT,mBERT,0,8905,val,0
BERT,mBERT,0,8907,val,2
BERT,mBERT,0,8914,val,2
BERT,mBERT,0,8919,test,2
BERT,mBERT,0,8924,test,0
BERT,mBERT,0,8926,val,2
BERT,mBERT,0,8930,test,2
BERT,mBERT,0,8931,test,0
BERT,mBERT,0,8932,val,0
BERT,mBERT,0,8933,test,2
BERT,mBERT,0,8936,test,0
BERT,mBERT,0,8937,val,0
BERT,mBERT,0,8938,test,0
BERT,mBERT,0,8940,val,0
BERT,mBERT,0,8946,test,2
BERT,mBERT,0,8947,test,0
BERT,mBERT,0,8951,test,2
BERT,mBERT,0,8954,val,0
BERT,mBERT,0,8956,test,2
BERT,mBERT,0,8958,val,1
BERT,mBERT,0,8959,test,0
BERT,mBERT,0,8960,val,2
BERT,mBERT,0,8964,test,0
BERT,mBERT,0,8967,val,0
BERT,mBERT,0,8968,test,2
BERT,mBERT,0,8970,test,2
BERT,mBERT,0,8971,val,0
BERT,mBERT,0,8972,test,0
BERT,mBERT,0,8973,test,1
BERT,mBERT,0,8975,test,0
BERT,mBERT,0,8979,test,0
BERT,mBERT,0,8981,test,0
BERT,mBERT,0,8982,val,2
BERT,mBERT,0,8983,val,0
BERT,mBERT,0,8984,val,0
BERT,mBERT,0,8985,test,1
BERT,mBERT,0,8990,test,0
BERT,mBERT,0,8991,test,2
BERT,mBERT,0,8993,val,2
BERT,mBERT,0,8994,test,2
BERT,mBERT,0,8996,test,0
BERT,mBERT,0,8997,val,2
BERT,mBERT,0,8998,test,0
BERT,mBERT,0,8999,val,2
BERT,mBERT,0,9001,test,0
BERT,mBERT,0,9002,val,2
BERT,mBERT,0,9003,test,2
BERT,mBERT,0,9004,test,2
BERT,mBERT,0,9005,val,2
BERT,mBERT,0,9007,val,0
BERT,mBERT,0,9012,test,0
BERT,mBERT,0,9014,test,0
BERT,mBERT,0,9015,val,0
BERT,mBERT,0,9020,test,0
BERT,mBERT,0,9021,test,0
BERT,mBERT,0,9025,test,0
BERT,mBERT,0,9026,test,0
BERT,mBERT,0,9030,test,2
BERT,mBERT,0,9032,val,0
BERT,mBERT,0,9034,val,0
BERT,mBERT,0,9035,test,2
BERT,mBERT,0,9036,val,0
BERT,mBERT,0,9042,val,2
BERT,mBERT,0,9044,val,0
BERT,mBERT,0,9046,val,0
BERT,mBERT,0,9048,test,0
BERT,mBERT,0,9050,test,0
BERT,mBERT,0,9051,val,0
BERT,mBERT,0,9053,val,0
BERT,mBERT,0,9055,val,1
BERT,mBERT,0,9058,val,0
BERT,mBERT,0,9059,test,2
BERT,mBERT,0,9060,test,2
BERT,mBERT,0,9061,val,0
BERT,mBERT,0,9062,test,1
BERT,mBERT,0,9065,test,0
BERT,mBERT,0,9069,test,0
BERT,mBERT,0,9071,test,0
BERT,mBERT,0,9072,test,0
BERT,mBERT,0,9074,val,2
BERT,mBERT,0,9075,test,0
BERT,mBERT,0,9078,val,0
BERT,mBERT,0,9081,test,2
BERT,mBERT,0,9084,test,0
BERT,mBERT,0,9088,val,0
BERT,mBERT,0,9089,test,0
BERT,mBERT,0,9090,val,0
BERT,mBERT,0,9093,test,0
BERT,mBERT,0,9095,test,1
BERT,mBERT,0,9097,test,2
BERT,mBERT,0,9098,test,0
BERT,mBERT,0,9099,val,0
BERT,mBERT,0,9101,test,1
BERT,mBERT,0,9102,test,0
BERT,mBERT,0,9103,val,2
BERT,mBERT,0,9108,val,0
BERT,mBERT,0,9109,val,0
BERT,mBERT,0,9112,test,0
BERT,mBERT,0,9113,test,0
BERT,mBERT,0,9115,val,2
BERT,mBERT,0,9118,val,0
BERT,mBERT,0,9123,test,0
BERT,mBERT,0,9124,val,2
BERT,mBERT,0,9125,val,0
BERT,mBERT,0,9129,test,2
BERT,mBERT,0,9131,test,0
BERT,mBERT,0,9134,test,0
BERT,mBERT,0,9137,test,0
BERT,mBERT,0,9138,val,1
BERT,mBERT,0,9139,test,0
BERT,mBERT,0,9140,test,2
BERT,mBERT,0,9141,test,2
BERT,mBERT,0,9144,test,0
BERT,mBERT,0,9146,val,0
BERT,mBERT,0,9147,test,0
BERT,mBERT,0,9150,test,2
BERT,mBERT,0,9151,test,0
BERT,mBERT,0,9153,val,2
BERT,mBERT,0,9155,val,0
BERT,mBERT,0,9156,val,0
BERT,mBERT,0,9159,test,2
BERT,mBERT,0,9160,test,0
BERT,mBERT,0,9161,test,1
BERT,mBERT,0,9162,test,0
BERT,mBERT,0,9163,test,0
BERT,mBERT,0,9165,val,1
BERT,mBERT,0,9166,test,0
BERT,mBERT,0,9167,test,0
BERT,mBERT,0,9168,test,0
BERT,mBERT,0,9169,val,0
BERT,mBERT,0,9171,val,0
BERT,mBERT,0,9172,test,0
BERT,mBERT,0,9173,test,0
BERT,mBERT,0,9176,test,0
BERT,mBERT,0,9183,test,0
BERT,mBERT,0,9185,test,0
BERT,mBERT,0,9186,test,2
BERT,mBERT,0,9190,test,0
BERT,mBERT,0,9191,val,2
BERT,mBERT,0,9192,val,0
BERT,mBERT,0,9197,val,0
BERT,mBERT,0,9198,test,0
BERT,mBERT,0,9202,test,0
BERT,mBERT,0,9203,val,0
BERT,mBERT,0,9205,val,0
BERT,mBERT,0,9206,test,0
BERT,mBERT,0,9207,test,0
BERT,mBERT,0,9208,test,0
BERT,mBERT,0,9210,test,2
BERT,mBERT,0,9211,test,2
BERT,mBERT,0,9212,test,0
BERT,mBERT,0,9213,test,0
BERT,mBERT,0,9216,test,0
BERT,mBERT,0,9217,test,0
BERT,mBERT,0,9218,test,2
BERT,mBERT,0,9220,test,0
BERT,mBERT,0,9224,test,0
BERT,mBERT,0,9225,test,0
BERT,mBERT,0,9226,test,1
BERT,mBERT,0,9227,val,2
BERT,mBERT,0,9231,val,0
BERT,mBERT,0,9235,val,1
BERT,mBERT,0,9237,test,0
BERT,mBERT,0,9240,test,1
BERT,mBERT,0,9246,val,0
BERT,mBERT,0,9248,test,0
BERT,mBERT,0,9251,test,0
BERT,mBERT,0,9252,val,2
BERT,mBERT,0,9253,test,0
BERT,mBERT,0,9256,test,0
BERT,mBERT,0,9257,test,0
BERT,mBERT,0,9258,test,0
BERT,mBERT,0,9261,val,0
BERT,mBERT,0,9262,test,2
BERT,mBERT,0,9264,val,0
BERT,mBERT,0,9266,val,2
BERT,mBERT,0,9269,test,0
BERT,mBERT,0,9271,val,0
BERT,mBERT,0,9276,test,0
BERT,mBERT,0,9277,test,0
BERT,mBERT,0,9280,val,1
BERT,mBERT,0,9282,test,2
BERT,mBERT,0,9284,test,0
BERT,mBERT,0,9288,test,0
BERT,mBERT,0,9289,test,2
BERT,mBERT,0,9292,val,0
BERT,mBERT,0,9293,test,0
BERT,mBERT,0,9295,test,0
BERT,mBERT,0,9300,test,2
BERT,mBERT,0,9303,val,2
BERT,mBERT,0,9304,val,0
BERT,mBERT,0,9305,val,1
BERT,mBERT,0,9310,val,0
BERT,mBERT,0,9311,test,2
BERT,mBERT,0,9312,test,2
BERT,mBERT,0,9313,val,2
BERT,mBERT,0,9318,test,2
BERT,mBERT,0,9320,val,0
BERT,mBERT,0,9321,val,0
BERT,mBERT,0,9326,test,0
BERT,mBERT,0,9327,test,2
BERT,mBERT,0,9329,test,2
BERT,mBERT,0,9331,val,1
BERT,mBERT,0,9333,test,0
BERT,mBERT,0,9335,test,0
BERT,mBERT,0,9338,val,2
BERT,mBERT,0,9340,val,2
BERT,mBERT,0,9341,val,0
BERT,mBERT,0,9342,test,0
BERT,mBERT,0,9349,val,0
BERT,mBERT,0,9351,val,1
BERT,mBERT,0,9356,val,0
BERT,mBERT,0,9358,test,2
BERT,mBERT,0,9359,test,0
BERT,mBERT,0,9360,val,1
BERT,mBERT,0,9364,test,0
BERT,mBERT,0,9366,test,0
BERT,mBERT,0,9367,test,2
BERT,mBERT,0,9369,val,0
BERT,mBERT,0,9371,test,2
BERT,mBERT,0,9376,val,0
BERT,mBERT,0,9377,test,0
BERT,mBERT,0,9378,test,0
BERT,mBERT,0,9379,test,0
BERT,mBERT,0,9380,val,2
BERT,mBERT,0,9381,val,0
BERT,mBERT,0,9383,val,0
BERT,mBERT,0,9385,val,1
BERT,mBERT,0,9386,val,0
BERT,mBERT,0,9387,test,0
BERT,mBERT,0,9388,val,0
BERT,mBERT,0,9389,val,2
BERT,mBERT,0,9394,test,2
BERT,mBERT,0,9398,test,0
BERT,mBERT,0,9400,val,0
BERT,mBERT,0,9401,test,1
BERT,mBERT,0,9407,test,0
BERT,mBERT,0,9408,test,0
BERT,mBERT,0,9409,val,2
BERT,mBERT,0,9411,test,1
BERT,mBERT,0,9412,test,0
BERT,mBERT,0,9414,test,0
BERT,mBERT,0,9415,test,0
BERT,mBERT,0,9419,test,0
BERT,mBERT,0,9420,val,2
BERT,mBERT,0,9423,test,2
BERT,mBERT,0,9424,test,2
BERT,mBERT,0,9425,test,0
BERT,mBERT,0,9426,test,2
BERT,mBERT,0,9429,test,0
BERT,mBERT,0,9431,val,2
BERT,mBERT,0,9433,val,0
BERT,mBERT,0,9436,test,2
BERT,mBERT,0,9439,test,2
BERT,mBERT,0,9443,test,2
BERT,mBERT,0,9446,test,2
BERT,mBERT,0,9447,val,1
BERT,mBERT,0,9448,test,1
BERT,mBERT,0,9449,val,2
BERT,mBERT,0,9450,val,2
BERT,mBERT,0,9453,test,2
BERT,mBERT,0,9459,val,0
BERT,mBERT,0,9461,test,2
BERT,mBERT,0,9464,test,2
BERT,mBERT,0,9466,test,0
BERT,mBERT,0,9468,val,0
BERT,mBERT,0,9469,test,2
BERT,mBERT,0,9470,test,2
BERT,mBERT,0,9471,test,1
BERT,mBERT,0,9472,test,0
BERT,mBERT,0,9474,val,2
BERT,mBERT,0,9475,val,0
BERT,mBERT,0,9476,val,0
BERT,mBERT,0,9477,test,0
BERT,mBERT,0,9478,test,0
BERT,mBERT,0,9488,val,0
BERT,mBERT,0,9491,val,0
BERT,mBERT,0,9492,val,0
BERT,mBERT,0,9496,test,2
BERT,mBERT,0,9497,val,0
BERT,mBERT,0,9499,val,2
BERT,mBERT,0,9501,val,0
BERT,mBERT,0,9503,test,2
BERT,mBERT,0,9504,val,0
BERT,mBERT,0,9505,val,1
BERT,mBERT,0,9508,test,2
BERT,mBERT,0,9509,test,2
BERT,mBERT,0,9513,test,0
BERT,mBERT,0,9514,test,0
BERT,mBERT,0,9519,val,2
BERT,mBERT,0,9520,val,2
BERT,mBERT,0,9523,val,2
BERT,mBERT,0,9526,test,2
BERT,mBERT,0,9528,test,0
BERT,mBERT,0,9531,test,2
BERT,mBERT,0,9533,test,2
BERT,mBERT,0,9537,test,1
BERT,mBERT,0,9538,val,0
BERT,mBERT,0,9539,test,0
BERT,mBERT,0,9541,val,0
BERT,mBERT,0,9545,test,0
BERT,mBERT,0,9547,test,0
BERT,mBERT,0,9548,val,2
BERT,mBERT,0,9551,val,0
BERT,mBERT,0,9554,test,0
BERT,mBERT,0,9555,val,1
BERT,mBERT,0,9557,val,0
BERT,mBERT,0,9560,test,0
BERT,mBERT,0,9562,val,1
BERT,mBERT,0,9564,test,2
BERT,mBERT,0,9567,val,2
BERT,mBERT,0,9568,test,0
BERT,mBERT,0,9571,test,0
BERT,mBERT,0,9572,val,2
BERT,mBERT,0,9573,val,0
BERT,mBERT,0,9574,test,2
BERT,mBERT,0,9576,test,0
BERT,mBERT,0,9578,test,2
BERT,mBERT,0,9581,val,2
BERT,mBERT,0,9584,test,0
BERT,mBERT,0,9585,val,0
BERT,mBERT,0,9586,test,2
BERT,mBERT,0,9588,val,0
BERT,mBERT,0,9589,val,1
BERT,mBERT,0,9596,test,1
BERT,mBERT,0,9597,val,2
BERT,mBERT,0,9601,test,2
BERT,mBERT,0,9602,test,2
BERT,mBERT,0,9603,val,2
BERT,mBERT,0,9604,test,0
BERT,mBERT,0,9605,val,0
BERT,mBERT,0,9606,val,0
BERT,mBERT,0,9607,test,0
BERT,mBERT,0,9608,val,0
BERT,mBERT,0,9609,test,0
BERT,mBERT,0,9610,test,0
BERT,mBERT,0,9612,test,0
BERT,mBERT,0,9620,test,0
BERT,mBERT,0,9622,test,2
BERT,mBERT,0,9626,test,2
BERT,mBERT,0,9628,val,0
BERT,mBERT,0,9630,val,2
BERT,mBERT,0,9631,test,0
BERT,mBERT,0,9634,val,0
BERT,mBERT,0,9637,test,0
BERT,mBERT,0,9639,val,2
BERT,mBERT,0,9640,test,0
BERT,mBERT,0,9646,test,0
BERT,mBERT,0,9647,test,0
BERT,mBERT,0,9649,test,0
BERT,mBERT,0,9653,val,0
BERT,mBERT,0,9657,test,0
BERT,mBERT,0,9658,test,2
BERT,mBERT,0,9660,val,0
BERT,mBERT,0,9662,test,0
BERT,mBERT,0,9664,test,0
BERT,mBERT,0,9667,test,2
BERT,mBERT,0,9668,val,0
BERT,mBERT,0,9670,test,2
BERT,mBERT,0,9671,test,2
BERT,mBERT,0,9672,test,1
BERT,mBERT,0,9673,val,1
BERT,mBERT,0,9674,val,1
BERT,mBERT,0,9675,test,2
BERT,mBERT,0,9676,val,0
BERT,mBERT,0,9680,test,0
BERT,mBERT,0,9681,val,0
BERT,mBERT,0,9682,test,1
BERT,mBERT,0,9686,val,2
BERT,mBERT,0,9688,val,0
BERT,mBERT,0,9689,val,0
BERT,mBERT,0,9692,test,2
BERT,mBERT,0,9693,val,1
BERT,mBERT,0,9694,val,0
BERT,mBERT,0,9701,val,2
BERT,mBERT,0,9703,test,0
BERT,mBERT,0,9704,val,2
BERT,mBERT,0,9706,test,0
BERT,mBERT,0,9711,test,0
BERT,mBERT,0,9714,val,0
BERT,mBERT,0,9715,val,2
BERT,mBERT,0,9716,val,0
BERT,mBERT,0,9719,val,0
BERT,mBERT,0,9722,test,2
BERT,mBERT,0,9724,test,0
BERT,mBERT,0,9726,val,0
BERT,mBERT,0,9728,test,1
BERT,mBERT,0,9729,test,2
BERT,mBERT,0,9730,val,1
BERT,mBERT,0,9731,val,2
BERT,mBERT,0,9733,test,0
BERT,mBERT,0,9735,val,0
BERT,mBERT,0,9736,test,0
BERT,mBERT,0,9738,test,2
BERT,mBERT,0,9740,val,2
BERT,mBERT,0,9744,test,1
BERT,mBERT,0,9745,val,1
BERT,mBERT,0,9748,test,0
BERT,mBERT,0,9749,test,2
BERT,mBERT,0,9754,test,0
BERT,mBERT,0,9756,val,2
BERT,mBERT,0,9758,val,0
BERT,mBERT,0,9762,test,0
BERT,mBERT,0,9766,test,0
BERT,mBERT,0,9768,test,2
BERT,mBERT,0,9770,val,0
BERT,mBERT,0,9776,val,0
BERT,mBERT,0,9777,test,0
BERT,mBERT,0,9784,test,0
BERT,mBERT,0,9785,test,0
BERT,mBERT,0,9786,test,0
BERT,mBERT,0,9789,test,0
BERT,mBERT,0,9790,val,0
BERT,mBERT,0,9792,test,2
BERT,mBERT,0,9793,val,2
BERT,mBERT,0,9796,test,2
BERT,mBERT,0,9798,test,2
BERT,mBERT,0,9801,val,0
BERT,mBERT,0,9802,test,0
BERT,mBERT,0,9806,test,0
BERT,mBERT,0,9808,val,0
BERT,mBERT,0,9809,test,0
BERT,mBERT,0,9810,test,0
BERT,mBERT,0,9811,val,2
BERT,mBERT,0,9812,test,1
BERT,mBERT,0,9817,val,0
BERT,mBERT,0,9818,val,2
BERT,mBERT,0,9821,test,2
BERT,mBERT,0,9823,test,0
BERT,mBERT,0,9825,test,0
BERT,mBERT,0,9826,test,0
BERT,mBERT,0,9828,test,0
BERT,mBERT,0,9831,val,0
BERT,mBERT,0,9833,test,1
BERT,mBERT,0,9837,test,0
BERT,mBERT,0,9840,test,0
BERT,mBERT,0,9850,test,0
BERT,mBERT,0,9851,test,0
BERT,mBERT,0,9853,test,2
BERT,mBERT,0,9854,test,1
BERT,mBERT,0,9856,val,0
BERT,mBERT,0,9857,val,2
BERT,mBERT,0,9859,val,0
BERT,mBERT,0,9860,val,0
BERT,mBERT,0,9862,test,1
BERT,mBERT,0,9863,val,0
BERT,mBERT,0,9865,test,0
BERT,mBERT,0,9869,test,1
BERT,mBERT,0,9870,test,0
BERT,mBERT,0,9871,test,0
BERT,mBERT,0,9873,test,2
BERT,mBERT,0,9874,val,0
BERT,mBERT,0,9879,test,0
BERT,mBERT,0,9881,test,2
BERT,mBERT,0,9882,val,1
BERT,mBERT,0,9883,test,1
BERT,mBERT,0,9885,test,0
BERT,mBERT,0,9888,val,2
BERT,mBERT,0,9890,test,0
BERT,mBERT,0,9893,test,0
BERT,mBERT,0,9900,test,0
BERT,mBERT,0,9901,val,0
BERT,mBERT,0,9902,test,0
BERT,mBERT,0,9905,val,0
BERT,mBERT,0,9906,val,2
BERT,mBERT,0,9910,test,2
BERT,mBERT,0,9911,test,2
BERT,mBERT,0,9912,test,0
BERT,mBERT,0,9913,val,0
BERT,mBERT,0,9914,test,0
BERT,mBERT,0,9915,test,0
BERT,mBERT,0,9919,test,2
BERT,mBERT,0,9920,test,2
BERT,mBERT,0,9923,val,0
BERT,mBERT,0,9924,test,0
BERT,mBERT,0,9925,test,0
BERT,mBERT,0,9928,test,2
BERT,mBERT,0,9932,test,2
BERT,mBERT,0,9933,test,0
BERT,mBERT,0,9934,val,0
BERT,mBERT,0,9935,test,0
BERT,mBERT,0,9937,test,2
BERT,mBERT,0,9938,val,2
BERT,mBERT,0,9942,test,0
BERT,mBERT,0,9943,val,1
BERT,mBERT,0,9946,test,0
BERT,mBERT,0,9947,test,2
BERT,mBERT,0,9948,test,0
BERT,mBERT,0,9950,test,1
BERT,mBERT,0,9951,val,0
BERT,mBERT,0,9952,test,0
BERT,mBERT,0,9956,test,0
BERT,mBERT,0,9957,test,0
BERT,mBERT,0,9959,test,2
BERT,mBERT,0,9960,val,0
BERT,mBERT,0,9961,test,1
BERT,mBERT,0,9962,test,0
BERT,mBERT,0,9963,test,1
BERT,mBERT,0,9964,test,1
BERT,mBERT,0,9965,test,2
BERT,mBERT,0,9967,test,2
BERT,mBERT,0,9968,test,2
BERT,mBERT,0,9969,test,0
BERT,mBERT,0,9970,val,1
BERT,mBERT,0,9972,val,2
BERT,mBERT,0,9973,test,2
BERT,mBERT,0,9974,test,1
BERT,mBERT,0,9977,val,0
BERT,mBERT,0,9979,val,2
BERT,mBERT,0,9982,test,2
BERT,mBERT,0,9983,test,2
BERT,mBERT,0,9984,val,2
BERT,mBERT,0,9985,test,1
BERT,mBERT,0,9990,val,1
BERT,mBERT,0,9991,test,0
BERT,mBERT,0,9992,val,0
BERT,mBERT,0,9994,val,0
BERT,mBERT,0,9996,val,0
BERT,mBERT,0,9997,test,2
BERT,mBERT,0,9999,val,2
BERT,mBERT,0,10003,val,0
BERT,mBERT,0,10007,val,0
BERT,mBERT,0,10008,val,2
BERT,mBERT,0,10009,test,2
BERT,mBERT,0,10012,test,0
BERT,mBERT,0,10013,val,0
BERT,mBERT,0,10014,val,0
BERT,mBERT,0,10016,test,0
BERT,mBERT,0,10017,test,2
BERT,mBERT,0,10018,test,0
BERT,mBERT,0,10019,val,0
BERT,mBERT,0,10021,val,0
BERT,mBERT,0,10025,test,0
BERT,mBERT,0,10026,val,0
BERT,mBERT,0,10028,test,2
BERT,mBERT,0,10033,test,0
BERT,mBERT,0,10034,test,0
BERT,mBERT,0,10035,test,2
BERT,mBERT,0,10037,test,0
BERT,mBERT,0,10040,val,1
BERT,mBERT,0,10041,test,0
BERT,mBERT,0,10043,test,0
BERT,mBERT,0,10047,test,1
BERT,mBERT,0,10048,test,1
BERT,mBERT,0,10049,test,0
BERT,mBERT,0,10051,test,0
BERT,mBERT,0,10052,test,2
BERT,mBERT,0,10054,test,0
BERT,mBERT,0,10055,test,2
BERT,mBERT,0,10056,val,2
BERT,mBERT,0,10057,test,0
BERT,mBERT,0,10059,val,0
BERT,mBERT,0,10062,val,0
BERT,mBERT,0,10065,val,0
BERT,mBERT,0,10067,test,1
BERT,mBERT,0,10069,test,2
BERT,mBERT,0,10070,val,2
BERT,mBERT,0,10071,val,2
BERT,mBERT,0,10073,val,0
BERT,mBERT,0,10078,val,2
BERT,mBERT,0,10080,val,1
BERT,mBERT,0,10082,val,0
BERT,mBERT,0,10086,test,0
BERT,mBERT,0,10087,test,0
BERT,mBERT,0,10089,test,2
BERT,mBERT,0,10090,test,2
BERT,mBERT,0,10091,test,0
BERT,mBERT,0,10092,val,0
BERT,mBERT,0,10094,test,2
BERT,mBERT,0,10095,test,0
BERT,mBERT,0,10096,test,0
BERT,mBERT,0,10098,test,1
BERT,mBERT,0,10099,test,2
BERT,mBERT,0,10101,test,0
BERT,mBERT,0,10102,test,0
BERT,mBERT,0,10105,val,1
BERT,mBERT,0,10106,val,0
BERT,mBERT,0,10107,test,1
BERT,mBERT,0,10108,test,0
BERT,mBERT,0,10109,val,1
BERT,mBERT,0,10111,test,0
BERT,mBERT,0,10113,test,0
BERT,mBERT,0,10114,val,2
BERT,mBERT,0,10121,val,2
BERT,mBERT,0,10125,test,2
BERT,mBERT,0,10127,val,2
BERT,mBERT,0,10128,test,0
BERT,mBERT,0,10129,test,0
BERT,mBERT,0,10131,val,2
BERT,mBERT,0,10132,test,2
BERT,mBERT,0,10135,test,2
BERT,mBERT,0,10136,test,2
BERT,mBERT,0,10137,val,0
BERT,mBERT,0,10140,val,2
BERT,mBERT,0,10144,val,2
BERT,mBERT,0,10146,val,0
BERT,mBERT,0,10147,val,2
BERT,mBERT,0,10149,test,0
BERT,mBERT,0,10150,val,0
BERT,mBERT,0,10153,test,0
BERT,mBERT,0,10154,val,0
BERT,mBERT,0,10156,test,0
BERT,mBERT,0,10157,test,1
BERT,mBERT,0,10158,val,2
BERT,mBERT,0,10160,val,0
BERT,mBERT,0,10161,val,1
BERT,mBERT,0,10163,val,0
BERT,mBERT,0,10168,test,0
BERT,mBERT,0,10172,val,0
BERT,mBERT,0,10173,val,1
BERT,mBERT,0,10174,val,0
BERT,mBERT,0,10177,test,0
BERT,mBERT,0,10178,val,0
BERT,mBERT,0,10180,val,2
BERT,mBERT,0,10184,val,2
BERT,mBERT,0,10187,val,2
BERT,mBERT,0,10191,test,0
BERT,mBERT,0,10193,val,0
BERT,mBERT,0,10194,test,0
BERT,mBERT,0,10195,test,0
BERT,mBERT,0,10196,test,2
BERT,mBERT,0,10198,val,0
BERT,mBERT,0,10201,test,2
BERT,mBERT,0,10202,val,0
BERT,mBERT,0,10203,val,0
BERT,mBERT,0,10205,val,0
BERT,mBERT,0,10207,test,1
BERT,mBERT,0,10208,test,0
BERT,mBERT,0,10209,test,2
BERT,mBERT,0,10213,val,1
BERT,mBERT,0,10214,test,0
BERT,mBERT,0,10217,val,0
BERT,mBERT,0,10218,test,0
BERT,mBERT,0,10219,val,0
BERT,mBERT,0,10221,test,0
BERT,mBERT,0,10222,test,0
BERT,mBERT,0,10225,test,2
BERT,mBERT,0,10229,test,0
BERT,mBERT,0,10231,test,0
BERT,mBERT,0,10232,test,2
BERT,mBERT,0,10239,val,0
BERT,mBERT,0,10240,test,2
BERT,mBERT,0,10241,val,0
BERT,mBERT,0,10242,val,0
BERT,mBERT,0,10243,val,0
BERT,mBERT,0,10247,test,0
BERT,mBERT,0,10250,test,0
BERT,mBERT,0,10254,test,0
BERT,mBERT,0,10256,val,0
BERT,mBERT,0,10257,test,2
BERT,mBERT,0,10258,test,2
BERT,mBERT,0,10261,test,2
BERT,mBERT,0,10265,val,2
BERT,mBERT,0,10266,test,2
BERT,mBERT,0,10267,val,0
BERT,mBERT,0,10269,test,1
BERT,mBERT,0,10271,test,1
BERT,mBERT,0,10272,val,2
BERT,mBERT,0,10274,test,1
BERT,mBERT,0,10277,test,0
BERT,mBERT,0,10281,test,2
BERT,mBERT,0,10282,test,0
BERT,mBERT,0,10283,test,1
BERT,mBERT,0,10284,val,0
BERT,mBERT,0,10285,test,0
BERT,mBERT,0,10286,test,2
BERT,mBERT,0,10287,test,2
BERT,mBERT,0,10288,test,2
BERT,mBERT,0,10290,test,0
BERT,mBERT,0,10292,test,2
BERT,mBERT,0,10293,test,0
BERT,mBERT,0,10294,val,0
BERT,mBERT,0,10295,val,0
BERT,mBERT,0,10296,test,2
BERT,mBERT,0,10297,val,0
BERT,mBERT,0,10299,test,0
BERT,mBERT,0,10302,test,2
BERT,mBERT,0,10303,val,0
BERT,mBERT,0,10305,val,0
BERT,mBERT,0,10310,val,2
BERT,mBERT,0,10311,val,0
BERT,mBERT,0,10312,val,0
BERT,mBERT,0,10313,test,0
BERT,mBERT,0,10316,val,0
BERT,mBERT,0,10317,val,0
BERT,mBERT,0,10318,val,0
BERT,mBERT,0,10321,val,2
BERT,mBERT,0,10322,test,2
BERT,mBERT,0,10323,test,0
BERT,mBERT,0,10325,test,0
BERT,mBERT,0,10326,test,0
BERT,mBERT,0,10329,val,2
BERT,mBERT,0,10331,val,0
BERT,mBERT,0,10332,val,2
BERT,mBERT,0,10342,val,0
BERT,mBERT,0,10343,test,0
BERT,mBERT,0,10345,test,0
BERT,mBERT,0,10346,test,0
BERT,mBERT,0,10348,test,0
BERT,mBERT,0,10350,val,0
BERT,mBERT,0,10351,val,0
BERT,mBERT,0,10354,test,0
BERT,mBERT,0,10356,test,0
BERT,mBERT,0,10358,test,1
BERT,mBERT,0,10359,test,0
BERT,mBERT,0,10367,val,1
BERT,mBERT,0,10369,test,2
BERT,mBERT,0,10370,test,0
BERT,mBERT,0,10372,val,0
BERT,mBERT,0,10375,val,0
BERT,mBERT,0,10376,test,0
BERT,mBERT,0,10379,test,2
BERT,mBERT,0,10381,test,0
BERT,mBERT,0,10382,test,0
BERT,mBERT,0,10384,val,0
BERT,mBERT,0,10385,val,0
BERT,mBERT,0,10386,test,0
BERT,mBERT,0,10389,val,1
BERT,mBERT,0,10390,val,0
BERT,mBERT,0,10391,test,2
BERT,mBERT,0,10392,val,0
BERT,mBERT,0,10402,val,0
BERT,mBERT,0,10403,val,1
BERT,mBERT,0,10405,val,0
BERT,mBERT,0,10407,test,0
BERT,mBERT,0,10408,test,1
BERT,mBERT,0,10411,val,0
BERT,mBERT,0,10414,val,1
BERT,mBERT,0,10415,val,1
BERT,mBERT,0,10416,val,1
BERT,mBERT,0,10417,test,2
BERT,mBERT,0,10419,val,0
BERT,mBERT,0,10420,test,0
BERT,mBERT,0,10421,test,2
BERT,mBERT,0,10426,test,1
BERT,mBERT,0,10427,test,0
BERT,mBERT,0,10434,val,0
BERT,mBERT,0,10436,test,1
BERT,mBERT,0,10439,test,0
BERT,mBERT,0,10440,val,2
BERT,mBERT,0,10441,test,2
BERT,mBERT,0,10443,test,1
BERT,mBERT,0,10444,test,0
BERT,mBERT,0,10446,val,2
BERT,mBERT,0,10448,test,0
BERT,mBERT,0,10449,test,0
BERT,mBERT,0,10450,test,0
BERT,mBERT,0,10452,val,0
BERT,mBERT,0,10453,test,0
BERT,mBERT,0,10455,test,0
BERT,mBERT,0,10457,test,0
BERT,mBERT,0,10458,test,2
BERT,mBERT,0,10459,test,0
BERT,mBERT,0,10460,val,0
BERT,mBERT,0,10461,test,2
BERT,mBERT,0,10463,val,0
BERT,mBERT,0,10464,test,0
BERT,mBERT,0,10465,test,0
BERT,mBERT,0,10469,test,0
BERT,mBERT,0,10471,test,0
BERT,mBERT,0,10472,val,2
BERT,mBERT,0,10475,test,2
BERT,mBERT,0,10478,val,0
BERT,mBERT,0,10479,val,2
BERT,mBERT,0,10481,test,0
BERT,mBERT,0,10487,test,0
BERT,mBERT,0,10488,test,0
BERT,mBERT,0,10490,test,0
BERT,mBERT,0,10492,val,0
BERT,mBERT,0,10493,test,0
BERT,mBERT,0,10499,test,0
BERT,mBERT,0,10501,val,0
BERT,mBERT,0,10505,val,0
BERT,mBERT,0,10508,test,2
BERT,mBERT,0,10511,val,0
BERT,mBERT,0,10513,test,2
BERT,mBERT,0,10514,test,2
BERT,mBERT,0,10517,test,0
BERT,mBERT,0,10519,test,0
BERT,mBERT,0,10520,test,0
BERT,mBERT,0,10522,test,0
BERT,mBERT,0,10524,test,0
BERT,mBERT,0,10525,val,0
BERT,mBERT,0,10530,test,0
BERT,mBERT,0,10532,test,0
BERT,mBERT,0,10534,val,0
BERT,mBERT,0,10539,test,1
BERT,mBERT,0,10540,val,0
BERT,mBERT,0,10542,val,0
BERT,mBERT,0,10543,test,0
BERT,mBERT,0,10546,test,0
BERT,mBERT,0,10547,val,0
BERT,mBERT,0,10551,test,2
BERT,mBERT,0,10552,test,2
BERT,mBERT,0,10553,val,2
BERT,mBERT,0,10554,test,0
BERT,mBERT,0,10555,test,0
BERT,mBERT,0,10556,val,1
BERT,mBERT,0,10557,val,0
BERT,mBERT,0,10559,test,0
BERT,mBERT,0,10563,val,2
BERT,mBERT,0,10565,test,0
BERT,mBERT,0,10566,val,2
BERT,mBERT,0,10569,val,0
BERT,mBERT,0,10571,val,0
BERT,mBERT,0,10572,val,0
BERT,mBERT,0,10574,val,2
BERT,mBERT,0,10576,val,0
BERT,mBERT,0,10580,val,0
BERT,mBERT,0,10582,val,0
BERT,mBERT,0,10583,val,2
BERT,mBERT,0,10592,test,0
BERT,mBERT,0,10595,val,0
BERT,mBERT,0,10596,val,0
BERT,mBERT,0,10597,val,0
BERT,mBERT,0,10599,val,0
BERT,mBERT,0,10601,val,0
BERT,mBERT,0,10603,test,0
BERT,mBERT,0,10605,test,0
BERT,mBERT,0,10606,val,0
BERT,mBERT,0,10607,test,2
BERT,mBERT,0,10609,test,0
BERT,mBERT,0,10610,val,0
BERT,mBERT,0,10612,test,0
BERT,mBERT,0,10613,test,2
BERT,mBERT,0,10614,test,2
BERT,mBERT,0,10615,test,0
BERT,mBERT,0,10617,val,0
BERT,mBERT,0,10618,test,0
BERT,mBERT,0,10621,val,1
BERT,mBERT,0,10628,test,0
BERT,mBERT,0,10629,val,1
BERT,mBERT,0,10631,test,2
BERT,mBERT,0,10633,test,0
BERT,mBERT,0,10634,val,2
BERT,mBERT,0,10640,test,2
BERT,mBERT,0,10642,test,0
BERT,mBERT,0,10643,val,0
BERT,mBERT,0,10644,test,2
BERT,mBERT,0,10645,val,2
BERT,mBERT,0,10648,val,1
BERT,mBERT,0,10651,test,0
BERT,mBERT,0,10652,val,0
BERT,mBERT,0,10653,test,2
BERT,mBERT,0,10654,val,0
BERT,mBERT,0,10655,test,0
BERT,mBERT,0,10658,val,1
BERT,mBERT,0,10659,val,1
BERT,mBERT,0,10660,val,1
BERT,mBERT,0,10661,val,0
BERT,mBERT,0,10662,test,0
BERT,mBERT,0,10663,test,0
BERT,mBERT,0,10666,val,1
BERT,mBERT,0,10668,test,2
BERT,mBERT,0,10671,val,1
BERT,mBERT,0,10672,test,0
BERT,mBERT,0,10673,val,0
BERT,mBERT,0,10674,test,0
BERT,mBERT,0,10675,val,0
BERT,mBERT,0,10678,test,2
BERT,mBERT,0,10679,test,2
BERT,mBERT,0,10682,test,1
BERT,mBERT,0,10683,test,0
BERT,mBERT,0,10684,test,1
BERT,mBERT,0,10685,test,0
BERT,mBERT,0,10686,test,1
BERT,mBERT,0,10689,test,1
BERT,mBERT,0,10692,val,1
BERT,mBERT,0,10693,val,0
BERT,mBERT,0,10696,val,0
BERT,mBERT,0,10697,test,2
BERT,mBERT,0,10698,test,2
BERT,mBERT,0,10699,test,2
BERT,mBERT,0,10700,val,0
BERT,mBERT,0,10702,val,2
BERT,mBERT,0,10703,test,0
BERT,mBERT,0,10704,val,2
BERT,mBERT,0,10705,test,2
BERT,mBERT,0,10706,val,0
BERT,mBERT,0,10707,test,1
BERT,mBERT,0,10708,test,2
BERT,mBERT,0,10711,val,0
BERT,mBERT,0,10713,test,0
BERT,mBERT,0,10714,val,2
BERT,mBERT,0,10715,test,0
BERT,mBERT,0,10717,val,0
BERT,mBERT,0,10721,val,0
BERT,mBERT,0,10722,val,2
BERT,mBERT,0,10723,val,0
BERT,mBERT,0,10724,val,0
BERT,mBERT,0,10727,test,0
BERT,mBERT,0,10728,val,0
BERT,mBERT,0,10730,val,1
BERT,mBERT,0,10731,val,0
BERT,mBERT,0,10732,test,0
BERT,mBERT,0,10733,val,1
BERT,mBERT,0,10734,val,0
BERT,mBERT,0,10735,val,2
BERT,mBERT,0,10736,test,0
BERT,mBERT,0,10737,val,2
BERT,mBERT,0,10740,test,2
BERT,mBERT,1,1,test,0
BERT,mBERT,1,2,test,0
BERT,mBERT,1,6,val,1
BERT,mBERT,1,7,test,0
BERT,mBERT,1,12,val,1
BERT,mBERT,1,14,test,2
BERT,mBERT,1,15,test,2
BERT,mBERT,1,19,test,0
BERT,mBERT,1,23,val,2
BERT,mBERT,1,26,test,1
BERT,mBERT,1,30,test,1
BERT,mBERT,1,32,test,0
BERT,mBERT,1,34,test,2
BERT,mBERT,1,37,val,0
BERT,mBERT,1,39,val,1
BERT,mBERT,1,40,val,0
BERT,mBERT,1,42,test,0
BERT,mBERT,1,43,test,0
BERT,mBERT,1,44,val,0
BERT,mBERT,1,45,val,1
BERT,mBERT,1,47,test,0
BERT,mBERT,1,48,test,2
BERT,mBERT,1,49,test,1
BERT,mBERT,1,50,val,0
BERT,mBERT,1,51,test,2
BERT,mBERT,1,52,test,0
BERT,mBERT,1,54,test,2
BERT,mBERT,1,55,val,0
BERT,mBERT,1,56,test,0
BERT,mBERT,1,58,test,0
BERT,mBERT,1,59,test,1
BERT,mBERT,1,61,test,2
BERT,mBERT,1,62,val,0
BERT,mBERT,1,63,test,2
BERT,mBERT,1,64,test,2
BERT,mBERT,1,66,test,0
BERT,mBERT,1,67,test,2
BERT,mBERT,1,69,val,1
BERT,mBERT,1,70,test,2
BERT,mBERT,1,71,test,0
BERT,mBERT,1,72,test,0
BERT,mBERT,1,73,val,0
BERT,mBERT,1,76,val,0
BERT,mBERT,1,77,test,2
BERT,mBERT,1,78,val,0
BERT,mBERT,1,79,test,2
BERT,mBERT,1,81,val,0
BERT,mBERT,1,82,val,0
BERT,mBERT,1,87,val,2
BERT,mBERT,1,88,val,1
BERT,mBERT,1,91,val,0
BERT,mBERT,1,92,test,2
BERT,mBERT,1,95,test,0
BERT,mBERT,1,96,test,2
BERT,mBERT,1,98,test,0
BERT,mBERT,1,99,test,0
BERT,mBERT,1,100,test,0
BERT,mBERT,1,101,test,0
BERT,mBERT,1,104,test,0
BERT,mBERT,1,106,val,0
BERT,mBERT,1,111,val,0
BERT,mBERT,1,114,val,0
BERT,mBERT,1,115,val,2
BERT,mBERT,1,116,test,0
BERT,mBERT,1,118,val,0
BERT,mBERT,1,122,val,0
BERT,mBERT,1,123,val,1
BERT,mBERT,1,126,test,0
BERT,mBERT,1,127,val,1
BERT,mBERT,1,129,val,0
BERT,mBERT,1,133,test,0
BERT,mBERT,1,135,test,2
BERT,mBERT,1,138,val,1
BERT,mBERT,1,140,test,0
BERT,mBERT,1,141,test,1
BERT,mBERT,1,148,test,0
BERT,mBERT,1,150,test,0
BERT,mBERT,1,153,test,1
BERT,mBERT,1,155,test,1
BERT,mBERT,1,156,test,0
BERT,mBERT,1,162,test,1
BERT,mBERT,1,163,val,2
BERT,mBERT,1,164,test,1
BERT,mBERT,1,166,test,0
BERT,mBERT,1,169,val,1
BERT,mBERT,1,170,val,2
BERT,mBERT,1,171,test,1
BERT,mBERT,1,176,test,1
BERT,mBERT,1,177,val,0
BERT,mBERT,1,181,test,0
BERT,mBERT,1,182,test,0
BERT,mBERT,1,184,val,2
BERT,mBERT,1,185,test,0
BERT,mBERT,1,187,test,0
BERT,mBERT,1,191,test,2
BERT,mBERT,1,194,val,0
BERT,mBERT,1,197,test,0
BERT,mBERT,1,202,test,0
BERT,mBERT,1,205,val,0
BERT,mBERT,1,207,test,0
BERT,mBERT,1,209,test,0
BERT,mBERT,1,212,val,0
BERT,mBERT,1,213,test,0
BERT,mBERT,1,214,test,0
BERT,mBERT,1,216,test,1
BERT,mBERT,1,219,val,2
BERT,mBERT,1,220,test,0
BERT,mBERT,1,221,test,0
BERT,mBERT,1,222,val,1
BERT,mBERT,1,225,val,0
BERT,mBERT,1,227,val,2
BERT,mBERT,1,229,val,2
BERT,mBERT,1,231,test,0
BERT,mBERT,1,232,val,0
BERT,mBERT,1,233,test,0
BERT,mBERT,1,234,test,1
BERT,mBERT,1,235,test,0
BERT,mBERT,1,236,test,0
BERT,mBERT,1,240,val,1
BERT,mBERT,1,241,test,1
BERT,mBERT,1,242,val,0
BERT,mBERT,1,243,val,0
BERT,mBERT,1,244,val,1
BERT,mBERT,1,246,test,0
BERT,mBERT,1,248,test,2
BERT,mBERT,1,250,val,1
BERT,mBERT,1,255,val,0
BERT,mBERT,1,258,val,0
BERT,mBERT,1,260,test,0
BERT,mBERT,1,263,val,0
BERT,mBERT,1,268,test,0
BERT,mBERT,1,269,val,0
BERT,mBERT,1,276,test,0
BERT,mBERT,1,278,val,0
BERT,mBERT,1,280,test,1
BERT,mBERT,1,281,test,0
BERT,mBERT,1,282,val,1
BERT,mBERT,1,283,val,0
BERT,mBERT,1,286,test,1
BERT,mBERT,1,288,val,0
BERT,mBERT,1,291,val,1
BERT,mBERT,1,292,val,0
BERT,mBERT,1,294,val,1
BERT,mBERT,1,295,val,0
BERT,mBERT,1,296,test,0
BERT,mBERT,1,297,val,0
BERT,mBERT,1,298,test,0
BERT,mBERT,1,299,val,0
BERT,mBERT,1,300,test,0
BERT,mBERT,1,301,val,0
BERT,mBERT,1,302,test,0
BERT,mBERT,1,303,val,0
BERT,mBERT,1,304,test,1
BERT,mBERT,1,306,test,0
BERT,mBERT,1,307,val,0
BERT,mBERT,1,308,test,0
BERT,mBERT,1,310,val,1
BERT,mBERT,1,313,test,1
BERT,mBERT,1,316,test,0
BERT,mBERT,1,320,val,2
BERT,mBERT,1,322,val,1
BERT,mBERT,1,324,val,0
BERT,mBERT,1,327,test,0
BERT,mBERT,1,331,val,0
BERT,mBERT,1,333,test,0
BERT,mBERT,1,335,test,2
BERT,mBERT,1,337,test,0
BERT,mBERT,1,338,val,0
BERT,mBERT,1,339,val,2
BERT,mBERT,1,340,val,1
BERT,mBERT,1,341,val,0
BERT,mBERT,1,342,test,0
BERT,mBERT,1,343,val,0
BERT,mBERT,1,345,val,0
BERT,mBERT,1,347,test,1
BERT,mBERT,1,352,val,0
BERT,mBERT,1,353,test,0
BERT,mBERT,1,355,val,0
BERT,mBERT,1,356,test,0
BERT,mBERT,1,358,test,1
BERT,mBERT,1,360,val,0
BERT,mBERT,1,361,val,1
BERT,mBERT,1,364,val,0
BERT,mBERT,1,370,test,1
BERT,mBERT,1,371,val,0
BERT,mBERT,1,377,val,0
BERT,mBERT,1,378,test,0
BERT,mBERT,1,382,val,0
BERT,mBERT,1,384,test,0
BERT,mBERT,1,387,val,1
BERT,mBERT,1,390,val,0
BERT,mBERT,1,391,test,0
BERT,mBERT,1,396,test,0
BERT,mBERT,1,399,val,0
BERT,mBERT,1,402,val,0
BERT,mBERT,1,404,test,0
BERT,mBERT,1,405,val,1
BERT,mBERT,1,407,test,0
BERT,mBERT,1,408,test,1
BERT,mBERT,1,409,val,0
BERT,mBERT,1,411,val,2
BERT,mBERT,1,414,test,1
BERT,mBERT,1,418,val,1
BERT,mBERT,1,419,test,0
BERT,mBERT,1,422,test,1
BERT,mBERT,1,426,test,0
BERT,mBERT,1,427,val,0
BERT,mBERT,1,428,test,0
BERT,mBERT,1,429,val,2
BERT,mBERT,1,430,val,0
BERT,mBERT,1,431,test,0
BERT,mBERT,1,432,test,0
BERT,mBERT,1,434,val,2
BERT,mBERT,1,435,test,0
BERT,mBERT,1,439,test,0
BERT,mBERT,1,442,val,0
BERT,mBERT,1,445,val,2
BERT,mBERT,1,448,val,0
BERT,mBERT,1,449,val,1
BERT,mBERT,1,450,test,0
BERT,mBERT,1,451,test,0
BERT,mBERT,1,453,test,0
BERT,mBERT,1,454,val,0
BERT,mBERT,1,456,val,0
BERT,mBERT,1,457,val,1
BERT,mBERT,1,458,val,0
BERT,mBERT,1,459,test,1
BERT,mBERT,1,460,val,0
BERT,mBERT,1,462,val,1
BERT,mBERT,1,463,val,1
BERT,mBERT,1,465,test,0
BERT,mBERT,1,467,test,1
BERT,mBERT,1,470,test,0
BERT,mBERT,1,471,test,1
BERT,mBERT,1,473,test,1
BERT,mBERT,1,476,val,0
BERT,mBERT,1,477,test,0
BERT,mBERT,1,479,test,1
BERT,mBERT,1,480,test,1
BERT,mBERT,1,482,val,0
BERT,mBERT,1,488,val,0
BERT,mBERT,1,489,val,1
BERT,mBERT,1,491,test,0
BERT,mBERT,1,493,val,1
BERT,mBERT,1,494,test,1
BERT,mBERT,1,497,val,0
BERT,mBERT,1,498,test,1
BERT,mBERT,1,499,test,0
BERT,mBERT,1,500,val,0
BERT,mBERT,1,504,test,0
BERT,mBERT,1,506,test,1
BERT,mBERT,1,507,test,0
BERT,mBERT,1,509,test,1
BERT,mBERT,1,510,test,1
BERT,mBERT,1,511,val,1
BERT,mBERT,1,512,test,1
BERT,mBERT,1,515,test,1
BERT,mBERT,1,517,test,1
BERT,mBERT,1,520,test,1
BERT,mBERT,1,521,test,0
BERT,mBERT,1,522,val,1
BERT,mBERT,1,523,test,1
BERT,mBERT,1,527,test,1
BERT,mBERT,1,529,val,0
BERT,mBERT,1,531,val,0
BERT,mBERT,1,532,test,0
BERT,mBERT,1,534,val,1
BERT,mBERT,1,536,val,1
BERT,mBERT,1,537,test,1
BERT,mBERT,1,538,test,1
BERT,mBERT,1,540,test,1
BERT,mBERT,1,542,val,0
BERT,mBERT,1,544,val,1
BERT,mBERT,1,546,test,1
BERT,mBERT,1,550,val,0
BERT,mBERT,1,551,test,1
BERT,mBERT,1,554,val,1
BERT,mBERT,1,557,test,1
BERT,mBERT,1,558,val,0
BERT,mBERT,1,560,test,0
BERT,mBERT,1,564,test,0
BERT,mBERT,1,565,test,1
BERT,mBERT,1,566,test,0
BERT,mBERT,1,567,test,1
BERT,mBERT,1,568,test,0
BERT,mBERT,1,570,val,1
BERT,mBERT,1,574,test,0
BERT,mBERT,1,575,val,1
BERT,mBERT,1,576,test,1
BERT,mBERT,1,578,test,1
BERT,mBERT,1,579,test,1
BERT,mBERT,1,580,test,1
BERT,mBERT,1,581,val,1
BERT,mBERT,1,582,val,1
BERT,mBERT,1,583,test,0
BERT,mBERT,1,584,test,1
BERT,mBERT,1,585,val,0
BERT,mBERT,1,586,test,0
BERT,mBERT,1,587,val,0
BERT,mBERT,1,590,test,1
BERT,mBERT,1,591,val,1
BERT,mBERT,1,592,val,0
BERT,mBERT,1,596,test,1
BERT,mBERT,1,597,test,0
BERT,mBERT,1,598,test,0
BERT,mBERT,1,599,test,1
BERT,mBERT,1,600,test,1
BERT,mBERT,1,606,test,1
BERT,mBERT,1,607,test,1
BERT,mBERT,1,609,test,1
BERT,mBERT,1,610,test,0
BERT,mBERT,1,611,val,1
BERT,mBERT,1,612,val,0
BERT,mBERT,1,613,val,0
BERT,mBERT,1,614,val,1
BERT,mBERT,1,615,val,1
BERT,mBERT,1,616,test,1
BERT,mBERT,1,618,val,2
BERT,mBERT,1,619,test,1
BERT,mBERT,1,620,test,0
BERT,mBERT,1,622,test,0
BERT,mBERT,1,625,test,2
BERT,mBERT,1,628,val,0
BERT,mBERT,1,631,test,0
BERT,mBERT,1,634,test,0
BERT,mBERT,1,635,test,0
BERT,mBERT,1,637,test,1
BERT,mBERT,1,638,test,0
BERT,mBERT,1,640,val,0
BERT,mBERT,1,642,test,0
BERT,mBERT,1,646,test,0
BERT,mBERT,1,650,val,0
BERT,mBERT,1,651,test,0
BERT,mBERT,1,652,test,0
BERT,mBERT,1,655,val,0
BERT,mBERT,1,656,val,2
BERT,mBERT,1,658,val,0
BERT,mBERT,1,659,val,1
BERT,mBERT,1,660,test,0
BERT,mBERT,1,663,test,0
BERT,mBERT,1,664,test,0
BERT,mBERT,1,668,test,0
BERT,mBERT,1,669,test,0
BERT,mBERT,1,671,test,1
BERT,mBERT,1,672,val,0
BERT,mBERT,1,675,val,2
BERT,mBERT,1,677,test,0
BERT,mBERT,1,680,val,0
BERT,mBERT,1,682,test,0
BERT,mBERT,1,683,val,2
BERT,mBERT,1,684,test,2
BERT,mBERT,1,685,val,2
BERT,mBERT,1,687,val,0
BERT,mBERT,1,688,test,0
BERT,mBERT,1,689,val,2
BERT,mBERT,1,690,val,0
BERT,mBERT,1,692,val,0
BERT,mBERT,1,693,val,1
BERT,mBERT,1,695,test,2
BERT,mBERT,1,697,test,0
BERT,mBERT,1,699,test,0
BERT,mBERT,1,701,val,1
BERT,mBERT,1,702,test,1
BERT,mBERT,1,704,test,0
BERT,mBERT,1,705,val,0
BERT,mBERT,1,713,test,2
BERT,mBERT,1,714,val,0
BERT,mBERT,1,715,test,2
BERT,mBERT,1,716,test,1
BERT,mBERT,1,717,test,0
BERT,mBERT,1,718,test,2
BERT,mBERT,1,720,val,0
BERT,mBERT,1,723,val,0
BERT,mBERT,1,727,val,0
BERT,mBERT,1,731,test,0
BERT,mBERT,1,733,val,0
BERT,mBERT,1,737,val,0
BERT,mBERT,1,740,test,1
BERT,mBERT,1,742,test,0
BERT,mBERT,1,743,test,0
BERT,mBERT,1,745,val,2
BERT,mBERT,1,749,val,0
BERT,mBERT,1,751,test,0
BERT,mBERT,1,755,val,0
BERT,mBERT,1,756,val,1
BERT,mBERT,1,757,test,0
BERT,mBERT,1,758,val,1
BERT,mBERT,1,761,test,0
BERT,mBERT,1,762,test,0
BERT,mBERT,1,763,val,0
BERT,mBERT,1,764,val,0
BERT,mBERT,1,766,test,0
BERT,mBERT,1,767,test,1
BERT,mBERT,1,768,test,0
BERT,mBERT,1,769,test,1
BERT,mBERT,1,771,test,0
BERT,mBERT,1,772,val,0
BERT,mBERT,1,773,test,1
BERT,mBERT,1,780,val,1
BERT,mBERT,1,781,test,0
BERT,mBERT,1,783,val,0
BERT,mBERT,1,786,test,1
BERT,mBERT,1,791,val,2
BERT,mBERT,1,792,test,0
BERT,mBERT,1,794,val,0
BERT,mBERT,1,797,val,0
BERT,mBERT,1,798,test,0
BERT,mBERT,1,799,test,0
BERT,mBERT,1,800,test,0
BERT,mBERT,1,804,test,1
BERT,mBERT,1,805,test,0
BERT,mBERT,1,806,val,0
BERT,mBERT,1,807,val,2
BERT,mBERT,1,808,test,0
BERT,mBERT,1,811,test,1
BERT,mBERT,1,812,test,0
BERT,mBERT,1,816,test,0
BERT,mBERT,1,817,test,0
BERT,mBERT,1,818,test,1
BERT,mBERT,1,819,val,0
BERT,mBERT,1,820,val,0
BERT,mBERT,1,821,test,0
BERT,mBERT,1,822,test,1
BERT,mBERT,1,825,test,0
BERT,mBERT,1,826,test,0
BERT,mBERT,1,827,test,2
BERT,mBERT,1,828,val,0
BERT,mBERT,1,831,test,0
BERT,mBERT,1,835,test,0
BERT,mBERT,1,836,val,0
BERT,mBERT,1,837,val,0
BERT,mBERT,1,838,val,0
BERT,mBERT,1,839,val,0
BERT,mBERT,1,841,val,2
BERT,mBERT,1,844,test,2
BERT,mBERT,1,845,test,2
BERT,mBERT,1,846,val,2
BERT,mBERT,1,848,val,0
BERT,mBERT,1,849,test,0
BERT,mBERT,1,850,val,0
BERT,mBERT,1,855,test,0
BERT,mBERT,1,859,test,0
BERT,mBERT,1,860,val,0
BERT,mBERT,1,866,test,0
BERT,mBERT,1,867,test,0
BERT,mBERT,1,868,test,2
BERT,mBERT,1,871,test,0
BERT,mBERT,1,872,val,0
BERT,mBERT,1,873,test,0
BERT,mBERT,1,874,test,0
BERT,mBERT,1,876,test,0
BERT,mBERT,1,877,val,0
BERT,mBERT,1,878,test,0
BERT,mBERT,1,881,val,0
BERT,mBERT,1,885,test,1
BERT,mBERT,1,889,test,1
BERT,mBERT,1,890,test,0
BERT,mBERT,1,891,val,0
BERT,mBERT,1,893,val,2
BERT,mBERT,1,894,test,1
BERT,mBERT,1,896,val,0
BERT,mBERT,1,897,test,0
BERT,mBERT,1,898,val,2
BERT,mBERT,1,900,test,2
BERT,mBERT,1,901,test,0
BERT,mBERT,1,903,test,0
BERT,mBERT,1,904,test,0
BERT,mBERT,1,905,val,0
BERT,mBERT,1,906,test,0
BERT,mBERT,1,908,test,0
BERT,mBERT,1,909,test,2
BERT,mBERT,1,911,val,0
BERT,mBERT,1,914,val,0
BERT,mBERT,1,918,test,0
BERT,mBERT,1,919,test,0
BERT,mBERT,1,922,val,1
BERT,mBERT,1,924,test,0
BERT,mBERT,1,927,val,0
BERT,mBERT,1,928,val,0
BERT,mBERT,1,929,test,0
BERT,mBERT,1,933,val,0
BERT,mBERT,1,934,test,0
BERT,mBERT,1,936,val,0
BERT,mBERT,1,938,test,0
BERT,mBERT,1,943,val,2
BERT,mBERT,1,944,val,0
BERT,mBERT,1,947,test,2
BERT,mBERT,1,948,test,0
BERT,mBERT,1,949,val,2
BERT,mBERT,1,950,test,0
BERT,mBERT,1,955,test,2
BERT,mBERT,1,959,val,0
BERT,mBERT,1,960,test,0
BERT,mBERT,1,961,test,2
BERT,mBERT,1,965,val,0
BERT,mBERT,1,966,val,2
BERT,mBERT,1,967,val,2
BERT,mBERT,1,970,val,1
BERT,mBERT,1,972,val,2
BERT,mBERT,1,973,test,0
BERT,mBERT,1,976,test,0
BERT,mBERT,1,980,test,0
BERT,mBERT,1,981,test,0
BERT,mBERT,1,982,val,0
BERT,mBERT,1,990,val,2
BERT,mBERT,1,994,test,0
BERT,mBERT,1,997,test,2
BERT,mBERT,1,998,test,2
BERT,mBERT,1,1000,val,0
BERT,mBERT,1,1002,val,2
BERT,mBERT,1,1005,test,2
BERT,mBERT,1,1006,val,1
BERT,mBERT,1,1008,test,0
BERT,mBERT,1,1009,test,2
BERT,mBERT,1,1010,val,2
BERT,mBERT,1,1012,val,2
BERT,mBERT,1,1014,val,0
BERT,mBERT,1,1016,test,0
BERT,mBERT,1,1020,val,0
BERT,mBERT,1,1021,val,2
BERT,mBERT,1,1022,val,2
BERT,mBERT,1,1025,test,0
BERT,mBERT,1,1026,val,0
BERT,mBERT,1,1028,test,2
BERT,mBERT,1,1029,val,0
BERT,mBERT,1,1030,test,1
BERT,mBERT,1,1037,val,2
BERT,mBERT,1,1041,val,0
BERT,mBERT,1,1042,val,0
BERT,mBERT,1,1043,test,0
BERT,mBERT,1,1044,val,0
BERT,mBERT,1,1046,test,2
BERT,mBERT,1,1048,test,0
BERT,mBERT,1,1049,val,0
BERT,mBERT,1,1052,val,2
BERT,mBERT,1,1054,val,1
BERT,mBERT,1,1055,test,0
BERT,mBERT,1,1056,val,0
BERT,mBERT,1,1057,val,2
BERT,mBERT,1,1061,test,1
BERT,mBERT,1,1062,test,2
BERT,mBERT,1,1065,val,0
BERT,mBERT,1,1069,val,1
BERT,mBERT,1,1070,val,2
BERT,mBERT,1,1072,test,1
BERT,mBERT,1,1073,val,0
BERT,mBERT,1,1075,val,1
BERT,mBERT,1,1082,val,0
BERT,mBERT,1,1085,test,1
BERT,mBERT,1,1090,test,1
BERT,mBERT,1,1092,val,2
BERT,mBERT,1,1098,test,2
BERT,mBERT,1,1102,test,0
BERT,mBERT,1,1103,val,0
BERT,mBERT,1,1104,test,0
BERT,mBERT,1,1105,val,0
BERT,mBERT,1,1106,val,0
BERT,mBERT,1,1108,test,2
BERT,mBERT,1,1110,test,2
BERT,mBERT,1,1111,val,0
BERT,mBERT,1,1112,val,0
BERT,mBERT,1,1116,val,0
BERT,mBERT,1,1117,val,0
BERT,mBERT,1,1120,test,0
BERT,mBERT,1,1122,val,0
BERT,mBERT,1,1123,val,0
BERT,mBERT,1,1126,test,2
BERT,mBERT,1,1127,val,0
BERT,mBERT,1,1128,val,2
BERT,mBERT,1,1130,test,2
BERT,mBERT,1,1132,val,2
BERT,mBERT,1,1134,val,0
BERT,mBERT,1,1136,test,1
BERT,mBERT,1,1137,test,2
BERT,mBERT,1,1138,test,0
BERT,mBERT,1,1139,test,0
BERT,mBERT,1,1141,val,0
BERT,mBERT,1,1142,val,1
BERT,mBERT,1,1147,test,0
BERT,mBERT,1,1151,val,0
BERT,mBERT,1,1152,val,0
BERT,mBERT,1,1153,test,2
BERT,mBERT,1,1157,test,0
BERT,mBERT,1,1158,test,0
BERT,mBERT,1,1159,test,0
BERT,mBERT,1,1163,test,0
BERT,mBERT,1,1164,val,1
BERT,mBERT,1,1167,test,0
BERT,mBERT,1,1170,test,2
BERT,mBERT,1,1171,test,1
BERT,mBERT,1,1173,val,0
BERT,mBERT,1,1174,val,0
BERT,mBERT,1,1175,test,0
BERT,mBERT,1,1177,test,0
BERT,mBERT,1,1179,val,1
BERT,mBERT,1,1180,val,0
BERT,mBERT,1,1181,test,0
BERT,mBERT,1,1183,test,1
BERT,mBERT,1,1184,val,0
BERT,mBERT,1,1186,test,0
BERT,mBERT,1,1188,test,1
BERT,mBERT,1,1190,test,0
BERT,mBERT,1,1193,test,1
BERT,mBERT,1,1194,test,0
BERT,mBERT,1,1195,test,0
BERT,mBERT,1,1197,val,0
BERT,mBERT,1,1199,test,0
BERT,mBERT,1,1200,test,0
BERT,mBERT,1,1203,test,1
BERT,mBERT,1,1205,test,2
BERT,mBERT,1,1208,test,1
BERT,mBERT,1,1209,test,1
BERT,mBERT,1,1211,test,0
BERT,mBERT,1,1212,val,0
BERT,mBERT,1,1213,test,0
BERT,mBERT,1,1214,test,2
BERT,mBERT,1,1215,test,0
BERT,mBERT,1,1220,test,1
BERT,mBERT,1,1222,val,0
BERT,mBERT,1,1223,val,1
BERT,mBERT,1,1225,test,0
BERT,mBERT,1,1226,test,1
BERT,mBERT,1,1227,test,0
BERT,mBERT,1,1231,val,0
BERT,mBERT,1,1232,test,0
BERT,mBERT,1,1233,val,0
BERT,mBERT,1,1235,test,0
BERT,mBERT,1,1236,test,0
BERT,mBERT,1,1238,val,0
BERT,mBERT,1,1239,val,2
BERT,mBERT,1,1240,val,0
BERT,mBERT,1,1242,test,2
BERT,mBERT,1,1243,test,0
BERT,mBERT,1,1247,val,0
BERT,mBERT,1,1248,test,0
BERT,mBERT,1,1249,test,0
BERT,mBERT,1,1250,val,0
BERT,mBERT,1,1252,test,0
BERT,mBERT,1,1254,val,0
BERT,mBERT,1,1255,test,0
BERT,mBERT,1,1256,test,0
BERT,mBERT,1,1259,val,0
BERT,mBERT,1,1260,val,0
BERT,mBERT,1,1263,test,1
BERT,mBERT,1,1264,val,0
BERT,mBERT,1,1265,test,0
BERT,mBERT,1,1266,val,2
BERT,mBERT,1,1268,val,0
BERT,mBERT,1,1272,val,0
BERT,mBERT,1,1273,test,0
BERT,mBERT,1,1275,test,0
BERT,mBERT,1,1276,test,0
BERT,mBERT,1,1278,test,1
BERT,mBERT,1,1279,test,0
BERT,mBERT,1,1283,test,0
BERT,mBERT,1,1285,test,1
BERT,mBERT,1,1286,test,0
BERT,mBERT,1,1288,test,0
BERT,mBERT,1,1289,val,0
BERT,mBERT,1,1294,test,0
BERT,mBERT,1,1295,val,2
BERT,mBERT,1,1296,test,2
BERT,mBERT,1,1297,test,0
BERT,mBERT,1,1298,test,0
BERT,mBERT,1,1299,test,2
BERT,mBERT,1,1300,test,0
BERT,mBERT,1,1301,val,0
BERT,mBERT,1,1302,test,0
BERT,mBERT,1,1303,test,0
BERT,mBERT,1,1304,val,0
BERT,mBERT,1,1305,test,0
BERT,mBERT,1,1307,test,1
BERT,mBERT,1,1309,val,0
BERT,mBERT,1,1312,test,0
BERT,mBERT,1,1313,test,0
BERT,mBERT,1,1314,test,0
BERT,mBERT,1,1318,test,1
BERT,mBERT,1,1323,test,1
BERT,mBERT,1,1324,test,0
BERT,mBERT,1,1325,val,1
BERT,mBERT,1,1326,test,0
BERT,mBERT,1,1330,test,1
BERT,mBERT,1,1332,val,0
BERT,mBERT,1,1333,val,2
BERT,mBERT,1,1334,val,0
BERT,mBERT,1,1337,test,0
BERT,mBERT,1,1338,test,2
BERT,mBERT,1,1339,test,0
BERT,mBERT,1,1340,test,2
BERT,mBERT,1,1341,val,0
BERT,mBERT,1,1342,test,0
BERT,mBERT,1,1343,val,0
BERT,mBERT,1,1345,test,0
BERT,mBERT,1,1347,test,0
BERT,mBERT,1,1348,test,0
BERT,mBERT,1,1351,val,2
BERT,mBERT,1,1354,test,0
BERT,mBERT,1,1357,test,0
BERT,mBERT,1,1358,val,0
BERT,mBERT,1,1360,val,0
BERT,mBERT,1,1361,val,0
BERT,mBERT,1,1362,val,1
BERT,mBERT,1,1363,test,0
BERT,mBERT,1,1364,test,1
BERT,mBERT,1,1366,test,1
BERT,mBERT,1,1368,val,1
BERT,mBERT,1,1371,test,0
BERT,mBERT,1,1372,val,0
BERT,mBERT,1,1374,test,2
BERT,mBERT,1,1376,test,0
BERT,mBERT,1,1378,val,2
BERT,mBERT,1,1382,test,0
BERT,mBERT,1,1384,val,0
BERT,mBERT,1,1385,test,0
BERT,mBERT,1,1386,val,1
BERT,mBERT,1,1388,test,2
BERT,mBERT,1,1391,val,1
BERT,mBERT,1,1395,test,1
BERT,mBERT,1,1399,test,0
BERT,mBERT,1,1401,test,0
BERT,mBERT,1,1402,test,1
BERT,mBERT,1,1404,test,0
BERT,mBERT,1,1405,test,2
BERT,mBERT,1,1406,val,1
BERT,mBERT,1,1407,val,0
BERT,mBERT,1,1411,val,0
BERT,mBERT,1,1414,test,2
BERT,mBERT,1,1415,test,0
BERT,mBERT,1,1417,test,1
BERT,mBERT,1,1421,test,0
BERT,mBERT,1,1422,val,0
BERT,mBERT,1,1424,test,0
BERT,mBERT,1,1425,test,0
BERT,mBERT,1,1426,test,0
BERT,mBERT,1,1427,test,0
BERT,mBERT,1,1428,test,0
BERT,mBERT,1,1429,test,0
BERT,mBERT,1,1430,test,0
BERT,mBERT,1,1431,test,1
BERT,mBERT,1,1432,test,0
BERT,mBERT,1,1441,val,0
BERT,mBERT,1,1444,val,1
BERT,mBERT,1,1446,val,1
BERT,mBERT,1,1450,test,1
BERT,mBERT,1,1452,val,2
BERT,mBERT,1,1453,val,0
BERT,mBERT,1,1455,test,2
BERT,mBERT,1,1456,val,0
BERT,mBERT,1,1457,test,0
BERT,mBERT,1,1458,test,0
BERT,mBERT,1,1462,test,1
BERT,mBERT,1,1463,val,1
BERT,mBERT,1,1471,val,2
BERT,mBERT,1,1477,test,1
BERT,mBERT,1,1478,test,1
BERT,mBERT,1,1479,val,0
BERT,mBERT,1,1480,test,0
BERT,mBERT,1,1482,val,1
BERT,mBERT,1,1483,val,0
BERT,mBERT,1,1485,test,1
BERT,mBERT,1,1486,test,0
BERT,mBERT,1,1487,test,1
BERT,mBERT,1,1489,test,0
BERT,mBERT,1,1490,test,0
BERT,mBERT,1,1491,val,1
BERT,mBERT,1,1493,test,0
BERT,mBERT,1,1494,test,1
BERT,mBERT,1,1497,test,0
BERT,mBERT,1,1500,test,1
BERT,mBERT,1,1501,val,1
BERT,mBERT,1,1502,test,0
BERT,mBERT,1,1503,test,1
BERT,mBERT,1,1505,val,0
BERT,mBERT,1,1510,test,1
BERT,mBERT,1,1515,test,1
BERT,mBERT,1,1516,test,0
BERT,mBERT,1,1517,test,0
BERT,mBERT,1,1518,test,1
BERT,mBERT,1,1522,val,1
BERT,mBERT,1,1523,test,1
BERT,mBERT,1,1524,test,1
BERT,mBERT,1,1525,test,1
BERT,mBERT,1,1526,test,0
BERT,mBERT,1,1527,val,0
BERT,mBERT,1,1528,val,2
BERT,mBERT,1,1529,test,1
BERT,mBERT,1,1531,val,2
BERT,mBERT,1,1532,test,1
BERT,mBERT,1,1536,test,1
BERT,mBERT,1,1537,test,1
BERT,mBERT,1,1538,test,0
BERT,mBERT,1,1539,test,2
BERT,mBERT,1,1541,test,2
BERT,mBERT,1,1543,val,1
BERT,mBERT,1,1545,test,1
BERT,mBERT,1,1547,test,0
BERT,mBERT,1,1548,val,0
BERT,mBERT,1,1553,val,0
BERT,mBERT,1,1558,test,0
BERT,mBERT,1,1559,val,2
BERT,mBERT,1,1561,val,0
BERT,mBERT,1,1562,test,0
BERT,mBERT,1,1563,test,1
BERT,mBERT,1,1564,val,2
BERT,mBERT,1,1565,test,0
BERT,mBERT,1,1570,test,1
BERT,mBERT,1,1571,test,0
BERT,mBERT,1,1572,test,2
BERT,mBERT,1,1573,test,0
BERT,mBERT,1,1574,val,1
BERT,mBERT,1,1575,test,0
BERT,mBERT,1,1576,test,0
BERT,mBERT,1,1579,test,0
BERT,mBERT,1,1580,val,0
BERT,mBERT,1,1582,val,1
BERT,mBERT,1,1584,val,2
BERT,mBERT,1,1585,val,0
BERT,mBERT,1,1586,test,2
BERT,mBERT,1,1587,val,1
BERT,mBERT,1,1592,test,0
BERT,mBERT,1,1593,test,0
BERT,mBERT,1,1595,test,0
BERT,mBERT,1,1597,test,2
BERT,mBERT,1,1599,val,0
BERT,mBERT,1,1600,test,0
BERT,mBERT,1,1601,val,2
BERT,mBERT,1,1602,test,2
BERT,mBERT,1,1604,test,1
BERT,mBERT,1,1606,test,0
BERT,mBERT,1,1609,test,0
BERT,mBERT,1,1611,test,0
BERT,mBERT,1,1613,test,2
BERT,mBERT,1,1614,val,0
BERT,mBERT,1,1615,test,0
BERT,mBERT,1,1618,test,0
BERT,mBERT,1,1619,test,0
BERT,mBERT,1,1620,val,0
BERT,mBERT,1,1621,test,0
BERT,mBERT,1,1622,val,0
BERT,mBERT,1,1623,val,0
BERT,mBERT,1,1628,val,0
BERT,mBERT,1,1639,val,0
BERT,mBERT,1,1642,test,0
BERT,mBERT,1,1644,val,0
BERT,mBERT,1,1645,val,0
BERT,mBERT,1,1649,test,0
BERT,mBERT,1,1650,val,0
BERT,mBERT,1,1651,test,0
BERT,mBERT,1,1652,val,0
BERT,mBERT,1,1653,test,0
BERT,mBERT,1,1654,val,0
BERT,mBERT,1,1656,test,0
BERT,mBERT,1,1657,val,0
BERT,mBERT,1,1658,val,0
BERT,mBERT,1,1662,val,0
BERT,mBERT,1,1666,test,1
BERT,mBERT,1,1672,val,0
BERT,mBERT,1,1673,test,2
BERT,mBERT,1,1674,val,0
BERT,mBERT,1,1676,val,0
BERT,mBERT,1,1678,val,0
BERT,mBERT,1,1679,test,1
BERT,mBERT,1,1684,test,0
BERT,mBERT,1,1686,test,0
BERT,mBERT,1,1688,test,0
BERT,mBERT,1,1692,val,0
BERT,mBERT,1,1693,val,0
BERT,mBERT,1,1694,val,1
BERT,mBERT,1,1696,test,0
BERT,mBERT,1,1697,test,0
BERT,mBERT,1,1699,val,2
BERT,mBERT,1,1700,test,0
BERT,mBERT,1,1702,test,0
BERT,mBERT,1,1705,test,0
BERT,mBERT,1,1706,test,0
BERT,mBERT,1,1707,val,0
BERT,mBERT,1,1708,test,1
BERT,mBERT,1,1709,val,2
BERT,mBERT,1,1710,val,0
BERT,mBERT,1,1713,test,1
BERT,mBERT,1,1714,test,0
BERT,mBERT,1,1715,val,2
BERT,mBERT,1,1717,val,0
BERT,mBERT,1,1720,val,0
BERT,mBERT,1,1721,val,0
BERT,mBERT,1,1722,test,0
BERT,mBERT,1,1723,test,2
BERT,mBERT,1,1727,test,0
BERT,mBERT,1,1729,test,0
BERT,mBERT,1,1730,test,0
BERT,mBERT,1,1732,val,0
BERT,mBERT,1,1734,val,0
BERT,mBERT,1,1737,val,2
BERT,mBERT,1,1739,test,2
BERT,mBERT,1,1740,test,0
BERT,mBERT,1,1742,test,0
BERT,mBERT,1,1744,test,0
BERT,mBERT,1,1746,val,0
BERT,mBERT,1,1747,test,1
BERT,mBERT,1,1748,test,0
BERT,mBERT,1,1749,test,0
BERT,mBERT,1,1751,test,0
BERT,mBERT,1,1757,val,1
BERT,mBERT,1,1758,test,0
BERT,mBERT,1,1760,test,2
BERT,mBERT,1,1762,test,0
BERT,mBERT,1,1766,test,2
BERT,mBERT,1,1767,val,1
BERT,mBERT,1,1769,test,2
BERT,mBERT,1,1770,test,0
BERT,mBERT,1,1772,test,1
BERT,mBERT,1,1774,test,0
BERT,mBERT,1,1775,val,0
BERT,mBERT,1,1776,val,0
BERT,mBERT,1,1777,test,0
BERT,mBERT,1,1778,test,0
BERT,mBERT,1,1781,val,0
BERT,mBERT,1,1782,val,1
BERT,mBERT,1,1783,test,0
BERT,mBERT,1,1785,val,0
BERT,mBERT,1,1786,test,2
BERT,mBERT,1,1788,test,2
BERT,mBERT,1,1790,val,0
BERT,mBERT,1,1791,val,0
BERT,mBERT,1,1792,val,0
BERT,mBERT,1,1795,val,0
BERT,mBERT,1,1797,test,0
BERT,mBERT,1,1801,val,0
BERT,mBERT,1,1802,test,1
BERT,mBERT,1,1804,val,0
BERT,mBERT,1,1805,val,2
BERT,mBERT,1,1806,val,1
BERT,mBERT,1,1808,test,1
BERT,mBERT,1,1811,test,1
BERT,mBERT,1,1819,test,0
BERT,mBERT,1,1820,val,0
BERT,mBERT,1,1821,val,2
BERT,mBERT,1,1826,test,0
BERT,mBERT,1,1828,test,0
BERT,mBERT,1,1833,test,1
BERT,mBERT,1,1834,test,0
BERT,mBERT,1,1838,val,0
BERT,mBERT,1,1841,val,0
BERT,mBERT,1,1843,test,1
BERT,mBERT,1,1851,test,1
BERT,mBERT,1,1852,val,0
BERT,mBERT,1,1853,test,1
BERT,mBERT,1,1857,val,1
BERT,mBERT,1,1858,val,1
BERT,mBERT,1,1859,test,2
BERT,mBERT,1,1860,val,0
BERT,mBERT,1,1862,val,1
BERT,mBERT,1,1863,val,0
BERT,mBERT,1,1864,val,2
BERT,mBERT,1,1866,test,1
BERT,mBERT,1,1868,val,1
BERT,mBERT,1,1870,test,1
BERT,mBERT,1,1871,val,1
BERT,mBERT,1,1874,test,0
BERT,mBERT,1,1877,test,0
BERT,mBERT,1,1878,test,1
BERT,mBERT,1,1879,test,0
BERT,mBERT,1,1881,val,1
BERT,mBERT,1,1882,test,1
BERT,mBERT,1,1883,val,1
BERT,mBERT,1,1884,val,1
BERT,mBERT,1,1885,test,0
BERT,mBERT,1,1886,val,1
BERT,mBERT,1,1888,test,1
BERT,mBERT,1,1890,val,1
BERT,mBERT,1,1891,test,1
BERT,mBERT,1,1892,test,1
BERT,mBERT,1,1898,test,0
BERT,mBERT,1,1899,test,0
BERT,mBERT,1,1901,val,1
BERT,mBERT,1,1902,val,0
BERT,mBERT,1,1903,test,2
BERT,mBERT,1,1904,test,1
BERT,mBERT,1,1905,test,0
BERT,mBERT,1,1908,test,0
BERT,mBERT,1,1912,val,1
BERT,mBERT,1,1913,test,0
BERT,mBERT,1,1915,test,1
BERT,mBERT,1,1916,val,1
BERT,mBERT,1,1917,test,0
BERT,mBERT,1,1918,test,0
BERT,mBERT,1,1921,val,1
BERT,mBERT,1,1923,test,1
BERT,mBERT,1,1925,test,1
BERT,mBERT,1,1927,test,0
BERT,mBERT,1,1929,val,0
BERT,mBERT,1,1931,test,0
BERT,mBERT,1,1932,test,0
BERT,mBERT,1,1933,test,1
BERT,mBERT,1,1934,val,0
BERT,mBERT,1,1935,val,0
BERT,mBERT,1,1938,test,0
BERT,mBERT,1,1942,test,0
BERT,mBERT,1,1944,val,0
BERT,mBERT,1,1947,test,1
BERT,mBERT,1,1948,test,1
BERT,mBERT,1,1950,val,1
BERT,mBERT,1,1951,test,1
BERT,mBERT,1,1952,val,1
BERT,mBERT,1,1953,test,1
BERT,mBERT,1,1954,val,1
BERT,mBERT,1,1955,val,1
BERT,mBERT,1,1956,test,1
BERT,mBERT,1,1958,test,0
BERT,mBERT,1,1965,test,0
BERT,mBERT,1,1966,val,0
BERT,mBERT,1,1969,test,0
BERT,mBERT,1,1970,test,1
BERT,mBERT,1,1972,test,0
BERT,mBERT,1,1973,test,1
BERT,mBERT,1,1974,val,1
BERT,mBERT,1,1975,test,0
BERT,mBERT,1,1976,val,1
BERT,mBERT,1,1979,val,1
BERT,mBERT,1,1981,val,0
BERT,mBERT,1,1982,test,1
BERT,mBERT,1,1983,val,0
BERT,mBERT,1,1987,test,0
BERT,mBERT,1,1989,val,2
BERT,mBERT,1,1991,val,0
BERT,mBERT,1,1992,val,0
BERT,mBERT,1,1993,val,1
BERT,mBERT,1,1995,test,1
BERT,mBERT,1,1996,test,0
BERT,mBERT,1,1998,test,0
BERT,mBERT,1,2000,test,1
BERT,mBERT,1,2003,val,1
BERT,mBERT,1,2006,test,1
BERT,mBERT,1,2008,test,0
BERT,mBERT,1,2009,test,0
BERT,mBERT,1,2010,val,0
BERT,mBERT,1,2012,val,2
BERT,mBERT,1,2013,val,1
BERT,mBERT,1,2017,test,1
BERT,mBERT,1,2018,val,1
BERT,mBERT,1,2020,val,1
BERT,mBERT,1,2021,val,0
BERT,mBERT,1,2024,test,1
BERT,mBERT,1,2026,test,0
BERT,mBERT,1,2027,test,1
BERT,mBERT,1,2028,test,0
BERT,mBERT,1,2030,test,0
BERT,mBERT,1,2031,val,0
BERT,mBERT,1,2032,test,0
BERT,mBERT,1,2035,test,0
BERT,mBERT,1,2037,test,0
BERT,mBERT,1,2039,test,0
BERT,mBERT,1,2044,val,0
BERT,mBERT,1,2045,val,0
BERT,mBERT,1,2048,val,1
BERT,mBERT,1,2049,test,1
BERT,mBERT,1,2052,test,1
BERT,mBERT,1,2054,val,1
BERT,mBERT,1,2055,test,1
BERT,mBERT,1,2056,val,1
BERT,mBERT,1,2057,val,0
BERT,mBERT,1,2058,test,0
BERT,mBERT,1,2059,test,1
BERT,mBERT,1,2060,test,0
BERT,mBERT,1,2061,val,0
BERT,mBERT,1,2064,test,1
BERT,mBERT,1,2065,test,1
BERT,mBERT,1,2067,val,1
BERT,mBERT,1,2070,val,1
BERT,mBERT,1,2071,val,0
BERT,mBERT,1,2072,val,0
BERT,mBERT,1,2073,test,1
BERT,mBERT,1,2076,test,1
BERT,mBERT,1,2079,test,1
BERT,mBERT,1,2080,test,0
BERT,mBERT,1,2081,test,1
BERT,mBERT,1,2082,test,1
BERT,mBERT,1,2083,test,1
BERT,mBERT,1,2085,val,0
BERT,mBERT,1,2086,test,1
BERT,mBERT,1,2087,test,0
BERT,mBERT,1,2091,val,0
BERT,mBERT,1,2092,val,0
BERT,mBERT,1,2093,val,0
BERT,mBERT,1,2094,val,0
BERT,mBERT,1,2095,test,0
BERT,mBERT,1,2098,test,1
BERT,mBERT,1,2099,test,0
BERT,mBERT,1,2100,val,1
BERT,mBERT,1,2102,val,0
BERT,mBERT,1,2107,val,0
BERT,mBERT,1,2109,test,2
BERT,mBERT,1,2112,val,0
BERT,mBERT,1,2116,test,0
BERT,mBERT,1,2118,test,1
BERT,mBERT,1,2119,val,1
BERT,mBERT,1,2122,test,0
BERT,mBERT,1,2124,test,0
BERT,mBERT,1,2131,test,0
BERT,mBERT,1,2132,test,2
BERT,mBERT,1,2133,val,0
BERT,mBERT,1,2134,val,0
BERT,mBERT,1,2136,test,0
BERT,mBERT,1,2138,test,0
BERT,mBERT,1,2139,test,1
BERT,mBERT,1,2144,test,0
BERT,mBERT,1,2145,test,0
BERT,mBERT,1,2146,val,0
BERT,mBERT,1,2147,val,0
BERT,mBERT,1,2148,test,0
BERT,mBERT,1,2149,test,0
BERT,mBERT,1,2150,test,0
BERT,mBERT,1,2152,val,0
BERT,mBERT,1,2156,test,0
BERT,mBERT,1,2157,test,0
BERT,mBERT,1,2160,val,1
BERT,mBERT,1,2161,val,1
BERT,mBERT,1,2164,val,0
BERT,mBERT,1,2165,test,0
BERT,mBERT,1,2167,test,0
BERT,mBERT,1,2169,test,0
BERT,mBERT,1,2170,test,0
BERT,mBERT,1,2175,test,1
BERT,mBERT,1,2176,test,1
BERT,mBERT,1,2178,val,1
BERT,mBERT,1,2180,val,1
BERT,mBERT,1,2182,val,1
BERT,mBERT,1,2183,test,0
BERT,mBERT,1,2186,test,0
BERT,mBERT,1,2190,test,0
BERT,mBERT,1,2191,val,1
BERT,mBERT,1,2198,val,1
BERT,mBERT,1,2199,val,1
BERT,mBERT,1,2201,test,1
BERT,mBERT,1,2202,val,0
BERT,mBERT,1,2203,val,1
BERT,mBERT,1,2204,test,0
BERT,mBERT,1,2207,test,1
BERT,mBERT,1,2208,val,0
BERT,mBERT,1,2210,test,2
BERT,mBERT,1,2211,test,2
BERT,mBERT,1,2212,val,1
BERT,mBERT,1,2217,test,1
BERT,mBERT,1,2218,val,1
BERT,mBERT,1,2220,test,0
BERT,mBERT,1,2223,test,0
BERT,mBERT,1,2224,test,1
BERT,mBERT,1,2225,test,0
BERT,mBERT,1,2228,test,1
BERT,mBERT,1,2231,val,1
BERT,mBERT,1,2232,val,2
BERT,mBERT,1,2235,test,1
BERT,mBERT,1,2236,val,1
BERT,mBERT,1,2237,test,0
BERT,mBERT,1,2238,test,0
BERT,mBERT,1,2244,test,2
BERT,mBERT,1,2245,test,1
BERT,mBERT,1,2246,val,1
BERT,mBERT,1,2249,val,1
BERT,mBERT,1,2251,val,0
BERT,mBERT,1,2253,val,0
BERT,mBERT,1,2255,val,0
BERT,mBERT,1,2256,test,0
BERT,mBERT,1,2258,test,1
BERT,mBERT,1,2261,test,1
BERT,mBERT,1,2262,test,0
BERT,mBERT,1,2266,val,0
BERT,mBERT,1,2274,test,2
BERT,mBERT,1,2276,val,0
BERT,mBERT,1,2277,val,2
BERT,mBERT,1,2278,test,0
BERT,mBERT,1,2283,test,1
BERT,mBERT,1,2285,val,0
BERT,mBERT,1,2286,val,2
BERT,mBERT,1,2287,test,0
BERT,mBERT,1,2289,test,1
BERT,mBERT,1,2292,test,1
BERT,mBERT,1,2293,val,2
BERT,mBERT,1,2297,val,1
BERT,mBERT,1,2298,val,1
BERT,mBERT,1,2300,test,2
BERT,mBERT,1,2301,val,0
BERT,mBERT,1,2303,test,0
BERT,mBERT,1,2304,val,1
BERT,mBERT,1,2306,val,1
BERT,mBERT,1,2309,test,0
BERT,mBERT,1,2310,val,0
BERT,mBERT,1,2313,test,1
BERT,mBERT,1,2314,val,0
BERT,mBERT,1,2315,test,0
BERT,mBERT,1,2316,val,1
BERT,mBERT,1,2317,test,1
BERT,mBERT,1,2319,test,1
BERT,mBERT,1,2320,val,1
BERT,mBERT,1,2323,val,1
BERT,mBERT,1,2326,val,1
BERT,mBERT,1,2328,val,1
BERT,mBERT,1,2329,val,0
BERT,mBERT,1,2331,test,0
BERT,mBERT,1,2333,test,1
BERT,mBERT,1,2337,test,1
BERT,mBERT,1,2342,val,1
BERT,mBERT,1,2343,val,0
BERT,mBERT,1,2345,val,1
BERT,mBERT,1,2346,val,0
BERT,mBERT,1,2347,test,1
BERT,mBERT,1,2348,test,1
BERT,mBERT,1,2349,val,1
BERT,mBERT,1,2350,test,1
BERT,mBERT,1,2352,val,2
BERT,mBERT,1,2353,test,0
BERT,mBERT,1,2355,test,1
BERT,mBERT,1,2357,test,1
BERT,mBERT,1,2358,test,0
BERT,mBERT,1,2359,val,1
BERT,mBERT,1,2361,test,1
BERT,mBERT,1,2364,val,1
BERT,mBERT,1,2368,val,0
BERT,mBERT,1,2369,val,1
BERT,mBERT,1,2371,val,0
BERT,mBERT,1,2372,val,0
BERT,mBERT,1,2375,val,0
BERT,mBERT,1,2377,test,0
BERT,mBERT,1,2380,test,0
BERT,mBERT,1,2381,test,1
BERT,mBERT,1,2383,test,1
BERT,mBERT,1,2384,test,1
BERT,mBERT,1,2386,test,1
BERT,mBERT,1,2387,val,0
BERT,mBERT,1,2388,test,1
BERT,mBERT,1,2392,test,1
BERT,mBERT,1,2397,val,0
BERT,mBERT,1,2398,test,0
BERT,mBERT,1,2400,test,1
BERT,mBERT,1,2401,val,0
BERT,mBERT,1,2403,val,0
BERT,mBERT,1,2406,test,0
BERT,mBERT,1,2407,test,1
BERT,mBERT,1,2408,test,1
BERT,mBERT,1,2409,test,1
BERT,mBERT,1,2410,val,1
BERT,mBERT,1,2412,val,1
BERT,mBERT,1,2413,val,1
BERT,mBERT,1,2415,test,0
BERT,mBERT,1,2417,test,0
BERT,mBERT,1,2421,test,1
BERT,mBERT,1,2422,test,1
BERT,mBERT,1,2426,val,0
BERT,mBERT,1,2427,val,0
BERT,mBERT,1,2428,test,1
BERT,mBERT,1,2429,test,0
BERT,mBERT,1,2432,test,0
BERT,mBERT,1,2436,test,0
BERT,mBERT,1,2438,val,0
BERT,mBERT,1,2439,test,1
BERT,mBERT,1,2440,test,1
BERT,mBERT,1,2445,val,0
BERT,mBERT,1,2447,test,1
BERT,mBERT,1,2448,test,1
BERT,mBERT,1,2451,val,1
BERT,mBERT,1,2452,test,0
BERT,mBERT,1,2453,val,2
BERT,mBERT,1,2454,test,1
BERT,mBERT,1,2455,val,2
BERT,mBERT,1,2456,test,1
BERT,mBERT,1,2457,test,2
BERT,mBERT,1,2458,val,2
BERT,mBERT,1,2459,val,2
BERT,mBERT,1,2461,val,1
BERT,mBERT,1,2462,test,1
BERT,mBERT,1,2464,test,1
BERT,mBERT,1,2467,test,0
BERT,mBERT,1,2472,val,0
BERT,mBERT,1,2473,test,0
BERT,mBERT,1,2476,test,0
BERT,mBERT,1,2478,val,0
BERT,mBERT,1,2479,val,2
BERT,mBERT,1,2481,val,1
BERT,mBERT,1,2483,test,2
BERT,mBERT,1,2485,val,1
BERT,mBERT,1,2487,val,0
BERT,mBERT,1,2489,test,0
BERT,mBERT,1,2490,test,0
BERT,mBERT,1,2491,val,0
BERT,mBERT,1,2492,test,0
BERT,mBERT,1,2493,val,1
BERT,mBERT,1,2496,test,1
BERT,mBERT,1,2497,test,0
BERT,mBERT,1,2499,val,2
BERT,mBERT,1,2501,val,0
BERT,mBERT,1,2504,val,0
BERT,mBERT,1,2507,val,1
BERT,mBERT,1,2510,test,0
BERT,mBERT,1,2511,test,1
BERT,mBERT,1,2517,test,0
BERT,mBERT,1,2518,val,0
BERT,mBERT,1,2519,test,1
BERT,mBERT,1,2520,val,0
BERT,mBERT,1,2521,test,1
BERT,mBERT,1,2522,test,0
BERT,mBERT,1,2525,test,0
BERT,mBERT,1,2527,test,1
BERT,mBERT,1,2528,test,0
BERT,mBERT,1,2529,val,1
BERT,mBERT,1,2533,test,0
BERT,mBERT,1,2535,test,1
BERT,mBERT,1,2536,test,0
BERT,mBERT,1,2537,test,1
BERT,mBERT,1,2538,test,0
BERT,mBERT,1,2541,val,0
BERT,mBERT,1,2542,test,0
BERT,mBERT,1,2546,test,0
BERT,mBERT,1,2547,test,0
BERT,mBERT,1,2549,val,0
BERT,mBERT,1,2551,test,2
BERT,mBERT,1,2554,val,0
BERT,mBERT,1,2556,test,0
BERT,mBERT,1,2557,test,0
BERT,mBERT,1,2558,test,0
BERT,mBERT,1,2562,test,0
BERT,mBERT,1,2564,val,0
BERT,mBERT,1,2567,test,0
BERT,mBERT,1,2569,test,0
BERT,mBERT,1,2570,val,1
BERT,mBERT,1,2571,val,0
BERT,mBERT,1,2574,test,0
BERT,mBERT,1,2576,test,0
BERT,mBERT,1,2577,val,0
BERT,mBERT,1,2580,test,2
BERT,mBERT,1,2584,test,2
BERT,mBERT,1,2585,val,0
BERT,mBERT,1,2586,val,1
BERT,mBERT,1,2587,val,0
BERT,mBERT,1,2590,val,2
BERT,mBERT,1,2593,test,0
BERT,mBERT,1,2594,val,0
BERT,mBERT,1,2595,test,0
BERT,mBERT,1,2596,val,0
BERT,mBERT,1,2598,val,1
BERT,mBERT,1,2602,test,2
BERT,mBERT,1,2603,val,0
BERT,mBERT,1,2605,test,0
BERT,mBERT,1,2608,test,0
BERT,mBERT,1,2609,test,0
BERT,mBERT,1,2611,val,0
BERT,mBERT,1,2613,val,1
BERT,mBERT,1,2617,test,0
BERT,mBERT,1,2621,test,2
BERT,mBERT,1,2625,val,2
BERT,mBERT,1,2627,test,0
BERT,mBERT,1,2628,test,0
BERT,mBERT,1,2629,val,0
BERT,mBERT,1,2633,val,2
BERT,mBERT,1,2635,val,0
BERT,mBERT,1,2636,val,0
BERT,mBERT,1,2637,val,0
BERT,mBERT,1,2638,test,2
BERT,mBERT,1,2640,val,0
BERT,mBERT,1,2641,test,0
BERT,mBERT,1,2644,test,0
BERT,mBERT,1,2645,val,0
BERT,mBERT,1,2648,val,0
BERT,mBERT,1,2649,val,0
BERT,mBERT,1,2650,test,0
BERT,mBERT,1,2652,test,0
BERT,mBERT,1,2653,test,2
BERT,mBERT,1,2660,test,0
BERT,mBERT,1,2661,test,0
BERT,mBERT,1,2662,test,2
BERT,mBERT,1,2663,test,0
BERT,mBERT,1,2667,test,1
BERT,mBERT,1,2669,test,0
BERT,mBERT,1,2670,test,0
BERT,mBERT,1,2671,test,0
BERT,mBERT,1,2673,test,0
BERT,mBERT,1,2675,test,2
BERT,mBERT,1,2676,test,2
BERT,mBERT,1,2677,test,0
BERT,mBERT,1,2678,test,2
BERT,mBERT,1,2679,test,0
BERT,mBERT,1,2681,test,2
BERT,mBERT,1,2685,val,0
BERT,mBERT,1,2687,test,2
BERT,mBERT,1,2688,test,0
BERT,mBERT,1,2689,val,0
BERT,mBERT,1,2690,val,0
BERT,mBERT,1,2692,test,2
BERT,mBERT,1,2695,val,2
BERT,mBERT,1,2697,test,0
BERT,mBERT,1,2698,test,2
BERT,mBERT,1,2700,test,0
BERT,mBERT,1,2704,test,2
BERT,mBERT,1,2706,test,0
BERT,mBERT,1,2711,val,0
BERT,mBERT,1,2712,test,0
BERT,mBERT,1,2714,test,2
BERT,mBERT,1,2719,test,1
BERT,mBERT,1,2723,val,0
BERT,mBERT,1,2724,test,0
BERT,mBERT,1,2727,val,0
BERT,mBERT,1,2732,test,1
BERT,mBERT,1,2734,test,2
BERT,mBERT,1,2736,test,0
BERT,mBERT,1,2737,test,0
BERT,mBERT,1,2742,test,0
BERT,mBERT,1,2745,test,2
BERT,mBERT,1,2748,test,0
BERT,mBERT,1,2750,test,2
BERT,mBERT,1,2753,test,1
BERT,mBERT,1,2754,val,2
BERT,mBERT,1,2755,test,2
BERT,mBERT,1,2756,val,0
BERT,mBERT,1,2759,test,0
BERT,mBERT,1,2761,val,0
BERT,mBERT,1,2764,test,0
BERT,mBERT,1,2766,test,0
BERT,mBERT,1,2769,test,2
BERT,mBERT,1,2770,test,2
BERT,mBERT,1,2771,val,0
BERT,mBERT,1,2773,val,2
BERT,mBERT,1,2774,test,2
BERT,mBERT,1,2778,test,2
BERT,mBERT,1,2780,val,1
BERT,mBERT,1,2781,test,2
BERT,mBERT,1,2786,test,0
BERT,mBERT,1,2790,test,0
BERT,mBERT,1,2794,val,0
BERT,mBERT,1,2797,test,2
BERT,mBERT,1,2801,test,0
BERT,mBERT,1,2807,val,2
BERT,mBERT,1,2809,test,0
BERT,mBERT,1,2810,test,2
BERT,mBERT,1,2811,val,0
BERT,mBERT,1,2813,test,2
BERT,mBERT,1,2819,val,0
BERT,mBERT,1,2821,test,2
BERT,mBERT,1,2822,test,0
BERT,mBERT,1,2824,val,0
BERT,mBERT,1,2826,val,2
BERT,mBERT,1,2827,test,0
BERT,mBERT,1,2830,val,2
BERT,mBERT,1,2831,test,2
BERT,mBERT,1,2832,val,0
BERT,mBERT,1,2834,test,0
BERT,mBERT,1,2835,test,0
BERT,mBERT,1,2839,val,1
BERT,mBERT,1,2843,test,0
BERT,mBERT,1,2844,test,2
BERT,mBERT,1,2845,test,0
BERT,mBERT,1,2846,test,1
BERT,mBERT,1,2848,val,2
BERT,mBERT,1,2849,test,0
BERT,mBERT,1,2851,val,0
BERT,mBERT,1,2856,val,0
BERT,mBERT,1,2862,val,0
BERT,mBERT,1,2863,val,0
BERT,mBERT,1,2865,test,0
BERT,mBERT,1,2868,test,0
BERT,mBERT,1,2870,test,0
BERT,mBERT,1,2871,test,2
BERT,mBERT,1,2875,test,0
BERT,mBERT,1,2877,val,0
BERT,mBERT,1,2883,test,0
BERT,mBERT,1,2884,test,0
BERT,mBERT,1,2885,val,0
BERT,mBERT,1,2886,test,0
BERT,mBERT,1,2888,test,0
BERT,mBERT,1,2890,val,0
BERT,mBERT,1,2892,test,0
BERT,mBERT,1,2894,val,0
BERT,mBERT,1,2896,test,0
BERT,mBERT,1,2898,test,0
BERT,mBERT,1,2900,test,0
BERT,mBERT,1,2901,test,0
BERT,mBERT,1,2903,val,0
BERT,mBERT,1,2905,val,0
BERT,mBERT,1,2906,val,0
BERT,mBERT,1,2907,test,0
BERT,mBERT,1,2910,test,2
BERT,mBERT,1,2912,test,0
BERT,mBERT,1,2913,val,0
BERT,mBERT,1,2914,test,2
BERT,mBERT,1,2916,val,1
BERT,mBERT,1,2918,test,0
BERT,mBERT,1,2921,val,0
BERT,mBERT,1,2922,test,0
BERT,mBERT,1,2927,test,2
BERT,mBERT,1,2928,val,0
BERT,mBERT,1,2929,test,0
BERT,mBERT,1,2930,test,0
BERT,mBERT,1,2932,val,1
BERT,mBERT,1,2933,val,0
BERT,mBERT,1,2934,test,2
BERT,mBERT,1,2936,test,2
BERT,mBERT,1,2937,test,2
BERT,mBERT,1,2938,test,0
BERT,mBERT,1,2939,test,0
BERT,mBERT,1,2943,test,0
BERT,mBERT,1,2946,test,0
BERT,mBERT,1,2947,test,0
BERT,mBERT,1,2949,val,0
BERT,mBERT,1,2951,val,0
BERT,mBERT,1,2955,test,0
BERT,mBERT,1,2956,val,0
BERT,mBERT,1,2960,test,0
BERT,mBERT,1,2964,test,0
BERT,mBERT,1,2965,test,1
BERT,mBERT,1,2967,test,0
BERT,mBERT,1,2968,test,2
BERT,mBERT,1,2971,val,2
BERT,mBERT,1,2973,val,2
BERT,mBERT,1,2974,val,0
BERT,mBERT,1,2977,test,1
BERT,mBERT,1,2979,val,0
BERT,mBERT,1,2980,val,2
BERT,mBERT,1,2982,test,2
BERT,mBERT,1,2983,val,0
BERT,mBERT,1,2984,test,1
BERT,mBERT,1,2985,test,0
BERT,mBERT,1,2987,test,0
BERT,mBERT,1,2990,test,1
BERT,mBERT,1,2991,val,1
BERT,mBERT,1,2992,test,0
BERT,mBERT,1,2994,val,0
BERT,mBERT,1,2995,val,1
BERT,mBERT,1,2997,val,2
BERT,mBERT,1,2998,val,2
BERT,mBERT,1,3002,val,0
BERT,mBERT,1,3005,test,0
BERT,mBERT,1,3007,val,0
BERT,mBERT,1,3010,test,0
BERT,mBERT,1,3011,test,0
BERT,mBERT,1,3012,test,1
BERT,mBERT,1,3013,val,1
BERT,mBERT,1,3015,val,0
BERT,mBERT,1,3018,test,0
BERT,mBERT,1,3019,val,1
BERT,mBERT,1,3021,test,2
BERT,mBERT,1,3023,test,0
BERT,mBERT,1,3024,test,0
BERT,mBERT,1,3025,val,0
BERT,mBERT,1,3026,test,0
BERT,mBERT,1,3029,test,0
BERT,mBERT,1,3030,test,0
BERT,mBERT,1,3031,val,1
BERT,mBERT,1,3032,val,2
BERT,mBERT,1,3034,test,0
BERT,mBERT,1,3038,val,0
BERT,mBERT,1,3039,val,0
BERT,mBERT,1,3040,val,0
BERT,mBERT,1,3041,test,2
BERT,mBERT,1,3043,val,0
BERT,mBERT,1,3044,test,0
BERT,mBERT,1,3046,test,0
BERT,mBERT,1,3047,val,2
BERT,mBERT,1,3050,val,0
BERT,mBERT,1,3052,test,0
BERT,mBERT,1,3053,val,0
BERT,mBERT,1,3055,test,0
BERT,mBERT,1,3056,val,0
BERT,mBERT,1,3057,test,0
BERT,mBERT,1,3058,val,0
BERT,mBERT,1,3059,test,0
BERT,mBERT,1,3063,test,0
BERT,mBERT,1,3065,test,0
BERT,mBERT,1,3068,val,0
BERT,mBERT,1,3069,test,2
BERT,mBERT,1,3070,val,1
BERT,mBERT,1,3071,test,2
BERT,mBERT,1,3075,val,2
BERT,mBERT,1,3076,test,0
BERT,mBERT,1,3081,test,1
BERT,mBERT,1,3082,test,0
BERT,mBERT,1,3083,test,0
BERT,mBERT,1,3084,test,0
BERT,mBERT,1,3085,val,0
BERT,mBERT,1,3088,test,2
BERT,mBERT,1,3089,test,0
BERT,mBERT,1,3094,test,0
BERT,mBERT,1,3095,val,0
BERT,mBERT,1,3097,test,0
BERT,mBERT,1,3100,test,1
BERT,mBERT,1,3102,test,0
BERT,mBERT,1,3103,test,0
BERT,mBERT,1,3107,test,2
BERT,mBERT,1,3109,val,2
BERT,mBERT,1,3110,val,2
BERT,mBERT,1,3112,val,0
BERT,mBERT,1,3114,test,1
BERT,mBERT,1,3115,val,0
BERT,mBERT,1,3116,val,2
BERT,mBERT,1,3123,test,1
BERT,mBERT,1,3124,test,0
BERT,mBERT,1,3125,val,0
BERT,mBERT,1,3127,test,0
BERT,mBERT,1,3128,test,0
BERT,mBERT,1,3129,test,1
BERT,mBERT,1,3131,test,2
BERT,mBERT,1,3136,test,1
BERT,mBERT,1,3137,test,0
BERT,mBERT,1,3138,test,2
BERT,mBERT,1,3140,test,2
BERT,mBERT,1,3148,val,0
BERT,mBERT,1,3150,test,0
BERT,mBERT,1,3151,test,1
BERT,mBERT,1,3153,test,0
BERT,mBERT,1,3154,val,0
BERT,mBERT,1,3158,test,1
BERT,mBERT,1,3159,val,0
BERT,mBERT,1,3160,val,0
BERT,mBERT,1,3164,val,0
BERT,mBERT,1,3167,test,1
BERT,mBERT,1,3169,test,1
BERT,mBERT,1,3170,test,1
BERT,mBERT,1,3178,val,1
BERT,mBERT,1,3180,test,0
BERT,mBERT,1,3181,val,0
BERT,mBERT,1,3182,test,1
BERT,mBERT,1,3183,val,1
BERT,mBERT,1,3184,val,1
BERT,mBERT,1,3185,test,1
BERT,mBERT,1,3186,val,0
BERT,mBERT,1,3190,test,0
BERT,mBERT,1,3191,test,0
BERT,mBERT,1,3193,val,0
BERT,mBERT,1,3195,val,0
BERT,mBERT,1,3196,test,2
BERT,mBERT,1,3197,test,0
BERT,mBERT,1,3200,test,0
BERT,mBERT,1,3204,test,0
BERT,mBERT,1,3206,test,0
BERT,mBERT,1,3209,val,0
BERT,mBERT,1,3211,test,1
BERT,mBERT,1,3215,test,1
BERT,mBERT,1,3218,val,0
BERT,mBERT,1,3220,test,1
BERT,mBERT,1,3221,val,2
BERT,mBERT,1,3222,test,0
BERT,mBERT,1,3225,test,1
BERT,mBERT,1,3226,test,1
BERT,mBERT,1,3227,val,2
BERT,mBERT,1,3231,test,1
BERT,mBERT,1,3233,val,0
BERT,mBERT,1,3234,test,1
BERT,mBERT,1,3235,test,1
BERT,mBERT,1,3236,test,2
BERT,mBERT,1,3237,test,1
BERT,mBERT,1,3238,val,0
BERT,mBERT,1,3242,test,1
BERT,mBERT,1,3244,val,1
BERT,mBERT,1,3247,test,0
BERT,mBERT,1,3248,test,0
BERT,mBERT,1,3250,test,1
BERT,mBERT,1,3253,val,1
BERT,mBERT,1,3255,val,0
BERT,mBERT,1,3256,val,2
BERT,mBERT,1,3258,test,1
BERT,mBERT,1,3260,test,1
BERT,mBERT,1,3261,test,2
BERT,mBERT,1,3266,val,2
BERT,mBERT,1,3269,test,0
BERT,mBERT,1,3270,test,0
BERT,mBERT,1,3274,test,2
BERT,mBERT,1,3276,val,0
BERT,mBERT,1,3277,test,0
BERT,mBERT,1,3278,test,0
BERT,mBERT,1,3279,test,2
BERT,mBERT,1,3280,test,2
BERT,mBERT,1,3282,test,0
BERT,mBERT,1,3285,val,0
BERT,mBERT,1,3287,test,0
BERT,mBERT,1,3289,val,0
BERT,mBERT,1,3291,test,0
BERT,mBERT,1,3292,val,0
BERT,mBERT,1,3293,test,0
BERT,mBERT,1,3296,val,2
BERT,mBERT,1,3299,val,0
BERT,mBERT,1,3301,test,2
BERT,mBERT,1,3303,test,0
BERT,mBERT,1,3305,test,0
BERT,mBERT,1,3307,test,2
BERT,mBERT,1,3309,val,0
BERT,mBERT,1,3312,val,2
BERT,mBERT,1,3313,test,2
BERT,mBERT,1,3314,val,0
BERT,mBERT,1,3316,test,0
BERT,mBERT,1,3318,test,1
BERT,mBERT,1,3321,test,0
BERT,mBERT,1,3323,val,0
BERT,mBERT,1,3324,test,1
BERT,mBERT,1,3326,test,2
BERT,mBERT,1,3328,test,2
BERT,mBERT,1,3332,val,0
BERT,mBERT,1,3335,val,0
BERT,mBERT,1,3339,test,1
BERT,mBERT,1,3340,val,0
BERT,mBERT,1,3343,test,0
BERT,mBERT,1,3345,val,1
BERT,mBERT,1,3346,test,0
BERT,mBERT,1,3347,test,0
BERT,mBERT,1,3348,val,2
BERT,mBERT,1,3353,val,0
BERT,mBERT,1,3355,val,0
BERT,mBERT,1,3356,test,1
BERT,mBERT,1,3357,val,0
BERT,mBERT,1,3358,test,1
BERT,mBERT,1,3359,test,2
BERT,mBERT,1,3361,val,0
BERT,mBERT,1,3362,test,2
BERT,mBERT,1,3367,val,0
BERT,mBERT,1,3370,val,0
BERT,mBERT,1,3372,val,2
BERT,mBERT,1,3373,test,1
BERT,mBERT,1,3374,val,0
BERT,mBERT,1,3376,test,2
BERT,mBERT,1,3384,test,1
BERT,mBERT,1,3385,val,0
BERT,mBERT,1,3386,val,0
BERT,mBERT,1,3394,val,0
BERT,mBERT,1,3396,test,0
BERT,mBERT,1,3402,test,0
BERT,mBERT,1,3403,test,0
BERT,mBERT,1,3404,val,1
BERT,mBERT,1,3406,val,2
BERT,mBERT,1,3408,test,0
BERT,mBERT,1,3410,test,0
BERT,mBERT,1,3412,val,0
BERT,mBERT,1,3419,test,2
BERT,mBERT,1,3420,test,1
BERT,mBERT,1,3425,test,0
BERT,mBERT,1,3429,test,0
BERT,mBERT,1,3431,test,2
BERT,mBERT,1,3432,val,2
BERT,mBERT,1,3433,test,0
BERT,mBERT,1,3434,test,0
BERT,mBERT,1,3436,val,0
BERT,mBERT,1,3438,val,0
BERT,mBERT,1,3439,test,0
BERT,mBERT,1,3440,val,0
BERT,mBERT,1,3441,val,0
BERT,mBERT,1,3444,test,0
BERT,mBERT,1,3447,test,2
BERT,mBERT,1,3450,test,2
BERT,mBERT,1,3452,test,0
BERT,mBERT,1,3455,val,0
BERT,mBERT,1,3456,test,0
BERT,mBERT,1,3457,test,2
BERT,mBERT,1,3458,test,0
BERT,mBERT,1,3459,test,0
BERT,mBERT,1,3460,test,0
BERT,mBERT,1,3464,test,0
BERT,mBERT,1,3469,test,0
BERT,mBERT,1,3470,test,0
BERT,mBERT,1,3472,val,0
BERT,mBERT,1,3473,test,2
BERT,mBERT,1,3475,val,0
BERT,mBERT,1,3479,val,0
BERT,mBERT,1,3482,val,1
BERT,mBERT,1,3483,val,0
BERT,mBERT,1,3486,val,0
BERT,mBERT,1,3491,val,0
BERT,mBERT,1,3492,test,2
BERT,mBERT,1,3495,test,0
BERT,mBERT,1,3496,val,0
BERT,mBERT,1,3497,test,0
BERT,mBERT,1,3498,test,1
BERT,mBERT,1,3499,test,2
BERT,mBERT,1,3500,val,0
BERT,mBERT,1,3501,val,2
BERT,mBERT,1,3502,test,0
BERT,mBERT,1,3507,test,0
BERT,mBERT,1,3508,val,0
BERT,mBERT,1,3510,val,0
BERT,mBERT,1,3511,val,2
BERT,mBERT,1,3512,test,0
BERT,mBERT,1,3514,val,1
BERT,mBERT,1,3515,test,1
BERT,mBERT,1,3517,val,1
BERT,mBERT,1,3519,val,1
BERT,mBERT,1,3520,val,0
BERT,mBERT,1,3521,test,1
BERT,mBERT,1,3523,val,0
BERT,mBERT,1,3526,val,1
BERT,mBERT,1,3527,test,0
BERT,mBERT,1,3528,test,1
BERT,mBERT,1,3530,test,0
BERT,mBERT,1,3532,test,1
BERT,mBERT,1,3533,val,1
BERT,mBERT,1,3534,val,0
BERT,mBERT,1,3536,test,0
BERT,mBERT,1,3540,test,0
BERT,mBERT,1,3544,test,2
BERT,mBERT,1,3548,val,1
BERT,mBERT,1,3550,test,1
BERT,mBERT,1,3552,test,1
BERT,mBERT,1,3553,test,0
BERT,mBERT,1,3555,test,1
BERT,mBERT,1,3556,test,0
BERT,mBERT,1,3557,val,1
BERT,mBERT,1,3558,test,1
BERT,mBERT,1,3560,test,1
BERT,mBERT,1,3561,val,1
BERT,mBERT,1,3562,test,0
BERT,mBERT,1,3565,val,0
BERT,mBERT,1,3567,val,0
BERT,mBERT,1,3568,test,0
BERT,mBERT,1,3570,val,0
BERT,mBERT,1,3572,test,0
BERT,mBERT,1,3573,test,0
BERT,mBERT,1,3575,test,1
BERT,mBERT,1,3577,test,0
BERT,mBERT,1,3580,test,0
BERT,mBERT,1,3582,test,0
BERT,mBERT,1,3583,test,1
BERT,mBERT,1,3588,test,1
BERT,mBERT,1,3589,test,0
BERT,mBERT,1,3591,val,2
BERT,mBERT,1,3593,test,1
BERT,mBERT,1,3594,val,0
BERT,mBERT,1,3595,test,0
BERT,mBERT,1,3601,val,0
BERT,mBERT,1,3602,test,0
BERT,mBERT,1,3603,test,1
BERT,mBERT,1,3606,val,0
BERT,mBERT,1,3607,test,0
BERT,mBERT,1,3608,test,1
BERT,mBERT,1,3610,val,0
BERT,mBERT,1,3611,val,0
BERT,mBERT,1,3613,test,1
BERT,mBERT,1,3615,test,0
BERT,mBERT,1,3616,test,1
BERT,mBERT,1,3617,test,0
BERT,mBERT,1,3618,val,1
BERT,mBERT,1,3619,val,0
BERT,mBERT,1,3621,test,0
BERT,mBERT,1,3622,val,2
BERT,mBERT,1,3624,val,1
BERT,mBERT,1,3625,val,0
BERT,mBERT,1,3627,val,0
BERT,mBERT,1,3629,test,0
BERT,mBERT,1,3630,val,0
BERT,mBERT,1,3632,val,0
BERT,mBERT,1,3633,test,2
BERT,mBERT,1,3635,test,0
BERT,mBERT,1,3636,val,1
BERT,mBERT,1,3637,val,1
BERT,mBERT,1,3639,test,1
BERT,mBERT,1,3640,test,0
BERT,mBERT,1,3642,test,2
BERT,mBERT,1,3644,test,0
BERT,mBERT,1,3645,val,2
BERT,mBERT,1,3646,test,0
BERT,mBERT,1,3647,val,0
BERT,mBERT,1,3648,test,0
BERT,mBERT,1,3649,val,0
BERT,mBERT,1,3650,val,0
BERT,mBERT,1,3651,test,0
BERT,mBERT,1,3652,val,2
BERT,mBERT,1,3656,val,2
BERT,mBERT,1,3663,val,2
BERT,mBERT,1,3665,test,0
BERT,mBERT,1,3666,test,0
BERT,mBERT,1,3669,val,2
BERT,mBERT,1,3670,test,0
BERT,mBERT,1,3671,test,2
BERT,mBERT,1,3672,test,2
BERT,mBERT,1,3673,test,0
BERT,mBERT,1,3674,test,0
BERT,mBERT,1,3676,test,2
BERT,mBERT,1,3677,test,0
BERT,mBERT,1,3680,val,2
BERT,mBERT,1,3683,val,0
BERT,mBERT,1,3684,test,0
BERT,mBERT,1,3685,val,2
BERT,mBERT,1,3686,test,0
BERT,mBERT,1,3687,test,2
BERT,mBERT,1,3689,test,0
BERT,mBERT,1,3690,val,2
BERT,mBERT,1,3692,test,2
BERT,mBERT,1,3693,test,0
BERT,mBERT,1,3695,test,0
BERT,mBERT,1,3696,val,2
BERT,mBERT,1,3697,test,0
BERT,mBERT,1,3698,test,1
BERT,mBERT,1,3699,val,0
BERT,mBERT,1,3702,test,0
BERT,mBERT,1,3703,test,2
BERT,mBERT,1,3705,test,0
BERT,mBERT,1,3707,val,0
BERT,mBERT,1,3710,test,0
BERT,mBERT,1,3712,val,0
BERT,mBERT,1,3714,val,0
BERT,mBERT,1,3716,test,2
BERT,mBERT,1,3718,val,0
BERT,mBERT,1,3720,test,0
BERT,mBERT,1,3725,val,0
BERT,mBERT,1,3726,val,0
BERT,mBERT,1,3730,val,0
BERT,mBERT,1,3732,test,2
BERT,mBERT,1,3733,test,0
BERT,mBERT,1,3734,test,1
BERT,mBERT,1,3739,val,0
BERT,mBERT,1,3741,test,0
BERT,mBERT,1,3742,val,0
BERT,mBERT,1,3743,test,0
BERT,mBERT,1,3744,test,0
BERT,mBERT,1,3745,val,1
BERT,mBERT,1,3746,val,0
BERT,mBERT,1,3747,val,0
BERT,mBERT,1,3749,val,1
BERT,mBERT,1,3751,val,0
BERT,mBERT,1,3752,test,0
BERT,mBERT,1,3754,test,0
BERT,mBERT,1,3755,val,1
BERT,mBERT,1,3756,test,0
BERT,mBERT,1,3757,test,2
BERT,mBERT,1,3759,test,1
BERT,mBERT,1,3761,val,0
BERT,mBERT,1,3763,test,0
BERT,mBERT,1,3764,val,2
BERT,mBERT,1,3765,val,0
BERT,mBERT,1,3767,test,0
BERT,mBERT,1,3768,val,0
BERT,mBERT,1,3770,test,0
BERT,mBERT,1,3772,test,0
BERT,mBERT,1,3773,test,1
BERT,mBERT,1,3775,val,2
BERT,mBERT,1,3776,val,2
BERT,mBERT,1,3777,val,0
BERT,mBERT,1,3779,test,0
BERT,mBERT,1,3780,test,0
BERT,mBERT,1,3781,test,0
BERT,mBERT,1,3782,test,2
BERT,mBERT,1,3783,test,1
BERT,mBERT,1,3784,test,0
BERT,mBERT,1,3785,test,2
BERT,mBERT,1,3786,val,1
BERT,mBERT,1,3789,val,2
BERT,mBERT,1,3790,val,0
BERT,mBERT,1,3795,test,0
BERT,mBERT,1,3797,val,2
BERT,mBERT,1,3799,val,0
BERT,mBERT,1,3801,val,0
BERT,mBERT,1,3802,test,2
BERT,mBERT,1,3803,test,0
BERT,mBERT,1,3805,val,2
BERT,mBERT,1,3806,test,0
BERT,mBERT,1,3809,val,0
BERT,mBERT,1,3811,test,0
BERT,mBERT,1,3812,val,0
BERT,mBERT,1,3814,test,1
BERT,mBERT,1,3818,val,0
BERT,mBERT,1,3821,test,2
BERT,mBERT,1,3824,val,0
BERT,mBERT,1,3825,test,0
BERT,mBERT,1,3826,test,0
BERT,mBERT,1,3827,test,0
BERT,mBERT,1,3829,test,1
BERT,mBERT,1,3830,val,0
BERT,mBERT,1,3831,val,0
BERT,mBERT,1,3835,test,2
BERT,mBERT,1,3836,test,0
BERT,mBERT,1,3843,test,0
BERT,mBERT,1,3844,val,1
BERT,mBERT,1,3847,test,2
BERT,mBERT,1,3848,test,0
BERT,mBERT,1,3849,test,1
BERT,mBERT,1,3850,test,1
BERT,mBERT,1,3852,test,0
BERT,mBERT,1,3853,test,0
BERT,mBERT,1,3854,test,0
BERT,mBERT,1,3855,test,0
BERT,mBERT,1,3856,test,0
BERT,mBERT,1,3859,val,2
BERT,mBERT,1,3865,val,0
BERT,mBERT,1,3868,test,1
BERT,mBERT,1,3875,test,0
BERT,mBERT,1,3876,val,2
BERT,mBERT,1,3878,val,2
BERT,mBERT,1,3880,test,1
BERT,mBERT,1,3882,test,2
BERT,mBERT,1,3883,test,0
BERT,mBERT,1,3885,test,0
BERT,mBERT,1,3886,test,0
BERT,mBERT,1,3888,val,1
BERT,mBERT,1,3889,test,2
BERT,mBERT,1,3891,val,0
BERT,mBERT,1,3894,val,0
BERT,mBERT,1,3896,val,2
BERT,mBERT,1,3897,val,0
BERT,mBERT,1,3898,test,2
BERT,mBERT,1,3899,test,0
BERT,mBERT,1,3900,test,0
BERT,mBERT,1,3903,test,0
BERT,mBERT,1,3905,val,2
BERT,mBERT,1,3907,test,0
BERT,mBERT,1,3908,test,0
BERT,mBERT,1,3910,test,1
BERT,mBERT,1,3911,val,0
BERT,mBERT,1,3917,val,0
BERT,mBERT,1,3919,test,0
BERT,mBERT,1,3920,val,0
BERT,mBERT,1,3921,test,0
BERT,mBERT,1,3922,test,2
BERT,mBERT,1,3924,test,0
BERT,mBERT,1,3925,val,0
BERT,mBERT,1,3927,test,0
BERT,mBERT,1,3930,test,0
BERT,mBERT,1,3931,test,0
BERT,mBERT,1,3934,test,0
BERT,mBERT,1,3935,test,2
BERT,mBERT,1,3941,test,1
BERT,mBERT,1,3943,test,2
BERT,mBERT,1,3944,test,0
BERT,mBERT,1,3947,test,0
BERT,mBERT,1,3949,test,0
BERT,mBERT,1,3950,val,2
BERT,mBERT,1,3951,val,0
BERT,mBERT,1,3954,test,0
BERT,mBERT,1,3955,test,2
BERT,mBERT,1,3956,test,0
BERT,mBERT,1,3960,val,2
BERT,mBERT,1,3961,test,0
BERT,mBERT,1,3962,test,0
BERT,mBERT,1,3966,test,0
BERT,mBERT,1,3967,test,0
BERT,mBERT,1,3969,val,2
BERT,mBERT,1,3970,val,0
BERT,mBERT,1,3971,val,2
BERT,mBERT,1,3973,test,0
BERT,mBERT,1,3976,val,0
BERT,mBERT,1,3977,test,1
BERT,mBERT,1,3978,test,0
BERT,mBERT,1,3981,val,0
BERT,mBERT,1,3984,val,2
BERT,mBERT,1,3985,val,0
BERT,mBERT,1,3987,test,0
BERT,mBERT,1,3988,test,0
BERT,mBERT,1,3989,val,2
BERT,mBERT,1,3990,test,2
BERT,mBERT,1,3992,val,0
BERT,mBERT,1,3993,test,0
BERT,mBERT,1,3994,test,2
BERT,mBERT,1,3999,val,2
BERT,mBERT,1,4005,val,0
BERT,mBERT,1,4009,val,0
BERT,mBERT,1,4011,val,2
BERT,mBERT,1,4013,val,0
BERT,mBERT,1,4014,val,0
BERT,mBERT,1,4016,val,0
BERT,mBERT,1,4017,val,2
BERT,mBERT,1,4019,val,0
BERT,mBERT,1,4020,test,0
BERT,mBERT,1,4021,test,2
BERT,mBERT,1,4023,val,0
BERT,mBERT,1,4024,test,2
BERT,mBERT,1,4026,test,0
BERT,mBERT,1,4027,test,0
BERT,mBERT,1,4028,val,0
BERT,mBERT,1,4031,val,2
BERT,mBERT,1,4032,val,0
BERT,mBERT,1,4033,val,0
BERT,mBERT,1,4034,val,0
BERT,mBERT,1,4035,test,0
BERT,mBERT,1,4036,test,2
BERT,mBERT,1,4037,val,0
BERT,mBERT,1,4039,test,0
BERT,mBERT,1,4040,val,0
BERT,mBERT,1,4042,test,2
BERT,mBERT,1,4043,test,2
BERT,mBERT,1,4046,val,1
BERT,mBERT,1,4047,test,0
BERT,mBERT,1,4049,val,0
BERT,mBERT,1,4053,test,0
BERT,mBERT,1,4061,val,0
BERT,mBERT,1,4064,test,0
BERT,mBERT,1,4065,test,2
BERT,mBERT,1,4067,test,0
BERT,mBERT,1,4068,test,0
BERT,mBERT,1,4069,val,2
BERT,mBERT,1,4075,test,2
BERT,mBERT,1,4076,test,0
BERT,mBERT,1,4079,val,2
BERT,mBERT,1,4081,test,1
BERT,mBERT,1,4082,val,2
BERT,mBERT,1,4084,val,0
BERT,mBERT,1,4087,test,0
BERT,mBERT,1,4088,test,0
BERT,mBERT,1,4090,val,0
BERT,mBERT,1,4092,val,2
BERT,mBERT,1,4094,test,0
BERT,mBERT,1,4096,test,0
BERT,mBERT,1,4098,val,0
BERT,mBERT,1,4100,val,2
BERT,mBERT,1,4102,test,0
BERT,mBERT,1,4104,test,0
BERT,mBERT,1,4105,val,0
BERT,mBERT,1,4106,val,0
BERT,mBERT,1,4107,test,1
BERT,mBERT,1,4109,val,0
BERT,mBERT,1,4113,test,0
BERT,mBERT,1,4114,test,0
BERT,mBERT,1,4117,val,0
BERT,mBERT,1,4119,test,1
BERT,mBERT,1,4120,test,1
BERT,mBERT,1,4121,val,2
BERT,mBERT,1,4125,test,0
BERT,mBERT,1,4128,val,0
BERT,mBERT,1,4132,test,0
BERT,mBERT,1,4133,val,0
BERT,mBERT,1,4135,test,1
BERT,mBERT,1,4143,test,1
BERT,mBERT,1,4144,val,0
BERT,mBERT,1,4148,test,0
BERT,mBERT,1,4153,val,0
BERT,mBERT,1,4157,test,1
BERT,mBERT,1,4159,val,2
BERT,mBERT,1,4160,test,2
BERT,mBERT,1,4162,test,2
BERT,mBERT,1,4163,val,0
BERT,mBERT,1,4164,val,2
BERT,mBERT,1,4166,test,0
BERT,mBERT,1,4167,val,0
BERT,mBERT,1,4168,val,0
BERT,mBERT,1,4170,test,0
BERT,mBERT,1,4172,val,0
BERT,mBERT,1,4177,val,0
BERT,mBERT,1,4180,val,1
BERT,mBERT,1,4181,val,0
BERT,mBERT,1,4182,val,2
BERT,mBERT,1,4184,val,2
BERT,mBERT,1,4189,test,2
BERT,mBERT,1,4190,test,2
BERT,mBERT,1,4197,val,0
BERT,mBERT,1,4198,test,1
BERT,mBERT,1,4201,test,2
BERT,mBERT,1,4202,val,0
BERT,mBERT,1,4203,val,2
BERT,mBERT,1,4204,test,1
BERT,mBERT,1,4205,test,2
BERT,mBERT,1,4210,test,2
BERT,mBERT,1,4212,test,0
BERT,mBERT,1,4213,val,0
BERT,mBERT,1,4214,test,0
BERT,mBERT,1,4217,val,0
BERT,mBERT,1,4219,test,2
BERT,mBERT,1,4225,test,0
BERT,mBERT,1,4226,val,0
BERT,mBERT,1,4230,val,0
BERT,mBERT,1,4231,val,0
BERT,mBERT,1,4233,val,2
BERT,mBERT,1,4235,val,0
BERT,mBERT,1,4236,test,0
BERT,mBERT,1,4239,test,0
BERT,mBERT,1,4242,val,2
BERT,mBERT,1,4244,test,0
BERT,mBERT,1,4246,test,0
BERT,mBERT,1,4247,val,0
BERT,mBERT,1,4249,test,0
BERT,mBERT,1,4251,test,2
BERT,mBERT,1,4252,test,0
BERT,mBERT,1,4254,val,0
BERT,mBERT,1,4256,test,0
BERT,mBERT,1,4257,val,0
BERT,mBERT,1,4258,test,2
BERT,mBERT,1,4259,val,1
BERT,mBERT,1,4262,val,0
BERT,mBERT,1,4263,test,1
BERT,mBERT,1,4266,val,2
BERT,mBERT,1,4269,test,2
BERT,mBERT,1,4270,val,0
BERT,mBERT,1,4271,val,2
BERT,mBERT,1,4272,test,2
BERT,mBERT,1,4276,test,0
BERT,mBERT,1,4277,test,0
BERT,mBERT,1,4281,val,0
BERT,mBERT,1,4282,test,0
BERT,mBERT,1,4283,test,1
BERT,mBERT,1,4284,val,0
BERT,mBERT,1,4285,val,2
BERT,mBERT,1,4286,test,0
BERT,mBERT,1,4289,val,0
BERT,mBERT,1,4294,val,0
BERT,mBERT,1,4295,test,2
BERT,mBERT,1,4297,test,0
BERT,mBERT,1,4298,val,0
BERT,mBERT,1,4299,val,0
BERT,mBERT,1,4301,val,0
BERT,mBERT,1,4302,test,0
BERT,mBERT,1,4304,test,2
BERT,mBERT,1,4306,test,0
BERT,mBERT,1,4307,test,0
BERT,mBERT,1,4308,val,0
BERT,mBERT,1,4309,test,0
BERT,mBERT,1,4310,test,0
BERT,mBERT,1,4312,val,0
BERT,mBERT,1,4314,test,2
BERT,mBERT,1,4319,val,2
BERT,mBERT,1,4320,test,2
BERT,mBERT,1,4321,val,1
BERT,mBERT,1,4323,test,2
BERT,mBERT,1,4328,test,0
BERT,mBERT,1,4329,val,2
BERT,mBERT,1,4330,test,2
BERT,mBERT,1,4331,val,0
BERT,mBERT,1,4334,test,1
BERT,mBERT,1,4335,val,2
BERT,mBERT,1,4339,val,0
BERT,mBERT,1,4340,val,0
BERT,mBERT,1,4342,test,2
BERT,mBERT,1,4343,test,0
BERT,mBERT,1,4344,test,0
BERT,mBERT,1,4345,test,0
BERT,mBERT,1,4346,val,2
BERT,mBERT,1,4347,test,2
BERT,mBERT,1,4348,val,2
BERT,mBERT,1,4350,val,0
BERT,mBERT,1,4351,test,2
BERT,mBERT,1,4352,test,0
BERT,mBERT,1,4354,val,2
BERT,mBERT,1,4356,val,0
BERT,mBERT,1,4357,test,0
BERT,mBERT,1,4358,test,0
BERT,mBERT,1,4359,test,0
BERT,mBERT,1,4360,test,2
BERT,mBERT,1,4364,val,1
BERT,mBERT,1,4365,test,0
BERT,mBERT,1,4366,test,1
BERT,mBERT,1,4368,test,2
BERT,mBERT,1,4369,val,0
BERT,mBERT,1,4373,test,2
BERT,mBERT,1,4376,val,2
BERT,mBERT,1,4377,val,2
BERT,mBERT,1,4378,val,2
BERT,mBERT,1,4381,test,2
BERT,mBERT,1,4382,val,1
BERT,mBERT,1,4383,test,0
BERT,mBERT,1,4386,test,1
BERT,mBERT,1,4387,test,0
BERT,mBERT,1,4388,val,0
BERT,mBERT,1,4390,test,0
BERT,mBERT,1,4391,test,0
BERT,mBERT,1,4394,val,0
BERT,mBERT,1,4402,val,2
BERT,mBERT,1,4407,test,1
BERT,mBERT,1,4409,test,2
BERT,mBERT,1,4412,test,0
BERT,mBERT,1,4414,val,2
BERT,mBERT,1,4419,test,2
BERT,mBERT,1,4423,val,0
BERT,mBERT,1,4426,test,2
BERT,mBERT,1,4432,test,0
BERT,mBERT,1,4433,test,0
BERT,mBERT,1,4434,val,1
BERT,mBERT,1,4436,test,0
BERT,mBERT,1,4440,val,2
BERT,mBERT,1,4441,val,2
BERT,mBERT,1,4442,val,1
BERT,mBERT,1,4443,test,0
BERT,mBERT,1,4447,test,0
BERT,mBERT,1,4452,test,0
BERT,mBERT,1,4454,val,0
BERT,mBERT,1,4457,test,1
BERT,mBERT,1,4462,test,1
BERT,mBERT,1,4463,test,2
BERT,mBERT,1,4464,test,0
BERT,mBERT,1,4467,val,2
BERT,mBERT,1,4468,test,0
BERT,mBERT,1,4469,val,0
BERT,mBERT,1,4470,val,2
BERT,mBERT,1,4472,test,0
BERT,mBERT,1,4474,test,0
BERT,mBERT,1,4478,val,0
BERT,mBERT,1,4479,test,2
BERT,mBERT,1,4481,test,0
BERT,mBERT,1,4482,test,0
BERT,mBERT,1,4483,val,0
BERT,mBERT,1,4484,test,1
BERT,mBERT,1,4485,val,0
BERT,mBERT,1,4486,val,1
BERT,mBERT,1,4489,test,0
BERT,mBERT,1,4490,val,2
BERT,mBERT,1,4491,test,0
BERT,mBERT,1,4492,val,0
BERT,mBERT,1,4498,val,0
BERT,mBERT,1,4500,test,0
BERT,mBERT,1,4501,test,0
BERT,mBERT,1,4502,val,0
BERT,mBERT,1,4505,val,0
BERT,mBERT,1,4506,test,0
BERT,mBERT,1,4508,test,0
BERT,mBERT,1,4509,val,0
BERT,mBERT,1,4511,val,0
BERT,mBERT,1,4513,val,2
BERT,mBERT,1,4516,val,0
BERT,mBERT,1,4518,val,0
BERT,mBERT,1,4519,val,0
BERT,mBERT,1,4521,test,2
BERT,mBERT,1,4523,test,0
BERT,mBERT,1,4526,val,0
BERT,mBERT,1,4529,test,0
BERT,mBERT,1,4531,test,0
BERT,mBERT,1,4532,test,0
BERT,mBERT,1,4533,test,0
BERT,mBERT,1,4537,test,1
BERT,mBERT,1,4538,test,2
BERT,mBERT,1,4539,val,2
BERT,mBERT,1,4540,test,0
BERT,mBERT,1,4543,test,1
BERT,mBERT,1,4544,test,0
BERT,mBERT,1,4545,test,0
BERT,mBERT,1,4547,test,1
BERT,mBERT,1,4548,test,0
BERT,mBERT,1,4550,test,2
BERT,mBERT,1,4551,val,0
BERT,mBERT,1,4553,test,0
BERT,mBERT,1,4555,val,0
BERT,mBERT,1,4558,test,0
BERT,mBERT,1,4560,val,0
BERT,mBERT,1,4562,test,0
BERT,mBERT,1,4567,test,0
BERT,mBERT,1,4568,val,0
BERT,mBERT,1,4569,test,0
BERT,mBERT,1,4571,test,1
BERT,mBERT,1,4573,val,0
BERT,mBERT,1,4574,val,0
BERT,mBERT,1,4575,test,0
BERT,mBERT,1,4580,test,2
BERT,mBERT,1,4584,test,0
BERT,mBERT,1,4585,test,0
BERT,mBERT,1,4586,val,0
BERT,mBERT,1,4587,test,0
BERT,mBERT,1,4588,test,1
BERT,mBERT,1,4590,val,0
BERT,mBERT,1,4594,test,0
BERT,mBERT,1,4599,val,1
BERT,mBERT,1,4600,test,0
BERT,mBERT,1,4601,test,2
BERT,mBERT,1,4602,test,2
BERT,mBERT,1,4603,test,0
BERT,mBERT,1,4605,test,0
BERT,mBERT,1,4606,test,0
BERT,mBERT,1,4607,val,0
BERT,mBERT,1,4610,test,0
BERT,mBERT,1,4611,test,2
BERT,mBERT,1,4612,test,0
BERT,mBERT,1,4613,val,0
BERT,mBERT,1,4614,test,2
BERT,mBERT,1,4616,test,2
BERT,mBERT,1,4617,test,0
BERT,mBERT,1,4618,test,2
BERT,mBERT,1,4619,val,0
BERT,mBERT,1,4620,val,2
BERT,mBERT,1,4624,test,0
BERT,mBERT,1,4626,test,2
BERT,mBERT,1,4627,val,0
BERT,mBERT,1,4628,val,1
BERT,mBERT,1,4632,val,1
BERT,mBERT,1,4633,val,2
BERT,mBERT,1,4634,test,0
BERT,mBERT,1,4635,val,0
BERT,mBERT,1,4636,test,0
BERT,mBERT,1,4639,test,1
BERT,mBERT,1,4640,test,2
BERT,mBERT,1,4642,val,0
BERT,mBERT,1,4645,val,2
BERT,mBERT,1,4646,test,2
BERT,mBERT,1,4650,test,0
BERT,mBERT,1,4652,val,2
BERT,mBERT,1,4654,val,0
BERT,mBERT,1,4656,val,2
BERT,mBERT,1,4657,val,0
BERT,mBERT,1,4659,val,1
BERT,mBERT,1,4660,test,0
BERT,mBERT,1,4662,val,0
BERT,mBERT,1,4663,val,2
BERT,mBERT,1,4669,val,0
BERT,mBERT,1,4670,val,0
BERT,mBERT,1,4674,test,2
BERT,mBERT,1,4676,test,0
BERT,mBERT,1,4679,test,0
BERT,mBERT,1,4680,test,0
BERT,mBERT,1,4685,test,0
BERT,mBERT,1,4690,val,2
BERT,mBERT,1,4691,test,0
BERT,mBERT,1,4693,test,2
BERT,mBERT,1,4694,test,0
BERT,mBERT,1,4695,test,2
BERT,mBERT,1,4696,val,2
BERT,mBERT,1,4697,val,0
BERT,mBERT,1,4699,val,2
BERT,mBERT,1,4700,val,0
BERT,mBERT,1,4701,test,1
BERT,mBERT,1,4703,test,0
BERT,mBERT,1,4704,test,0
BERT,mBERT,1,4705,val,0
BERT,mBERT,1,4706,test,0
BERT,mBERT,1,4707,val,2
BERT,mBERT,1,4708,val,2
BERT,mBERT,1,4709,test,2
BERT,mBERT,1,4710,val,0
BERT,mBERT,1,4713,val,1
BERT,mBERT,1,4715,test,2
BERT,mBERT,1,4716,val,0
BERT,mBERT,1,4717,test,0
BERT,mBERT,1,4726,val,0
BERT,mBERT,1,4730,val,0
BERT,mBERT,1,4737,val,0
BERT,mBERT,1,4742,test,2
BERT,mBERT,1,4743,test,2
BERT,mBERT,1,4746,val,1
BERT,mBERT,1,4748,test,2
BERT,mBERT,1,4751,val,0
BERT,mBERT,1,4752,test,2
BERT,mBERT,1,4754,val,0
BERT,mBERT,1,4755,test,0
BERT,mBERT,1,4762,test,2
BERT,mBERT,1,4766,test,0
BERT,mBERT,1,4767,val,0
BERT,mBERT,1,4770,val,0
BERT,mBERT,1,4774,test,0
BERT,mBERT,1,4776,val,0
BERT,mBERT,1,4777,val,2
BERT,mBERT,1,4778,test,0
BERT,mBERT,1,4780,test,0
BERT,mBERT,1,4782,test,1
BERT,mBERT,1,4783,test,0
BERT,mBERT,1,4784,test,1
BERT,mBERT,1,4785,val,0
BERT,mBERT,1,4787,test,2
BERT,mBERT,1,4791,test,2
BERT,mBERT,1,4796,val,1
BERT,mBERT,1,4797,test,2
BERT,mBERT,1,4798,test,0
BERT,mBERT,1,4800,test,0
BERT,mBERT,1,4809,test,1
BERT,mBERT,1,4811,val,2
BERT,mBERT,1,4814,val,0
BERT,mBERT,1,4815,test,0
BERT,mBERT,1,4816,test,0
BERT,mBERT,1,4818,val,1
BERT,mBERT,1,4820,test,0
BERT,mBERT,1,4823,test,2
BERT,mBERT,1,4824,test,0
BERT,mBERT,1,4825,test,0
BERT,mBERT,1,4827,test,2
BERT,mBERT,1,4828,test,2
BERT,mBERT,1,4833,val,0
BERT,mBERT,1,4835,test,0
BERT,mBERT,1,4837,val,2
BERT,mBERT,1,4838,val,2
BERT,mBERT,1,4839,test,0
BERT,mBERT,1,4840,val,2
BERT,mBERT,1,4841,val,0
BERT,mBERT,1,4844,test,0
BERT,mBERT,1,4850,val,2
BERT,mBERT,1,4853,test,0
BERT,mBERT,1,4854,test,2
BERT,mBERT,1,4857,val,1
BERT,mBERT,1,4858,test,2
BERT,mBERT,1,4860,val,2
BERT,mBERT,1,4861,val,0
BERT,mBERT,1,4862,val,0
BERT,mBERT,1,4863,test,1
BERT,mBERT,1,4864,test,2
BERT,mBERT,1,4865,test,0
BERT,mBERT,1,4866,val,0
BERT,mBERT,1,4867,test,0
BERT,mBERT,1,4870,test,0
BERT,mBERT,1,4871,test,0
BERT,mBERT,1,4873,val,1
BERT,mBERT,1,4876,test,1
BERT,mBERT,1,4879,test,2
BERT,mBERT,1,4880,val,2
BERT,mBERT,1,4882,test,0
BERT,mBERT,1,4883,val,0
BERT,mBERT,1,4886,test,0
BERT,mBERT,1,4887,val,2
BERT,mBERT,1,4888,test,2
BERT,mBERT,1,4889,test,0
BERT,mBERT,1,4892,test,0
BERT,mBERT,1,4894,val,0
BERT,mBERT,1,4898,test,0
BERT,mBERT,1,4901,val,1
BERT,mBERT,1,4902,val,0
BERT,mBERT,1,4904,test,1
BERT,mBERT,1,4905,val,0
BERT,mBERT,1,4907,test,0
BERT,mBERT,1,4908,val,0
BERT,mBERT,1,4910,test,0
BERT,mBERT,1,4912,val,0
BERT,mBERT,1,4913,val,0
BERT,mBERT,1,4915,test,0
BERT,mBERT,1,4917,test,0
BERT,mBERT,1,4918,val,0
BERT,mBERT,1,4927,val,0
BERT,mBERT,1,4930,val,0
BERT,mBERT,1,4932,test,0
BERT,mBERT,1,4934,test,0
BERT,mBERT,1,4935,val,0
BERT,mBERT,1,4938,val,0
BERT,mBERT,1,4939,test,0
BERT,mBERT,1,4940,test,0
BERT,mBERT,1,4941,test,2
BERT,mBERT,1,4942,test,2
BERT,mBERT,1,4943,test,0
BERT,mBERT,1,4945,test,0
BERT,mBERT,1,4946,test,0
BERT,mBERT,1,4947,test,1
BERT,mBERT,1,4948,test,0
BERT,mBERT,1,4949,val,2
BERT,mBERT,1,4952,val,0
BERT,mBERT,1,4953,test,0
BERT,mBERT,1,4954,test,2
BERT,mBERT,1,4957,test,0
BERT,mBERT,1,4958,test,0
BERT,mBERT,1,4960,val,2
BERT,mBERT,1,4962,test,2
BERT,mBERT,1,4963,test,1
BERT,mBERT,1,4964,val,2
BERT,mBERT,1,4965,test,0
BERT,mBERT,1,4967,test,2
BERT,mBERT,1,4969,test,2
BERT,mBERT,1,4972,test,0
BERT,mBERT,1,4974,val,0
BERT,mBERT,1,4976,test,2
BERT,mBERT,1,4977,val,0
BERT,mBERT,1,4978,val,2
BERT,mBERT,1,4980,test,0
BERT,mBERT,1,4982,val,0
BERT,mBERT,1,4983,test,0
BERT,mBERT,1,4985,test,0
BERT,mBERT,1,4987,test,0
BERT,mBERT,1,4988,val,0
BERT,mBERT,1,4989,test,0
BERT,mBERT,1,4991,test,0
BERT,mBERT,1,4992,test,0
BERT,mBERT,1,4994,test,0
BERT,mBERT,1,4996,val,0
BERT,mBERT,1,4998,test,0
BERT,mBERT,1,4999,test,0
BERT,mBERT,1,5000,test,2
BERT,mBERT,1,5001,val,0
BERT,mBERT,1,5003,test,0
BERT,mBERT,1,5004,test,2
BERT,mBERT,1,5005,test,0
BERT,mBERT,1,5007,test,2
BERT,mBERT,1,5008,val,2
BERT,mBERT,1,5009,test,0
BERT,mBERT,1,5010,val,2
BERT,mBERT,1,5013,test,0
BERT,mBERT,1,5014,test,0
BERT,mBERT,1,5018,val,2
BERT,mBERT,1,5022,val,0
BERT,mBERT,1,5024,test,2
BERT,mBERT,1,5025,val,0
BERT,mBERT,1,5026,test,0
BERT,mBERT,1,5027,test,0
BERT,mBERT,1,5029,test,1
BERT,mBERT,1,5031,test,0
BERT,mBERT,1,5036,test,2
BERT,mBERT,1,5037,val,0
BERT,mBERT,1,5039,test,0
BERT,mBERT,1,5041,val,0
BERT,mBERT,1,5043,val,0
BERT,mBERT,1,5044,test,2
BERT,mBERT,1,5045,val,0
BERT,mBERT,1,5046,val,2
BERT,mBERT,1,5048,val,2
BERT,mBERT,1,5049,val,0
BERT,mBERT,1,5050,test,2
BERT,mBERT,1,5058,val,2
BERT,mBERT,1,5059,val,0
BERT,mBERT,1,5061,test,1
BERT,mBERT,1,5062,test,2
BERT,mBERT,1,5065,val,0
BERT,mBERT,1,5066,val,0
BERT,mBERT,1,5068,test,2
BERT,mBERT,1,5069,val,1
BERT,mBERT,1,5074,test,0
BERT,mBERT,1,5075,test,0
BERT,mBERT,1,5077,val,0
BERT,mBERT,1,5082,val,0
BERT,mBERT,1,5083,val,0
BERT,mBERT,1,5084,test,2
BERT,mBERT,1,5085,test,1
BERT,mBERT,1,5086,test,2
BERT,mBERT,1,5088,test,2
BERT,mBERT,1,5089,test,0
BERT,mBERT,1,5091,test,0
BERT,mBERT,1,5094,test,0
BERT,mBERT,1,5096,val,0
BERT,mBERT,1,5097,test,2
BERT,mBERT,1,5099,val,2
BERT,mBERT,1,5103,test,0
BERT,mBERT,1,5104,test,0
BERT,mBERT,1,5105,test,2
BERT,mBERT,1,5107,val,2
BERT,mBERT,1,5113,test,0
BERT,mBERT,1,5114,test,0
BERT,mBERT,1,5117,test,0
BERT,mBERT,1,5118,test,0
BERT,mBERT,1,5119,test,0
BERT,mBERT,1,5121,val,0
BERT,mBERT,1,5122,val,2
BERT,mBERT,1,5123,test,1
BERT,mBERT,1,5126,test,0
BERT,mBERT,1,5127,test,0
BERT,mBERT,1,5129,val,2
BERT,mBERT,1,5130,val,0
BERT,mBERT,1,5132,val,0
BERT,mBERT,1,5134,test,2
BERT,mBERT,1,5135,val,1
BERT,mBERT,1,5136,test,2
BERT,mBERT,1,5139,test,0
BERT,mBERT,1,5140,test,0
BERT,mBERT,1,5141,test,2
BERT,mBERT,1,5142,val,0
BERT,mBERT,1,5143,test,0
BERT,mBERT,1,5146,test,0
BERT,mBERT,1,5148,test,0
BERT,mBERT,1,5149,test,0
BERT,mBERT,1,5150,test,2
BERT,mBERT,1,5151,val,2
BERT,mBERT,1,5152,val,0
BERT,mBERT,1,5156,test,0
BERT,mBERT,1,5160,val,0
BERT,mBERT,1,5162,test,0
BERT,mBERT,1,5164,test,2
BERT,mBERT,1,5165,test,0
BERT,mBERT,1,5169,test,0
BERT,mBERT,1,5170,test,0
BERT,mBERT,1,5172,val,0
BERT,mBERT,1,5174,test,0
BERT,mBERT,1,5183,val,0
BERT,mBERT,1,5184,val,0
BERT,mBERT,1,5185,val,0
BERT,mBERT,1,5187,test,2
BERT,mBERT,1,5189,test,0
BERT,mBERT,1,5198,val,0
BERT,mBERT,1,5200,test,2
BERT,mBERT,1,5202,test,0
BERT,mBERT,1,5205,test,1
BERT,mBERT,1,5206,test,0
BERT,mBERT,1,5208,test,0
BERT,mBERT,1,5210,val,2
BERT,mBERT,1,5211,val,0
BERT,mBERT,1,5212,test,0
BERT,mBERT,1,5213,test,0
BERT,mBERT,1,5214,test,0
BERT,mBERT,1,5215,val,0
BERT,mBERT,1,5216,test,0
BERT,mBERT,1,5218,test,0
BERT,mBERT,1,5225,val,2
BERT,mBERT,1,5226,test,0
BERT,mBERT,1,5227,test,0
BERT,mBERT,1,5228,test,0
BERT,mBERT,1,5229,test,0
BERT,mBERT,1,5230,val,0
BERT,mBERT,1,5234,test,0
BERT,mBERT,1,5235,val,0
BERT,mBERT,1,5236,test,0
BERT,mBERT,1,5237,val,0
BERT,mBERT,1,5238,test,2
BERT,mBERT,1,5239,test,0
BERT,mBERT,1,5240,test,0
BERT,mBERT,1,5241,test,2
BERT,mBERT,1,5248,val,1
BERT,mBERT,1,5249,val,1
BERT,mBERT,1,5251,test,2
BERT,mBERT,1,5252,val,0
BERT,mBERT,1,5255,test,0
BERT,mBERT,1,5260,test,0
BERT,mBERT,1,5264,test,0
BERT,mBERT,1,5265,test,0
BERT,mBERT,1,5266,test,0
BERT,mBERT,1,5269,test,2
BERT,mBERT,1,5272,val,2
BERT,mBERT,1,5275,test,0
BERT,mBERT,1,5278,val,0
BERT,mBERT,1,5279,test,0
BERT,mBERT,1,5281,test,2
BERT,mBERT,1,5282,test,0
BERT,mBERT,1,5283,val,0
BERT,mBERT,1,5284,test,0
BERT,mBERT,1,5285,val,0
BERT,mBERT,1,5291,test,0
BERT,mBERT,1,5292,test,2
BERT,mBERT,1,5295,test,2
BERT,mBERT,1,5296,val,0
BERT,mBERT,1,5300,val,0
BERT,mBERT,1,5301,test,0
BERT,mBERT,1,5302,val,0
BERT,mBERT,1,5303,val,0
BERT,mBERT,1,5304,test,0
BERT,mBERT,1,5306,val,2
BERT,mBERT,1,5307,test,0
BERT,mBERT,1,5311,test,2
BERT,mBERT,1,5312,val,0
BERT,mBERT,1,5315,test,0
BERT,mBERT,1,5316,val,2
BERT,mBERT,1,5317,test,2
BERT,mBERT,1,5318,test,0
BERT,mBERT,1,5319,test,2
BERT,mBERT,1,5321,val,0
BERT,mBERT,1,5324,test,0
BERT,mBERT,1,5325,val,0
BERT,mBERT,1,5327,test,0
BERT,mBERT,1,5328,test,0
BERT,mBERT,1,5329,val,0
BERT,mBERT,1,5330,test,2
BERT,mBERT,1,5331,test,0
BERT,mBERT,1,5332,test,2
BERT,mBERT,1,5333,val,0
BERT,mBERT,1,5334,test,0
BERT,mBERT,1,5336,val,0
BERT,mBERT,1,5339,test,0
BERT,mBERT,1,5342,test,0
BERT,mBERT,1,5344,test,0
BERT,mBERT,1,5345,test,0
BERT,mBERT,1,5346,val,2
BERT,mBERT,1,5349,test,0
BERT,mBERT,1,5352,val,2
BERT,mBERT,1,5354,val,2
BERT,mBERT,1,5355,test,0
BERT,mBERT,1,5357,test,0
BERT,mBERT,1,5360,test,2
BERT,mBERT,1,5364,test,2
BERT,mBERT,1,5365,val,0
BERT,mBERT,1,5366,val,0
BERT,mBERT,1,5369,test,2
BERT,mBERT,1,5370,test,0
BERT,mBERT,1,5373,test,0
BERT,mBERT,1,5376,val,0
BERT,mBERT,1,5377,val,1
BERT,mBERT,1,5378,test,0
BERT,mBERT,1,5383,test,0
BERT,mBERT,1,5384,val,1
BERT,mBERT,1,5388,test,0
BERT,mBERT,1,5389,test,0
BERT,mBERT,1,5390,val,1
BERT,mBERT,1,5391,val,0
BERT,mBERT,1,5392,test,0
BERT,mBERT,1,5393,test,2
BERT,mBERT,1,5395,val,0
BERT,mBERT,1,5396,val,0
BERT,mBERT,1,5397,test,0
BERT,mBERT,1,5398,val,1
BERT,mBERT,1,5399,val,1
BERT,mBERT,1,5400,test,1
BERT,mBERT,1,5402,val,0
BERT,mBERT,1,5409,test,0
BERT,mBERT,1,5411,test,0
BERT,mBERT,1,5412,test,1
BERT,mBERT,1,5415,test,2
BERT,mBERT,1,5416,val,0
BERT,mBERT,1,5417,test,0
BERT,mBERT,1,5419,test,0
BERT,mBERT,1,5420,test,0
BERT,mBERT,1,5422,test,0
BERT,mBERT,1,5423,test,0
BERT,mBERT,1,5424,test,0
BERT,mBERT,1,5426,test,2
BERT,mBERT,1,5427,val,2
BERT,mBERT,1,5428,test,0
BERT,mBERT,1,5429,test,1
BERT,mBERT,1,5432,val,0
BERT,mBERT,1,5438,val,0
BERT,mBERT,1,5442,test,1
BERT,mBERT,1,5445,test,0
BERT,mBERT,1,5446,test,0
BERT,mBERT,1,5447,val,2
BERT,mBERT,1,5448,test,0
BERT,mBERT,1,5450,val,0
BERT,mBERT,1,5452,test,0
BERT,mBERT,1,5453,val,0
BERT,mBERT,1,5454,test,0
BERT,mBERT,1,5455,test,1
BERT,mBERT,1,5457,test,0
BERT,mBERT,1,5458,val,0
BERT,mBERT,1,5462,val,0
BERT,mBERT,1,5464,test,2
BERT,mBERT,1,5466,val,0
BERT,mBERT,1,5467,test,2
BERT,mBERT,1,5468,test,0
BERT,mBERT,1,5469,test,1
BERT,mBERT,1,5470,test,0
BERT,mBERT,1,5471,test,0
BERT,mBERT,1,5473,test,0
BERT,mBERT,1,5474,val,2
BERT,mBERT,1,5477,val,0
BERT,mBERT,1,5483,test,2
BERT,mBERT,1,5484,val,2
BERT,mBERT,1,5485,test,0
BERT,mBERT,1,5487,test,2
BERT,mBERT,1,5488,val,0
BERT,mBERT,1,5494,val,0
BERT,mBERT,1,5495,val,0
BERT,mBERT,1,5496,test,0
BERT,mBERT,1,5498,val,0
BERT,mBERT,1,5499,test,0
BERT,mBERT,1,5507,test,0
BERT,mBERT,1,5508,test,0
BERT,mBERT,1,5509,val,0
BERT,mBERT,1,5510,test,1
BERT,mBERT,1,5512,test,1
BERT,mBERT,1,5515,val,2
BERT,mBERT,1,5518,val,2
BERT,mBERT,1,5520,val,0
BERT,mBERT,1,5521,test,0
BERT,mBERT,1,5525,test,2
BERT,mBERT,1,5526,test,0
BERT,mBERT,1,5527,test,2
BERT,mBERT,1,5528,val,0
BERT,mBERT,1,5530,test,1
BERT,mBERT,1,5531,test,0
BERT,mBERT,1,5533,test,2
BERT,mBERT,1,5535,val,2
BERT,mBERT,1,5536,test,0
BERT,mBERT,1,5538,test,0
BERT,mBERT,1,5539,test,0
BERT,mBERT,1,5540,test,2
BERT,mBERT,1,5541,test,2
BERT,mBERT,1,5542,test,2
BERT,mBERT,1,5544,test,1
BERT,mBERT,1,5545,test,0
BERT,mBERT,1,5547,val,2
BERT,mBERT,1,5548,test,0
BERT,mBERT,1,5550,val,0
BERT,mBERT,1,5551,test,0
BERT,mBERT,1,5553,val,1
BERT,mBERT,1,5554,test,2
BERT,mBERT,1,5555,test,0
BERT,mBERT,1,5557,test,2
BERT,mBERT,1,5559,val,0
BERT,mBERT,1,5560,test,1
BERT,mBERT,1,5561,test,0
BERT,mBERT,1,5563,test,1
BERT,mBERT,1,5566,test,2
BERT,mBERT,1,5570,test,0
BERT,mBERT,1,5571,val,1
BERT,mBERT,1,5572,test,0
BERT,mBERT,1,5573,val,2
BERT,mBERT,1,5575,test,2
BERT,mBERT,1,5577,test,1
BERT,mBERT,1,5578,test,0
BERT,mBERT,1,5579,test,0
BERT,mBERT,1,5580,test,2
BERT,mBERT,1,5581,test,0
BERT,mBERT,1,5582,test,0
BERT,mBERT,1,5583,test,0
BERT,mBERT,1,5584,test,0
BERT,mBERT,1,5589,test,0
BERT,mBERT,1,5591,val,0
BERT,mBERT,1,5592,val,0
BERT,mBERT,1,5593,val,0
BERT,mBERT,1,5595,test,0
BERT,mBERT,1,5596,test,0
BERT,mBERT,1,5597,test,0
BERT,mBERT,1,5602,val,0
BERT,mBERT,1,5603,test,0
BERT,mBERT,1,5604,test,0
BERT,mBERT,1,5605,val,0
BERT,mBERT,1,5613,test,0
BERT,mBERT,1,5614,test,2
BERT,mBERT,1,5615,val,0
BERT,mBERT,1,5618,test,0
BERT,mBERT,1,5619,val,2
BERT,mBERT,1,5623,val,1
BERT,mBERT,1,5625,test,0
BERT,mBERT,1,5626,test,2
BERT,mBERT,1,5629,val,2
BERT,mBERT,1,5631,val,0
BERT,mBERT,1,5632,val,0
BERT,mBERT,1,5634,val,0
BERT,mBERT,1,5637,test,0
BERT,mBERT,1,5641,test,2
BERT,mBERT,1,5642,val,2
BERT,mBERT,1,5644,test,2
BERT,mBERT,1,5646,test,2
BERT,mBERT,1,5647,val,1
BERT,mBERT,1,5650,test,0
BERT,mBERT,1,5651,test,2
BERT,mBERT,1,5652,val,0
BERT,mBERT,1,5653,val,0
BERT,mBERT,1,5654,val,1
BERT,mBERT,1,5655,val,0
BERT,mBERT,1,5658,val,0
BERT,mBERT,1,5659,val,0
BERT,mBERT,1,5660,val,0
BERT,mBERT,1,5661,test,0
BERT,mBERT,1,5664,val,0
BERT,mBERT,1,5665,val,0
BERT,mBERT,1,5670,test,0
BERT,mBERT,1,5672,test,0
BERT,mBERT,1,5673,test,1
BERT,mBERT,1,5676,test,0
BERT,mBERT,1,5677,val,0
BERT,mBERT,1,5678,val,0
BERT,mBERT,1,5679,test,0
BERT,mBERT,1,5680,test,0
BERT,mBERT,1,5682,test,0
BERT,mBERT,1,5684,val,2
BERT,mBERT,1,5686,test,0
BERT,mBERT,1,5688,test,2
BERT,mBERT,1,5689,val,0
BERT,mBERT,1,5691,val,0
BERT,mBERT,1,5692,val,2
BERT,mBERT,1,5695,test,0
BERT,mBERT,1,5696,test,0
BERT,mBERT,1,5698,test,2
BERT,mBERT,1,5701,test,1
BERT,mBERT,1,5702,val,2
BERT,mBERT,1,5703,test,0
BERT,mBERT,1,5706,test,0
BERT,mBERT,1,5707,test,0
BERT,mBERT,1,5709,val,0
BERT,mBERT,1,5713,test,0
BERT,mBERT,1,5714,test,1
BERT,mBERT,1,5716,val,0
BERT,mBERT,1,5717,test,0
BERT,mBERT,1,5718,test,0
BERT,mBERT,1,5724,val,0
BERT,mBERT,1,5726,val,0
BERT,mBERT,1,5727,test,0
BERT,mBERT,1,5728,val,0
BERT,mBERT,1,5729,val,2
BERT,mBERT,1,5730,test,2
BERT,mBERT,1,5731,val,0
BERT,mBERT,1,5732,test,0
BERT,mBERT,1,5736,test,0
BERT,mBERT,1,5737,val,0
BERT,mBERT,1,5739,test,0
BERT,mBERT,1,5740,test,0
BERT,mBERT,1,5741,val,2
BERT,mBERT,1,5742,test,0
BERT,mBERT,1,5745,test,2
BERT,mBERT,1,5746,test,2
BERT,mBERT,1,5747,test,0
BERT,mBERT,1,5748,test,0
BERT,mBERT,1,5749,test,0
BERT,mBERT,1,5750,val,0
BERT,mBERT,1,5751,test,2
BERT,mBERT,1,5754,val,2
BERT,mBERT,1,5755,val,1
BERT,mBERT,1,5761,test,0
BERT,mBERT,1,5762,test,0
BERT,mBERT,1,5763,test,2
BERT,mBERT,1,5766,test,0
BERT,mBERT,1,5767,val,1
BERT,mBERT,1,5769,val,0
BERT,mBERT,1,5770,test,0
BERT,mBERT,1,5772,test,2
BERT,mBERT,1,5776,val,2
BERT,mBERT,1,5777,test,0
BERT,mBERT,1,5780,test,2
BERT,mBERT,1,5783,val,0
BERT,mBERT,1,5784,val,0
BERT,mBERT,1,5785,val,0
BERT,mBERT,1,5786,val,1
BERT,mBERT,1,5789,test,0
BERT,mBERT,1,5791,test,0
BERT,mBERT,1,5793,test,0
BERT,mBERT,1,5794,test,0
BERT,mBERT,1,5797,val,0
BERT,mBERT,1,5798,val,2
BERT,mBERT,1,5801,test,0
BERT,mBERT,1,5804,test,0
BERT,mBERT,1,5807,test,0
BERT,mBERT,1,5810,test,2
BERT,mBERT,1,5811,test,0
BERT,mBERT,1,5817,test,1
BERT,mBERT,1,5820,val,0
BERT,mBERT,1,5821,val,0
BERT,mBERT,1,5823,val,1
BERT,mBERT,1,5826,val,2
BERT,mBERT,1,5828,val,1
BERT,mBERT,1,5831,test,2
BERT,mBERT,1,5832,test,0
BERT,mBERT,1,5835,test,0
BERT,mBERT,1,5838,test,2
BERT,mBERT,1,5839,val,1
BERT,mBERT,1,5840,val,1
BERT,mBERT,1,5841,test,0
BERT,mBERT,1,5842,test,0
BERT,mBERT,1,5844,test,0
BERT,mBERT,1,5845,val,0
BERT,mBERT,1,5846,test,0
BERT,mBERT,1,5853,val,2
BERT,mBERT,1,5857,val,1
BERT,mBERT,1,5860,val,0
BERT,mBERT,1,5862,val,0
BERT,mBERT,1,5863,val,0
BERT,mBERT,1,5865,test,0
BERT,mBERT,1,5867,val,1
BERT,mBERT,1,5868,val,0
BERT,mBERT,1,5869,val,0
BERT,mBERT,1,5874,val,2
BERT,mBERT,1,5876,test,0
BERT,mBERT,1,5878,test,0
BERT,mBERT,1,5879,test,0
BERT,mBERT,1,5880,val,0
BERT,mBERT,1,5882,test,0
BERT,mBERT,1,5885,test,0
BERT,mBERT,1,5887,test,0
BERT,mBERT,1,5888,test,0
BERT,mBERT,1,5889,test,0
BERT,mBERT,1,5890,val,0
BERT,mBERT,1,5891,test,0
BERT,mBERT,1,5894,test,1
BERT,mBERT,1,5898,test,0
BERT,mBERT,1,5899,val,0
BERT,mBERT,1,5901,test,0
BERT,mBERT,1,5903,val,0
BERT,mBERT,1,5904,test,1
BERT,mBERT,1,5905,test,0
BERT,mBERT,1,5906,test,0
BERT,mBERT,1,5907,val,0
BERT,mBERT,1,5908,test,0
BERT,mBERT,1,5909,test,0
BERT,mBERT,1,5912,test,2
BERT,mBERT,1,5919,test,0
BERT,mBERT,1,5920,val,1
BERT,mBERT,1,5924,val,0
BERT,mBERT,1,5926,test,2
BERT,mBERT,1,5927,val,0
BERT,mBERT,1,5928,test,2
BERT,mBERT,1,5929,val,2
BERT,mBERT,1,5930,test,0
BERT,mBERT,1,5932,val,0
BERT,mBERT,1,5933,test,0
BERT,mBERT,1,5940,val,0
BERT,mBERT,1,5943,test,0
BERT,mBERT,1,5947,test,0
BERT,mBERT,1,5949,test,0
BERT,mBERT,1,5951,test,1
BERT,mBERT,1,5952,test,0
BERT,mBERT,1,5954,test,0
BERT,mBERT,1,5955,val,2
BERT,mBERT,1,5961,val,2
BERT,mBERT,1,5966,val,1
BERT,mBERT,1,5969,val,1
BERT,mBERT,1,5972,val,2
BERT,mBERT,1,5974,test,0
BERT,mBERT,1,5975,test,2
BERT,mBERT,1,5977,val,0
BERT,mBERT,1,5978,test,0
BERT,mBERT,1,5980,val,2
BERT,mBERT,1,5981,test,0
BERT,mBERT,1,5982,test,2
BERT,mBERT,1,5983,test,2
BERT,mBERT,1,5986,test,0
BERT,mBERT,1,5989,test,2
BERT,mBERT,1,5990,test,0
BERT,mBERT,1,5992,val,0
BERT,mBERT,1,5994,val,1
BERT,mBERT,1,5995,val,0
BERT,mBERT,1,5997,test,1
BERT,mBERT,1,6000,val,0
BERT,mBERT,1,6001,test,0
BERT,mBERT,1,6003,test,1
BERT,mBERT,1,6004,val,2
BERT,mBERT,1,6005,test,0
BERT,mBERT,1,6006,test,0
BERT,mBERT,1,6007,test,0
BERT,mBERT,1,6008,val,0
BERT,mBERT,1,6012,test,1
BERT,mBERT,1,6013,test,0
BERT,mBERT,1,6014,val,0
BERT,mBERT,1,6016,test,0
BERT,mBERT,1,6017,test,0
BERT,mBERT,1,6018,val,2
BERT,mBERT,1,6019,test,0
BERT,mBERT,1,6020,test,0
BERT,mBERT,1,6022,test,0
BERT,mBERT,1,6023,val,0
BERT,mBERT,1,6025,test,2
BERT,mBERT,1,6026,test,0
BERT,mBERT,1,6030,val,0
BERT,mBERT,1,6031,val,1
BERT,mBERT,1,6032,test,2
BERT,mBERT,1,6033,val,0
BERT,mBERT,1,6034,val,1
BERT,mBERT,1,6036,val,0
BERT,mBERT,1,6038,test,0
BERT,mBERT,1,6043,val,0
BERT,mBERT,1,6045,val,0
BERT,mBERT,1,6048,val,2
BERT,mBERT,1,6050,test,0
BERT,mBERT,1,6052,val,2
BERT,mBERT,1,6055,test,2
BERT,mBERT,1,6056,test,2
BERT,mBERT,1,6060,test,0
BERT,mBERT,1,6061,test,0
BERT,mBERT,1,6062,val,2
BERT,mBERT,1,6063,test,0
BERT,mBERT,1,6065,test,2
BERT,mBERT,1,6066,val,0
BERT,mBERT,1,6067,val,0
BERT,mBERT,1,6069,val,0
BERT,mBERT,1,6070,test,0
BERT,mBERT,1,6072,test,1
BERT,mBERT,1,6075,val,1
BERT,mBERT,1,6076,test,0
BERT,mBERT,1,6082,test,0
BERT,mBERT,1,6083,test,0
BERT,mBERT,1,6085,val,0
BERT,mBERT,1,6087,test,2
BERT,mBERT,1,6088,test,0
BERT,mBERT,1,6090,val,1
BERT,mBERT,1,6091,test,0
BERT,mBERT,1,6093,test,0
BERT,mBERT,1,6094,test,1
BERT,mBERT,1,6095,val,2
BERT,mBERT,1,6096,test,0
BERT,mBERT,1,6097,val,2
BERT,mBERT,1,6098,test,0
BERT,mBERT,1,6099,val,0
BERT,mBERT,1,6100,test,0
BERT,mBERT,1,6104,test,0
BERT,mBERT,1,6110,test,0
BERT,mBERT,1,6112,test,1
BERT,mBERT,1,6113,val,1
BERT,mBERT,1,6114,test,0
BERT,mBERT,1,6116,test,0
BERT,mBERT,1,6119,val,0
BERT,mBERT,1,6122,val,0
BERT,mBERT,1,6123,test,0
BERT,mBERT,1,6124,test,1
BERT,mBERT,1,6126,val,0
BERT,mBERT,1,6127,val,0
BERT,mBERT,1,6131,val,0
BERT,mBERT,1,6136,val,0
BERT,mBERT,1,6147,test,0
BERT,mBERT,1,6148,test,1
BERT,mBERT,1,6149,val,0
BERT,mBERT,1,6150,test,0
BERT,mBERT,1,6152,test,0
BERT,mBERT,1,6154,val,0
BERT,mBERT,1,6155,test,0
BERT,mBERT,1,6158,test,0
BERT,mBERT,1,6159,val,0
BERT,mBERT,1,6160,test,0
BERT,mBERT,1,6161,test,0
BERT,mBERT,1,6164,test,2
BERT,mBERT,1,6169,val,1
BERT,mBERT,1,6171,test,1
BERT,mBERT,1,6172,val,2
BERT,mBERT,1,6174,test,0
BERT,mBERT,1,6178,val,0
BERT,mBERT,1,6180,val,0
BERT,mBERT,1,6183,val,2
BERT,mBERT,1,6191,val,0
BERT,mBERT,1,6192,test,0
BERT,mBERT,1,6193,val,2
BERT,mBERT,1,6195,test,1
BERT,mBERT,1,6199,test,0
BERT,mBERT,1,6200,val,0
BERT,mBERT,1,6201,val,2
BERT,mBERT,1,6202,test,0
BERT,mBERT,1,6203,test,2
BERT,mBERT,1,6206,test,0
BERT,mBERT,1,6207,val,2
BERT,mBERT,1,6212,test,0
BERT,mBERT,1,6213,val,2
BERT,mBERT,1,6214,test,0
BERT,mBERT,1,6215,test,2
BERT,mBERT,1,6217,val,2
BERT,mBERT,1,6221,val,2
BERT,mBERT,1,6222,test,2
BERT,mBERT,1,6224,test,2
BERT,mBERT,1,6226,val,0
BERT,mBERT,1,6228,test,2
BERT,mBERT,1,6229,val,0
BERT,mBERT,1,6230,val,0
BERT,mBERT,1,6231,test,2
BERT,mBERT,1,6238,test,2
BERT,mBERT,1,6240,val,0
BERT,mBERT,1,6241,val,0
BERT,mBERT,1,6243,test,2
BERT,mBERT,1,6244,val,0
BERT,mBERT,1,6246,test,2
BERT,mBERT,1,6248,test,0
BERT,mBERT,1,6249,test,0
BERT,mBERT,1,6250,test,0
BERT,mBERT,1,6253,test,0
BERT,mBERT,1,6255,test,0
BERT,mBERT,1,6256,test,2
BERT,mBERT,1,6257,val,2
BERT,mBERT,1,6258,test,0
BERT,mBERT,1,6260,test,2
BERT,mBERT,1,6261,val,2
BERT,mBERT,1,6263,val,0
BERT,mBERT,1,6264,test,0
BERT,mBERT,1,6265,val,2
BERT,mBERT,1,6266,test,2
BERT,mBERT,1,6271,test,2
BERT,mBERT,1,6272,val,0
BERT,mBERT,1,6273,val,2
BERT,mBERT,1,6274,val,1
BERT,mBERT,1,6275,test,0
BERT,mBERT,1,6276,test,0
BERT,mBERT,1,6277,test,2
BERT,mBERT,1,6279,test,0
BERT,mBERT,1,6282,test,0
BERT,mBERT,1,6284,val,1
BERT,mBERT,1,6287,test,2
BERT,mBERT,1,6288,val,0
BERT,mBERT,1,6290,val,2
BERT,mBERT,1,6291,test,0
BERT,mBERT,1,6293,test,2
BERT,mBERT,1,6294,test,1
BERT,mBERT,1,6296,test,0
BERT,mBERT,1,6297,val,0
BERT,mBERT,1,6298,val,2
BERT,mBERT,1,6300,test,0
BERT,mBERT,1,6303,test,0
BERT,mBERT,1,6304,test,0
BERT,mBERT,1,6305,test,0
BERT,mBERT,1,6309,val,2
BERT,mBERT,1,6310,test,0
BERT,mBERT,1,6311,test,2
BERT,mBERT,1,6312,test,0
BERT,mBERT,1,6316,val,0
BERT,mBERT,1,6319,test,0
BERT,mBERT,1,6320,test,0
BERT,mBERT,1,6321,test,0
BERT,mBERT,1,6322,test,0
BERT,mBERT,1,6323,test,2
BERT,mBERT,1,6325,val,0
BERT,mBERT,1,6329,test,0
BERT,mBERT,1,6330,test,0
BERT,mBERT,1,6331,test,1
BERT,mBERT,1,6332,test,0
BERT,mBERT,1,6335,val,0
BERT,mBERT,1,6337,val,0
BERT,mBERT,1,6338,test,0
BERT,mBERT,1,6339,test,2
BERT,mBERT,1,6340,val,0
BERT,mBERT,1,6341,test,2
BERT,mBERT,1,6342,val,0
BERT,mBERT,1,6345,val,2
BERT,mBERT,1,6347,val,1
BERT,mBERT,1,6348,val,0
BERT,mBERT,1,6352,test,1
BERT,mBERT,1,6353,test,2
BERT,mBERT,1,6354,val,0
BERT,mBERT,1,6355,test,0
BERT,mBERT,1,6358,val,0
BERT,mBERT,1,6359,val,0
BERT,mBERT,1,6361,test,0
BERT,mBERT,1,6362,test,2
BERT,mBERT,1,6367,test,0
BERT,mBERT,1,6370,test,2
BERT,mBERT,1,6371,test,0
BERT,mBERT,1,6372,test,2
BERT,mBERT,1,6373,test,2
BERT,mBERT,1,6375,test,0
BERT,mBERT,1,6376,test,0
BERT,mBERT,1,6377,val,2
BERT,mBERT,1,6378,test,2
BERT,mBERT,1,6381,val,0
BERT,mBERT,1,6382,val,0
BERT,mBERT,1,6384,test,2
BERT,mBERT,1,6385,test,2
BERT,mBERT,1,6386,test,0
BERT,mBERT,1,6387,test,2
BERT,mBERT,1,6389,val,2
BERT,mBERT,1,6390,test,0
BERT,mBERT,1,6391,test,0
BERT,mBERT,1,6392,test,0
BERT,mBERT,1,6394,test,0
BERT,mBERT,1,6397,val,0
BERT,mBERT,1,6398,val,2
BERT,mBERT,1,6399,val,2
BERT,mBERT,1,6400,test,0
BERT,mBERT,1,6401,val,0
BERT,mBERT,1,6407,test,0
BERT,mBERT,1,6409,test,2
BERT,mBERT,1,6411,test,0
BERT,mBERT,1,6412,test,0
BERT,mBERT,1,6414,test,2
BERT,mBERT,1,6416,val,0
BERT,mBERT,1,6417,test,0
BERT,mBERT,1,6418,val,0
BERT,mBERT,1,6419,val,2
BERT,mBERT,1,6420,val,0
BERT,mBERT,1,6421,test,0
BERT,mBERT,1,6423,test,0
BERT,mBERT,1,6425,val,0
BERT,mBERT,1,6426,test,0
BERT,mBERT,1,6427,val,0
BERT,mBERT,1,6430,test,2
BERT,mBERT,1,6432,val,0
BERT,mBERT,1,6433,val,0
BERT,mBERT,1,6436,val,2
BERT,mBERT,1,6438,val,2
BERT,mBERT,1,6441,test,0
BERT,mBERT,1,6447,test,0
BERT,mBERT,1,6448,val,0
BERT,mBERT,1,6449,val,2
BERT,mBERT,1,6450,test,0
BERT,mBERT,1,6451,test,2
BERT,mBERT,1,6452,val,0
BERT,mBERT,1,6454,test,0
BERT,mBERT,1,6458,test,0
BERT,mBERT,1,6459,test,2
BERT,mBERT,1,6461,test,2
BERT,mBERT,1,6462,test,0
BERT,mBERT,1,6465,val,0
BERT,mBERT,1,6466,val,0
BERT,mBERT,1,6468,val,2
BERT,mBERT,1,6472,test,0
BERT,mBERT,1,6473,val,1
BERT,mBERT,1,6474,test,1
BERT,mBERT,1,6476,val,2
BERT,mBERT,1,6479,val,1
BERT,mBERT,1,6480,test,2
BERT,mBERT,1,6483,test,1
BERT,mBERT,1,6484,val,0
BERT,mBERT,1,6486,test,0
BERT,mBERT,1,6487,val,2
BERT,mBERT,1,6489,val,2
BERT,mBERT,1,6491,test,2
BERT,mBERT,1,6494,test,0
BERT,mBERT,1,6495,test,0
BERT,mBERT,1,6496,val,1
BERT,mBERT,1,6497,test,0
BERT,mBERT,1,6498,val,0
BERT,mBERT,1,6501,val,2
BERT,mBERT,1,6505,val,0
BERT,mBERT,1,6506,val,2
BERT,mBERT,1,6508,test,1
BERT,mBERT,1,6510,test,2
BERT,mBERT,1,6511,val,0
BERT,mBERT,1,6512,val,1
BERT,mBERT,1,6514,val,0
BERT,mBERT,1,6516,val,0
BERT,mBERT,1,6521,val,0
BERT,mBERT,1,6526,test,0
BERT,mBERT,1,6528,test,2
BERT,mBERT,1,6530,val,1
BERT,mBERT,1,6531,val,0
BERT,mBERT,1,6532,test,1
BERT,mBERT,1,6535,test,2
BERT,mBERT,1,6536,test,0
BERT,mBERT,1,6537,test,0
BERT,mBERT,1,6539,val,0
BERT,mBERT,1,6540,val,0
BERT,mBERT,1,6541,val,0
BERT,mBERT,1,6544,test,0
BERT,mBERT,1,6546,val,1
BERT,mBERT,1,6547,test,2
BERT,mBERT,1,6548,test,2
BERT,mBERT,1,6549,test,0
BERT,mBERT,1,6550,test,0
BERT,mBERT,1,6553,test,2
BERT,mBERT,1,6555,val,0
BERT,mBERT,1,6556,test,0
BERT,mBERT,1,6557,test,0
BERT,mBERT,1,6563,test,1
BERT,mBERT,1,6564,test,0
BERT,mBERT,1,6566,test,2
BERT,mBERT,1,6571,val,0
BERT,mBERT,1,6573,test,0
BERT,mBERT,1,6574,test,0
BERT,mBERT,1,6576,val,0
BERT,mBERT,1,6577,test,2
BERT,mBERT,1,6579,test,2
BERT,mBERT,1,6580,val,0
BERT,mBERT,1,6581,test,0
BERT,mBERT,1,6582,val,2
BERT,mBERT,1,6583,val,1
BERT,mBERT,1,6584,val,2
BERT,mBERT,1,6585,test,0
BERT,mBERT,1,6587,val,0
BERT,mBERT,1,6588,test,0
BERT,mBERT,1,6590,val,1
BERT,mBERT,1,6592,test,0
BERT,mBERT,1,6593,test,0
BERT,mBERT,1,6594,test,2
BERT,mBERT,1,6597,test,0
BERT,mBERT,1,6598,test,2
BERT,mBERT,1,6599,val,0
BERT,mBERT,1,6600,test,2
BERT,mBERT,1,6601,val,2
BERT,mBERT,1,6603,val,0
BERT,mBERT,1,6605,test,0
BERT,mBERT,1,6610,test,2
BERT,mBERT,1,6614,test,0
BERT,mBERT,1,6617,val,0
BERT,mBERT,1,6619,test,2
BERT,mBERT,1,6622,val,2
BERT,mBERT,1,6624,test,1
BERT,mBERT,1,6625,test,0
BERT,mBERT,1,6627,val,2
BERT,mBERT,1,6630,val,1
BERT,mBERT,1,6631,test,0
BERT,mBERT,1,6632,test,0
BERT,mBERT,1,6633,test,0
BERT,mBERT,1,6634,test,0
BERT,mBERT,1,6639,test,0
BERT,mBERT,1,6645,test,0
BERT,mBERT,1,6646,val,2
BERT,mBERT,1,6648,val,2
BERT,mBERT,1,6649,val,0
BERT,mBERT,1,6652,test,1
BERT,mBERT,1,6655,test,0
BERT,mBERT,1,6656,test,0
BERT,mBERT,1,6658,test,0
BERT,mBERT,1,6659,test,0
BERT,mBERT,1,6660,val,2
BERT,mBERT,1,6663,val,2
BERT,mBERT,1,6664,test,0
BERT,mBERT,1,6665,val,0
BERT,mBERT,1,6670,test,1
BERT,mBERT,1,6671,test,0
BERT,mBERT,1,6672,val,2
BERT,mBERT,1,6673,val,1
BERT,mBERT,1,6677,val,0
BERT,mBERT,1,6678,val,2
BERT,mBERT,1,6679,test,2
BERT,mBERT,1,6681,test,2
BERT,mBERT,1,6686,val,0
BERT,mBERT,1,6691,test,0
BERT,mBERT,1,6692,test,0
BERT,mBERT,1,6693,test,2
BERT,mBERT,1,6695,test,0
BERT,mBERT,1,6696,test,2
BERT,mBERT,1,6700,val,0
BERT,mBERT,1,6701,val,0
BERT,mBERT,1,6702,test,0
BERT,mBERT,1,6703,val,0
BERT,mBERT,1,6704,test,2
BERT,mBERT,1,6707,val,0
BERT,mBERT,1,6709,test,2
BERT,mBERT,1,6710,val,2
BERT,mBERT,1,6711,test,0
BERT,mBERT,1,6712,test,0
BERT,mBERT,1,6714,test,0
BERT,mBERT,1,6715,test,2
BERT,mBERT,1,6716,test,2
BERT,mBERT,1,6717,test,2
BERT,mBERT,1,6719,test,0
BERT,mBERT,1,6722,test,2
BERT,mBERT,1,6723,val,0
BERT,mBERT,1,6724,test,0
BERT,mBERT,1,6726,val,0
BERT,mBERT,1,6728,test,0
BERT,mBERT,1,6729,val,0
BERT,mBERT,1,6730,val,2
BERT,mBERT,1,6731,val,2
BERT,mBERT,1,6733,test,0
BERT,mBERT,1,6734,test,2
BERT,mBERT,1,6736,test,2
BERT,mBERT,1,6738,test,2
BERT,mBERT,1,6740,val,0
BERT,mBERT,1,6742,test,2
BERT,mBERT,1,6743,val,2
BERT,mBERT,1,6745,val,2
BERT,mBERT,1,6750,test,2
BERT,mBERT,1,6753,val,0
BERT,mBERT,1,6755,test,0
BERT,mBERT,1,6758,test,2
BERT,mBERT,1,6759,val,0
BERT,mBERT,1,6761,val,2
BERT,mBERT,1,6762,test,1
BERT,mBERT,1,6764,val,2
BERT,mBERT,1,6766,test,1
BERT,mBERT,1,6767,test,1
BERT,mBERT,1,6769,val,1
BERT,mBERT,1,6772,val,0
BERT,mBERT,1,6773,test,0
BERT,mBERT,1,6776,val,2
BERT,mBERT,1,6777,test,0
BERT,mBERT,1,6778,test,0
BERT,mBERT,1,6779,val,2
BERT,mBERT,1,6780,val,0
BERT,mBERT,1,6783,test,2
BERT,mBERT,1,6785,test,2
BERT,mBERT,1,6786,val,0
BERT,mBERT,1,6787,val,2
BERT,mBERT,1,6788,val,0
BERT,mBERT,1,6790,val,0
BERT,mBERT,1,6791,val,1
BERT,mBERT,1,6792,val,0
BERT,mBERT,1,6803,val,0
BERT,mBERT,1,6804,test,0
BERT,mBERT,1,6806,test,2
BERT,mBERT,1,6807,test,2
BERT,mBERT,1,6810,test,2
BERT,mBERT,1,6812,val,0
BERT,mBERT,1,6813,val,0
BERT,mBERT,1,6816,val,2
BERT,mBERT,1,6819,val,1
BERT,mBERT,1,6820,test,2
BERT,mBERT,1,6821,test,2
BERT,mBERT,1,6822,test,0
BERT,mBERT,1,6824,test,1
BERT,mBERT,1,6825,test,0
BERT,mBERT,1,6826,val,0
BERT,mBERT,1,6828,val,1
BERT,mBERT,1,6830,test,1
BERT,mBERT,1,6832,test,1
BERT,mBERT,1,6833,test,0
BERT,mBERT,1,6835,val,0
BERT,mBERT,1,6837,test,0
BERT,mBERT,1,6839,test,2
BERT,mBERT,1,6845,val,0
BERT,mBERT,1,6847,val,0
BERT,mBERT,1,6848,test,2
BERT,mBERT,1,6849,test,0
BERT,mBERT,1,6853,val,0
BERT,mBERT,1,6855,val,0
BERT,mBERT,1,6857,test,0
BERT,mBERT,1,6859,val,1
BERT,mBERT,1,6860,val,2
BERT,mBERT,1,6861,val,0
BERT,mBERT,1,6864,test,2
BERT,mBERT,1,6866,test,2
BERT,mBERT,1,6870,test,0
BERT,mBERT,1,6877,val,0
BERT,mBERT,1,6879,test,2
BERT,mBERT,1,6881,val,0
BERT,mBERT,1,6883,val,2
BERT,mBERT,1,6884,val,0
BERT,mBERT,1,6886,val,0
BERT,mBERT,1,6888,test,0
BERT,mBERT,1,6890,val,1
BERT,mBERT,1,6893,test,0
BERT,mBERT,1,6895,test,0
BERT,mBERT,1,6897,test,0
BERT,mBERT,1,6899,test,0
BERT,mBERT,1,6900,val,2
BERT,mBERT,1,6902,val,0
BERT,mBERT,1,6903,test,0
BERT,mBERT,1,6904,val,0
BERT,mBERT,1,6905,val,2
BERT,mBERT,1,6906,val,0
BERT,mBERT,1,6907,val,0
BERT,mBERT,1,6908,test,1
BERT,mBERT,1,6910,val,2
BERT,mBERT,1,6912,test,0
BERT,mBERT,1,6913,val,0
BERT,mBERT,1,6916,val,2
BERT,mBERT,1,6918,test,0
BERT,mBERT,1,6922,test,0
BERT,mBERT,1,6924,test,0
BERT,mBERT,1,6925,test,2
BERT,mBERT,1,6926,test,0
BERT,mBERT,1,6929,test,2
BERT,mBERT,1,6930,test,2
BERT,mBERT,1,6931,test,2
BERT,mBERT,1,6933,val,0
BERT,mBERT,1,6934,val,2
BERT,mBERT,1,6935,test,0
BERT,mBERT,1,6941,val,0
BERT,mBERT,1,6942,test,0
BERT,mBERT,1,6945,test,0
BERT,mBERT,1,6946,val,1
BERT,mBERT,1,6947,test,0
BERT,mBERT,1,6948,test,1
BERT,mBERT,1,6950,val,0
BERT,mBERT,1,6951,test,2
BERT,mBERT,1,6953,test,0
BERT,mBERT,1,6954,test,0
BERT,mBERT,1,6955,val,0
BERT,mBERT,1,6956,test,2
BERT,mBERT,1,6958,val,0
BERT,mBERT,1,6959,test,0
BERT,mBERT,1,6962,test,0
BERT,mBERT,1,6963,test,1
BERT,mBERT,1,6966,test,0
BERT,mBERT,1,6967,test,0
BERT,mBERT,1,6972,test,2
BERT,mBERT,1,6974,test,0
BERT,mBERT,1,6977,test,0
BERT,mBERT,1,6978,val,0
BERT,mBERT,1,6979,test,1
BERT,mBERT,1,6980,test,0
BERT,mBERT,1,6981,test,2
BERT,mBERT,1,6985,test,1
BERT,mBERT,1,6987,test,0
BERT,mBERT,1,6988,val,0
BERT,mBERT,1,6989,test,0
BERT,mBERT,1,6990,val,1
BERT,mBERT,1,6992,val,0
BERT,mBERT,1,6993,val,2
BERT,mBERT,1,6995,val,0
BERT,mBERT,1,6996,val,0
BERT,mBERT,1,6997,test,0
BERT,mBERT,1,6999,val,0
BERT,mBERT,1,7000,val,0
BERT,mBERT,1,7001,val,0
BERT,mBERT,1,7002,val,2
BERT,mBERT,1,7004,test,0
BERT,mBERT,1,7007,test,0
BERT,mBERT,1,7008,test,1
BERT,mBERT,1,7013,val,2
BERT,mBERT,1,7014,test,0
BERT,mBERT,1,7015,test,2
BERT,mBERT,1,7016,val,2
BERT,mBERT,1,7019,val,2
BERT,mBERT,1,7023,test,0
BERT,mBERT,1,7025,test,0
BERT,mBERT,1,7028,test,2
BERT,mBERT,1,7030,test,2
BERT,mBERT,1,7033,test,0
BERT,mBERT,1,7035,test,0
BERT,mBERT,1,7036,test,0
BERT,mBERT,1,7037,val,0
BERT,mBERT,1,7038,val,2
BERT,mBERT,1,7041,test,0
BERT,mBERT,1,7042,val,0
BERT,mBERT,1,7044,val,0
BERT,mBERT,1,7045,test,2
BERT,mBERT,1,7047,test,0
BERT,mBERT,1,7048,test,2
BERT,mBERT,1,7049,val,1
BERT,mBERT,1,7050,val,2
BERT,mBERT,1,7052,test,0
BERT,mBERT,1,7053,test,2
BERT,mBERT,1,7055,val,0
BERT,mBERT,1,7056,val,2
BERT,mBERT,1,7059,test,0
BERT,mBERT,1,7060,val,0
BERT,mBERT,1,7061,test,0
BERT,mBERT,1,7062,val,2
BERT,mBERT,1,7063,val,0
BERT,mBERT,1,7066,test,0
BERT,mBERT,1,7069,val,0
BERT,mBERT,1,7071,test,0
BERT,mBERT,1,7077,val,2
BERT,mBERT,1,7081,test,0
BERT,mBERT,1,7084,val,2
BERT,mBERT,1,7085,test,2
BERT,mBERT,1,7086,test,0
BERT,mBERT,1,7089,val,2
BERT,mBERT,1,7090,test,0
BERT,mBERT,1,7091,val,0
BERT,mBERT,1,7093,val,0
BERT,mBERT,1,7095,val,0
BERT,mBERT,1,7097,test,2
BERT,mBERT,1,7101,val,0
BERT,mBERT,1,7102,val,0
BERT,mBERT,1,7104,test,1
BERT,mBERT,1,7109,test,0
BERT,mBERT,1,7111,test,2
BERT,mBERT,1,7112,test,0
BERT,mBERT,1,7116,test,2
BERT,mBERT,1,7118,test,0
BERT,mBERT,1,7122,val,0
BERT,mBERT,1,7123,val,0
BERT,mBERT,1,7124,test,1
BERT,mBERT,1,7131,val,0
BERT,mBERT,1,7132,val,0
BERT,mBERT,1,7134,test,0
BERT,mBERT,1,7135,test,0
BERT,mBERT,1,7140,val,0
BERT,mBERT,1,7142,val,0
BERT,mBERT,1,7143,test,1
BERT,mBERT,1,7144,val,0
BERT,mBERT,1,7145,val,0
BERT,mBERT,1,7146,val,0
BERT,mBERT,1,7150,test,0
BERT,mBERT,1,7151,test,0
BERT,mBERT,1,7152,test,1
BERT,mBERT,1,7156,val,0
BERT,mBERT,1,7157,test,0
BERT,mBERT,1,7160,val,0
BERT,mBERT,1,7163,test,2
BERT,mBERT,1,7164,val,0
BERT,mBERT,1,7167,val,0
BERT,mBERT,1,7171,val,0
BERT,mBERT,1,7172,test,2
BERT,mBERT,1,7174,test,0
BERT,mBERT,1,7177,val,0
BERT,mBERT,1,7179,test,2
BERT,mBERT,1,7181,val,0
BERT,mBERT,1,7182,val,2
BERT,mBERT,1,7189,val,2
BERT,mBERT,1,7194,test,0
BERT,mBERT,1,7200,val,0
BERT,mBERT,1,7201,test,2
BERT,mBERT,1,7202,val,2
BERT,mBERT,1,7207,val,0
BERT,mBERT,1,7209,test,2
BERT,mBERT,1,7210,val,2
BERT,mBERT,1,7211,val,2
BERT,mBERT,1,7213,val,0
BERT,mBERT,1,7215,test,0
BERT,mBERT,1,7217,test,2
BERT,mBERT,1,7220,val,2
BERT,mBERT,1,7221,test,0
BERT,mBERT,1,7228,test,1
BERT,mBERT,1,7229,test,1
BERT,mBERT,1,7230,val,2
BERT,mBERT,1,7231,val,0
BERT,mBERT,1,7233,test,0
BERT,mBERT,1,7234,val,0
BERT,mBERT,1,7235,val,0
BERT,mBERT,1,7237,val,2
BERT,mBERT,1,7238,test,0
BERT,mBERT,1,7240,test,2
BERT,mBERT,1,7243,test,0
BERT,mBERT,1,7245,val,0
BERT,mBERT,1,7250,test,2
BERT,mBERT,1,7251,val,0
BERT,mBERT,1,7252,test,0
BERT,mBERT,1,7253,val,0
BERT,mBERT,1,7255,test,2
BERT,mBERT,1,7256,val,1
BERT,mBERT,1,7259,test,0
BERT,mBERT,1,7261,test,0
BERT,mBERT,1,7262,test,0
BERT,mBERT,1,7263,val,0
BERT,mBERT,1,7265,val,0
BERT,mBERT,1,7267,val,0
BERT,mBERT,1,7268,val,0
BERT,mBERT,1,7270,val,0
BERT,mBERT,1,7271,test,0
BERT,mBERT,1,7272,test,0
BERT,mBERT,1,7273,val,0
BERT,mBERT,1,7274,test,0
BERT,mBERT,1,7277,val,0
BERT,mBERT,1,7278,val,1
BERT,mBERT,1,7281,val,0
BERT,mBERT,1,7285,val,1
BERT,mBERT,1,7286,test,0
BERT,mBERT,1,7289,test,0
BERT,mBERT,1,7290,test,2
BERT,mBERT,1,7296,val,0
BERT,mBERT,1,7297,test,0
BERT,mBERT,1,7298,test,2
BERT,mBERT,1,7299,test,0
BERT,mBERT,1,7300,test,0
BERT,mBERT,1,7301,val,2
BERT,mBERT,1,7302,test,0
BERT,mBERT,1,7305,test,2
BERT,mBERT,1,7306,test,1
BERT,mBERT,1,7307,test,0
BERT,mBERT,1,7308,test,0
BERT,mBERT,1,7311,test,0
BERT,mBERT,1,7312,val,0
BERT,mBERT,1,7317,val,0
BERT,mBERT,1,7318,test,0
BERT,mBERT,1,7319,test,0
BERT,mBERT,1,7327,test,0
BERT,mBERT,1,7330,val,0
BERT,mBERT,1,7331,val,2
BERT,mBERT,1,7333,test,0
BERT,mBERT,1,7334,val,0
BERT,mBERT,1,7338,test,2
BERT,mBERT,1,7339,test,0
BERT,mBERT,1,7340,test,2
BERT,mBERT,1,7342,test,2
BERT,mBERT,1,7343,val,0
BERT,mBERT,1,7344,val,0
BERT,mBERT,1,7345,test,0
BERT,mBERT,1,7347,test,1
BERT,mBERT,1,7348,test,2
BERT,mBERT,1,7355,test,0
BERT,mBERT,1,7357,val,0
BERT,mBERT,1,7358,test,0
BERT,mBERT,1,7359,test,0
BERT,mBERT,1,7360,val,0
BERT,mBERT,1,7361,test,0
BERT,mBERT,1,7364,val,0
BERT,mBERT,1,7368,test,2
BERT,mBERT,1,7369,test,1
BERT,mBERT,1,7371,test,0
BERT,mBERT,1,7372,val,0
BERT,mBERT,1,7373,val,2
BERT,mBERT,1,7375,val,0
BERT,mBERT,1,7376,val,0
BERT,mBERT,1,7377,val,0
BERT,mBERT,1,7378,test,2
BERT,mBERT,1,7379,test,0
BERT,mBERT,1,7384,test,2
BERT,mBERT,1,7385,val,0
BERT,mBERT,1,7386,test,0
BERT,mBERT,1,7388,test,0
BERT,mBERT,1,7389,val,0
BERT,mBERT,1,7391,val,0
BERT,mBERT,1,7394,test,2
BERT,mBERT,1,7396,test,2
BERT,mBERT,1,7399,test,0
BERT,mBERT,1,7400,val,2
BERT,mBERT,1,7401,val,0
BERT,mBERT,1,7402,test,0
BERT,mBERT,1,7405,val,0
BERT,mBERT,1,7406,test,0
BERT,mBERT,1,7407,val,2
BERT,mBERT,1,7411,test,0
BERT,mBERT,1,7417,test,2
BERT,mBERT,1,7419,val,0
BERT,mBERT,1,7421,test,0
BERT,mBERT,1,7425,val,1
BERT,mBERT,1,7426,test,2
BERT,mBERT,1,7428,test,0
BERT,mBERT,1,7429,test,2
BERT,mBERT,1,7430,test,0
BERT,mBERT,1,7431,test,2
BERT,mBERT,1,7432,test,0
BERT,mBERT,1,7437,val,1
BERT,mBERT,1,7438,val,0
BERT,mBERT,1,7440,test,0
BERT,mBERT,1,7441,val,0
BERT,mBERT,1,7442,val,2
BERT,mBERT,1,7443,val,0
BERT,mBERT,1,7444,test,1
BERT,mBERT,1,7445,val,0
BERT,mBERT,1,7446,val,0
BERT,mBERT,1,7447,val,0
BERT,mBERT,1,7448,val,0
BERT,mBERT,1,7450,test,0
BERT,mBERT,1,7453,test,0
BERT,mBERT,1,7456,test,0
BERT,mBERT,1,7461,test,0
BERT,mBERT,1,7468,test,0
BERT,mBERT,1,7469,test,2
BERT,mBERT,1,7473,test,2
BERT,mBERT,1,7474,test,2
BERT,mBERT,1,7475,val,2
BERT,mBERT,1,7476,test,0
BERT,mBERT,1,7478,val,0
BERT,mBERT,1,7479,val,0
BERT,mBERT,1,7480,val,0
BERT,mBERT,1,7485,test,0
BERT,mBERT,1,7486,val,2
BERT,mBERT,1,7490,test,2
BERT,mBERT,1,7491,val,2
BERT,mBERT,1,7493,test,1
BERT,mBERT,1,7494,test,0
BERT,mBERT,1,7497,test,2
BERT,mBERT,1,7499,val,0
BERT,mBERT,1,7500,val,2
BERT,mBERT,1,7501,test,2
BERT,mBERT,1,7505,val,0
BERT,mBERT,1,7506,test,0
BERT,mBERT,1,7507,val,2
BERT,mBERT,1,7508,test,1
BERT,mBERT,1,7509,test,0
BERT,mBERT,1,7510,val,2
BERT,mBERT,1,7511,val,0
BERT,mBERT,1,7515,test,2
BERT,mBERT,1,7516,val,0
BERT,mBERT,1,7517,test,2
BERT,mBERT,1,7520,val,0
BERT,mBERT,1,7522,val,1
BERT,mBERT,1,7523,test,2
BERT,mBERT,1,7524,val,2
BERT,mBERT,1,7526,test,0
BERT,mBERT,1,7529,test,0
BERT,mBERT,1,7531,test,2
BERT,mBERT,1,7532,val,0
BERT,mBERT,1,7536,test,0
BERT,mBERT,1,7538,test,2
BERT,mBERT,1,7541,val,2
BERT,mBERT,1,7542,val,0
BERT,mBERT,1,7543,test,0
BERT,mBERT,1,7545,test,2
BERT,mBERT,1,7547,val,0
BERT,mBERT,1,7549,test,0
BERT,mBERT,1,7550,val,0
BERT,mBERT,1,7551,test,0
BERT,mBERT,1,7554,test,1
BERT,mBERT,1,7558,test,0
BERT,mBERT,1,7559,val,0
BERT,mBERT,1,7560,val,2
BERT,mBERT,1,7561,test,1
BERT,mBERT,1,7563,test,0
BERT,mBERT,1,7566,test,0
BERT,mBERT,1,7567,test,0
BERT,mBERT,1,7570,val,2
BERT,mBERT,1,7571,val,0
BERT,mBERT,1,7572,val,0
BERT,mBERT,1,7573,val,2
BERT,mBERT,1,7575,test,0
BERT,mBERT,1,7576,test,0
BERT,mBERT,1,7578,test,0
BERT,mBERT,1,7586,test,0
BERT,mBERT,1,7588,test,0
BERT,mBERT,1,7589,val,2
BERT,mBERT,1,7592,val,2
BERT,mBERT,1,7593,val,0
BERT,mBERT,1,7596,test,0
BERT,mBERT,1,7597,val,0
BERT,mBERT,1,7598,test,2
BERT,mBERT,1,7599,test,2
BERT,mBERT,1,7601,val,0
BERT,mBERT,1,7604,test,0
BERT,mBERT,1,7606,val,0
BERT,mBERT,1,7607,val,2
BERT,mBERT,1,7609,test,2
BERT,mBERT,1,7611,test,0
BERT,mBERT,1,7612,val,2
BERT,mBERT,1,7613,val,0
BERT,mBERT,1,7615,test,0
BERT,mBERT,1,7617,val,2
BERT,mBERT,1,7619,test,0
BERT,mBERT,1,7621,test,0
BERT,mBERT,1,7624,test,0
BERT,mBERT,1,7627,val,0
BERT,mBERT,1,7628,test,0
BERT,mBERT,1,7629,val,0
BERT,mBERT,1,7633,val,0
BERT,mBERT,1,7638,test,2
BERT,mBERT,1,7640,test,2
BERT,mBERT,1,7642,test,0
BERT,mBERT,1,7645,val,0
BERT,mBERT,1,7646,val,0
BERT,mBERT,1,7647,test,0
BERT,mBERT,1,7649,val,1
BERT,mBERT,1,7650,test,2
BERT,mBERT,1,7651,test,0
BERT,mBERT,1,7653,val,2
BERT,mBERT,1,7654,val,0
BERT,mBERT,1,7657,val,2
BERT,mBERT,1,7658,test,0
BERT,mBERT,1,7660,test,0
BERT,mBERT,1,7661,val,2
BERT,mBERT,1,7662,test,1
BERT,mBERT,1,7663,test,2
BERT,mBERT,1,7665,val,0
BERT,mBERT,1,7666,val,0
BERT,mBERT,1,7669,test,0
BERT,mBERT,1,7670,val,0
BERT,mBERT,1,7671,test,2
BERT,mBERT,1,7673,val,0
BERT,mBERT,1,7678,test,0
BERT,mBERT,1,7679,test,0
BERT,mBERT,1,7683,val,0
BERT,mBERT,1,7686,test,2
BERT,mBERT,1,7687,test,2
BERT,mBERT,1,7688,test,0
BERT,mBERT,1,7690,test,0
BERT,mBERT,1,7691,test,0
BERT,mBERT,1,7693,test,2
BERT,mBERT,1,7696,val,0
BERT,mBERT,1,7699,val,1
BERT,mBERT,1,7700,test,0
BERT,mBERT,1,7703,val,2
BERT,mBERT,1,7704,test,0
BERT,mBERT,1,7707,test,0
BERT,mBERT,1,7708,test,0
BERT,mBERT,1,7710,test,2
BERT,mBERT,1,7713,test,2
BERT,mBERT,1,7716,val,0
BERT,mBERT,1,7718,test,2
BERT,mBERT,1,7719,test,0
BERT,mBERT,1,7720,val,0
BERT,mBERT,1,7721,test,2
BERT,mBERT,1,7722,val,0
BERT,mBERT,1,7723,val,0
BERT,mBERT,1,7724,test,2
BERT,mBERT,1,7725,val,0
BERT,mBERT,1,7727,val,0
BERT,mBERT,1,7728,val,0
BERT,mBERT,1,7729,val,0
BERT,mBERT,1,7730,test,0
BERT,mBERT,1,7732,test,0
BERT,mBERT,1,7733,test,0
BERT,mBERT,1,7735,val,0
BERT,mBERT,1,7736,test,0
BERT,mBERT,1,7738,val,2
BERT,mBERT,1,7739,test,2
BERT,mBERT,1,7743,test,0
BERT,mBERT,1,7744,val,2
BERT,mBERT,1,7749,test,2
BERT,mBERT,1,7750,test,1
BERT,mBERT,1,7751,val,0
BERT,mBERT,1,7755,val,0
BERT,mBERT,1,7756,test,2
BERT,mBERT,1,7758,test,0
BERT,mBERT,1,7759,test,0
BERT,mBERT,1,7761,val,0
BERT,mBERT,1,7764,test,0
BERT,mBERT,1,7766,test,2
BERT,mBERT,1,7768,val,0
BERT,mBERT,1,7770,test,0
BERT,mBERT,1,7772,test,0
BERT,mBERT,1,7774,test,0
BERT,mBERT,1,7775,test,0
BERT,mBERT,1,7777,test,2
BERT,mBERT,1,7780,test,0
BERT,mBERT,1,7781,test,0
BERT,mBERT,1,7783,test,0
BERT,mBERT,1,7784,test,0
BERT,mBERT,1,7786,test,2
BERT,mBERT,1,7787,test,1
BERT,mBERT,1,7788,test,0
BERT,mBERT,1,7790,val,1
BERT,mBERT,1,7793,test,0
BERT,mBERT,1,7794,val,0
BERT,mBERT,1,7798,test,0
BERT,mBERT,1,7800,val,0
BERT,mBERT,1,7803,test,0
BERT,mBERT,1,7804,test,1
BERT,mBERT,1,7806,test,0
BERT,mBERT,1,7807,test,0
BERT,mBERT,1,7809,val,0
BERT,mBERT,1,7813,test,0
BERT,mBERT,1,7817,val,2
BERT,mBERT,1,7818,test,0
BERT,mBERT,1,7819,val,2
BERT,mBERT,1,7821,val,2
BERT,mBERT,1,7824,test,0
BERT,mBERT,1,7826,test,0
BERT,mBERT,1,7827,val,0
BERT,mBERT,1,7828,val,0
BERT,mBERT,1,7829,test,2
BERT,mBERT,1,7832,test,1
BERT,mBERT,1,7833,test,0
BERT,mBERT,1,7835,test,2
BERT,mBERT,1,7836,val,2
BERT,mBERT,1,7837,val,0
BERT,mBERT,1,7838,val,0
BERT,mBERT,1,7839,test,2
BERT,mBERT,1,7842,test,2
BERT,mBERT,1,7845,test,2
BERT,mBERT,1,7847,test,0
BERT,mBERT,1,7851,test,0
BERT,mBERT,1,7852,test,0
BERT,mBERT,1,7853,val,2
BERT,mBERT,1,7855,test,2
BERT,mBERT,1,7856,test,0
BERT,mBERT,1,7859,test,2
BERT,mBERT,1,7862,test,0
BERT,mBERT,1,7865,val,2
BERT,mBERT,1,7866,val,0
BERT,mBERT,1,7867,test,0
BERT,mBERT,1,7869,val,2
BERT,mBERT,1,7872,test,0
BERT,mBERT,1,7873,val,0
BERT,mBERT,1,7874,val,0
BERT,mBERT,1,7875,test,0
BERT,mBERT,1,7879,test,0
BERT,mBERT,1,7882,test,0
BERT,mBERT,1,7883,val,0
BERT,mBERT,1,7887,test,0
BERT,mBERT,1,7888,test,0
BERT,mBERT,1,7890,test,0
BERT,mBERT,1,7892,test,2
BERT,mBERT,1,7893,val,1
BERT,mBERT,1,7894,val,1
BERT,mBERT,1,7896,test,2
BERT,mBERT,1,7897,test,0
BERT,mBERT,1,7899,test,0
BERT,mBERT,1,7901,val,2
BERT,mBERT,1,7902,test,0
BERT,mBERT,1,7903,val,2
BERT,mBERT,1,7906,test,0
BERT,mBERT,1,7907,val,0
BERT,mBERT,1,7909,test,2
BERT,mBERT,1,7910,test,0
BERT,mBERT,1,7913,test,1
BERT,mBERT,1,7914,test,2
BERT,mBERT,1,7916,test,0
BERT,mBERT,1,7921,test,0
BERT,mBERT,1,7922,test,1
BERT,mBERT,1,7923,val,2
BERT,mBERT,1,7926,val,2
BERT,mBERT,1,7927,test,1
BERT,mBERT,1,7929,test,0
BERT,mBERT,1,7933,val,1
BERT,mBERT,1,7934,val,2
BERT,mBERT,1,7935,test,0
BERT,mBERT,1,7936,test,0
BERT,mBERT,1,7937,test,0
BERT,mBERT,1,7939,val,0
BERT,mBERT,1,7940,test,0
BERT,mBERT,1,7942,val,0
BERT,mBERT,1,7944,test,2
BERT,mBERT,1,7946,test,1
BERT,mBERT,1,7952,test,0
BERT,mBERT,1,7953,test,0
BERT,mBERT,1,7954,val,0
BERT,mBERT,1,7955,test,0
BERT,mBERT,1,7956,test,0
BERT,mBERT,1,7957,test,0
BERT,mBERT,1,7958,test,2
BERT,mBERT,1,7959,val,0
BERT,mBERT,1,7960,test,0
BERT,mBERT,1,7961,test,0
BERT,mBERT,1,7962,test,0
BERT,mBERT,1,7965,val,0
BERT,mBERT,1,7967,val,1
BERT,mBERT,1,7968,test,1
BERT,mBERT,1,7969,val,0
BERT,mBERT,1,7971,test,1
BERT,mBERT,1,7975,test,0
BERT,mBERT,1,7976,val,2
BERT,mBERT,1,7977,test,0
BERT,mBERT,1,7978,test,0
BERT,mBERT,1,7979,test,0
BERT,mBERT,1,7980,test,0
BERT,mBERT,1,7981,test,0
BERT,mBERT,1,7982,val,1
BERT,mBERT,1,7984,val,0
BERT,mBERT,1,7987,val,2
BERT,mBERT,1,7990,test,0
BERT,mBERT,1,7992,val,0
BERT,mBERT,1,7994,val,0
BERT,mBERT,1,7995,test,0
BERT,mBERT,1,7997,test,0
BERT,mBERT,1,7998,test,0
BERT,mBERT,1,8002,test,2
BERT,mBERT,1,8003,test,0
BERT,mBERT,1,8004,val,0
BERT,mBERT,1,8010,val,0
BERT,mBERT,1,8011,test,2
BERT,mBERT,1,8013,val,0
BERT,mBERT,1,8015,test,0
BERT,mBERT,1,8019,val,0
BERT,mBERT,1,8020,val,1
BERT,mBERT,1,8021,val,0
BERT,mBERT,1,8024,test,0
BERT,mBERT,1,8025,test,0
BERT,mBERT,1,8028,test,0
BERT,mBERT,1,8029,test,2
BERT,mBERT,1,8030,test,0
BERT,mBERT,1,8035,val,0
BERT,mBERT,1,8039,val,0
BERT,mBERT,1,8040,test,0
BERT,mBERT,1,8041,test,0
BERT,mBERT,1,8042,test,0
BERT,mBERT,1,8048,val,0
BERT,mBERT,1,8050,test,1
BERT,mBERT,1,8052,test,0
BERT,mBERT,1,8054,test,2
BERT,mBERT,1,8056,val,2
BERT,mBERT,1,8058,val,2
BERT,mBERT,1,8060,val,0
BERT,mBERT,1,8061,test,0
BERT,mBERT,1,8066,test,1
BERT,mBERT,1,8067,val,1
BERT,mBERT,1,8069,test,0
BERT,mBERT,1,8070,test,2
BERT,mBERT,1,8071,test,0
BERT,mBERT,1,8073,val,2
BERT,mBERT,1,8074,test,0
BERT,mBERT,1,8075,test,0
BERT,mBERT,1,8076,val,0
BERT,mBERT,1,8077,test,0
BERT,mBERT,1,8078,test,2
BERT,mBERT,1,8079,val,0
BERT,mBERT,1,8080,val,0
BERT,mBERT,1,8081,test,0
BERT,mBERT,1,8082,test,1
BERT,mBERT,1,8083,test,2
BERT,mBERT,1,8084,test,0
BERT,mBERT,1,8085,test,2
BERT,mBERT,1,8088,test,0
BERT,mBERT,1,8089,val,2
BERT,mBERT,1,8091,test,0
BERT,mBERT,1,8095,val,2
BERT,mBERT,1,8099,test,0
BERT,mBERT,1,8100,test,1
BERT,mBERT,1,8101,test,0
BERT,mBERT,1,8103,test,1
BERT,mBERT,1,8104,val,0
BERT,mBERT,1,8105,test,0
BERT,mBERT,1,8108,test,0
BERT,mBERT,1,8109,val,0
BERT,mBERT,1,8111,test,0
BERT,mBERT,1,8112,val,1
BERT,mBERT,1,8113,test,0
BERT,mBERT,1,8114,test,0
BERT,mBERT,1,8118,val,0
BERT,mBERT,1,8121,val,0
BERT,mBERT,1,8122,test,0
BERT,mBERT,1,8123,val,0
BERT,mBERT,1,8124,test,1
BERT,mBERT,1,8126,test,0
BERT,mBERT,1,8129,val,0
BERT,mBERT,1,8130,test,0
BERT,mBERT,1,8132,test,0
BERT,mBERT,1,8135,test,0
BERT,mBERT,1,8136,test,0
BERT,mBERT,1,8137,test,0
BERT,mBERT,1,8143,val,0
BERT,mBERT,1,8145,test,0
BERT,mBERT,1,8146,val,1
BERT,mBERT,1,8147,test,0
BERT,mBERT,1,8149,test,0
BERT,mBERT,1,8150,val,0
BERT,mBERT,1,8151,test,2
BERT,mBERT,1,8152,test,0
BERT,mBERT,1,8158,test,0
BERT,mBERT,1,8159,test,2
BERT,mBERT,1,8164,test,0
BERT,mBERT,1,8165,test,0
BERT,mBERT,1,8166,val,0
BERT,mBERT,1,8167,test,1
BERT,mBERT,1,8168,test,0
BERT,mBERT,1,8169,val,0
BERT,mBERT,1,8170,val,0
BERT,mBERT,1,8171,test,0
BERT,mBERT,1,8172,val,2
BERT,mBERT,1,8174,val,2
BERT,mBERT,1,8179,val,2
BERT,mBERT,1,8180,test,1
BERT,mBERT,1,8182,test,0
BERT,mBERT,1,8185,test,2
BERT,mBERT,1,8186,test,0
BERT,mBERT,1,8187,val,0
BERT,mBERT,1,8189,val,0
BERT,mBERT,1,8190,test,0
BERT,mBERT,1,8193,val,1
BERT,mBERT,1,8199,test,0
BERT,mBERT,1,8200,val,2
BERT,mBERT,1,8203,test,0
BERT,mBERT,1,8204,val,0
BERT,mBERT,1,8207,val,0
BERT,mBERT,1,8209,test,0
BERT,mBERT,1,8210,val,1
BERT,mBERT,1,8211,test,0
BERT,mBERT,1,8213,val,1
BERT,mBERT,1,8214,val,2
BERT,mBERT,1,8215,val,0
BERT,mBERT,1,8217,test,0
BERT,mBERT,1,8218,test,0
BERT,mBERT,1,8219,test,1
BERT,mBERT,1,8220,val,0
BERT,mBERT,1,8221,val,0
BERT,mBERT,1,8222,test,0
BERT,mBERT,1,8224,val,0
BERT,mBERT,1,8225,val,0
BERT,mBERT,1,8228,val,0
BERT,mBERT,1,8232,test,0
BERT,mBERT,1,8233,test,0
BERT,mBERT,1,8234,test,0
BERT,mBERT,1,8237,val,0
BERT,mBERT,1,8239,test,0
BERT,mBERT,1,8240,test,0
BERT,mBERT,1,8241,val,1
BERT,mBERT,1,8243,test,0
BERT,mBERT,1,8244,test,2
BERT,mBERT,1,8245,test,0
BERT,mBERT,1,8246,val,2
BERT,mBERT,1,8247,test,2
BERT,mBERT,1,8250,test,0
BERT,mBERT,1,8251,test,0
BERT,mBERT,1,8252,test,1
BERT,mBERT,1,8254,test,0
BERT,mBERT,1,8257,val,2
BERT,mBERT,1,8258,val,2
BERT,mBERT,1,8259,test,0
BERT,mBERT,1,8261,val,2
BERT,mBERT,1,8264,test,0
BERT,mBERT,1,8265,test,0
BERT,mBERT,1,8266,test,2
BERT,mBERT,1,8267,test,0
BERT,mBERT,1,8268,val,2
BERT,mBERT,1,8269,val,0
BERT,mBERT,1,8272,test,0
BERT,mBERT,1,8273,test,0
BERT,mBERT,1,8276,val,0
BERT,mBERT,1,8277,test,2
BERT,mBERT,1,8282,val,0
BERT,mBERT,1,8283,val,0
BERT,mBERT,1,8286,test,0
BERT,mBERT,1,8287,val,0
BERT,mBERT,1,8289,test,2
BERT,mBERT,1,8290,val,2
BERT,mBERT,1,8296,test,2
BERT,mBERT,1,8298,val,1
BERT,mBERT,1,8299,test,0
BERT,mBERT,1,8300,test,0
BERT,mBERT,1,8303,val,2
BERT,mBERT,1,8304,val,2
BERT,mBERT,1,8305,test,1
BERT,mBERT,1,8306,val,0
BERT,mBERT,1,8307,val,0
BERT,mBERT,1,8310,test,0
BERT,mBERT,1,8311,val,0
BERT,mBERT,1,8312,test,2
BERT,mBERT,1,8313,test,0
BERT,mBERT,1,8314,val,0
BERT,mBERT,1,8316,test,1
BERT,mBERT,1,8318,test,0
BERT,mBERT,1,8319,test,1
BERT,mBERT,1,8321,val,0
BERT,mBERT,1,8322,test,0
BERT,mBERT,1,8323,test,2
BERT,mBERT,1,8325,test,0
BERT,mBERT,1,8326,test,0
BERT,mBERT,1,8328,test,0
BERT,mBERT,1,8330,test,1
BERT,mBERT,1,8331,test,0
BERT,mBERT,1,8332,val,2
BERT,mBERT,1,8333,val,1
BERT,mBERT,1,8334,val,0
BERT,mBERT,1,8337,test,0
BERT,mBERT,1,8339,test,0
BERT,mBERT,1,8340,val,0
BERT,mBERT,1,8343,test,2
BERT,mBERT,1,8348,test,2
BERT,mBERT,1,8351,test,2
BERT,mBERT,1,8352,val,0
BERT,mBERT,1,8353,test,0
BERT,mBERT,1,8355,val,2
BERT,mBERT,1,8357,test,0
BERT,mBERT,1,8358,test,0
BERT,mBERT,1,8359,test,0
BERT,mBERT,1,8360,test,1
BERT,mBERT,1,8361,test,0
BERT,mBERT,1,8364,val,2
BERT,mBERT,1,8366,test,2
BERT,mBERT,1,8368,test,2
BERT,mBERT,1,8369,test,0
BERT,mBERT,1,8371,test,0
BERT,mBERT,1,8372,test,0
BERT,mBERT,1,8375,test,0
BERT,mBERT,1,8378,test,0
BERT,mBERT,1,8383,test,2
BERT,mBERT,1,8386,test,0
BERT,mBERT,1,8387,test,0
BERT,mBERT,1,8390,test,2
BERT,mBERT,1,8392,test,2
BERT,mBERT,1,8393,test,2
BERT,mBERT,1,8394,test,2
BERT,mBERT,1,8395,test,0
BERT,mBERT,1,8397,test,0
BERT,mBERT,1,8399,val,2
BERT,mBERT,1,8400,test,0
BERT,mBERT,1,8403,test,2
BERT,mBERT,1,8404,test,0
BERT,mBERT,1,8407,val,0
BERT,mBERT,1,8414,val,2
BERT,mBERT,1,8415,test,0
BERT,mBERT,1,8417,test,0
BERT,mBERT,1,8419,val,0
BERT,mBERT,1,8420,test,0
BERT,mBERT,1,8421,val,0
BERT,mBERT,1,8428,val,0
BERT,mBERT,1,8430,test,1
BERT,mBERT,1,8433,test,2
BERT,mBERT,1,8435,val,2
BERT,mBERT,1,8437,val,2
BERT,mBERT,1,8438,test,2
BERT,mBERT,1,8440,val,0
BERT,mBERT,1,8443,test,0
BERT,mBERT,1,8444,test,0
BERT,mBERT,1,8445,val,2
BERT,mBERT,1,8446,test,2
BERT,mBERT,1,8447,val,2
BERT,mBERT,1,8449,test,0
BERT,mBERT,1,8451,val,2
BERT,mBERT,1,8453,val,2
BERT,mBERT,1,8454,test,0
BERT,mBERT,1,8456,test,2
BERT,mBERT,1,8457,val,0
BERT,mBERT,1,8458,test,0
BERT,mBERT,1,8459,test,0
BERT,mBERT,1,8464,val,0
BERT,mBERT,1,8465,val,0
BERT,mBERT,1,8466,test,0
BERT,mBERT,1,8467,val,1
BERT,mBERT,1,8468,test,0
BERT,mBERT,1,8470,val,0
BERT,mBERT,1,8471,val,1
BERT,mBERT,1,8472,test,2
BERT,mBERT,1,8473,val,0
BERT,mBERT,1,8474,test,0
BERT,mBERT,1,8475,test,0
BERT,mBERT,1,8480,val,2
BERT,mBERT,1,8483,test,0
BERT,mBERT,1,8485,test,0
BERT,mBERT,1,8486,val,2
BERT,mBERT,1,8487,val,0
BERT,mBERT,1,8488,test,0
BERT,mBERT,1,8489,test,0
BERT,mBERT,1,8491,test,1
BERT,mBERT,1,8493,test,2
BERT,mBERT,1,8496,val,1
BERT,mBERT,1,8501,test,0
BERT,mBERT,1,8504,test,0
BERT,mBERT,1,8505,test,1
BERT,mBERT,1,8506,test,0
BERT,mBERT,1,8507,test,1
BERT,mBERT,1,8509,test,0
BERT,mBERT,1,8510,val,1
BERT,mBERT,1,8511,val,2
BERT,mBERT,1,8512,val,0
BERT,mBERT,1,8517,val,2
BERT,mBERT,1,8519,val,2
BERT,mBERT,1,8522,test,0
BERT,mBERT,1,8525,test,0
BERT,mBERT,1,8529,val,0
BERT,mBERT,1,8530,val,0
BERT,mBERT,1,8533,test,0
BERT,mBERT,1,8535,val,0
BERT,mBERT,1,8538,val,0
BERT,mBERT,1,8539,val,0
BERT,mBERT,1,8540,test,0
BERT,mBERT,1,8541,test,0
BERT,mBERT,1,8542,test,0
BERT,mBERT,1,8547,test,2
BERT,mBERT,1,8548,val,2
BERT,mBERT,1,8549,val,0
BERT,mBERT,1,8550,val,0
BERT,mBERT,1,8551,test,0
BERT,mBERT,1,8553,val,0
BERT,mBERT,1,8554,test,2
BERT,mBERT,1,8557,test,0
BERT,mBERT,1,8563,test,0
BERT,mBERT,1,8566,test,0
BERT,mBERT,1,8569,val,2
BERT,mBERT,1,8570,val,0
BERT,mBERT,1,8571,val,0
BERT,mBERT,1,8572,test,2
BERT,mBERT,1,8575,val,0
BERT,mBERT,1,8577,val,2
BERT,mBERT,1,8578,test,1
BERT,mBERT,1,8580,test,0
BERT,mBERT,1,8582,test,0
BERT,mBERT,1,8585,val,0
BERT,mBERT,1,8586,test,1
BERT,mBERT,1,8587,test,0
BERT,mBERT,1,8588,val,0
BERT,mBERT,1,8590,test,0
BERT,mBERT,1,8592,val,2
BERT,mBERT,1,8594,val,1
BERT,mBERT,1,8595,test,2
BERT,mBERT,1,8596,test,0
BERT,mBERT,1,8598,test,0
BERT,mBERT,1,8600,test,0
BERT,mBERT,1,8602,val,2
BERT,mBERT,1,8603,val,0
BERT,mBERT,1,8604,val,0
BERT,mBERT,1,8605,test,0
BERT,mBERT,1,8606,test,1
BERT,mBERT,1,8612,val,2
BERT,mBERT,1,8613,val,0
BERT,mBERT,1,8618,val,0
BERT,mBERT,1,8620,test,0
BERT,mBERT,1,8621,test,2
BERT,mBERT,1,8622,test,0
BERT,mBERT,1,8623,test,0
BERT,mBERT,1,8624,val,0
BERT,mBERT,1,8625,val,0
BERT,mBERT,1,8627,test,0
BERT,mBERT,1,8628,test,0
BERT,mBERT,1,8630,val,2
BERT,mBERT,1,8633,test,2
BERT,mBERT,1,8634,test,0
BERT,mBERT,1,8637,val,2
BERT,mBERT,1,8638,test,0
BERT,mBERT,1,8640,test,2
BERT,mBERT,1,8643,val,0
BERT,mBERT,1,8647,test,2
BERT,mBERT,1,8648,test,2
BERT,mBERT,1,8653,val,2
BERT,mBERT,1,8654,test,2
BERT,mBERT,1,8657,val,2
BERT,mBERT,1,8659,test,2
BERT,mBERT,1,8660,test,0
BERT,mBERT,1,8663,val,2
BERT,mBERT,1,8666,test,0
BERT,mBERT,1,8669,test,0
BERT,mBERT,1,8670,test,0
BERT,mBERT,1,8673,val,2
BERT,mBERT,1,8678,test,0
BERT,mBERT,1,8679,test,0
BERT,mBERT,1,8680,test,0
BERT,mBERT,1,8681,val,0
BERT,mBERT,1,8682,test,0
BERT,mBERT,1,8684,test,0
BERT,mBERT,1,8686,val,2
BERT,mBERT,1,8687,test,1
BERT,mBERT,1,8688,test,0
BERT,mBERT,1,8692,test,2
BERT,mBERT,1,8693,val,0
BERT,mBERT,1,8694,test,0
BERT,mBERT,1,8696,test,2
BERT,mBERT,1,8699,test,0
BERT,mBERT,1,8700,val,2
BERT,mBERT,1,8701,test,0
BERT,mBERT,1,8702,val,2
BERT,mBERT,1,8706,test,1
BERT,mBERT,1,8708,test,1
BERT,mBERT,1,8709,test,2
BERT,mBERT,1,8711,test,1
BERT,mBERT,1,8714,test,0
BERT,mBERT,1,8715,val,2
BERT,mBERT,1,8721,test,1
BERT,mBERT,1,8723,test,2
BERT,mBERT,1,8724,val,0
BERT,mBERT,1,8728,val,0
BERT,mBERT,1,8731,val,0
BERT,mBERT,1,8732,val,0
BERT,mBERT,1,8734,val,0
BERT,mBERT,1,8737,val,0
BERT,mBERT,1,8741,test,2
BERT,mBERT,1,8742,test,1
BERT,mBERT,1,8744,test,0
BERT,mBERT,1,8745,val,0
BERT,mBERT,1,8746,val,0
BERT,mBERT,1,8749,val,0
BERT,mBERT,1,8750,val,0
BERT,mBERT,1,8751,test,1
BERT,mBERT,1,8752,test,0
BERT,mBERT,1,8753,test,0
BERT,mBERT,1,8754,test,1
BERT,mBERT,1,8756,test,0
BERT,mBERT,1,8760,val,2
BERT,mBERT,1,8762,test,0
BERT,mBERT,1,8764,val,0
BERT,mBERT,1,8772,test,2
BERT,mBERT,1,8774,test,0
BERT,mBERT,1,8775,test,2
BERT,mBERT,1,8776,val,0
BERT,mBERT,1,8777,test,2
BERT,mBERT,1,8778,test,0
BERT,mBERT,1,8784,val,2
BERT,mBERT,1,8786,val,0
BERT,mBERT,1,8789,test,2
BERT,mBERT,1,8790,test,0
BERT,mBERT,1,8791,test,2
BERT,mBERT,1,8793,test,2
BERT,mBERT,1,8794,test,0
BERT,mBERT,1,8796,val,0
BERT,mBERT,1,8797,test,2
BERT,mBERT,1,8798,test,0
BERT,mBERT,1,8802,val,0
BERT,mBERT,1,8803,val,0
BERT,mBERT,1,8804,test,0
BERT,mBERT,1,8805,test,0
BERT,mBERT,1,8810,val,2
BERT,mBERT,1,8811,test,0
BERT,mBERT,1,8812,val,2
BERT,mBERT,1,8814,test,0
BERT,mBERT,1,8815,val,0
BERT,mBERT,1,8818,test,0
BERT,mBERT,1,8820,test,0
BERT,mBERT,1,8825,val,2
BERT,mBERT,1,8826,test,0
BERT,mBERT,1,8827,test,0
BERT,mBERT,1,8829,test,0
BERT,mBERT,1,8831,test,0
BERT,mBERT,1,8833,val,0
BERT,mBERT,1,8836,test,0
BERT,mBERT,1,8838,val,0
BERT,mBERT,1,8839,test,0
BERT,mBERT,1,8841,val,0
BERT,mBERT,1,8843,test,0
BERT,mBERT,1,8844,val,2
BERT,mBERT,1,8846,test,2
BERT,mBERT,1,8847,val,2
BERT,mBERT,1,8848,test,0
BERT,mBERT,1,8851,test,0
BERT,mBERT,1,8856,test,0
BERT,mBERT,1,8859,val,2
BERT,mBERT,1,8860,val,0
BERT,mBERT,1,8861,test,0
BERT,mBERT,1,8863,val,2
BERT,mBERT,1,8865,val,2
BERT,mBERT,1,8866,val,2
BERT,mBERT,1,8869,test,2
BERT,mBERT,1,8871,val,0
BERT,mBERT,1,8876,test,0
BERT,mBERT,1,8877,val,2
BERT,mBERT,1,8878,test,2
BERT,mBERT,1,8881,test,1
BERT,mBERT,1,8882,val,0
BERT,mBERT,1,8884,test,2
BERT,mBERT,1,8886,test,0
BERT,mBERT,1,8889,val,2
BERT,mBERT,1,8891,val,2
BERT,mBERT,1,8892,test,0
BERT,mBERT,1,8894,test,2
BERT,mBERT,1,8897,test,2
BERT,mBERT,1,8898,val,0
BERT,mBERT,1,8899,val,0
BERT,mBERT,1,8900,test,0
BERT,mBERT,1,8903,test,0
BERT,mBERT,1,8905,val,0
BERT,mBERT,1,8907,val,0
BERT,mBERT,1,8914,val,2
BERT,mBERT,1,8919,test,2
BERT,mBERT,1,8924,test,0
BERT,mBERT,1,8926,val,2
BERT,mBERT,1,8930,test,2
BERT,mBERT,1,8931,test,0
BERT,mBERT,1,8932,val,2
BERT,mBERT,1,8933,test,0
BERT,mBERT,1,8936,test,0
BERT,mBERT,1,8937,val,0
BERT,mBERT,1,8938,test,0
BERT,mBERT,1,8940,val,0
BERT,mBERT,1,8946,test,2
BERT,mBERT,1,8947,test,2
BERT,mBERT,1,8951,test,0
BERT,mBERT,1,8954,val,0
BERT,mBERT,1,8956,test,2
BERT,mBERT,1,8958,val,1
BERT,mBERT,1,8959,test,0
BERT,mBERT,1,8960,val,2
BERT,mBERT,1,8964,test,0
BERT,mBERT,1,8967,val,0
BERT,mBERT,1,8968,test,2
BERT,mBERT,1,8970,test,2
BERT,mBERT,1,8971,val,0
BERT,mBERT,1,8972,test,0
BERT,mBERT,1,8973,test,1
BERT,mBERT,1,8975,test,0
BERT,mBERT,1,8979,test,0
BERT,mBERT,1,8981,test,2
BERT,mBERT,1,8982,val,2
BERT,mBERT,1,8983,val,0
BERT,mBERT,1,8984,val,0
BERT,mBERT,1,8985,test,1
BERT,mBERT,1,8990,test,0
BERT,mBERT,1,8991,test,2
BERT,mBERT,1,8993,val,2
BERT,mBERT,1,8994,test,2
BERT,mBERT,1,8996,test,2
BERT,mBERT,1,8997,val,2
BERT,mBERT,1,8998,test,0
BERT,mBERT,1,8999,val,1
BERT,mBERT,1,9001,test,0
BERT,mBERT,1,9002,val,2
BERT,mBERT,1,9003,test,2
BERT,mBERT,1,9004,test,2
BERT,mBERT,1,9005,val,0
BERT,mBERT,1,9007,val,0
BERT,mBERT,1,9012,test,0
BERT,mBERT,1,9014,test,0
BERT,mBERT,1,9015,val,0
BERT,mBERT,1,9020,test,0
BERT,mBERT,1,9021,test,0
BERT,mBERT,1,9025,test,0
BERT,mBERT,1,9026,test,0
BERT,mBERT,1,9030,test,2
BERT,mBERT,1,9032,val,0
BERT,mBERT,1,9034,val,0
BERT,mBERT,1,9035,test,2
BERT,mBERT,1,9036,val,0
BERT,mBERT,1,9042,val,0
BERT,mBERT,1,9044,val,0
BERT,mBERT,1,9046,val,2
BERT,mBERT,1,9048,test,0
BERT,mBERT,1,9050,test,0
BERT,mBERT,1,9051,val,0
BERT,mBERT,1,9053,val,0
BERT,mBERT,1,9055,val,1
BERT,mBERT,1,9058,val,0
BERT,mBERT,1,9059,test,2
BERT,mBERT,1,9060,test,2
BERT,mBERT,1,9061,val,2
BERT,mBERT,1,9062,test,1
BERT,mBERT,1,9065,test,2
BERT,mBERT,1,9069,test,0
BERT,mBERT,1,9071,test,0
BERT,mBERT,1,9072,test,0
BERT,mBERT,1,9074,val,2
BERT,mBERT,1,9075,test,0
BERT,mBERT,1,9078,val,0
BERT,mBERT,1,9081,test,2
BERT,mBERT,1,9084,test,0
BERT,mBERT,1,9088,val,1
BERT,mBERT,1,9089,test,1
BERT,mBERT,1,9090,val,0
BERT,mBERT,1,9093,test,0
BERT,mBERT,1,9095,test,1
BERT,mBERT,1,9097,test,2
BERT,mBERT,1,9098,test,0
BERT,mBERT,1,9099,val,0
BERT,mBERT,1,9101,test,0
BERT,mBERT,1,9102,test,0
BERT,mBERT,1,9103,val,0
BERT,mBERT,1,9108,val,0
BERT,mBERT,1,9109,val,0
BERT,mBERT,1,9112,test,2
BERT,mBERT,1,9113,test,0
BERT,mBERT,1,9115,val,2
BERT,mBERT,1,9118,val,0
BERT,mBERT,1,9123,test,0
BERT,mBERT,1,9124,val,2
BERT,mBERT,1,9125,val,2
BERT,mBERT,1,9129,test,2
BERT,mBERT,1,9131,test,0
BERT,mBERT,1,9134,test,0
BERT,mBERT,1,9137,test,2
BERT,mBERT,1,9138,val,1
BERT,mBERT,1,9139,test,0
BERT,mBERT,1,9140,test,2
BERT,mBERT,1,9141,test,0
BERT,mBERT,1,9144,test,2
BERT,mBERT,1,9146,val,0
BERT,mBERT,1,9147,test,0
BERT,mBERT,1,9150,test,2
BERT,mBERT,1,9151,test,0
BERT,mBERT,1,9153,val,2
BERT,mBERT,1,9155,val,0
BERT,mBERT,1,9156,val,0
BERT,mBERT,1,9159,test,2
BERT,mBERT,1,9160,test,0
BERT,mBERT,1,9161,test,1
BERT,mBERT,1,9162,test,0
BERT,mBERT,1,9163,test,0
BERT,mBERT,1,9165,val,1
BERT,mBERT,1,9166,test,0
BERT,mBERT,1,9167,test,0
BERT,mBERT,1,9168,test,0
BERT,mBERT,1,9169,val,0
BERT,mBERT,1,9171,val,0
BERT,mBERT,1,9172,test,0
BERT,mBERT,1,9173,test,0
BERT,mBERT,1,9176,test,0
BERT,mBERT,1,9183,test,0
BERT,mBERT,1,9185,test,0
BERT,mBERT,1,9186,test,0
BERT,mBERT,1,9190,test,0
BERT,mBERT,1,9191,val,2
BERT,mBERT,1,9192,val,0
BERT,mBERT,1,9197,val,0
BERT,mBERT,1,9198,test,0
BERT,mBERT,1,9202,test,0
BERT,mBERT,1,9203,val,0
BERT,mBERT,1,9205,val,0
BERT,mBERT,1,9206,test,0
BERT,mBERT,1,9207,test,0
BERT,mBERT,1,9208,test,0
BERT,mBERT,1,9210,test,2
BERT,mBERT,1,9211,test,2
BERT,mBERT,1,9212,test,0
BERT,mBERT,1,9213,test,0
BERT,mBERT,1,9216,test,0
BERT,mBERT,1,9217,test,0
BERT,mBERT,1,9218,test,2
BERT,mBERT,1,9220,test,0
BERT,mBERT,1,9224,test,0
BERT,mBERT,1,9225,test,0
BERT,mBERT,1,9226,test,1
BERT,mBERT,1,9227,val,2
BERT,mBERT,1,9231,val,0
BERT,mBERT,1,9235,val,0
BERT,mBERT,1,9237,test,0
BERT,mBERT,1,9240,test,1
BERT,mBERT,1,9246,val,2
BERT,mBERT,1,9248,test,0
BERT,mBERT,1,9251,test,0
BERT,mBERT,1,9252,val,2
BERT,mBERT,1,9253,test,0
BERT,mBERT,1,9256,test,0
BERT,mBERT,1,9257,test,0
BERT,mBERT,1,9258,test,0
BERT,mBERT,1,9261,val,0
BERT,mBERT,1,9262,test,0
BERT,mBERT,1,9264,val,0
BERT,mBERT,1,9266,val,0
BERT,mBERT,1,9269,test,0
BERT,mBERT,1,9271,val,0
BERT,mBERT,1,9276,test,0
BERT,mBERT,1,9277,test,0
BERT,mBERT,1,9280,val,1
BERT,mBERT,1,9282,test,2
BERT,mBERT,1,9284,test,0
BERT,mBERT,1,9288,test,0
BERT,mBERT,1,9289,test,2
BERT,mBERT,1,9292,val,0
BERT,mBERT,1,9293,test,0
BERT,mBERT,1,9295,test,0
BERT,mBERT,1,9300,test,0
BERT,mBERT,1,9303,val,0
BERT,mBERT,1,9304,val,0
BERT,mBERT,1,9305,val,1
BERT,mBERT,1,9310,val,0
BERT,mBERT,1,9311,test,2
BERT,mBERT,1,9312,test,2
BERT,mBERT,1,9313,val,0
BERT,mBERT,1,9318,test,2
BERT,mBERT,1,9320,val,0
BERT,mBERT,1,9321,val,0
BERT,mBERT,1,9326,test,0
BERT,mBERT,1,9327,test,2
BERT,mBERT,1,9329,test,0
BERT,mBERT,1,9331,val,1
BERT,mBERT,1,9333,test,0
BERT,mBERT,1,9335,test,0
BERT,mBERT,1,9338,val,2
BERT,mBERT,1,9340,val,0
BERT,mBERT,1,9341,val,0
BERT,mBERT,1,9342,test,0
BERT,mBERT,1,9349,val,0
BERT,mBERT,1,9351,val,1
BERT,mBERT,1,9356,val,0
BERT,mBERT,1,9358,test,0
BERT,mBERT,1,9359,test,0
BERT,mBERT,1,9360,val,1
BERT,mBERT,1,9364,test,0
BERT,mBERT,1,9366,test,0
BERT,mBERT,1,9367,test,0
BERT,mBERT,1,9369,val,0
BERT,mBERT,1,9371,test,2
BERT,mBERT,1,9376,val,0
BERT,mBERT,1,9377,test,0
BERT,mBERT,1,9378,test,0
BERT,mBERT,1,9379,test,0
BERT,mBERT,1,9380,val,2
BERT,mBERT,1,9381,val,0
BERT,mBERT,1,9383,val,0
BERT,mBERT,1,9385,val,1
BERT,mBERT,1,9386,val,0
BERT,mBERT,1,9387,test,0
BERT,mBERT,1,9388,val,0
BERT,mBERT,1,9389,val,2
BERT,mBERT,1,9394,test,2
BERT,mBERT,1,9398,test,0
BERT,mBERT,1,9400,val,0
BERT,mBERT,1,9401,test,1
BERT,mBERT,1,9407,test,0
BERT,mBERT,1,9408,test,0
BERT,mBERT,1,9409,val,0
BERT,mBERT,1,9411,test,1
BERT,mBERT,1,9412,test,0
BERT,mBERT,1,9414,test,0
BERT,mBERT,1,9415,test,0
BERT,mBERT,1,9419,test,0
BERT,mBERT,1,9420,val,0
BERT,mBERT,1,9423,test,2
BERT,mBERT,1,9424,test,2
BERT,mBERT,1,9425,test,0
BERT,mBERT,1,9426,test,1
BERT,mBERT,1,9429,test,0
BERT,mBERT,1,9431,val,0
BERT,mBERT,1,9433,val,0
BERT,mBERT,1,9436,test,2
BERT,mBERT,1,9439,test,2
BERT,mBERT,1,9443,test,0
BERT,mBERT,1,9446,test,2
BERT,mBERT,1,9447,val,1
BERT,mBERT,1,9448,test,1
BERT,mBERT,1,9449,val,0
BERT,mBERT,1,9450,val,2
BERT,mBERT,1,9453,test,2
BERT,mBERT,1,9459,val,0
BERT,mBERT,1,9461,test,0
BERT,mBERT,1,9464,test,2
BERT,mBERT,1,9466,test,0
BERT,mBERT,1,9468,val,0
BERT,mBERT,1,9469,test,2
BERT,mBERT,1,9470,test,2
BERT,mBERT,1,9471,test,1
BERT,mBERT,1,9472,test,0
BERT,mBERT,1,9474,val,2
BERT,mBERT,1,9475,val,0
BERT,mBERT,1,9476,val,0
BERT,mBERT,1,9477,test,0
BERT,mBERT,1,9478,test,0
BERT,mBERT,1,9488,val,0
BERT,mBERT,1,9491,val,0
BERT,mBERT,1,9492,val,0
BERT,mBERT,1,9496,test,2
BERT,mBERT,1,9497,val,2
BERT,mBERT,1,9499,val,2
BERT,mBERT,1,9501,val,0
BERT,mBERT,1,9503,test,2
BERT,mBERT,1,9504,val,0
BERT,mBERT,1,9505,val,1
BERT,mBERT,1,9508,test,2
BERT,mBERT,1,9509,test,0
BERT,mBERT,1,9513,test,0
BERT,mBERT,1,9514,test,0
BERT,mBERT,1,9519,val,0
BERT,mBERT,1,9520,val,2
BERT,mBERT,1,9523,val,2
BERT,mBERT,1,9526,test,2
BERT,mBERT,1,9528,test,1
BERT,mBERT,1,9531,test,2
BERT,mBERT,1,9533,test,2
BERT,mBERT,1,9537,test,1
BERT,mBERT,1,9538,val,0
BERT,mBERT,1,9539,test,0
BERT,mBERT,1,9541,val,0
BERT,mBERT,1,9545,test,0
BERT,mBERT,1,9547,test,0
BERT,mBERT,1,9548,val,2
BERT,mBERT,1,9551,val,0
BERT,mBERT,1,9554,test,0
BERT,mBERT,1,9555,val,1
BERT,mBERT,1,9557,val,2
BERT,mBERT,1,9560,test,0
BERT,mBERT,1,9562,val,1
BERT,mBERT,1,9564,test,2
BERT,mBERT,1,9567,val,0
BERT,mBERT,1,9568,test,0
BERT,mBERT,1,9571,test,0
BERT,mBERT,1,9572,val,0
BERT,mBERT,1,9573,val,0
BERT,mBERT,1,9574,test,2
BERT,mBERT,1,9576,test,0
BERT,mBERT,1,9578,test,2
BERT,mBERT,1,9581,val,2
BERT,mBERT,1,9584,test,0
BERT,mBERT,1,9585,val,0
BERT,mBERT,1,9586,test,0
BERT,mBERT,1,9588,val,0
BERT,mBERT,1,9589,val,1
BERT,mBERT,1,9596,test,2
BERT,mBERT,1,9597,val,2
BERT,mBERT,1,9601,test,2
BERT,mBERT,1,9602,test,0
BERT,mBERT,1,9603,val,2
BERT,mBERT,1,9604,test,0
BERT,mBERT,1,9605,val,0
BERT,mBERT,1,9606,val,0
BERT,mBERT,1,9607,test,0
BERT,mBERT,1,9608,val,0
BERT,mBERT,1,9609,test,0
BERT,mBERT,1,9610,test,2
BERT,mBERT,1,9612,test,0
BERT,mBERT,1,9620,test,0
BERT,mBERT,1,9622,test,2
BERT,mBERT,1,9626,test,2
BERT,mBERT,1,9628,val,0
BERT,mBERT,1,9630,val,2
BERT,mBERT,1,9631,test,0
BERT,mBERT,1,9634,val,0
BERT,mBERT,1,9637,test,0
BERT,mBERT,1,9639,val,2
BERT,mBERT,1,9640,test,0
BERT,mBERT,1,9646,test,0
BERT,mBERT,1,9647,test,0
BERT,mBERT,1,9649,test,0
BERT,mBERT,1,9653,val,0
BERT,mBERT,1,9657,test,0
BERT,mBERT,1,9658,test,2
BERT,mBERT,1,9660,val,0
BERT,mBERT,1,9662,test,2
BERT,mBERT,1,9664,test,0
BERT,mBERT,1,9667,test,0
BERT,mBERT,1,9668,val,0
BERT,mBERT,1,9670,test,2
BERT,mBERT,1,9671,test,0
BERT,mBERT,1,9672,test,1
BERT,mBERT,1,9673,val,1
BERT,mBERT,1,9674,val,1
BERT,mBERT,1,9675,test,2
BERT,mBERT,1,9676,val,0
BERT,mBERT,1,9680,test,0
BERT,mBERT,1,9681,val,0
BERT,mBERT,1,9682,test,1
BERT,mBERT,1,9686,val,2
BERT,mBERT,1,9688,val,0
BERT,mBERT,1,9689,val,0
BERT,mBERT,1,9692,test,2
BERT,mBERT,1,9693,val,1
BERT,mBERT,1,9694,val,0
BERT,mBERT,1,9701,val,2
BERT,mBERT,1,9703,test,0
BERT,mBERT,1,9704,val,2
BERT,mBERT,1,9706,test,0
BERT,mBERT,1,9711,test,0
BERT,mBERT,1,9714,val,0
BERT,mBERT,1,9715,val,2
BERT,mBERT,1,9716,val,0
BERT,mBERT,1,9719,val,0
BERT,mBERT,1,9722,test,2
BERT,mBERT,1,9724,test,0
BERT,mBERT,1,9726,val,0
BERT,mBERT,1,9728,test,1
BERT,mBERT,1,9729,test,2
BERT,mBERT,1,9730,val,1
BERT,mBERT,1,9731,val,2
BERT,mBERT,1,9733,test,0
BERT,mBERT,1,9735,val,0
BERT,mBERT,1,9736,test,1
BERT,mBERT,1,9738,test,2
BERT,mBERT,1,9740,val,0
BERT,mBERT,1,9744,test,0
BERT,mBERT,1,9745,val,1
BERT,mBERT,1,9748,test,0
BERT,mBERT,1,9749,test,2
BERT,mBERT,1,9754,test,0
BERT,mBERT,1,9756,val,0
BERT,mBERT,1,9758,val,0
BERT,mBERT,1,9762,test,0
BERT,mBERT,1,9766,test,0
BERT,mBERT,1,9768,test,2
BERT,mBERT,1,9770,val,0
BERT,mBERT,1,9776,val,0
BERT,mBERT,1,9777,test,0
BERT,mBERT,1,9784,test,0
BERT,mBERT,1,9785,test,0
BERT,mBERT,1,9786,test,0
BERT,mBERT,1,9789,test,2
BERT,mBERT,1,9790,val,0
BERT,mBERT,1,9792,test,2
BERT,mBERT,1,9793,val,2
BERT,mBERT,1,9796,test,2
BERT,mBERT,1,9798,test,1
BERT,mBERT,1,9801,val,0
BERT,mBERT,1,9802,test,0
BERT,mBERT,1,9806,test,0
BERT,mBERT,1,9808,val,0
BERT,mBERT,1,9809,test,0
BERT,mBERT,1,9810,test,0
BERT,mBERT,1,9811,val,2
BERT,mBERT,1,9812,test,1
BERT,mBERT,1,9817,val,2
BERT,mBERT,1,9818,val,2
BERT,mBERT,1,9821,test,2
BERT,mBERT,1,9823,test,0
BERT,mBERT,1,9825,test,0
BERT,mBERT,1,9826,test,0
BERT,mBERT,1,9828,test,0
BERT,mBERT,1,9831,val,1
BERT,mBERT,1,9833,test,1
BERT,mBERT,1,9837,test,0
BERT,mBERT,1,9840,test,0
BERT,mBERT,1,9850,test,0
BERT,mBERT,1,9851,test,0
BERT,mBERT,1,9853,test,0
BERT,mBERT,1,9854,test,1
BERT,mBERT,1,9856,val,0
BERT,mBERT,1,9857,val,2
BERT,mBERT,1,9859,val,0
BERT,mBERT,1,9860,val,0
BERT,mBERT,1,9862,test,0
BERT,mBERT,1,9863,val,0
BERT,mBERT,1,9865,test,0
BERT,mBERT,1,9869,test,1
BERT,mBERT,1,9870,test,0
BERT,mBERT,1,9871,test,0
BERT,mBERT,1,9873,test,2
BERT,mBERT,1,9874,val,0
BERT,mBERT,1,9879,test,0
BERT,mBERT,1,9881,test,0
BERT,mBERT,1,9882,val,1
BERT,mBERT,1,9883,test,1
BERT,mBERT,1,9885,test,0
BERT,mBERT,1,9888,val,2
BERT,mBERT,1,9890,test,0
BERT,mBERT,1,9893,test,2
BERT,mBERT,1,9900,test,0
BERT,mBERT,1,9901,val,0
BERT,mBERT,1,9902,test,0
BERT,mBERT,1,9905,val,0
BERT,mBERT,1,9906,val,2
BERT,mBERT,1,9910,test,2
BERT,mBERT,1,9911,test,0
BERT,mBERT,1,9912,test,0
BERT,mBERT,1,9913,val,0
BERT,mBERT,1,9914,test,0
BERT,mBERT,1,9915,test,0
BERT,mBERT,1,9919,test,2
BERT,mBERT,1,9920,test,2
BERT,mBERT,1,9923,val,0
BERT,mBERT,1,9924,test,0
BERT,mBERT,1,9925,test,0
BERT,mBERT,1,9928,test,2
BERT,mBERT,1,9932,test,2
BERT,mBERT,1,9933,test,0
BERT,mBERT,1,9934,val,0
BERT,mBERT,1,9935,test,0
BERT,mBERT,1,9937,test,2
BERT,mBERT,1,9938,val,2
BERT,mBERT,1,9942,test,0
BERT,mBERT,1,9943,val,2
BERT,mBERT,1,9946,test,0
BERT,mBERT,1,9947,test,2
BERT,mBERT,1,9948,test,0
BERT,mBERT,1,9950,test,1
BERT,mBERT,1,9951,val,0
BERT,mBERT,1,9952,test,0
BERT,mBERT,1,9956,test,0
BERT,mBERT,1,9957,test,0
BERT,mBERT,1,9959,test,2
BERT,mBERT,1,9960,val,0
BERT,mBERT,1,9961,test,1
BERT,mBERT,1,9962,test,0
BERT,mBERT,1,9963,test,0
BERT,mBERT,1,9964,test,0
BERT,mBERT,1,9965,test,2
BERT,mBERT,1,9967,test,2
BERT,mBERT,1,9968,test,2
BERT,mBERT,1,9969,test,0
BERT,mBERT,1,9970,val,1
BERT,mBERT,1,9972,val,2
BERT,mBERT,1,9973,test,2
BERT,mBERT,1,9974,test,1
BERT,mBERT,1,9977,val,0
BERT,mBERT,1,9979,val,2
BERT,mBERT,1,9982,test,2
BERT,mBERT,1,9983,test,0
BERT,mBERT,1,9984,val,0
BERT,mBERT,1,9985,test,1
BERT,mBERT,1,9990,val,0
BERT,mBERT,1,9991,test,0
BERT,mBERT,1,9992,val,0
BERT,mBERT,1,9994,val,0
BERT,mBERT,1,9996,val,0
BERT,mBERT,1,9997,test,2
BERT,mBERT,1,9999,val,0
BERT,mBERT,1,10003,val,0
BERT,mBERT,1,10007,val,0
BERT,mBERT,1,10008,val,2
BERT,mBERT,1,10009,test,2
BERT,mBERT,1,10012,test,0
BERT,mBERT,1,10013,val,0
BERT,mBERT,1,10014,val,0
BERT,mBERT,1,10016,test,0
BERT,mBERT,1,10017,test,0
BERT,mBERT,1,10018,test,0
BERT,mBERT,1,10019,val,0
BERT,mBERT,1,10021,val,0
BERT,mBERT,1,10025,test,0
BERT,mBERT,1,10026,val,0
BERT,mBERT,1,10028,test,2
BERT,mBERT,1,10033,test,0
BERT,mBERT,1,10034,test,0
BERT,mBERT,1,10035,test,2
BERT,mBERT,1,10037,test,0
BERT,mBERT,1,10040,val,1
BERT,mBERT,1,10041,test,0
BERT,mBERT,1,10043,test,0
BERT,mBERT,1,10047,test,1
BERT,mBERT,1,10048,test,1
BERT,mBERT,1,10049,test,0
BERT,mBERT,1,10051,test,0
BERT,mBERT,1,10052,test,0
BERT,mBERT,1,10054,test,0
BERT,mBERT,1,10055,test,2
BERT,mBERT,1,10056,val,1
BERT,mBERT,1,10057,test,0
BERT,mBERT,1,10059,val,0
BERT,mBERT,1,10062,val,0
BERT,mBERT,1,10065,val,0
BERT,mBERT,1,10067,test,1
BERT,mBERT,1,10069,test,0
BERT,mBERT,1,10070,val,2
BERT,mBERT,1,10071,val,2
BERT,mBERT,1,10073,val,0
BERT,mBERT,1,10078,val,2
BERT,mBERT,1,10080,val,1
BERT,mBERT,1,10082,val,0
BERT,mBERT,1,10086,test,0
BERT,mBERT,1,10087,test,2
BERT,mBERT,1,10089,test,2
BERT,mBERT,1,10090,test,2
BERT,mBERT,1,10091,test,0
BERT,mBERT,1,10092,val,0
BERT,mBERT,1,10094,test,2
BERT,mBERT,1,10095,test,0
BERT,mBERT,1,10096,test,0
BERT,mBERT,1,10098,test,1
BERT,mBERT,1,10099,test,2
BERT,mBERT,1,10101,test,0
BERT,mBERT,1,10102,test,0
BERT,mBERT,1,10105,val,1
BERT,mBERT,1,10106,val,0
BERT,mBERT,1,10107,test,1
BERT,mBERT,1,10108,test,0
BERT,mBERT,1,10109,val,1
BERT,mBERT,1,10111,test,1
BERT,mBERT,1,10113,test,0
BERT,mBERT,1,10114,val,2
BERT,mBERT,1,10121,val,2
BERT,mBERT,1,10125,test,2
BERT,mBERT,1,10127,val,2
BERT,mBERT,1,10128,test,0
BERT,mBERT,1,10129,test,0
BERT,mBERT,1,10131,val,2
BERT,mBERT,1,10132,test,0
BERT,mBERT,1,10135,test,0
BERT,mBERT,1,10136,test,2
BERT,mBERT,1,10137,val,0
BERT,mBERT,1,10140,val,2
BERT,mBERT,1,10144,val,2
BERT,mBERT,1,10146,val,0
BERT,mBERT,1,10147,val,2
BERT,mBERT,1,10149,test,0
BERT,mBERT,1,10150,val,0
BERT,mBERT,1,10153,test,0
BERT,mBERT,1,10154,val,0
BERT,mBERT,1,10156,test,0
BERT,mBERT,1,10157,test,1
BERT,mBERT,1,10158,val,0
BERT,mBERT,1,10160,val,0
BERT,mBERT,1,10161,val,1
BERT,mBERT,1,10163,val,0
BERT,mBERT,1,10168,test,0
BERT,mBERT,1,10172,val,0
BERT,mBERT,1,10173,val,1
BERT,mBERT,1,10174,val,0
BERT,mBERT,1,10177,test,0
BERT,mBERT,1,10178,val,0
BERT,mBERT,1,10180,val,2
BERT,mBERT,1,10184,val,2
BERT,mBERT,1,10187,val,2
BERT,mBERT,1,10191,test,0
BERT,mBERT,1,10193,val,0
BERT,mBERT,1,10194,test,0
BERT,mBERT,1,10195,test,0
BERT,mBERT,1,10196,test,2
BERT,mBERT,1,10198,val,0
BERT,mBERT,1,10201,test,0
BERT,mBERT,1,10202,val,0
BERT,mBERT,1,10203,val,0
BERT,mBERT,1,10205,val,0
BERT,mBERT,1,10207,test,1
BERT,mBERT,1,10208,test,0
BERT,mBERT,1,10209,test,0
BERT,mBERT,1,10213,val,1
BERT,mBERT,1,10214,test,0
BERT,mBERT,1,10217,val,0
BERT,mBERT,1,10218,test,0
BERT,mBERT,1,10219,val,0
BERT,mBERT,1,10221,test,0
BERT,mBERT,1,10222,test,0
BERT,mBERT,1,10225,test,0
BERT,mBERT,1,10229,test,0
BERT,mBERT,1,10231,test,0
BERT,mBERT,1,10232,test,2
BERT,mBERT,1,10239,val,0
BERT,mBERT,1,10240,test,2
BERT,mBERT,1,10241,val,0
BERT,mBERT,1,10242,val,0
BERT,mBERT,1,10243,val,0
BERT,mBERT,1,10247,test,0
BERT,mBERT,1,10250,test,0
BERT,mBERT,1,10254,test,0
BERT,mBERT,1,10256,val,2
BERT,mBERT,1,10257,test,2
BERT,mBERT,1,10258,test,2
BERT,mBERT,1,10261,test,2
BERT,mBERT,1,10265,val,2
BERT,mBERT,1,10266,test,2
BERT,mBERT,1,10267,val,0
BERT,mBERT,1,10269,test,1
BERT,mBERT,1,10271,test,0
BERT,mBERT,1,10272,val,0
BERT,mBERT,1,10274,test,1
BERT,mBERT,1,10277,test,0
BERT,mBERT,1,10281,test,0
BERT,mBERT,1,10282,test,0
BERT,mBERT,1,10283,test,2
BERT,mBERT,1,10284,val,0
BERT,mBERT,1,10285,test,2
BERT,mBERT,1,10286,test,2
BERT,mBERT,1,10287,test,0
BERT,mBERT,1,10288,test,1
BERT,mBERT,1,10290,test,0
BERT,mBERT,1,10292,test,0
BERT,mBERT,1,10293,test,0
BERT,mBERT,1,10294,val,0
BERT,mBERT,1,10295,val,0
BERT,mBERT,1,10296,test,1
BERT,mBERT,1,10297,val,0
BERT,mBERT,1,10299,test,0
BERT,mBERT,1,10302,test,0
BERT,mBERT,1,10303,val,0
BERT,mBERT,1,10305,val,0
BERT,mBERT,1,10310,val,2
BERT,mBERT,1,10311,val,0
BERT,mBERT,1,10312,val,0
BERT,mBERT,1,10313,test,0
BERT,mBERT,1,10316,val,0
BERT,mBERT,1,10317,val,0
BERT,mBERT,1,10318,val,0
BERT,mBERT,1,10321,val,2
BERT,mBERT,1,10322,test,2
BERT,mBERT,1,10323,test,0
BERT,mBERT,1,10325,test,0
BERT,mBERT,1,10326,test,0
BERT,mBERT,1,10329,val,0
BERT,mBERT,1,10331,val,0
BERT,mBERT,1,10332,val,0
BERT,mBERT,1,10342,val,0
BERT,mBERT,1,10343,test,0
BERT,mBERT,1,10345,test,0
BERT,mBERT,1,10346,test,0
BERT,mBERT,1,10348,test,1
BERT,mBERT,1,10350,val,2
BERT,mBERT,1,10351,val,0
BERT,mBERT,1,10354,test,0
BERT,mBERT,1,10356,test,0
BERT,mBERT,1,10358,test,1
BERT,mBERT,1,10359,test,0
BERT,mBERT,1,10367,val,1
BERT,mBERT,1,10369,test,2
BERT,mBERT,1,10370,test,0
BERT,mBERT,1,10372,val,0
BERT,mBERT,1,10375,val,0
BERT,mBERT,1,10376,test,0
BERT,mBERT,1,10379,test,0
BERT,mBERT,1,10381,test,0
BERT,mBERT,1,10382,test,0
BERT,mBERT,1,10384,val,0
BERT,mBERT,1,10385,val,0
BERT,mBERT,1,10386,test,0
BERT,mBERT,1,10389,val,0
BERT,mBERT,1,10390,val,0
BERT,mBERT,1,10391,test,2
BERT,mBERT,1,10392,val,0
BERT,mBERT,1,10402,val,0
BERT,mBERT,1,10403,val,1
BERT,mBERT,1,10405,val,0
BERT,mBERT,1,10407,test,0
BERT,mBERT,1,10408,test,1
BERT,mBERT,1,10411,val,0
BERT,mBERT,1,10414,val,1
BERT,mBERT,1,10415,val,1
BERT,mBERT,1,10416,val,1
BERT,mBERT,1,10417,test,2
BERT,mBERT,1,10419,val,2
BERT,mBERT,1,10420,test,0
BERT,mBERT,1,10421,test,2
BERT,mBERT,1,10426,test,1
BERT,mBERT,1,10427,test,0
BERT,mBERT,1,10434,val,0
BERT,mBERT,1,10436,test,1
BERT,mBERT,1,10439,test,0
BERT,mBERT,1,10440,val,2
BERT,mBERT,1,10441,test,2
BERT,mBERT,1,10443,test,1
BERT,mBERT,1,10444,test,0
BERT,mBERT,1,10446,val,2
BERT,mBERT,1,10448,test,0
BERT,mBERT,1,10449,test,0
BERT,mBERT,1,10450,test,0
BERT,mBERT,1,10452,val,0
BERT,mBERT,1,10453,test,0
BERT,mBERT,1,10455,test,0
BERT,mBERT,1,10457,test,0
BERT,mBERT,1,10458,test,0
BERT,mBERT,1,10459,test,0
BERT,mBERT,1,10460,val,0
BERT,mBERT,1,10461,test,2
BERT,mBERT,1,10463,val,0
BERT,mBERT,1,10464,test,0
BERT,mBERT,1,10465,test,0
BERT,mBERT,1,10469,test,0
BERT,mBERT,1,10471,test,0
BERT,mBERT,1,10472,val,2
BERT,mBERT,1,10475,test,0
BERT,mBERT,1,10478,val,0
BERT,mBERT,1,10479,val,2
BERT,mBERT,1,10481,test,0
BERT,mBERT,1,10487,test,0
BERT,mBERT,1,10488,test,0
BERT,mBERT,1,10490,test,0
BERT,mBERT,1,10492,val,0
BERT,mBERT,1,10493,test,0
BERT,mBERT,1,10499,test,0
BERT,mBERT,1,10501,val,0
BERT,mBERT,1,10505,val,1
BERT,mBERT,1,10508,test,2
BERT,mBERT,1,10511,val,0
BERT,mBERT,1,10513,test,2
BERT,mBERT,1,10514,test,0
BERT,mBERT,1,10517,test,0
BERT,mBERT,1,10519,test,0
BERT,mBERT,1,10520,test,0
BERT,mBERT,1,10522,test,0
BERT,mBERT,1,10524,test,0
BERT,mBERT,1,10525,val,0
BERT,mBERT,1,10530,test,0
BERT,mBERT,1,10532,test,0
BERT,mBERT,1,10534,val,0
BERT,mBERT,1,10539,test,1
BERT,mBERT,1,10540,val,0
BERT,mBERT,1,10542,val,0
BERT,mBERT,1,10543,test,0
BERT,mBERT,1,10546,test,0
BERT,mBERT,1,10547,val,0
BERT,mBERT,1,10551,test,0
BERT,mBERT,1,10552,test,0
BERT,mBERT,1,10553,val,2
BERT,mBERT,1,10554,test,2
BERT,mBERT,1,10555,test,0
BERT,mBERT,1,10556,val,1
BERT,mBERT,1,10557,val,0
BERT,mBERT,1,10559,test,0
BERT,mBERT,1,10563,val,2
BERT,mBERT,1,10565,test,0
BERT,mBERT,1,10566,val,2
BERT,mBERT,1,10569,val,0
BERT,mBERT,1,10571,val,0
BERT,mBERT,1,10572,val,0
BERT,mBERT,1,10574,val,2
BERT,mBERT,1,10576,val,0
BERT,mBERT,1,10580,val,0
BERT,mBERT,1,10582,val,0
BERT,mBERT,1,10583,val,2
BERT,mBERT,1,10592,test,0
BERT,mBERT,1,10595,val,1
BERT,mBERT,1,10596,val,0
BERT,mBERT,1,10597,val,0
BERT,mBERT,1,10599,val,0
BERT,mBERT,1,10601,val,0
BERT,mBERT,1,10603,test,0
BERT,mBERT,1,10605,test,0
BERT,mBERT,1,10606,val,0
BERT,mBERT,1,10607,test,2
BERT,mBERT,1,10609,test,0
BERT,mBERT,1,10610,val,0
BERT,mBERT,1,10612,test,2
BERT,mBERT,1,10613,test,2
BERT,mBERT,1,10614,test,0
BERT,mBERT,1,10615,test,0
BERT,mBERT,1,10617,val,0
BERT,mBERT,1,10618,test,2
BERT,mBERT,1,10621,val,1
BERT,mBERT,1,10628,test,0
BERT,mBERT,1,10629,val,1
BERT,mBERT,1,10631,test,2
BERT,mBERT,1,10633,test,0
BERT,mBERT,1,10634,val,2
BERT,mBERT,1,10640,test,2
BERT,mBERT,1,10642,test,0
BERT,mBERT,1,10643,val,0
BERT,mBERT,1,10644,test,2
BERT,mBERT,1,10645,val,2
BERT,mBERT,1,10648,val,1
BERT,mBERT,1,10651,test,0
BERT,mBERT,1,10652,val,0
BERT,mBERT,1,10653,test,2
BERT,mBERT,1,10654,val,0
BERT,mBERT,1,10655,test,0
BERT,mBERT,1,10658,val,1
BERT,mBERT,1,10659,val,0
BERT,mBERT,1,10660,val,1
BERT,mBERT,1,10661,val,0
BERT,mBERT,1,10662,test,0
BERT,mBERT,1,10663,test,0
BERT,mBERT,1,10666,val,1
BERT,mBERT,1,10668,test,0
BERT,mBERT,1,10671,val,1
BERT,mBERT,1,10672,test,0
BERT,mBERT,1,10673,val,0
BERT,mBERT,1,10674,test,0
BERT,mBERT,1,10675,val,0
BERT,mBERT,1,10678,test,2
BERT,mBERT,1,10679,test,2
BERT,mBERT,1,10682,test,1
BERT,mBERT,1,10683,test,0
BERT,mBERT,1,10684,test,1
BERT,mBERT,1,10685,test,0
BERT,mBERT,1,10686,test,1
BERT,mBERT,1,10689,test,1
BERT,mBERT,1,10692,val,1
BERT,mBERT,1,10693,val,0
BERT,mBERT,1,10696,val,0
BERT,mBERT,1,10697,test,0
BERT,mBERT,1,10698,test,0
BERT,mBERT,1,10699,test,0
BERT,mBERT,1,10700,val,0
BERT,mBERT,1,10702,val,0
BERT,mBERT,1,10703,test,0
BERT,mBERT,1,10704,val,0
BERT,mBERT,1,10705,test,0
BERT,mBERT,1,10706,val,0
BERT,mBERT,1,10707,test,1
BERT,mBERT,1,10708,test,2
BERT,mBERT,1,10711,val,1
BERT,mBERT,1,10713,test,0
BERT,mBERT,1,10714,val,0
BERT,mBERT,1,10715,test,0
BERT,mBERT,1,10717,val,2
BERT,mBERT,1,10721,val,0
BERT,mBERT,1,10722,val,2
BERT,mBERT,1,10723,val,0
BERT,mBERT,1,10724,val,0
BERT,mBERT,1,10727,test,0
BERT,mBERT,1,10728,val,0
BERT,mBERT,1,10730,val,1
BERT,mBERT,1,10731,val,0
BERT,mBERT,1,10732,test,0
BERT,mBERT,1,10733,val,1
BERT,mBERT,1,10734,val,0
BERT,mBERT,1,10735,val,2
BERT,mBERT,1,10736,test,0
BERT,mBERT,1,10737,val,2
BERT,mBERT,1,10740,test,2
BERT,mBERT,2,1,test,0
BERT,mBERT,2,2,test,0
BERT,mBERT,2,6,val,0
BERT,mBERT,2,7,test,2
BERT,mBERT,2,12,val,1
BERT,mBERT,2,14,test,2
BERT,mBERT,2,15,test,2
BERT,mBERT,2,19,test,2
BERT,mBERT,2,23,val,0
BERT,mBERT,2,26,test,1
BERT,mBERT,2,30,test,1
BERT,mBERT,2,32,test,1
BERT,mBERT,2,34,test,2
BERT,mBERT,2,37,val,0
BERT,mBERT,2,39,val,2
BERT,mBERT,2,40,val,0
BERT,mBERT,2,42,test,0
BERT,mBERT,2,43,test,0
BERT,mBERT,2,44,val,2
BERT,mBERT,2,45,val,0
BERT,mBERT,2,47,test,0
BERT,mBERT,2,48,test,0
BERT,mBERT,2,49,test,1
BERT,mBERT,2,50,val,0
BERT,mBERT,2,51,test,2
BERT,mBERT,2,52,test,0
BERT,mBERT,2,54,test,2
BERT,mBERT,2,55,val,0
BERT,mBERT,2,56,test,0
BERT,mBERT,2,58,test,0
BERT,mBERT,2,59,test,1
BERT,mBERT,2,61,test,2
BERT,mBERT,2,62,val,0
BERT,mBERT,2,63,test,2
BERT,mBERT,2,64,test,0
BERT,mBERT,2,66,test,0
BERT,mBERT,2,67,test,0
BERT,mBERT,2,69,val,1
BERT,mBERT,2,70,test,2
BERT,mBERT,2,71,test,0
BERT,mBERT,2,72,test,0
BERT,mBERT,2,73,val,0
BERT,mBERT,2,76,val,0
BERT,mBERT,2,77,test,2
BERT,mBERT,2,78,val,0
BERT,mBERT,2,79,test,2
BERT,mBERT,2,81,val,0
BERT,mBERT,2,82,val,0
BERT,mBERT,2,87,val,0
BERT,mBERT,2,88,val,1
BERT,mBERT,2,91,val,0
BERT,mBERT,2,92,test,2
BERT,mBERT,2,95,test,0
BERT,mBERT,2,96,test,2
BERT,mBERT,2,98,test,2
BERT,mBERT,2,99,test,0
BERT,mBERT,2,100,test,0
BERT,mBERT,2,101,test,0
BERT,mBERT,2,104,test,0
BERT,mBERT,2,106,val,0
BERT,mBERT,2,111,val,0
BERT,mBERT,2,114,val,0
BERT,mBERT,2,115,val,1
BERT,mBERT,2,116,test,0
BERT,mBERT,2,118,val,0
BERT,mBERT,2,122,val,0
BERT,mBERT,2,123,val,1
BERT,mBERT,2,126,test,0
BERT,mBERT,2,127,val,1
BERT,mBERT,2,129,val,0
BERT,mBERT,2,133,test,0
BERT,mBERT,2,135,test,2
BERT,mBERT,2,138,val,1
BERT,mBERT,2,140,test,0
BERT,mBERT,2,141,test,2
BERT,mBERT,2,148,test,1
BERT,mBERT,2,150,test,0
BERT,mBERT,2,153,test,1
BERT,mBERT,2,155,test,1
BERT,mBERT,2,156,test,0
BERT,mBERT,2,162,test,1
BERT,mBERT,2,163,val,2
BERT,mBERT,2,164,test,1
BERT,mBERT,2,166,test,1
BERT,mBERT,2,169,val,1
BERT,mBERT,2,170,val,0
BERT,mBERT,2,171,test,1
BERT,mBERT,2,176,test,1
BERT,mBERT,2,177,val,0
BERT,mBERT,2,181,test,0
BERT,mBERT,2,182,test,0
BERT,mBERT,2,184,val,2
BERT,mBERT,2,185,test,0
BERT,mBERT,2,187,test,0
BERT,mBERT,2,191,test,2
BERT,mBERT,2,194,val,0
BERT,mBERT,2,197,test,0
BERT,mBERT,2,202,test,0
BERT,mBERT,2,205,val,2
BERT,mBERT,2,207,test,0
BERT,mBERT,2,209,test,2
BERT,mBERT,2,212,val,2
BERT,mBERT,2,213,test,0
BERT,mBERT,2,214,test,0
BERT,mBERT,2,216,test,1
BERT,mBERT,2,219,val,2
BERT,mBERT,2,220,test,0
BERT,mBERT,2,221,test,0
BERT,mBERT,2,222,val,1
BERT,mBERT,2,225,val,0
BERT,mBERT,2,227,val,0
BERT,mBERT,2,229,val,0
BERT,mBERT,2,231,test,0
BERT,mBERT,2,232,val,0
BERT,mBERT,2,233,test,2
BERT,mBERT,2,234,test,1
BERT,mBERT,2,235,test,0
BERT,mBERT,2,236,test,0
BERT,mBERT,2,240,val,1
BERT,mBERT,2,241,test,1
BERT,mBERT,2,242,val,0
BERT,mBERT,2,243,val,0
BERT,mBERT,2,244,val,1
BERT,mBERT,2,246,test,2
BERT,mBERT,2,248,test,0
BERT,mBERT,2,250,val,1
BERT,mBERT,2,255,val,0
BERT,mBERT,2,258,val,0
BERT,mBERT,2,260,test,0
BERT,mBERT,2,263,val,0
BERT,mBERT,2,268,test,0
BERT,mBERT,2,269,val,2
BERT,mBERT,2,276,test,0
BERT,mBERT,2,278,val,0
BERT,mBERT,2,280,test,1
BERT,mBERT,2,281,test,0
BERT,mBERT,2,282,val,1
BERT,mBERT,2,283,val,0
BERT,mBERT,2,286,test,1
BERT,mBERT,2,288,val,0
BERT,mBERT,2,291,val,1
BERT,mBERT,2,292,val,0
BERT,mBERT,2,294,val,1
BERT,mBERT,2,295,val,0
BERT,mBERT,2,296,test,0
BERT,mBERT,2,297,val,0
BERT,mBERT,2,298,test,0
BERT,mBERT,2,299,val,0
BERT,mBERT,2,300,test,0
BERT,mBERT,2,301,val,0
BERT,mBERT,2,302,test,2
BERT,mBERT,2,303,val,0
BERT,mBERT,2,304,test,1
BERT,mBERT,2,306,test,0
BERT,mBERT,2,307,val,0
BERT,mBERT,2,308,test,0
BERT,mBERT,2,310,val,1
BERT,mBERT,2,313,test,1
BERT,mBERT,2,316,test,0
BERT,mBERT,2,320,val,2
BERT,mBERT,2,322,val,1
BERT,mBERT,2,324,val,0
BERT,mBERT,2,327,test,0
BERT,mBERT,2,331,val,0
BERT,mBERT,2,333,test,0
BERT,mBERT,2,335,test,2
BERT,mBERT,2,337,test,0
BERT,mBERT,2,338,val,0
BERT,mBERT,2,339,val,0
BERT,mBERT,2,340,val,1
BERT,mBERT,2,341,val,0
BERT,mBERT,2,342,test,0
BERT,mBERT,2,343,val,0
BERT,mBERT,2,345,val,0
BERT,mBERT,2,347,test,1
BERT,mBERT,2,352,val,0
BERT,mBERT,2,353,test,0
BERT,mBERT,2,355,val,0
BERT,mBERT,2,356,test,0
BERT,mBERT,2,358,test,1
BERT,mBERT,2,360,val,0
BERT,mBERT,2,361,val,1
BERT,mBERT,2,364,val,0
BERT,mBERT,2,370,test,0
BERT,mBERT,2,371,val,0
BERT,mBERT,2,377,val,0
BERT,mBERT,2,378,test,2
BERT,mBERT,2,382,val,0
BERT,mBERT,2,384,test,0
BERT,mBERT,2,387,val,1
BERT,mBERT,2,390,val,0
BERT,mBERT,2,391,test,0
BERT,mBERT,2,396,test,2
BERT,mBERT,2,399,val,2
BERT,mBERT,2,402,val,0
BERT,mBERT,2,404,test,0
BERT,mBERT,2,405,val,1
BERT,mBERT,2,407,test,0
BERT,mBERT,2,408,test,1
BERT,mBERT,2,409,val,0
BERT,mBERT,2,411,val,2
BERT,mBERT,2,414,test,1
BERT,mBERT,2,418,val,1
BERT,mBERT,2,419,test,2
BERT,mBERT,2,422,test,1
BERT,mBERT,2,426,test,0
BERT,mBERT,2,427,val,0
BERT,mBERT,2,428,test,0
BERT,mBERT,2,429,val,2
BERT,mBERT,2,430,val,0
BERT,mBERT,2,431,test,2
BERT,mBERT,2,432,test,0
BERT,mBERT,2,434,val,2
BERT,mBERT,2,435,test,0
BERT,mBERT,2,439,test,0
BERT,mBERT,2,442,val,0
BERT,mBERT,2,445,val,2
BERT,mBERT,2,448,val,0
BERT,mBERT,2,449,val,1
BERT,mBERT,2,450,test,0
BERT,mBERT,2,451,test,0
BERT,mBERT,2,453,test,0
BERT,mBERT,2,454,val,0
BERT,mBERT,2,456,val,0
BERT,mBERT,2,457,val,1
BERT,mBERT,2,458,val,0
BERT,mBERT,2,459,test,1
BERT,mBERT,2,460,val,0
BERT,mBERT,2,462,val,1
BERT,mBERT,2,463,val,1
BERT,mBERT,2,465,test,0
BERT,mBERT,2,467,test,1
BERT,mBERT,2,470,test,0
BERT,mBERT,2,471,test,1
BERT,mBERT,2,473,test,1
BERT,mBERT,2,476,val,0
BERT,mBERT,2,477,test,0
BERT,mBERT,2,479,test,1
BERT,mBERT,2,480,test,1
BERT,mBERT,2,482,val,0
BERT,mBERT,2,488,val,0
BERT,mBERT,2,489,val,1
BERT,mBERT,2,491,test,0
BERT,mBERT,2,493,val,0
BERT,mBERT,2,494,test,1
BERT,mBERT,2,497,val,0
BERT,mBERT,2,498,test,1
BERT,mBERT,2,499,test,0
BERT,mBERT,2,500,val,0
BERT,mBERT,2,504,test,0
BERT,mBERT,2,506,test,1
BERT,mBERT,2,507,test,0
BERT,mBERT,2,509,test,1
BERT,mBERT,2,510,test,1
BERT,mBERT,2,511,val,1
BERT,mBERT,2,512,test,2
BERT,mBERT,2,515,test,1
BERT,mBERT,2,517,test,1
BERT,mBERT,2,520,test,1
BERT,mBERT,2,521,test,0
BERT,mBERT,2,522,val,1
BERT,mBERT,2,523,test,0
BERT,mBERT,2,527,test,1
BERT,mBERT,2,529,val,0
BERT,mBERT,2,531,val,0
BERT,mBERT,2,532,test,0
BERT,mBERT,2,534,val,1
BERT,mBERT,2,536,val,1
BERT,mBERT,2,537,test,1
BERT,mBERT,2,538,test,1
BERT,mBERT,2,540,test,1
BERT,mBERT,2,542,val,0
BERT,mBERT,2,544,val,1
BERT,mBERT,2,546,test,1
BERT,mBERT,2,550,val,0
BERT,mBERT,2,551,test,1
BERT,mBERT,2,554,val,1
BERT,mBERT,2,557,test,1
BERT,mBERT,2,558,val,0
BERT,mBERT,2,560,test,0
BERT,mBERT,2,564,test,0
BERT,mBERT,2,565,test,1
BERT,mBERT,2,566,test,0
BERT,mBERT,2,567,test,1
BERT,mBERT,2,568,test,2
BERT,mBERT,2,570,val,1
BERT,mBERT,2,574,test,0
BERT,mBERT,2,575,val,1
BERT,mBERT,2,576,test,0
BERT,mBERT,2,578,test,1
BERT,mBERT,2,579,test,1
BERT,mBERT,2,580,test,1
BERT,mBERT,2,581,val,1
BERT,mBERT,2,582,val,1
BERT,mBERT,2,583,test,0
BERT,mBERT,2,584,test,1
BERT,mBERT,2,585,val,1
BERT,mBERT,2,586,test,0
BERT,mBERT,2,587,val,2
BERT,mBERT,2,590,test,1
BERT,mBERT,2,591,val,1
BERT,mBERT,2,592,val,0
BERT,mBERT,2,596,test,1
BERT,mBERT,2,597,test,0
BERT,mBERT,2,598,test,0
BERT,mBERT,2,599,test,1
BERT,mBERT,2,600,test,1
BERT,mBERT,2,606,test,1
BERT,mBERT,2,607,test,1
BERT,mBERT,2,609,test,1
BERT,mBERT,2,610,test,0
BERT,mBERT,2,611,val,1
BERT,mBERT,2,612,val,0
BERT,mBERT,2,613,val,0
BERT,mBERT,2,614,val,1
BERT,mBERT,2,615,val,1
BERT,mBERT,2,616,test,1
BERT,mBERT,2,618,val,0
BERT,mBERT,2,619,test,1
BERT,mBERT,2,620,test,0
BERT,mBERT,2,622,test,0
BERT,mBERT,2,625,test,2
BERT,mBERT,2,628,val,0
BERT,mBERT,2,631,test,2
BERT,mBERT,2,634,test,0
BERT,mBERT,2,635,test,2
BERT,mBERT,2,637,test,1
BERT,mBERT,2,638,test,0
BERT,mBERT,2,640,val,0
BERT,mBERT,2,642,test,2
BERT,mBERT,2,646,test,2
BERT,mBERT,2,650,val,0
BERT,mBERT,2,651,test,0
BERT,mBERT,2,652,test,0
BERT,mBERT,2,655,val,0
BERT,mBERT,2,656,val,2
BERT,mBERT,2,658,val,0
BERT,mBERT,2,659,val,1
BERT,mBERT,2,660,test,0
BERT,mBERT,2,663,test,0
BERT,mBERT,2,664,test,0
BERT,mBERT,2,668,test,0
BERT,mBERT,2,669,test,0
BERT,mBERT,2,671,test,1
BERT,mBERT,2,672,val,0
BERT,mBERT,2,675,val,2
BERT,mBERT,2,677,test,0
BERT,mBERT,2,680,val,0
BERT,mBERT,2,682,test,0
BERT,mBERT,2,683,val,0
BERT,mBERT,2,684,test,2
BERT,mBERT,2,685,val,2
BERT,mBERT,2,687,val,0
BERT,mBERT,2,688,test,0
BERT,mBERT,2,689,val,0
BERT,mBERT,2,690,val,2
BERT,mBERT,2,692,val,2
BERT,mBERT,2,693,val,1
BERT,mBERT,2,695,test,0
BERT,mBERT,2,697,test,0
BERT,mBERT,2,699,test,0
BERT,mBERT,2,701,val,1
BERT,mBERT,2,702,test,1
BERT,mBERT,2,704,test,0
BERT,mBERT,2,705,val,0
BERT,mBERT,2,713,test,2
BERT,mBERT,2,714,val,0
BERT,mBERT,2,715,test,2
BERT,mBERT,2,716,test,1
BERT,mBERT,2,717,test,0
BERT,mBERT,2,718,test,2
BERT,mBERT,2,720,val,0
BERT,mBERT,2,723,val,0
BERT,mBERT,2,727,val,0
BERT,mBERT,2,731,test,2
BERT,mBERT,2,733,val,0
BERT,mBERT,2,737,val,0
BERT,mBERT,2,740,test,1
BERT,mBERT,2,742,test,2
BERT,mBERT,2,743,test,0
BERT,mBERT,2,745,val,2
BERT,mBERT,2,749,val,0
BERT,mBERT,2,751,test,0
BERT,mBERT,2,755,val,0
BERT,mBERT,2,756,val,0
BERT,mBERT,2,757,test,0
BERT,mBERT,2,758,val,1
BERT,mBERT,2,761,test,0
BERT,mBERT,2,762,test,0
BERT,mBERT,2,763,val,2
BERT,mBERT,2,764,val,2
BERT,mBERT,2,766,test,1
BERT,mBERT,2,767,test,0
BERT,mBERT,2,768,test,0
BERT,mBERT,2,769,test,1
BERT,mBERT,2,771,test,0
BERT,mBERT,2,772,val,0
BERT,mBERT,2,773,test,1
BERT,mBERT,2,780,val,1
BERT,mBERT,2,781,test,0
BERT,mBERT,2,783,val,0
BERT,mBERT,2,786,test,1
BERT,mBERT,2,791,val,2
BERT,mBERT,2,792,test,0
BERT,mBERT,2,794,val,0
BERT,mBERT,2,797,val,2
BERT,mBERT,2,798,test,0
BERT,mBERT,2,799,test,2
BERT,mBERT,2,800,test,1
BERT,mBERT,2,804,test,2
BERT,mBERT,2,805,test,0
BERT,mBERT,2,806,val,0
BERT,mBERT,2,807,val,2
BERT,mBERT,2,808,test,0
BERT,mBERT,2,811,test,1
BERT,mBERT,2,812,test,0
BERT,mBERT,2,816,test,0
BERT,mBERT,2,817,test,0
BERT,mBERT,2,818,test,1
BERT,mBERT,2,819,val,2
BERT,mBERT,2,820,val,0
BERT,mBERT,2,821,test,2
BERT,mBERT,2,822,test,1
BERT,mBERT,2,825,test,0
BERT,mBERT,2,826,test,0
BERT,mBERT,2,827,test,2
BERT,mBERT,2,828,val,0
BERT,mBERT,2,831,test,2
BERT,mBERT,2,835,test,0
BERT,mBERT,2,836,val,0
BERT,mBERT,2,837,val,0
BERT,mBERT,2,838,val,0
BERT,mBERT,2,839,val,0
BERT,mBERT,2,841,val,2
BERT,mBERT,2,844,test,2
BERT,mBERT,2,845,test,2
BERT,mBERT,2,846,val,0
BERT,mBERT,2,848,val,0
BERT,mBERT,2,849,test,0
BERT,mBERT,2,850,val,0
BERT,mBERT,2,855,test,0
BERT,mBERT,2,859,test,0
BERT,mBERT,2,860,val,0
BERT,mBERT,2,866,test,0
BERT,mBERT,2,867,test,0
BERT,mBERT,2,868,test,2
BERT,mBERT,2,871,test,0
BERT,mBERT,2,872,val,0
BERT,mBERT,2,873,test,0
BERT,mBERT,2,874,test,0
BERT,mBERT,2,876,test,2
BERT,mBERT,2,877,val,0
BERT,mBERT,2,878,test,0
BERT,mBERT,2,881,val,0
BERT,mBERT,2,885,test,1
BERT,mBERT,2,889,test,1
BERT,mBERT,2,890,test,0
BERT,mBERT,2,891,val,2
BERT,mBERT,2,893,val,2
BERT,mBERT,2,894,test,1
BERT,mBERT,2,896,val,0
BERT,mBERT,2,897,test,0
BERT,mBERT,2,898,val,2
BERT,mBERT,2,900,test,2
BERT,mBERT,2,901,test,0
BERT,mBERT,2,903,test,0
BERT,mBERT,2,904,test,0
BERT,mBERT,2,905,val,0
BERT,mBERT,2,906,test,0
BERT,mBERT,2,908,test,0
BERT,mBERT,2,909,test,2
BERT,mBERT,2,911,val,1
BERT,mBERT,2,914,val,0
BERT,mBERT,2,918,test,0
BERT,mBERT,2,919,test,0
BERT,mBERT,2,922,val,1
BERT,mBERT,2,924,test,0
BERT,mBERT,2,927,val,0
BERT,mBERT,2,928,val,2
BERT,mBERT,2,929,test,0
BERT,mBERT,2,933,val,0
BERT,mBERT,2,934,test,0
BERT,mBERT,2,936,val,0
BERT,mBERT,2,938,test,0
BERT,mBERT,2,943,val,0
BERT,mBERT,2,944,val,0
BERT,mBERT,2,947,test,2
BERT,mBERT,2,948,test,0
BERT,mBERT,2,949,val,2
BERT,mBERT,2,950,test,2
BERT,mBERT,2,955,test,2
BERT,mBERT,2,959,val,0
BERT,mBERT,2,960,test,0
BERT,mBERT,2,961,test,2
BERT,mBERT,2,965,val,2
BERT,mBERT,2,966,val,2
BERT,mBERT,2,967,val,2
BERT,mBERT,2,970,val,1
BERT,mBERT,2,972,val,0
BERT,mBERT,2,973,test,0
BERT,mBERT,2,976,test,2
BERT,mBERT,2,980,test,0
BERT,mBERT,2,981,test,2
BERT,mBERT,2,982,val,0
BERT,mBERT,2,990,val,0
BERT,mBERT,2,994,test,0
BERT,mBERT,2,997,test,2
BERT,mBERT,2,998,test,2
BERT,mBERT,2,1000,val,0
BERT,mBERT,2,1002,val,2
BERT,mBERT,2,1005,test,2
BERT,mBERT,2,1006,val,1
BERT,mBERT,2,1008,test,0
BERT,mBERT,2,1009,test,0
BERT,mBERT,2,1010,val,2
BERT,mBERT,2,1012,val,2
BERT,mBERT,2,1014,val,0
BERT,mBERT,2,1016,test,2
BERT,mBERT,2,1020,val,0
BERT,mBERT,2,1021,val,2
BERT,mBERT,2,1022,val,2
BERT,mBERT,2,1025,test,0
BERT,mBERT,2,1026,val,0
BERT,mBERT,2,1028,test,2
BERT,mBERT,2,1029,val,2
BERT,mBERT,2,1030,test,1
BERT,mBERT,2,1037,val,2
BERT,mBERT,2,1041,val,0
BERT,mBERT,2,1042,val,0
BERT,mBERT,2,1043,test,1
BERT,mBERT,2,1044,val,0
BERT,mBERT,2,1046,test,2
BERT,mBERT,2,1048,test,0
BERT,mBERT,2,1049,val,0
BERT,mBERT,2,1052,val,2
BERT,mBERT,2,1054,val,1
BERT,mBERT,2,1055,test,0
BERT,mBERT,2,1056,val,2
BERT,mBERT,2,1057,val,2
BERT,mBERT,2,1061,test,1
BERT,mBERT,2,1062,test,2
BERT,mBERT,2,1065,val,2
BERT,mBERT,2,1069,val,1
BERT,mBERT,2,1070,val,0
BERT,mBERT,2,1072,test,1
BERT,mBERT,2,1073,val,2
BERT,mBERT,2,1075,val,0
BERT,mBERT,2,1082,val,0
BERT,mBERT,2,1085,test,1
BERT,mBERT,2,1090,test,1
BERT,mBERT,2,1092,val,2
BERT,mBERT,2,1098,test,2
BERT,mBERT,2,1102,test,0
BERT,mBERT,2,1103,val,0
BERT,mBERT,2,1104,test,2
BERT,mBERT,2,1105,val,0
BERT,mBERT,2,1106,val,0
BERT,mBERT,2,1108,test,2
BERT,mBERT,2,1110,test,2
BERT,mBERT,2,1111,val,0
BERT,mBERT,2,1112,val,2
BERT,mBERT,2,1116,val,0
BERT,mBERT,2,1117,val,0
BERT,mBERT,2,1120,test,0
BERT,mBERT,2,1122,val,0
BERT,mBERT,2,1123,val,0
BERT,mBERT,2,1126,test,0
BERT,mBERT,2,1127,val,0
BERT,mBERT,2,1128,val,2
BERT,mBERT,2,1130,test,2
BERT,mBERT,2,1132,val,2
BERT,mBERT,2,1134,val,0
BERT,mBERT,2,1136,test,0
BERT,mBERT,2,1137,test,2
BERT,mBERT,2,1138,test,0
BERT,mBERT,2,1139,test,0
BERT,mBERT,2,1141,val,0
BERT,mBERT,2,1142,val,1
BERT,mBERT,2,1147,test,0
BERT,mBERT,2,1151,val,0
BERT,mBERT,2,1152,val,0
BERT,mBERT,2,1153,test,0
BERT,mBERT,2,1157,test,0
BERT,mBERT,2,1158,test,0
BERT,mBERT,2,1159,test,0
BERT,mBERT,2,1163,test,0
BERT,mBERT,2,1164,val,1
BERT,mBERT,2,1167,test,0
BERT,mBERT,2,1170,test,2
BERT,mBERT,2,1171,test,1
BERT,mBERT,2,1173,val,0
BERT,mBERT,2,1174,val,0
BERT,mBERT,2,1175,test,0
BERT,mBERT,2,1177,test,0
BERT,mBERT,2,1179,val,1
BERT,mBERT,2,1180,val,0
BERT,mBERT,2,1181,test,0
BERT,mBERT,2,1183,test,1
BERT,mBERT,2,1184,val,0
BERT,mBERT,2,1186,test,0
BERT,mBERT,2,1188,test,1
BERT,mBERT,2,1190,test,0
BERT,mBERT,2,1193,test,1
BERT,mBERT,2,1194,test,0
BERT,mBERT,2,1195,test,0
BERT,mBERT,2,1197,val,0
BERT,mBERT,2,1199,test,0
BERT,mBERT,2,1200,test,0
BERT,mBERT,2,1203,test,1
BERT,mBERT,2,1205,test,2
BERT,mBERT,2,1208,test,1
BERT,mBERT,2,1209,test,1
BERT,mBERT,2,1211,test,2
BERT,mBERT,2,1212,val,0
BERT,mBERT,2,1213,test,0
BERT,mBERT,2,1214,test,2
BERT,mBERT,2,1215,test,2
BERT,mBERT,2,1220,test,1
BERT,mBERT,2,1222,val,0
BERT,mBERT,2,1223,val,1
BERT,mBERT,2,1225,test,0
BERT,mBERT,2,1226,test,1
BERT,mBERT,2,1227,test,0
BERT,mBERT,2,1231,val,0
BERT,mBERT,2,1232,test,0
BERT,mBERT,2,1233,val,2
BERT,mBERT,2,1235,test,0
BERT,mBERT,2,1236,test,0
BERT,mBERT,2,1238,val,0
BERT,mBERT,2,1239,val,2
BERT,mBERT,2,1240,val,0
BERT,mBERT,2,1242,test,2
BERT,mBERT,2,1243,test,0
BERT,mBERT,2,1247,val,0
BERT,mBERT,2,1248,test,0
BERT,mBERT,2,1249,test,0
BERT,mBERT,2,1250,val,0
BERT,mBERT,2,1252,test,0
BERT,mBERT,2,1254,val,0
BERT,mBERT,2,1255,test,0
BERT,mBERT,2,1256,test,0
BERT,mBERT,2,1259,val,0
BERT,mBERT,2,1260,val,0
BERT,mBERT,2,1263,test,1
BERT,mBERT,2,1264,val,0
BERT,mBERT,2,1265,test,0
BERT,mBERT,2,1266,val,2
BERT,mBERT,2,1268,val,0
BERT,mBERT,2,1272,val,0
BERT,mBERT,2,1273,test,0
BERT,mBERT,2,1275,test,0
BERT,mBERT,2,1276,test,0
BERT,mBERT,2,1278,test,1
BERT,mBERT,2,1279,test,0
BERT,mBERT,2,1283,test,0
BERT,mBERT,2,1285,test,1
BERT,mBERT,2,1286,test,0
BERT,mBERT,2,1288,test,0
BERT,mBERT,2,1289,val,2
BERT,mBERT,2,1294,test,0
BERT,mBERT,2,1295,val,0
BERT,mBERT,2,1296,test,2
BERT,mBERT,2,1297,test,0
BERT,mBERT,2,1298,test,0
BERT,mBERT,2,1299,test,2
BERT,mBERT,2,1300,test,0
BERT,mBERT,2,1301,val,2
BERT,mBERT,2,1302,test,0
BERT,mBERT,2,1303,test,0
BERT,mBERT,2,1304,val,0
BERT,mBERT,2,1305,test,0
BERT,mBERT,2,1307,test,1
BERT,mBERT,2,1309,val,0
BERT,mBERT,2,1312,test,2
BERT,mBERT,2,1313,test,0
BERT,mBERT,2,1314,test,0
BERT,mBERT,2,1318,test,1
BERT,mBERT,2,1323,test,1
BERT,mBERT,2,1324,test,0
BERT,mBERT,2,1325,val,1
BERT,mBERT,2,1326,test,0
BERT,mBERT,2,1330,test,1
BERT,mBERT,2,1332,val,0
BERT,mBERT,2,1333,val,2
BERT,mBERT,2,1334,val,0
BERT,mBERT,2,1337,test,0
BERT,mBERT,2,1338,test,2
BERT,mBERT,2,1339,test,0
BERT,mBERT,2,1340,test,2
BERT,mBERT,2,1341,val,0
BERT,mBERT,2,1342,test,0
BERT,mBERT,2,1343,val,0
BERT,mBERT,2,1345,test,0
BERT,mBERT,2,1347,test,1
BERT,mBERT,2,1348,test,0
BERT,mBERT,2,1351,val,2
BERT,mBERT,2,1354,test,0
BERT,mBERT,2,1357,test,2
BERT,mBERT,2,1358,val,0
BERT,mBERT,2,1360,val,0
BERT,mBERT,2,1361,val,0
BERT,mBERT,2,1362,val,1
BERT,mBERT,2,1363,test,0
BERT,mBERT,2,1364,test,1
BERT,mBERT,2,1366,test,1
BERT,mBERT,2,1368,val,0
BERT,mBERT,2,1371,test,0
BERT,mBERT,2,1372,val,0
BERT,mBERT,2,1374,test,2
BERT,mBERT,2,1376,test,0
BERT,mBERT,2,1378,val,2
BERT,mBERT,2,1382,test,0
BERT,mBERT,2,1384,val,2
BERT,mBERT,2,1385,test,0
BERT,mBERT,2,1386,val,1
BERT,mBERT,2,1388,test,2
BERT,mBERT,2,1391,val,0
BERT,mBERT,2,1395,test,1
BERT,mBERT,2,1399,test,0
BERT,mBERT,2,1401,test,2
BERT,mBERT,2,1402,test,1
BERT,mBERT,2,1404,test,0
BERT,mBERT,2,1405,test,2
BERT,mBERT,2,1406,val,1
BERT,mBERT,2,1407,val,0
BERT,mBERT,2,1411,val,2
BERT,mBERT,2,1414,test,2
BERT,mBERT,2,1415,test,0
BERT,mBERT,2,1417,test,1
BERT,mBERT,2,1421,test,2
BERT,mBERT,2,1422,val,0
BERT,mBERT,2,1424,test,0
BERT,mBERT,2,1425,test,0
BERT,mBERT,2,1426,test,0
BERT,mBERT,2,1427,test,0
BERT,mBERT,2,1428,test,0
BERT,mBERT,2,1429,test,0
BERT,mBERT,2,1430,test,0
BERT,mBERT,2,1431,test,0
BERT,mBERT,2,1432,test,2
BERT,mBERT,2,1441,val,0
BERT,mBERT,2,1444,val,1
BERT,mBERT,2,1446,val,1
BERT,mBERT,2,1450,test,1
BERT,mBERT,2,1452,val,0
BERT,mBERT,2,1453,val,1
BERT,mBERT,2,1455,test,0
BERT,mBERT,2,1456,val,0
BERT,mBERT,2,1457,test,0
BERT,mBERT,2,1458,test,0
BERT,mBERT,2,1462,test,1
BERT,mBERT,2,1463,val,1
BERT,mBERT,2,1471,val,2
BERT,mBERT,2,1477,test,1
BERT,mBERT,2,1478,test,1
BERT,mBERT,2,1479,val,2
BERT,mBERT,2,1480,test,0
BERT,mBERT,2,1482,val,1
BERT,mBERT,2,1483,val,0
BERT,mBERT,2,1485,test,1
BERT,mBERT,2,1486,test,2
BERT,mBERT,2,1487,test,1
BERT,mBERT,2,1489,test,0
BERT,mBERT,2,1490,test,0
BERT,mBERT,2,1491,val,1
BERT,mBERT,2,1493,test,0
BERT,mBERT,2,1494,test,1
BERT,mBERT,2,1497,test,0
BERT,mBERT,2,1500,test,1
BERT,mBERT,2,1501,val,1
BERT,mBERT,2,1502,test,0
BERT,mBERT,2,1503,test,1
BERT,mBERT,2,1505,val,0
BERT,mBERT,2,1510,test,1
BERT,mBERT,2,1515,test,1
BERT,mBERT,2,1516,test,0
BERT,mBERT,2,1517,test,0
BERT,mBERT,2,1518,test,2
BERT,mBERT,2,1522,val,1
BERT,mBERT,2,1523,test,1
BERT,mBERT,2,1524,test,1
BERT,mBERT,2,1525,test,1
BERT,mBERT,2,1526,test,0
BERT,mBERT,2,1527,val,0
BERT,mBERT,2,1528,val,1
BERT,mBERT,2,1529,test,1
BERT,mBERT,2,1531,val,2
BERT,mBERT,2,1532,test,1
BERT,mBERT,2,1536,test,1
BERT,mBERT,2,1537,test,1
BERT,mBERT,2,1538,test,0
BERT,mBERT,2,1539,test,2
BERT,mBERT,2,1541,test,2
BERT,mBERT,2,1543,val,1
BERT,mBERT,2,1545,test,0
BERT,mBERT,2,1547,test,1
BERT,mBERT,2,1548,val,0
BERT,mBERT,2,1553,val,0
BERT,mBERT,2,1558,test,0
BERT,mBERT,2,1559,val,0
BERT,mBERT,2,1561,val,0
BERT,mBERT,2,1562,test,0
BERT,mBERT,2,1563,test,1
BERT,mBERT,2,1564,val,0
BERT,mBERT,2,1565,test,2
BERT,mBERT,2,1570,test,1
BERT,mBERT,2,1571,test,0
BERT,mBERT,2,1572,test,0
BERT,mBERT,2,1573,test,0
BERT,mBERT,2,1574,val,1
BERT,mBERT,2,1575,test,0
BERT,mBERT,2,1576,test,0
BERT,mBERT,2,1579,test,0
BERT,mBERT,2,1580,val,0
BERT,mBERT,2,1582,val,0
BERT,mBERT,2,1584,val,0
BERT,mBERT,2,1585,val,0
BERT,mBERT,2,1586,test,1
BERT,mBERT,2,1587,val,1
BERT,mBERT,2,1592,test,0
BERT,mBERT,2,1593,test,0
BERT,mBERT,2,1595,test,0
BERT,mBERT,2,1597,test,0
BERT,mBERT,2,1599,val,2
BERT,mBERT,2,1600,test,0
BERT,mBERT,2,1601,val,2
BERT,mBERT,2,1602,test,0
BERT,mBERT,2,1604,test,0
BERT,mBERT,2,1606,test,0
BERT,mBERT,2,1609,test,2
BERT,mBERT,2,1611,test,1
BERT,mBERT,2,1613,test,2
BERT,mBERT,2,1614,val,1
BERT,mBERT,2,1615,test,0
BERT,mBERT,2,1618,test,0
BERT,mBERT,2,1619,test,0
BERT,mBERT,2,1620,val,0
BERT,mBERT,2,1621,test,0
BERT,mBERT,2,1622,val,0
BERT,mBERT,2,1623,val,0
BERT,mBERT,2,1628,val,0
BERT,mBERT,2,1639,val,2
BERT,mBERT,2,1642,test,0
BERT,mBERT,2,1644,val,2
BERT,mBERT,2,1645,val,0
BERT,mBERT,2,1649,test,0
BERT,mBERT,2,1650,val,0
BERT,mBERT,2,1651,test,0
BERT,mBERT,2,1652,val,0
BERT,mBERT,2,1653,test,2
BERT,mBERT,2,1654,val,0
BERT,mBERT,2,1656,test,0
BERT,mBERT,2,1657,val,2
BERT,mBERT,2,1658,val,0
BERT,mBERT,2,1662,val,0
BERT,mBERT,2,1666,test,0
BERT,mBERT,2,1672,val,0
BERT,mBERT,2,1673,test,2
BERT,mBERT,2,1674,val,2
BERT,mBERT,2,1676,val,0
BERT,mBERT,2,1678,val,0
BERT,mBERT,2,1679,test,0
BERT,mBERT,2,1684,test,0
BERT,mBERT,2,1686,test,0
BERT,mBERT,2,1688,test,0
BERT,mBERT,2,1692,val,0
BERT,mBERT,2,1693,val,2
BERT,mBERT,2,1694,val,2
BERT,mBERT,2,1696,test,0
BERT,mBERT,2,1697,test,0
BERT,mBERT,2,1699,val,2
BERT,mBERT,2,1700,test,2
BERT,mBERT,2,1702,test,0
BERT,mBERT,2,1705,test,0
BERT,mBERT,2,1706,test,0
BERT,mBERT,2,1707,val,0
BERT,mBERT,2,1708,test,1
BERT,mBERT,2,1709,val,0
BERT,mBERT,2,1710,val,2
BERT,mBERT,2,1713,test,1
BERT,mBERT,2,1714,test,0
BERT,mBERT,2,1715,val,2
BERT,mBERT,2,1717,val,2
BERT,mBERT,2,1720,val,0
BERT,mBERT,2,1721,val,0
BERT,mBERT,2,1722,test,0
BERT,mBERT,2,1723,test,2
BERT,mBERT,2,1727,test,0
BERT,mBERT,2,1729,test,0
BERT,mBERT,2,1730,test,0
BERT,mBERT,2,1732,val,0
BERT,mBERT,2,1734,val,0
BERT,mBERT,2,1737,val,0
BERT,mBERT,2,1739,test,2
BERT,mBERT,2,1740,test,0
BERT,mBERT,2,1742,test,0
BERT,mBERT,2,1744,test,0
BERT,mBERT,2,1746,val,0
BERT,mBERT,2,1747,test,1
BERT,mBERT,2,1748,test,0
BERT,mBERT,2,1749,test,0
BERT,mBERT,2,1751,test,0
BERT,mBERT,2,1757,val,1
BERT,mBERT,2,1758,test,0
BERT,mBERT,2,1760,test,2
BERT,mBERT,2,1762,test,0
BERT,mBERT,2,1766,test,2
BERT,mBERT,2,1767,val,2
BERT,mBERT,2,1769,test,2
BERT,mBERT,2,1770,test,0
BERT,mBERT,2,1772,test,1
BERT,mBERT,2,1774,test,0
BERT,mBERT,2,1775,val,0
BERT,mBERT,2,1776,val,2
BERT,mBERT,2,1777,test,0
BERT,mBERT,2,1778,test,0
BERT,mBERT,2,1781,val,2
BERT,mBERT,2,1782,val,1
BERT,mBERT,2,1783,test,0
BERT,mBERT,2,1785,val,0
BERT,mBERT,2,1786,test,2
BERT,mBERT,2,1788,test,2
BERT,mBERT,2,1790,val,0
BERT,mBERT,2,1791,val,0
BERT,mBERT,2,1792,val,0
BERT,mBERT,2,1795,val,0
BERT,mBERT,2,1797,test,0
BERT,mBERT,2,1801,val,0
BERT,mBERT,2,1802,test,0
BERT,mBERT,2,1804,val,0
BERT,mBERT,2,1805,val,2
BERT,mBERT,2,1806,val,1
BERT,mBERT,2,1808,test,1
BERT,mBERT,2,1811,test,1
BERT,mBERT,2,1819,test,0
BERT,mBERT,2,1820,val,0
BERT,mBERT,2,1821,val,2
BERT,mBERT,2,1826,test,0
BERT,mBERT,2,1828,test,0
BERT,mBERT,2,1833,test,1
BERT,mBERT,2,1834,test,0
BERT,mBERT,2,1838,val,0
BERT,mBERT,2,1841,val,0
BERT,mBERT,2,1843,test,1
BERT,mBERT,2,1851,test,1
BERT,mBERT,2,1852,val,0
BERT,mBERT,2,1853,test,1
BERT,mBERT,2,1857,val,1
BERT,mBERT,2,1858,val,0
BERT,mBERT,2,1859,test,2
BERT,mBERT,2,1860,val,0
BERT,mBERT,2,1862,val,1
BERT,mBERT,2,1863,val,0
BERT,mBERT,2,1864,val,0
BERT,mBERT,2,1866,test,1
BERT,mBERT,2,1868,val,1
BERT,mBERT,2,1870,test,0
BERT,mBERT,2,1871,val,1
BERT,mBERT,2,1874,test,0
BERT,mBERT,2,1877,test,0
BERT,mBERT,2,1878,test,1
BERT,mBERT,2,1879,test,0
BERT,mBERT,2,1881,val,1
BERT,mBERT,2,1882,test,1
BERT,mBERT,2,1883,val,0
BERT,mBERT,2,1884,val,1
BERT,mBERT,2,1885,test,2
BERT,mBERT,2,1886,val,1
BERT,mBERT,2,1888,test,1
BERT,mBERT,2,1890,val,1
BERT,mBERT,2,1891,test,1
BERT,mBERT,2,1892,test,1
BERT,mBERT,2,1898,test,0
BERT,mBERT,2,1899,test,0
BERT,mBERT,2,1901,val,1
BERT,mBERT,2,1902,val,0
BERT,mBERT,2,1903,test,2
BERT,mBERT,2,1904,test,1
BERT,mBERT,2,1905,test,2
BERT,mBERT,2,1908,test,0
BERT,mBERT,2,1912,val,1
BERT,mBERT,2,1913,test,0
BERT,mBERT,2,1915,test,1
BERT,mBERT,2,1916,val,1
BERT,mBERT,2,1917,test,0
BERT,mBERT,2,1918,test,0
BERT,mBERT,2,1921,val,1
BERT,mBERT,2,1923,test,1
BERT,mBERT,2,1925,test,1
BERT,mBERT,2,1927,test,0
BERT,mBERT,2,1929,val,0
BERT,mBERT,2,1931,test,0
BERT,mBERT,2,1932,test,0
BERT,mBERT,2,1933,test,1
BERT,mBERT,2,1934,val,0
BERT,mBERT,2,1935,val,0
BERT,mBERT,2,1938,test,0
BERT,mBERT,2,1942,test,0
BERT,mBERT,2,1944,val,0
BERT,mBERT,2,1947,test,1
BERT,mBERT,2,1948,test,1
BERT,mBERT,2,1950,val,1
BERT,mBERT,2,1951,test,0
BERT,mBERT,2,1952,val,1
BERT,mBERT,2,1953,test,1
BERT,mBERT,2,1954,val,1
BERT,mBERT,2,1955,val,1
BERT,mBERT,2,1956,test,1
BERT,mBERT,2,1958,test,0
BERT,mBERT,2,1965,test,1
BERT,mBERT,2,1966,val,0
BERT,mBERT,2,1969,test,0
BERT,mBERT,2,1970,test,1
BERT,mBERT,2,1972,test,0
BERT,mBERT,2,1973,test,1
BERT,mBERT,2,1974,val,1
BERT,mBERT,2,1975,test,0
BERT,mBERT,2,1976,val,1
BERT,mBERT,2,1979,val,1
BERT,mBERT,2,1981,val,0
BERT,mBERT,2,1982,test,1
BERT,mBERT,2,1983,val,0
BERT,mBERT,2,1987,test,0
BERT,mBERT,2,1989,val,2
BERT,mBERT,2,1991,val,2
BERT,mBERT,2,1992,val,0
BERT,mBERT,2,1993,val,1
BERT,mBERT,2,1995,test,1
BERT,mBERT,2,1996,test,0
BERT,mBERT,2,1998,test,0
BERT,mBERT,2,2000,test,1
BERT,mBERT,2,2003,val,1
BERT,mBERT,2,2006,test,1
BERT,mBERT,2,2008,test,0
BERT,mBERT,2,2009,test,0
BERT,mBERT,2,2010,val,0
BERT,mBERT,2,2012,val,2
BERT,mBERT,2,2013,val,2
BERT,mBERT,2,2017,test,1
BERT,mBERT,2,2018,val,1
BERT,mBERT,2,2020,val,1
BERT,mBERT,2,2021,val,0
BERT,mBERT,2,2024,test,1
BERT,mBERT,2,2026,test,0
BERT,mBERT,2,2027,test,0
BERT,mBERT,2,2028,test,0
BERT,mBERT,2,2030,test,0
BERT,mBERT,2,2031,val,0
BERT,mBERT,2,2032,test,0
BERT,mBERT,2,2035,test,0
BERT,mBERT,2,2037,test,2
BERT,mBERT,2,2039,test,0
BERT,mBERT,2,2044,val,0
BERT,mBERT,2,2045,val,0
BERT,mBERT,2,2048,val,1
BERT,mBERT,2,2049,test,1
BERT,mBERT,2,2052,test,1
BERT,mBERT,2,2054,val,1
BERT,mBERT,2,2055,test,0
BERT,mBERT,2,2056,val,1
BERT,mBERT,2,2057,val,0
BERT,mBERT,2,2058,test,0
BERT,mBERT,2,2059,test,1
BERT,mBERT,2,2060,test,0
BERT,mBERT,2,2061,val,0
BERT,mBERT,2,2064,test,1
BERT,mBERT,2,2065,test,1
BERT,mBERT,2,2067,val,1
BERT,mBERT,2,2070,val,1
BERT,mBERT,2,2071,val,0
BERT,mBERT,2,2072,val,2
BERT,mBERT,2,2073,test,1
BERT,mBERT,2,2076,test,0
BERT,mBERT,2,2079,test,1
BERT,mBERT,2,2080,test,0
BERT,mBERT,2,2081,test,1
BERT,mBERT,2,2082,test,1
BERT,mBERT,2,2083,test,1
BERT,mBERT,2,2085,val,0
BERT,mBERT,2,2086,test,1
BERT,mBERT,2,2087,test,0
BERT,mBERT,2,2091,val,0
BERT,mBERT,2,2092,val,0
BERT,mBERT,2,2093,val,0
BERT,mBERT,2,2094,val,0
BERT,mBERT,2,2095,test,0
BERT,mBERT,2,2098,test,1
BERT,mBERT,2,2099,test,0
BERT,mBERT,2,2100,val,1
BERT,mBERT,2,2102,val,0
BERT,mBERT,2,2107,val,0
BERT,mBERT,2,2109,test,2
BERT,mBERT,2,2112,val,0
BERT,mBERT,2,2116,test,0
BERT,mBERT,2,2118,test,1
BERT,mBERT,2,2119,val,1
BERT,mBERT,2,2122,test,0
BERT,mBERT,2,2124,test,0
BERT,mBERT,2,2131,test,0
BERT,mBERT,2,2132,test,0
BERT,mBERT,2,2133,val,0
BERT,mBERT,2,2134,val,0
BERT,mBERT,2,2136,test,0
BERT,mBERT,2,2138,test,0
BERT,mBERT,2,2139,test,1
BERT,mBERT,2,2144,test,0
BERT,mBERT,2,2145,test,0
BERT,mBERT,2,2146,val,0
BERT,mBERT,2,2147,val,0
BERT,mBERT,2,2148,test,0
BERT,mBERT,2,2149,test,0
BERT,mBERT,2,2150,test,0
BERT,mBERT,2,2152,val,0
BERT,mBERT,2,2156,test,0
BERT,mBERT,2,2157,test,0
BERT,mBERT,2,2160,val,1
BERT,mBERT,2,2161,val,1
BERT,mBERT,2,2164,val,2
BERT,mBERT,2,2165,test,0
BERT,mBERT,2,2167,test,0
BERT,mBERT,2,2169,test,0
BERT,mBERT,2,2170,test,0
BERT,mBERT,2,2175,test,1
BERT,mBERT,2,2176,test,1
BERT,mBERT,2,2178,val,1
BERT,mBERT,2,2180,val,1
BERT,mBERT,2,2182,val,0
BERT,mBERT,2,2183,test,0
BERT,mBERT,2,2186,test,0
BERT,mBERT,2,2190,test,0
BERT,mBERT,2,2191,val,1
BERT,mBERT,2,2198,val,1
BERT,mBERT,2,2199,val,1
BERT,mBERT,2,2201,test,1
BERT,mBERT,2,2202,val,0
BERT,mBERT,2,2203,val,1
BERT,mBERT,2,2204,test,0
BERT,mBERT,2,2207,test,1
BERT,mBERT,2,2208,val,0
BERT,mBERT,2,2210,test,2
BERT,mBERT,2,2211,test,0
BERT,mBERT,2,2212,val,1
BERT,mBERT,2,2217,test,1
BERT,mBERT,2,2218,val,1
BERT,mBERT,2,2220,test,0
BERT,mBERT,2,2223,test,0
BERT,mBERT,2,2224,test,1
BERT,mBERT,2,2225,test,0
BERT,mBERT,2,2228,test,1
BERT,mBERT,2,2231,val,1
BERT,mBERT,2,2232,val,2
BERT,mBERT,2,2235,test,1
BERT,mBERT,2,2236,val,1
BERT,mBERT,2,2237,test,1
BERT,mBERT,2,2238,test,0
BERT,mBERT,2,2244,test,0
BERT,mBERT,2,2245,test,1
BERT,mBERT,2,2246,val,1
BERT,mBERT,2,2249,val,1
BERT,mBERT,2,2251,val,0
BERT,mBERT,2,2253,val,0
BERT,mBERT,2,2255,val,0
BERT,mBERT,2,2256,test,0
BERT,mBERT,2,2258,test,1
BERT,mBERT,2,2261,test,1
BERT,mBERT,2,2262,test,0
BERT,mBERT,2,2266,val,0
BERT,mBERT,2,2274,test,2
BERT,mBERT,2,2276,val,0
BERT,mBERT,2,2277,val,2
BERT,mBERT,2,2278,test,0
BERT,mBERT,2,2283,test,1
BERT,mBERT,2,2285,val,0
BERT,mBERT,2,2286,val,2
BERT,mBERT,2,2287,test,0
BERT,mBERT,2,2289,test,1
BERT,mBERT,2,2292,test,1
BERT,mBERT,2,2293,val,0
BERT,mBERT,2,2297,val,1
BERT,mBERT,2,2298,val,1
BERT,mBERT,2,2300,test,1
BERT,mBERT,2,2301,val,0
BERT,mBERT,2,2303,test,0
BERT,mBERT,2,2304,val,1
BERT,mBERT,2,2306,val,1
BERT,mBERT,2,2309,test,0
BERT,mBERT,2,2310,val,0
BERT,mBERT,2,2313,test,1
BERT,mBERT,2,2314,val,0
BERT,mBERT,2,2315,test,0
BERT,mBERT,2,2316,val,1
BERT,mBERT,2,2317,test,0
BERT,mBERT,2,2319,test,1
BERT,mBERT,2,2320,val,1
BERT,mBERT,2,2323,val,1
BERT,mBERT,2,2326,val,1
BERT,mBERT,2,2328,val,1
BERT,mBERT,2,2329,val,0
BERT,mBERT,2,2331,test,0
BERT,mBERT,2,2333,test,1
BERT,mBERT,2,2337,test,0
BERT,mBERT,2,2342,val,1
BERT,mBERT,2,2343,val,1
BERT,mBERT,2,2345,val,1
BERT,mBERT,2,2346,val,0
BERT,mBERT,2,2347,test,1
BERT,mBERT,2,2348,test,1
BERT,mBERT,2,2349,val,1
BERT,mBERT,2,2350,test,1
BERT,mBERT,2,2352,val,2
BERT,mBERT,2,2353,test,0
BERT,mBERT,2,2355,test,1
BERT,mBERT,2,2357,test,1
BERT,mBERT,2,2358,test,0
BERT,mBERT,2,2359,val,2
BERT,mBERT,2,2361,test,1
BERT,mBERT,2,2364,val,1
BERT,mBERT,2,2368,val,0
BERT,mBERT,2,2369,val,1
BERT,mBERT,2,2371,val,0
BERT,mBERT,2,2372,val,0
BERT,mBERT,2,2375,val,0
BERT,mBERT,2,2377,test,0
BERT,mBERT,2,2380,test,0
BERT,mBERT,2,2381,test,1
BERT,mBERT,2,2383,test,1
BERT,mBERT,2,2384,test,1
BERT,mBERT,2,2386,test,1
BERT,mBERT,2,2387,val,0
BERT,mBERT,2,2388,test,1
BERT,mBERT,2,2392,test,1
BERT,mBERT,2,2397,val,0
BERT,mBERT,2,2398,test,0
BERT,mBERT,2,2400,test,1
BERT,mBERT,2,2401,val,0
BERT,mBERT,2,2403,val,0
BERT,mBERT,2,2406,test,0
BERT,mBERT,2,2407,test,1
BERT,mBERT,2,2408,test,1
BERT,mBERT,2,2409,test,1
BERT,mBERT,2,2410,val,1
BERT,mBERT,2,2412,val,1
BERT,mBERT,2,2413,val,1
BERT,mBERT,2,2415,test,0
BERT,mBERT,2,2417,test,0
BERT,mBERT,2,2421,test,1
BERT,mBERT,2,2422,test,1
BERT,mBERT,2,2426,val,0
BERT,mBERT,2,2427,val,0
BERT,mBERT,2,2428,test,1
BERT,mBERT,2,2429,test,0
BERT,mBERT,2,2432,test,0
BERT,mBERT,2,2436,test,0
BERT,mBERT,2,2438,val,0
BERT,mBERT,2,2439,test,1
BERT,mBERT,2,2440,test,1
BERT,mBERT,2,2445,val,0
BERT,mBERT,2,2447,test,1
BERT,mBERT,2,2448,test,1
BERT,mBERT,2,2451,val,1
BERT,mBERT,2,2452,test,0
BERT,mBERT,2,2453,val,0
BERT,mBERT,2,2454,test,1
BERT,mBERT,2,2455,val,2
BERT,mBERT,2,2456,test,1
BERT,mBERT,2,2457,test,1
BERT,mBERT,2,2458,val,2
BERT,mBERT,2,2459,val,2
BERT,mBERT,2,2461,val,1
BERT,mBERT,2,2462,test,1
BERT,mBERT,2,2464,test,1
BERT,mBERT,2,2467,test,0
BERT,mBERT,2,2472,val,0
BERT,mBERT,2,2473,test,0
BERT,mBERT,2,2476,test,0
BERT,mBERT,2,2478,val,0
BERT,mBERT,2,2479,val,1
BERT,mBERT,2,2481,val,1
BERT,mBERT,2,2483,test,0
BERT,mBERT,2,2485,val,1
BERT,mBERT,2,2487,val,0
BERT,mBERT,2,2489,test,0
BERT,mBERT,2,2490,test,0
BERT,mBERT,2,2491,val,0
BERT,mBERT,2,2492,test,0
BERT,mBERT,2,2493,val,1
BERT,mBERT,2,2496,test,1
BERT,mBERT,2,2497,test,0
BERT,mBERT,2,2499,val,2
BERT,mBERT,2,2501,val,0
BERT,mBERT,2,2504,val,0
BERT,mBERT,2,2507,val,1
BERT,mBERT,2,2510,test,0
BERT,mBERT,2,2511,test,1
BERT,mBERT,2,2517,test,0
BERT,mBERT,2,2518,val,2
BERT,mBERT,2,2519,test,0
BERT,mBERT,2,2520,val,2
BERT,mBERT,2,2521,test,0
BERT,mBERT,2,2522,test,0
BERT,mBERT,2,2525,test,0
BERT,mBERT,2,2527,test,1
BERT,mBERT,2,2528,test,0
BERT,mBERT,2,2529,val,1
BERT,mBERT,2,2533,test,2
BERT,mBERT,2,2535,test,0
BERT,mBERT,2,2536,test,2
BERT,mBERT,2,2537,test,1
BERT,mBERT,2,2538,test,2
BERT,mBERT,2,2541,val,0
BERT,mBERT,2,2542,test,0
BERT,mBERT,2,2546,test,0
BERT,mBERT,2,2547,test,0
BERT,mBERT,2,2549,val,0
BERT,mBERT,2,2551,test,2
BERT,mBERT,2,2554,val,0
BERT,mBERT,2,2556,test,0
BERT,mBERT,2,2557,test,2
BERT,mBERT,2,2558,test,0
BERT,mBERT,2,2562,test,2
BERT,mBERT,2,2564,val,0
BERT,mBERT,2,2567,test,0
BERT,mBERT,2,2569,test,0
BERT,mBERT,2,2570,val,1
BERT,mBERT,2,2571,val,0
BERT,mBERT,2,2574,test,2
BERT,mBERT,2,2576,test,0
BERT,mBERT,2,2577,val,0
BERT,mBERT,2,2580,test,2
BERT,mBERT,2,2584,test,2
BERT,mBERT,2,2585,val,0
BERT,mBERT,2,2586,val,1
BERT,mBERT,2,2587,val,0
BERT,mBERT,2,2590,val,2
BERT,mBERT,2,2593,test,0
BERT,mBERT,2,2594,val,0
BERT,mBERT,2,2595,test,0
BERT,mBERT,2,2596,val,0
BERT,mBERT,2,2598,val,1
BERT,mBERT,2,2602,test,0
BERT,mBERT,2,2603,val,0
BERT,mBERT,2,2605,test,2
BERT,mBERT,2,2608,test,0
BERT,mBERT,2,2609,test,0
BERT,mBERT,2,2611,val,2
BERT,mBERT,2,2613,val,1
BERT,mBERT,2,2617,test,0
BERT,mBERT,2,2621,test,0
BERT,mBERT,2,2625,val,2
BERT,mBERT,2,2627,test,0
BERT,mBERT,2,2628,test,2
BERT,mBERT,2,2629,val,0
BERT,mBERT,2,2633,val,2
BERT,mBERT,2,2635,val,1
BERT,mBERT,2,2636,val,0
BERT,mBERT,2,2637,val,0
BERT,mBERT,2,2638,test,0
BERT,mBERT,2,2640,val,0
BERT,mBERT,2,2641,test,0
BERT,mBERT,2,2644,test,0
BERT,mBERT,2,2645,val,0
BERT,mBERT,2,2648,val,0
BERT,mBERT,2,2649,val,2
BERT,mBERT,2,2650,test,0
BERT,mBERT,2,2652,test,0
BERT,mBERT,2,2653,test,2
BERT,mBERT,2,2660,test,0
BERT,mBERT,2,2661,test,0
BERT,mBERT,2,2662,test,2
BERT,mBERT,2,2663,test,0
BERT,mBERT,2,2667,test,0
BERT,mBERT,2,2669,test,0
BERT,mBERT,2,2670,test,0
BERT,mBERT,2,2671,test,0
BERT,mBERT,2,2673,test,0
BERT,mBERT,2,2675,test,2
BERT,mBERT,2,2676,test,2
BERT,mBERT,2,2677,test,0
BERT,mBERT,2,2678,test,2
BERT,mBERT,2,2679,test,0
BERT,mBERT,2,2681,test,2
BERT,mBERT,2,2685,val,0
BERT,mBERT,2,2687,test,2
BERT,mBERT,2,2688,test,2
BERT,mBERT,2,2689,val,0
BERT,mBERT,2,2690,val,0
BERT,mBERT,2,2692,test,2
BERT,mBERT,2,2695,val,2
BERT,mBERT,2,2697,test,0
BERT,mBERT,2,2698,test,2
BERT,mBERT,2,2700,test,2
BERT,mBERT,2,2704,test,2
BERT,mBERT,2,2706,test,0
BERT,mBERT,2,2711,val,2
BERT,mBERT,2,2712,test,2
BERT,mBERT,2,2714,test,2
BERT,mBERT,2,2719,test,2
BERT,mBERT,2,2723,val,0
BERT,mBERT,2,2724,test,0
BERT,mBERT,2,2727,val,0
BERT,mBERT,2,2732,test,2
BERT,mBERT,2,2734,test,2
BERT,mBERT,2,2736,test,0
BERT,mBERT,2,2737,test,0
BERT,mBERT,2,2742,test,0
BERT,mBERT,2,2745,test,2
BERT,mBERT,2,2748,test,0
BERT,mBERT,2,2750,test,0
BERT,mBERT,2,2753,test,0
BERT,mBERT,2,2754,val,2
BERT,mBERT,2,2755,test,2
BERT,mBERT,2,2756,val,0
BERT,mBERT,2,2759,test,0
BERT,mBERT,2,2761,val,2
BERT,mBERT,2,2764,test,0
BERT,mBERT,2,2766,test,0
BERT,mBERT,2,2769,test,2
BERT,mBERT,2,2770,test,2
BERT,mBERT,2,2771,val,2
BERT,mBERT,2,2773,val,2
BERT,mBERT,2,2774,test,2
BERT,mBERT,2,2778,test,2
BERT,mBERT,2,2780,val,1
BERT,mBERT,2,2781,test,0
BERT,mBERT,2,2786,test,0
BERT,mBERT,2,2790,test,0
BERT,mBERT,2,2794,val,2
BERT,mBERT,2,2797,test,2
BERT,mBERT,2,2801,test,0
BERT,mBERT,2,2807,val,2
BERT,mBERT,2,2809,test,2
BERT,mBERT,2,2810,test,2
BERT,mBERT,2,2811,val,0
BERT,mBERT,2,2813,test,2
BERT,mBERT,2,2819,val,0
BERT,mBERT,2,2821,test,2
BERT,mBERT,2,2822,test,2
BERT,mBERT,2,2824,val,0
BERT,mBERT,2,2826,val,0
BERT,mBERT,2,2827,test,0
BERT,mBERT,2,2830,val,2
BERT,mBERT,2,2831,test,2
BERT,mBERT,2,2832,val,0
BERT,mBERT,2,2834,test,0
BERT,mBERT,2,2835,test,2
BERT,mBERT,2,2839,val,1
BERT,mBERT,2,2843,test,0
BERT,mBERT,2,2844,test,2
BERT,mBERT,2,2845,test,0
BERT,mBERT,2,2846,test,2
BERT,mBERT,2,2848,val,0
BERT,mBERT,2,2849,test,0
BERT,mBERT,2,2851,val,0
BERT,mBERT,2,2856,val,0
BERT,mBERT,2,2862,val,0
BERT,mBERT,2,2863,val,2
BERT,mBERT,2,2865,test,0
BERT,mBERT,2,2868,test,0
BERT,mBERT,2,2870,test,2
BERT,mBERT,2,2871,test,2
BERT,mBERT,2,2875,test,0
BERT,mBERT,2,2877,val,0
BERT,mBERT,2,2883,test,0
BERT,mBERT,2,2884,test,2
BERT,mBERT,2,2885,val,0
BERT,mBERT,2,2886,test,0
BERT,mBERT,2,2888,test,2
BERT,mBERT,2,2890,val,0
BERT,mBERT,2,2892,test,0
BERT,mBERT,2,2894,val,0
BERT,mBERT,2,2896,test,0
BERT,mBERT,2,2898,test,2
BERT,mBERT,2,2900,test,0
BERT,mBERT,2,2901,test,0
BERT,mBERT,2,2903,val,0
BERT,mBERT,2,2905,val,2
BERT,mBERT,2,2906,val,0
BERT,mBERT,2,2907,test,2
BERT,mBERT,2,2910,test,2
BERT,mBERT,2,2912,test,0
BERT,mBERT,2,2913,val,0
BERT,mBERT,2,2914,test,2
BERT,mBERT,2,2916,val,0
BERT,mBERT,2,2918,test,0
BERT,mBERT,2,2921,val,2
BERT,mBERT,2,2922,test,1
BERT,mBERT,2,2927,test,2
BERT,mBERT,2,2928,val,0
BERT,mBERT,2,2929,test,0
BERT,mBERT,2,2930,test,0
BERT,mBERT,2,2932,val,1
BERT,mBERT,2,2933,val,2
BERT,mBERT,2,2934,test,2
BERT,mBERT,2,2936,test,2
BERT,mBERT,2,2937,test,0
BERT,mBERT,2,2938,test,0
BERT,mBERT,2,2939,test,0
BERT,mBERT,2,2943,test,0
BERT,mBERT,2,2946,test,0
BERT,mBERT,2,2947,test,2
BERT,mBERT,2,2949,val,0
BERT,mBERT,2,2951,val,0
BERT,mBERT,2,2955,test,0
BERT,mBERT,2,2956,val,2
BERT,mBERT,2,2960,test,0
BERT,mBERT,2,2964,test,2
BERT,mBERT,2,2965,test,1
BERT,mBERT,2,2967,test,0
BERT,mBERT,2,2968,test,2
BERT,mBERT,2,2971,val,2
BERT,mBERT,2,2973,val,2
BERT,mBERT,2,2974,val,0
BERT,mBERT,2,2977,test,1
BERT,mBERT,2,2979,val,2
BERT,mBERT,2,2980,val,2
BERT,mBERT,2,2982,test,2
BERT,mBERT,2,2983,val,0
BERT,mBERT,2,2984,test,1
BERT,mBERT,2,2985,test,1
BERT,mBERT,2,2987,test,0
BERT,mBERT,2,2990,test,1
BERT,mBERT,2,2991,val,0
BERT,mBERT,2,2992,test,0
BERT,mBERT,2,2994,val,0
BERT,mBERT,2,2995,val,1
BERT,mBERT,2,2997,val,2
BERT,mBERT,2,2998,val,2
BERT,mBERT,2,3002,val,0
BERT,mBERT,2,3005,test,0
BERT,mBERT,2,3007,val,0
BERT,mBERT,2,3010,test,0
BERT,mBERT,2,3011,test,0
BERT,mBERT,2,3012,test,1
BERT,mBERT,2,3013,val,1
BERT,mBERT,2,3015,val,0
BERT,mBERT,2,3018,test,0
BERT,mBERT,2,3019,val,1
BERT,mBERT,2,3021,test,2
BERT,mBERT,2,3023,test,0
BERT,mBERT,2,3024,test,0
BERT,mBERT,2,3025,val,0
BERT,mBERT,2,3026,test,0
BERT,mBERT,2,3029,test,0
BERT,mBERT,2,3030,test,0
BERT,mBERT,2,3031,val,1
BERT,mBERT,2,3032,val,2
BERT,mBERT,2,3034,test,0
BERT,mBERT,2,3038,val,2
BERT,mBERT,2,3039,val,2
BERT,mBERT,2,3040,val,0
BERT,mBERT,2,3041,test,0
BERT,mBERT,2,3043,val,0
BERT,mBERT,2,3044,test,0
BERT,mBERT,2,3046,test,0
BERT,mBERT,2,3047,val,2
BERT,mBERT,2,3050,val,0
BERT,mBERT,2,3052,test,0
BERT,mBERT,2,3053,val,0
BERT,mBERT,2,3055,test,0
BERT,mBERT,2,3056,val,0
BERT,mBERT,2,3057,test,2
BERT,mBERT,2,3058,val,2
BERT,mBERT,2,3059,test,0
BERT,mBERT,2,3063,test,2
BERT,mBERT,2,3065,test,0
BERT,mBERT,2,3068,val,0
BERT,mBERT,2,3069,test,2
BERT,mBERT,2,3070,val,1
BERT,mBERT,2,3071,test,2
BERT,mBERT,2,3075,val,2
BERT,mBERT,2,3076,test,0
BERT,mBERT,2,3081,test,2
BERT,mBERT,2,3082,test,2
BERT,mBERT,2,3083,test,0
BERT,mBERT,2,3084,test,0
BERT,mBERT,2,3085,val,2
BERT,mBERT,2,3088,test,2
BERT,mBERT,2,3089,test,0
BERT,mBERT,2,3094,test,0
BERT,mBERT,2,3095,val,0
BERT,mBERT,2,3097,test,0
BERT,mBERT,2,3100,test,1
BERT,mBERT,2,3102,test,0
BERT,mBERT,2,3103,test,0
BERT,mBERT,2,3107,test,2
BERT,mBERT,2,3109,val,0
BERT,mBERT,2,3110,val,2
BERT,mBERT,2,3112,val,1
BERT,mBERT,2,3114,test,0
BERT,mBERT,2,3115,val,0
BERT,mBERT,2,3116,val,2
BERT,mBERT,2,3123,test,1
BERT,mBERT,2,3124,test,0
BERT,mBERT,2,3125,val,0
BERT,mBERT,2,3127,test,0
BERT,mBERT,2,3128,test,0
BERT,mBERT,2,3129,test,1
BERT,mBERT,2,3131,test,2
BERT,mBERT,2,3136,test,1
BERT,mBERT,2,3137,test,2
BERT,mBERT,2,3138,test,2
BERT,mBERT,2,3140,test,2
BERT,mBERT,2,3148,val,0
BERT,mBERT,2,3150,test,0
BERT,mBERT,2,3151,test,1
BERT,mBERT,2,3153,test,0
BERT,mBERT,2,3154,val,0
BERT,mBERT,2,3158,test,1
BERT,mBERT,2,3159,val,0
BERT,mBERT,2,3160,val,1
BERT,mBERT,2,3164,val,0
BERT,mBERT,2,3167,test,1
BERT,mBERT,2,3169,test,1
BERT,mBERT,2,3170,test,0
BERT,mBERT,2,3178,val,1
BERT,mBERT,2,3180,test,0
BERT,mBERT,2,3181,val,0
BERT,mBERT,2,3182,test,1
BERT,mBERT,2,3183,val,2
BERT,mBERT,2,3184,val,1
BERT,mBERT,2,3185,test,1
BERT,mBERT,2,3186,val,2
BERT,mBERT,2,3190,test,0
BERT,mBERT,2,3191,test,0
BERT,mBERT,2,3193,val,0
BERT,mBERT,2,3195,val,0
BERT,mBERT,2,3196,test,0
BERT,mBERT,2,3197,test,0
BERT,mBERT,2,3200,test,2
BERT,mBERT,2,3204,test,2
BERT,mBERT,2,3206,test,0
BERT,mBERT,2,3209,val,1
BERT,mBERT,2,3211,test,1
BERT,mBERT,2,3215,test,1
BERT,mBERT,2,3218,val,0
BERT,mBERT,2,3220,test,1
BERT,mBERT,2,3221,val,2
BERT,mBERT,2,3222,test,0
BERT,mBERT,2,3225,test,1
BERT,mBERT,2,3226,test,1
BERT,mBERT,2,3227,val,1
BERT,mBERT,2,3231,test,2
BERT,mBERT,2,3233,val,0
BERT,mBERT,2,3234,test,1
BERT,mBERT,2,3235,test,1
BERT,mBERT,2,3236,test,2
BERT,mBERT,2,3237,test,0
BERT,mBERT,2,3238,val,0
BERT,mBERT,2,3242,test,1
BERT,mBERT,2,3244,val,1
BERT,mBERT,2,3247,test,0
BERT,mBERT,2,3248,test,0
BERT,mBERT,2,3250,test,1
BERT,mBERT,2,3253,val,1
BERT,mBERT,2,3255,val,0
BERT,mBERT,2,3256,val,1
BERT,mBERT,2,3258,test,1
BERT,mBERT,2,3260,test,0
BERT,mBERT,2,3261,test,2
BERT,mBERT,2,3266,val,2
BERT,mBERT,2,3269,test,0
BERT,mBERT,2,3270,test,0
BERT,mBERT,2,3274,test,0
BERT,mBERT,2,3276,val,0
BERT,mBERT,2,3277,test,0
BERT,mBERT,2,3278,test,0
BERT,mBERT,2,3279,test,2
BERT,mBERT,2,3280,test,2
BERT,mBERT,2,3282,test,0
BERT,mBERT,2,3285,val,0
BERT,mBERT,2,3287,test,0
BERT,mBERT,2,3289,val,0
BERT,mBERT,2,3291,test,2
BERT,mBERT,2,3292,val,0
BERT,mBERT,2,3293,test,0
BERT,mBERT,2,3296,val,2
BERT,mBERT,2,3299,val,2
BERT,mBERT,2,3301,test,2
BERT,mBERT,2,3303,test,0
BERT,mBERT,2,3305,test,2
BERT,mBERT,2,3307,test,2
BERT,mBERT,2,3309,val,0
BERT,mBERT,2,3312,val,2
BERT,mBERT,2,3313,test,2
BERT,mBERT,2,3314,val,0
BERT,mBERT,2,3316,test,0
BERT,mBERT,2,3318,test,1
BERT,mBERT,2,3321,test,2
BERT,mBERT,2,3323,val,0
BERT,mBERT,2,3324,test,1
BERT,mBERT,2,3326,test,2
BERT,mBERT,2,3328,test,2
BERT,mBERT,2,3332,val,0
BERT,mBERT,2,3335,val,0
BERT,mBERT,2,3339,test,1
BERT,mBERT,2,3340,val,0
BERT,mBERT,2,3343,test,0
BERT,mBERT,2,3345,val,1
BERT,mBERT,2,3346,test,0
BERT,mBERT,2,3347,test,0
BERT,mBERT,2,3348,val,2
BERT,mBERT,2,3353,val,0
BERT,mBERT,2,3355,val,0
BERT,mBERT,2,3356,test,1
BERT,mBERT,2,3357,val,0
BERT,mBERT,2,3358,test,1
BERT,mBERT,2,3359,test,0
BERT,mBERT,2,3361,val,0
BERT,mBERT,2,3362,test,2
BERT,mBERT,2,3367,val,0
BERT,mBERT,2,3370,val,2
BERT,mBERT,2,3372,val,2
BERT,mBERT,2,3373,test,1
BERT,mBERT,2,3374,val,2
BERT,mBERT,2,3376,test,2
BERT,mBERT,2,3384,test,1
BERT,mBERT,2,3385,val,0
BERT,mBERT,2,3386,val,0
BERT,mBERT,2,3394,val,0
BERT,mBERT,2,3396,test,0
BERT,mBERT,2,3402,test,0
BERT,mBERT,2,3403,test,0
BERT,mBERT,2,3404,val,1
BERT,mBERT,2,3406,val,2
BERT,mBERT,2,3408,test,0
BERT,mBERT,2,3410,test,0
BERT,mBERT,2,3412,val,0
BERT,mBERT,2,3419,test,2
BERT,mBERT,2,3420,test,1
BERT,mBERT,2,3425,test,2
BERT,mBERT,2,3429,test,0
BERT,mBERT,2,3431,test,2
BERT,mBERT,2,3432,val,2
BERT,mBERT,2,3433,test,0
BERT,mBERT,2,3434,test,0
BERT,mBERT,2,3436,val,1
BERT,mBERT,2,3438,val,0
BERT,mBERT,2,3439,test,0
BERT,mBERT,2,3440,val,0
BERT,mBERT,2,3441,val,0
BERT,mBERT,2,3444,test,0
BERT,mBERT,2,3447,test,2
BERT,mBERT,2,3450,test,2
BERT,mBERT,2,3452,test,0
BERT,mBERT,2,3455,val,0
BERT,mBERT,2,3456,test,0
BERT,mBERT,2,3457,test,2
BERT,mBERT,2,3458,test,0
BERT,mBERT,2,3459,test,0
BERT,mBERT,2,3460,test,2
BERT,mBERT,2,3464,test,0
BERT,mBERT,2,3469,test,1
BERT,mBERT,2,3470,test,0
BERT,mBERT,2,3472,val,0
BERT,mBERT,2,3473,test,0
BERT,mBERT,2,3475,val,0
BERT,mBERT,2,3479,val,0
BERT,mBERT,2,3482,val,1
BERT,mBERT,2,3483,val,0
BERT,mBERT,2,3486,val,0
BERT,mBERT,2,3491,val,0
BERT,mBERT,2,3492,test,2
BERT,mBERT,2,3495,test,2
BERT,mBERT,2,3496,val,0
BERT,mBERT,2,3497,test,0
BERT,mBERT,2,3498,test,1
BERT,mBERT,2,3499,test,2
BERT,mBERT,2,3500,val,0
BERT,mBERT,2,3501,val,2
BERT,mBERT,2,3502,test,0
BERT,mBERT,2,3507,test,2
BERT,mBERT,2,3508,val,0
BERT,mBERT,2,3510,val,0
BERT,mBERT,2,3511,val,0
BERT,mBERT,2,3512,test,0
BERT,mBERT,2,3514,val,1
BERT,mBERT,2,3515,test,1
BERT,mBERT,2,3517,val,1
BERT,mBERT,2,3519,val,1
BERT,mBERT,2,3520,val,0
BERT,mBERT,2,3521,test,1
BERT,mBERT,2,3523,val,0
BERT,mBERT,2,3526,val,0
BERT,mBERT,2,3527,test,0
BERT,mBERT,2,3528,test,1
BERT,mBERT,2,3530,test,0
BERT,mBERT,2,3532,test,1
BERT,mBERT,2,3533,val,1
BERT,mBERT,2,3534,val,2
BERT,mBERT,2,3536,test,0
BERT,mBERT,2,3540,test,0
BERT,mBERT,2,3544,test,2
BERT,mBERT,2,3548,val,1
BERT,mBERT,2,3550,test,1
BERT,mBERT,2,3552,test,1
BERT,mBERT,2,3553,test,0
BERT,mBERT,2,3555,test,1
BERT,mBERT,2,3556,test,1
BERT,mBERT,2,3557,val,1
BERT,mBERT,2,3558,test,1
BERT,mBERT,2,3560,test,1
BERT,mBERT,2,3561,val,1
BERT,mBERT,2,3562,test,0
BERT,mBERT,2,3565,val,0
BERT,mBERT,2,3567,val,0
BERT,mBERT,2,3568,test,0
BERT,mBERT,2,3570,val,0
BERT,mBERT,2,3572,test,0
BERT,mBERT,2,3573,test,1
BERT,mBERT,2,3575,test,1
BERT,mBERT,2,3577,test,0
BERT,mBERT,2,3580,test,2
BERT,mBERT,2,3582,test,0
BERT,mBERT,2,3583,test,0
BERT,mBERT,2,3588,test,0
BERT,mBERT,2,3589,test,0
BERT,mBERT,2,3591,val,0
BERT,mBERT,2,3593,test,1
BERT,mBERT,2,3594,val,0
BERT,mBERT,2,3595,test,1
BERT,mBERT,2,3601,val,0
BERT,mBERT,2,3602,test,0
BERT,mBERT,2,3603,test,1
BERT,mBERT,2,3606,val,0
BERT,mBERT,2,3607,test,0
BERT,mBERT,2,3608,test,1
BERT,mBERT,2,3610,val,0
BERT,mBERT,2,3611,val,2
BERT,mBERT,2,3613,test,1
BERT,mBERT,2,3615,test,0
BERT,mBERT,2,3616,test,1
BERT,mBERT,2,3617,test,0
BERT,mBERT,2,3618,val,0
BERT,mBERT,2,3619,val,2
BERT,mBERT,2,3621,test,0
BERT,mBERT,2,3622,val,2
BERT,mBERT,2,3624,val,1
BERT,mBERT,2,3625,val,0
BERT,mBERT,2,3627,val,0
BERT,mBERT,2,3629,test,0
BERT,mBERT,2,3630,val,2
BERT,mBERT,2,3632,val,0
BERT,mBERT,2,3633,test,2
BERT,mBERT,2,3635,test,0
BERT,mBERT,2,3636,val,1
BERT,mBERT,2,3637,val,1
BERT,mBERT,2,3639,test,1
BERT,mBERT,2,3640,test,0
BERT,mBERT,2,3642,test,2
BERT,mBERT,2,3644,test,0
BERT,mBERT,2,3645,val,0
BERT,mBERT,2,3646,test,2
BERT,mBERT,2,3647,val,2
BERT,mBERT,2,3648,test,0
BERT,mBERT,2,3649,val,0
BERT,mBERT,2,3650,val,0
BERT,mBERT,2,3651,test,0
BERT,mBERT,2,3652,val,0
BERT,mBERT,2,3656,val,2
BERT,mBERT,2,3663,val,2
BERT,mBERT,2,3665,test,0
BERT,mBERT,2,3666,test,0
BERT,mBERT,2,3669,val,2
BERT,mBERT,2,3670,test,0
BERT,mBERT,2,3671,test,2
BERT,mBERT,2,3672,test,2
BERT,mBERT,2,3673,test,0
BERT,mBERT,2,3674,test,0
BERT,mBERT,2,3676,test,2
BERT,mBERT,2,3677,test,0
BERT,mBERT,2,3680,val,2
BERT,mBERT,2,3683,val,0
BERT,mBERT,2,3684,test,2
BERT,mBERT,2,3685,val,2
BERT,mBERT,2,3686,test,0
BERT,mBERT,2,3687,test,2
BERT,mBERT,2,3689,test,0
BERT,mBERT,2,3690,val,0
BERT,mBERT,2,3692,test,2
BERT,mBERT,2,3693,test,0
BERT,mBERT,2,3695,test,0
BERT,mBERT,2,3696,val,2
BERT,mBERT,2,3697,test,0
BERT,mBERT,2,3698,test,1
BERT,mBERT,2,3699,val,0
BERT,mBERT,2,3702,test,0
BERT,mBERT,2,3703,test,2
BERT,mBERT,2,3705,test,0
BERT,mBERT,2,3707,val,0
BERT,mBERT,2,3710,test,0
BERT,mBERT,2,3712,val,0
BERT,mBERT,2,3714,val,0
BERT,mBERT,2,3716,test,2
BERT,mBERT,2,3718,val,0
BERT,mBERT,2,3720,test,0
BERT,mBERT,2,3725,val,0
BERT,mBERT,2,3726,val,0
BERT,mBERT,2,3730,val,0
BERT,mBERT,2,3732,test,2
BERT,mBERT,2,3733,test,0
BERT,mBERT,2,3734,test,1
BERT,mBERT,2,3739,val,0
BERT,mBERT,2,3741,test,0
BERT,mBERT,2,3742,val,0
BERT,mBERT,2,3743,test,0
BERT,mBERT,2,3744,test,0
BERT,mBERT,2,3745,val,1
BERT,mBERT,2,3746,val,0
BERT,mBERT,2,3747,val,0
BERT,mBERT,2,3749,val,1
BERT,mBERT,2,3751,val,1
BERT,mBERT,2,3752,test,0
BERT,mBERT,2,3754,test,0
BERT,mBERT,2,3755,val,0
BERT,mBERT,2,3756,test,0
BERT,mBERT,2,3757,test,2
BERT,mBERT,2,3759,test,1
BERT,mBERT,2,3761,val,0
BERT,mBERT,2,3763,test,0
BERT,mBERT,2,3764,val,0
BERT,mBERT,2,3765,val,2
BERT,mBERT,2,3767,test,0
BERT,mBERT,2,3768,val,0
BERT,mBERT,2,3770,test,0
BERT,mBERT,2,3772,test,0
BERT,mBERT,2,3773,test,1
BERT,mBERT,2,3775,val,2
BERT,mBERT,2,3776,val,2
BERT,mBERT,2,3777,val,0
BERT,mBERT,2,3779,test,0
BERT,mBERT,2,3780,test,0
BERT,mBERT,2,3781,test,2
BERT,mBERT,2,3782,test,2
BERT,mBERT,2,3783,test,0
BERT,mBERT,2,3784,test,0
BERT,mBERT,2,3785,test,2
BERT,mBERT,2,3786,val,1
BERT,mBERT,2,3789,val,2
BERT,mBERT,2,3790,val,0
BERT,mBERT,2,3795,test,0
BERT,mBERT,2,3797,val,1
BERT,mBERT,2,3799,val,0
BERT,mBERT,2,3801,val,0
BERT,mBERT,2,3802,test,2
BERT,mBERT,2,3803,test,0
BERT,mBERT,2,3805,val,2
BERT,mBERT,2,3806,test,0
BERT,mBERT,2,3809,val,2
BERT,mBERT,2,3811,test,0
BERT,mBERT,2,3812,val,0
BERT,mBERT,2,3814,test,1
BERT,mBERT,2,3818,val,0
BERT,mBERT,2,3821,test,2
BERT,mBERT,2,3824,val,0
BERT,mBERT,2,3825,test,0
BERT,mBERT,2,3826,test,0
BERT,mBERT,2,3827,test,2
BERT,mBERT,2,3829,test,1
BERT,mBERT,2,3830,val,0
BERT,mBERT,2,3831,val,0
BERT,mBERT,2,3835,test,2
BERT,mBERT,2,3836,test,0
BERT,mBERT,2,3843,test,0
BERT,mBERT,2,3844,val,1
BERT,mBERT,2,3847,test,0
BERT,mBERT,2,3848,test,1
BERT,mBERT,2,3849,test,1
BERT,mBERT,2,3850,test,1
BERT,mBERT,2,3852,test,2
BERT,mBERT,2,3853,test,2
BERT,mBERT,2,3854,test,0
BERT,mBERT,2,3855,test,2
BERT,mBERT,2,3856,test,0
BERT,mBERT,2,3859,val,1
BERT,mBERT,2,3865,val,0
BERT,mBERT,2,3868,test,1
BERT,mBERT,2,3875,test,0
BERT,mBERT,2,3876,val,2
BERT,mBERT,2,3878,val,2
BERT,mBERT,2,3880,test,1
BERT,mBERT,2,3882,test,2
BERT,mBERT,2,3883,test,0
BERT,mBERT,2,3885,test,0
BERT,mBERT,2,3886,test,0
BERT,mBERT,2,3888,val,0
BERT,mBERT,2,3889,test,2
BERT,mBERT,2,3891,val,0
BERT,mBERT,2,3894,val,1
BERT,mBERT,2,3896,val,2
BERT,mBERT,2,3897,val,0
BERT,mBERT,2,3898,test,2
BERT,mBERT,2,3899,test,0
BERT,mBERT,2,3900,test,0
BERT,mBERT,2,3903,test,0
BERT,mBERT,2,3905,val,2
BERT,mBERT,2,3907,test,0
BERT,mBERT,2,3908,test,0
BERT,mBERT,2,3910,test,1
BERT,mBERT,2,3911,val,0
BERT,mBERT,2,3917,val,0
BERT,mBERT,2,3919,test,0
BERT,mBERT,2,3920,val,0
BERT,mBERT,2,3921,test,2
BERT,mBERT,2,3922,test,2
BERT,mBERT,2,3924,test,0
BERT,mBERT,2,3925,val,0
BERT,mBERT,2,3927,test,0
BERT,mBERT,2,3930,test,0
BERT,mBERT,2,3931,test,0
BERT,mBERT,2,3934,test,2
BERT,mBERT,2,3935,test,2
BERT,mBERT,2,3941,test,0
BERT,mBERT,2,3943,test,0
BERT,mBERT,2,3944,test,0
BERT,mBERT,2,3947,test,2
BERT,mBERT,2,3949,test,0
BERT,mBERT,2,3950,val,2
BERT,mBERT,2,3951,val,0
BERT,mBERT,2,3954,test,2
BERT,mBERT,2,3955,test,2
BERT,mBERT,2,3956,test,0
BERT,mBERT,2,3960,val,2
BERT,mBERT,2,3961,test,0
BERT,mBERT,2,3962,test,0
BERT,mBERT,2,3966,test,0
BERT,mBERT,2,3967,test,0
BERT,mBERT,2,3969,val,2
BERT,mBERT,2,3970,val,0
BERT,mBERT,2,3971,val,2
BERT,mBERT,2,3973,test,0
BERT,mBERT,2,3976,val,0
BERT,mBERT,2,3977,test,1
BERT,mBERT,2,3978,test,0
BERT,mBERT,2,3981,val,0
BERT,mBERT,2,3984,val,2
BERT,mBERT,2,3985,val,0
BERT,mBERT,2,3987,test,0
BERT,mBERT,2,3988,test,0
BERT,mBERT,2,3989,val,2
BERT,mBERT,2,3990,test,0
BERT,mBERT,2,3992,val,2
BERT,mBERT,2,3993,test,0
BERT,mBERT,2,3994,test,2
BERT,mBERT,2,3999,val,0
BERT,mBERT,2,4005,val,0
BERT,mBERT,2,4009,val,0
BERT,mBERT,2,4011,val,0
BERT,mBERT,2,4013,val,0
BERT,mBERT,2,4014,val,2
BERT,mBERT,2,4016,val,0
BERT,mBERT,2,4017,val,0
BERT,mBERT,2,4019,val,0
BERT,mBERT,2,4020,test,0
BERT,mBERT,2,4021,test,2
BERT,mBERT,2,4023,val,0
BERT,mBERT,2,4024,test,0
BERT,mBERT,2,4026,test,0
BERT,mBERT,2,4027,test,0
BERT,mBERT,2,4028,val,0
BERT,mBERT,2,4031,val,2
BERT,mBERT,2,4032,val,0
BERT,mBERT,2,4033,val,2
BERT,mBERT,2,4034,val,2
BERT,mBERT,2,4035,test,0
BERT,mBERT,2,4036,test,2
BERT,mBERT,2,4037,val,0
BERT,mBERT,2,4039,test,0
BERT,mBERT,2,4040,val,0
BERT,mBERT,2,4042,test,2
BERT,mBERT,2,4043,test,2
BERT,mBERT,2,4046,val,2
BERT,mBERT,2,4047,test,0
BERT,mBERT,2,4049,val,0
BERT,mBERT,2,4053,test,0
BERT,mBERT,2,4061,val,0
BERT,mBERT,2,4064,test,0
BERT,mBERT,2,4065,test,0
BERT,mBERT,2,4067,test,0
BERT,mBERT,2,4068,test,0
BERT,mBERT,2,4069,val,2
BERT,mBERT,2,4075,test,2
BERT,mBERT,2,4076,test,0
BERT,mBERT,2,4079,val,2
BERT,mBERT,2,4081,test,1
BERT,mBERT,2,4082,val,2
BERT,mBERT,2,4084,val,0
BERT,mBERT,2,4087,test,0
BERT,mBERT,2,4088,test,0
BERT,mBERT,2,4090,val,2
BERT,mBERT,2,4092,val,2
BERT,mBERT,2,4094,test,0
BERT,mBERT,2,4096,test,0
BERT,mBERT,2,4098,val,0
BERT,mBERT,2,4100,val,2
BERT,mBERT,2,4102,test,0
BERT,mBERT,2,4104,test,2
BERT,mBERT,2,4105,val,0
BERT,mBERT,2,4106,val,0
BERT,mBERT,2,4107,test,0
BERT,mBERT,2,4109,val,0
BERT,mBERT,2,4113,test,2
BERT,mBERT,2,4114,test,0
BERT,mBERT,2,4117,val,2
BERT,mBERT,2,4119,test,1
BERT,mBERT,2,4120,test,2
BERT,mBERT,2,4121,val,0
BERT,mBERT,2,4125,test,0
BERT,mBERT,2,4128,val,0
BERT,mBERT,2,4132,test,0
BERT,mBERT,2,4133,val,2
BERT,mBERT,2,4135,test,1
BERT,mBERT,2,4143,test,2
BERT,mBERT,2,4144,val,0
BERT,mBERT,2,4148,test,0
BERT,mBERT,2,4153,val,0
BERT,mBERT,2,4157,test,1
BERT,mBERT,2,4159,val,2
BERT,mBERT,2,4160,test,2
BERT,mBERT,2,4162,test,0
BERT,mBERT,2,4163,val,2
BERT,mBERT,2,4164,val,2
BERT,mBERT,2,4166,test,0
BERT,mBERT,2,4167,val,0
BERT,mBERT,2,4168,val,0
BERT,mBERT,2,4170,test,2
BERT,mBERT,2,4172,val,0
BERT,mBERT,2,4177,val,0
BERT,mBERT,2,4180,val,0
BERT,mBERT,2,4181,val,0
BERT,mBERT,2,4182,val,2
BERT,mBERT,2,4184,val,2
BERT,mBERT,2,4189,test,2
BERT,mBERT,2,4190,test,2
BERT,mBERT,2,4197,val,0
BERT,mBERT,2,4198,test,1
BERT,mBERT,2,4201,test,2
BERT,mBERT,2,4202,val,0
BERT,mBERT,2,4203,val,2
BERT,mBERT,2,4204,test,1
BERT,mBERT,2,4205,test,2
BERT,mBERT,2,4210,test,2
BERT,mBERT,2,4212,test,0
BERT,mBERT,2,4213,val,0
BERT,mBERT,2,4214,test,0
BERT,mBERT,2,4217,val,0
BERT,mBERT,2,4219,test,2
BERT,mBERT,2,4225,test,0
BERT,mBERT,2,4226,val,0
BERT,mBERT,2,4230,val,0
BERT,mBERT,2,4231,val,0
BERT,mBERT,2,4233,val,0
BERT,mBERT,2,4235,val,2
BERT,mBERT,2,4236,test,0
BERT,mBERT,2,4239,test,0
BERT,mBERT,2,4242,val,2
BERT,mBERT,2,4244,test,0
BERT,mBERT,2,4246,test,2
BERT,mBERT,2,4247,val,2
BERT,mBERT,2,4249,test,0
BERT,mBERT,2,4251,test,2
BERT,mBERT,2,4252,test,0
BERT,mBERT,2,4254,val,0
BERT,mBERT,2,4256,test,0
BERT,mBERT,2,4257,val,0
BERT,mBERT,2,4258,test,2
BERT,mBERT,2,4259,val,1
BERT,mBERT,2,4262,val,0
BERT,mBERT,2,4263,test,2
BERT,mBERT,2,4266,val,1
BERT,mBERT,2,4269,test,2
BERT,mBERT,2,4270,val,0
BERT,mBERT,2,4271,val,2
BERT,mBERT,2,4272,test,0
BERT,mBERT,2,4276,test,2
BERT,mBERT,2,4277,test,0
BERT,mBERT,2,4281,val,0
BERT,mBERT,2,4282,test,0
BERT,mBERT,2,4283,test,1
BERT,mBERT,2,4284,val,0
BERT,mBERT,2,4285,val,0
BERT,mBERT,2,4286,test,0
BERT,mBERT,2,4289,val,0
BERT,mBERT,2,4294,val,0
BERT,mBERT,2,4295,test,2
BERT,mBERT,2,4297,test,0
BERT,mBERT,2,4298,val,0
BERT,mBERT,2,4299,val,0
BERT,mBERT,2,4301,val,0
BERT,mBERT,2,4302,test,0
BERT,mBERT,2,4304,test,2
BERT,mBERT,2,4306,test,0
BERT,mBERT,2,4307,test,0
BERT,mBERT,2,4308,val,0
BERT,mBERT,2,4309,test,0
BERT,mBERT,2,4310,test,0
BERT,mBERT,2,4312,val,0
BERT,mBERT,2,4314,test,0
BERT,mBERT,2,4319,val,2
BERT,mBERT,2,4320,test,1
BERT,mBERT,2,4321,val,1
BERT,mBERT,2,4323,test,2
BERT,mBERT,2,4328,test,0
BERT,mBERT,2,4329,val,0
BERT,mBERT,2,4330,test,0
BERT,mBERT,2,4331,val,0
BERT,mBERT,2,4334,test,0
BERT,mBERT,2,4335,val,2
BERT,mBERT,2,4339,val,2
BERT,mBERT,2,4340,val,0
BERT,mBERT,2,4342,test,2
BERT,mBERT,2,4343,test,0
BERT,mBERT,2,4344,test,0
BERT,mBERT,2,4345,test,0
BERT,mBERT,2,4346,val,0
BERT,mBERT,2,4347,test,2
BERT,mBERT,2,4348,val,0
BERT,mBERT,2,4350,val,0
BERT,mBERT,2,4351,test,2
BERT,mBERT,2,4352,test,0
BERT,mBERT,2,4354,val,2
BERT,mBERT,2,4356,val,0
BERT,mBERT,2,4357,test,0
BERT,mBERT,2,4358,test,2
BERT,mBERT,2,4359,test,0
BERT,mBERT,2,4360,test,2
BERT,mBERT,2,4364,val,1
BERT,mBERT,2,4365,test,2
BERT,mBERT,2,4366,test,2
BERT,mBERT,2,4368,test,1
BERT,mBERT,2,4369,val,0
BERT,mBERT,2,4373,test,2
BERT,mBERT,2,4376,val,2
BERT,mBERT,2,4377,val,2
BERT,mBERT,2,4378,val,0
BERT,mBERT,2,4381,test,0
BERT,mBERT,2,4382,val,1
BERT,mBERT,2,4383,test,0
BERT,mBERT,2,4386,test,0
BERT,mBERT,2,4387,test,0
BERT,mBERT,2,4388,val,0
BERT,mBERT,2,4390,test,0
BERT,mBERT,2,4391,test,0
BERT,mBERT,2,4394,val,0
BERT,mBERT,2,4402,val,2
BERT,mBERT,2,4407,test,1
BERT,mBERT,2,4409,test,2
BERT,mBERT,2,4412,test,0
BERT,mBERT,2,4414,val,2
BERT,mBERT,2,4419,test,0
BERT,mBERT,2,4423,val,0
BERT,mBERT,2,4426,test,2
BERT,mBERT,2,4432,test,0
BERT,mBERT,2,4433,test,2
BERT,mBERT,2,4434,val,1
BERT,mBERT,2,4436,test,0
BERT,mBERT,2,4440,val,0
BERT,mBERT,2,4441,val,1
BERT,mBERT,2,4442,val,1
BERT,mBERT,2,4443,test,0
BERT,mBERT,2,4447,test,0
BERT,mBERT,2,4452,test,0
BERT,mBERT,2,4454,val,0
BERT,mBERT,2,4457,test,0
BERT,mBERT,2,4462,test,1
BERT,mBERT,2,4463,test,2
BERT,mBERT,2,4464,test,0
BERT,mBERT,2,4467,val,2
BERT,mBERT,2,4468,test,0
BERT,mBERT,2,4469,val,0
BERT,mBERT,2,4470,val,2
BERT,mBERT,2,4472,test,0
BERT,mBERT,2,4474,test,0
BERT,mBERT,2,4478,val,1
BERT,mBERT,2,4479,test,0
BERT,mBERT,2,4481,test,2
BERT,mBERT,2,4482,test,0
BERT,mBERT,2,4483,val,2
BERT,mBERT,2,4484,test,0
BERT,mBERT,2,4485,val,0
BERT,mBERT,2,4486,val,1
BERT,mBERT,2,4489,test,2
BERT,mBERT,2,4490,val,2
BERT,mBERT,2,4491,test,0
BERT,mBERT,2,4492,val,0
BERT,mBERT,2,4498,val,0
BERT,mBERT,2,4500,test,0
BERT,mBERT,2,4501,test,0
BERT,mBERT,2,4502,val,0
BERT,mBERT,2,4505,val,0
BERT,mBERT,2,4506,test,0
BERT,mBERT,2,4508,test,0
BERT,mBERT,2,4509,val,0
BERT,mBERT,2,4511,val,0
BERT,mBERT,2,4513,val,2
BERT,mBERT,2,4516,val,0
BERT,mBERT,2,4518,val,0
BERT,mBERT,2,4519,val,0
BERT,mBERT,2,4521,test,2
BERT,mBERT,2,4523,test,0
BERT,mBERT,2,4526,val,0
BERT,mBERT,2,4529,test,0
BERT,mBERT,2,4531,test,0
BERT,mBERT,2,4532,test,2
BERT,mBERT,2,4533,test,0
BERT,mBERT,2,4537,test,1
BERT,mBERT,2,4538,test,2
BERT,mBERT,2,4539,val,2
BERT,mBERT,2,4540,test,0
BERT,mBERT,2,4543,test,1
BERT,mBERT,2,4544,test,1
BERT,mBERT,2,4545,test,0
BERT,mBERT,2,4547,test,1
BERT,mBERT,2,4548,test,0
BERT,mBERT,2,4550,test,2
BERT,mBERT,2,4551,val,0
BERT,mBERT,2,4553,test,0
BERT,mBERT,2,4555,val,0
BERT,mBERT,2,4558,test,2
BERT,mBERT,2,4560,val,0
BERT,mBERT,2,4562,test,2
BERT,mBERT,2,4567,test,2
BERT,mBERT,2,4568,val,0
BERT,mBERT,2,4569,test,0
BERT,mBERT,2,4571,test,1
BERT,mBERT,2,4573,val,0
BERT,mBERT,2,4574,val,0
BERT,mBERT,2,4575,test,0
BERT,mBERT,2,4580,test,1
BERT,mBERT,2,4584,test,0
BERT,mBERT,2,4585,test,0
BERT,mBERT,2,4586,val,0
BERT,mBERT,2,4587,test,0
BERT,mBERT,2,4588,test,1
BERT,mBERT,2,4590,val,0
BERT,mBERT,2,4594,test,2
BERT,mBERT,2,4599,val,1
BERT,mBERT,2,4600,test,0
BERT,mBERT,2,4601,test,2
BERT,mBERT,2,4602,test,2
BERT,mBERT,2,4603,test,1
BERT,mBERT,2,4605,test,0
BERT,mBERT,2,4606,test,0
BERT,mBERT,2,4607,val,0
BERT,mBERT,2,4610,test,2
BERT,mBERT,2,4611,test,2
BERT,mBERT,2,4612,test,0
BERT,mBERT,2,4613,val,0
BERT,mBERT,2,4614,test,2
BERT,mBERT,2,4616,test,2
BERT,mBERT,2,4617,test,0
BERT,mBERT,2,4618,test,2
BERT,mBERT,2,4619,val,2
BERT,mBERT,2,4620,val,2
BERT,mBERT,2,4624,test,0
BERT,mBERT,2,4626,test,2
BERT,mBERT,2,4627,val,0
BERT,mBERT,2,4628,val,1
BERT,mBERT,2,4632,val,1
BERT,mBERT,2,4633,val,0
BERT,mBERT,2,4634,test,0
BERT,mBERT,2,4635,val,0
BERT,mBERT,2,4636,test,0
BERT,mBERT,2,4639,test,1
BERT,mBERT,2,4640,test,0
BERT,mBERT,2,4642,val,0
BERT,mBERT,2,4645,val,0
BERT,mBERT,2,4646,test,2
BERT,mBERT,2,4650,test,0
BERT,mBERT,2,4652,val,2
BERT,mBERT,2,4654,val,0
BERT,mBERT,2,4656,val,2
BERT,mBERT,2,4657,val,0
BERT,mBERT,2,4659,val,1
BERT,mBERT,2,4660,test,0
BERT,mBERT,2,4662,val,2
BERT,mBERT,2,4663,val,2
BERT,mBERT,2,4669,val,0
BERT,mBERT,2,4670,val,0
BERT,mBERT,2,4674,test,0
BERT,mBERT,2,4676,test,0
BERT,mBERT,2,4679,test,0
BERT,mBERT,2,4680,test,2
BERT,mBERT,2,4685,test,0
BERT,mBERT,2,4690,val,2
BERT,mBERT,2,4691,test,0
BERT,mBERT,2,4693,test,2
BERT,mBERT,2,4694,test,2
BERT,mBERT,2,4695,test,0
BERT,mBERT,2,4696,val,2
BERT,mBERT,2,4697,val,0
BERT,mBERT,2,4699,val,2
BERT,mBERT,2,4700,val,0
BERT,mBERT,2,4701,test,1
BERT,mBERT,2,4703,test,0
BERT,mBERT,2,4704,test,0
BERT,mBERT,2,4705,val,0
BERT,mBERT,2,4706,test,0
BERT,mBERT,2,4707,val,1
BERT,mBERT,2,4708,val,2
BERT,mBERT,2,4709,test,2
BERT,mBERT,2,4710,val,0
BERT,mBERT,2,4713,val,1
BERT,mBERT,2,4715,test,2
BERT,mBERT,2,4716,val,0
BERT,mBERT,2,4717,test,0
BERT,mBERT,2,4726,val,0
BERT,mBERT,2,4730,val,0
BERT,mBERT,2,4737,val,1
BERT,mBERT,2,4742,test,2
BERT,mBERT,2,4743,test,0
BERT,mBERT,2,4746,val,1
BERT,mBERT,2,4748,test,2
BERT,mBERT,2,4751,val,2
BERT,mBERT,2,4752,test,2
BERT,mBERT,2,4754,val,0
BERT,mBERT,2,4755,test,0
BERT,mBERT,2,4762,test,2
BERT,mBERT,2,4766,test,0
BERT,mBERT,2,4767,val,0
BERT,mBERT,2,4770,val,2
BERT,mBERT,2,4774,test,0
BERT,mBERT,2,4776,val,0
BERT,mBERT,2,4777,val,0
BERT,mBERT,2,4778,test,0
BERT,mBERT,2,4780,test,0
BERT,mBERT,2,4782,test,2
BERT,mBERT,2,4783,test,0
BERT,mBERT,2,4784,test,1
BERT,mBERT,2,4785,val,0
BERT,mBERT,2,4787,test,0
BERT,mBERT,2,4791,test,2
BERT,mBERT,2,4796,val,1
BERT,mBERT,2,4797,test,2
BERT,mBERT,2,4798,test,0
BERT,mBERT,2,4800,test,0
BERT,mBERT,2,4809,test,1
BERT,mBERT,2,4811,val,2
BERT,mBERT,2,4814,val,0
BERT,mBERT,2,4815,test,0
BERT,mBERT,2,4816,test,2
BERT,mBERT,2,4818,val,1
BERT,mBERT,2,4820,test,0
BERT,mBERT,2,4823,test,2
BERT,mBERT,2,4824,test,2
BERT,mBERT,2,4825,test,0
BERT,mBERT,2,4827,test,2
BERT,mBERT,2,4828,test,2
BERT,mBERT,2,4833,val,0
BERT,mBERT,2,4835,test,2
BERT,mBERT,2,4837,val,0
BERT,mBERT,2,4838,val,2
BERT,mBERT,2,4839,test,0
BERT,mBERT,2,4840,val,2
BERT,mBERT,2,4841,val,0
BERT,mBERT,2,4844,test,2
BERT,mBERT,2,4850,val,0
BERT,mBERT,2,4853,test,0
BERT,mBERT,2,4854,test,0
BERT,mBERT,2,4857,val,1
BERT,mBERT,2,4858,test,2
BERT,mBERT,2,4860,val,2
BERT,mBERT,2,4861,val,0
BERT,mBERT,2,4862,val,0
BERT,mBERT,2,4863,test,1
BERT,mBERT,2,4864,test,0
BERT,mBERT,2,4865,test,0
BERT,mBERT,2,4866,val,2
BERT,mBERT,2,4867,test,0
BERT,mBERT,2,4870,test,0
BERT,mBERT,2,4871,test,0
BERT,mBERT,2,4873,val,1
BERT,mBERT,2,4876,test,0
BERT,mBERT,2,4879,test,2
BERT,mBERT,2,4880,val,2
BERT,mBERT,2,4882,test,0
BERT,mBERT,2,4883,val,0
BERT,mBERT,2,4886,test,0
BERT,mBERT,2,4887,val,2
BERT,mBERT,2,4888,test,2
BERT,mBERT,2,4889,test,0
BERT,mBERT,2,4892,test,2
BERT,mBERT,2,4894,val,0
BERT,mBERT,2,4898,test,0
BERT,mBERT,2,4901,val,1
BERT,mBERT,2,4902,val,0
BERT,mBERT,2,4904,test,1
BERT,mBERT,2,4905,val,2
BERT,mBERT,2,4907,test,0
BERT,mBERT,2,4908,val,0
BERT,mBERT,2,4910,test,0
BERT,mBERT,2,4912,val,0
BERT,mBERT,2,4913,val,0
BERT,mBERT,2,4915,test,2
BERT,mBERT,2,4917,test,2
BERT,mBERT,2,4918,val,0
BERT,mBERT,2,4927,val,0
BERT,mBERT,2,4930,val,0
BERT,mBERT,2,4932,test,0
BERT,mBERT,2,4934,test,0
BERT,mBERT,2,4935,val,0
BERT,mBERT,2,4938,val,0
BERT,mBERT,2,4939,test,0
BERT,mBERT,2,4940,test,0
BERT,mBERT,2,4941,test,2
BERT,mBERT,2,4942,test,2
BERT,mBERT,2,4943,test,0
BERT,mBERT,2,4945,test,0
BERT,mBERT,2,4946,test,0
BERT,mBERT,2,4947,test,1
BERT,mBERT,2,4948,test,0
BERT,mBERT,2,4949,val,2
BERT,mBERT,2,4952,val,0
BERT,mBERT,2,4953,test,0
BERT,mBERT,2,4954,test,2
BERT,mBERT,2,4957,test,0
BERT,mBERT,2,4958,test,1
BERT,mBERT,2,4960,val,2
BERT,mBERT,2,4962,test,2
BERT,mBERT,2,4963,test,1
BERT,mBERT,2,4964,val,2
BERT,mBERT,2,4965,test,2
BERT,mBERT,2,4967,test,2
BERT,mBERT,2,4969,test,2
BERT,mBERT,2,4972,test,0
BERT,mBERT,2,4974,val,0
BERT,mBERT,2,4976,test,2
BERT,mBERT,2,4977,val,0
BERT,mBERT,2,4978,val,2
BERT,mBERT,2,4980,test,0
BERT,mBERT,2,4982,val,0
BERT,mBERT,2,4983,test,0
BERT,mBERT,2,4985,test,0
BERT,mBERT,2,4987,test,2
BERT,mBERT,2,4988,val,0
BERT,mBERT,2,4989,test,2
BERT,mBERT,2,4991,test,0
BERT,mBERT,2,4992,test,0
BERT,mBERT,2,4994,test,0
BERT,mBERT,2,4996,val,0
BERT,mBERT,2,4998,test,2
BERT,mBERT,2,4999,test,0
BERT,mBERT,2,5000,test,2
BERT,mBERT,2,5001,val,0
BERT,mBERT,2,5003,test,0
BERT,mBERT,2,5004,test,2
BERT,mBERT,2,5005,test,2
BERT,mBERT,2,5007,test,2
BERT,mBERT,2,5008,val,2
BERT,mBERT,2,5009,test,0
BERT,mBERT,2,5010,val,2
BERT,mBERT,2,5013,test,2
BERT,mBERT,2,5014,test,2
BERT,mBERT,2,5018,val,1
BERT,mBERT,2,5022,val,0
BERT,mBERT,2,5024,test,2
BERT,mBERT,2,5025,val,0
BERT,mBERT,2,5026,test,2
BERT,mBERT,2,5027,test,2
BERT,mBERT,2,5029,test,1
BERT,mBERT,2,5031,test,0
BERT,mBERT,2,5036,test,2
BERT,mBERT,2,5037,val,2
BERT,mBERT,2,5039,test,0
BERT,mBERT,2,5041,val,0
BERT,mBERT,2,5043,val,0
BERT,mBERT,2,5044,test,2
BERT,mBERT,2,5045,val,0
BERT,mBERT,2,5046,val,1
BERT,mBERT,2,5048,val,2
BERT,mBERT,2,5049,val,0
BERT,mBERT,2,5050,test,2
BERT,mBERT,2,5058,val,2
BERT,mBERT,2,5059,val,2
BERT,mBERT,2,5061,test,1
BERT,mBERT,2,5062,test,0
BERT,mBERT,2,5065,val,2
BERT,mBERT,2,5066,val,0
BERT,mBERT,2,5068,test,2
BERT,mBERT,2,5069,val,1
BERT,mBERT,2,5074,test,2
BERT,mBERT,2,5075,test,0
BERT,mBERT,2,5077,val,0
BERT,mBERT,2,5082,val,2
BERT,mBERT,2,5083,val,2
BERT,mBERT,2,5084,test,2
BERT,mBERT,2,5085,test,1
BERT,mBERT,2,5086,test,2
BERT,mBERT,2,5088,test,2
BERT,mBERT,2,5089,test,0
BERT,mBERT,2,5091,test,0
BERT,mBERT,2,5094,test,0
BERT,mBERT,2,5096,val,2
BERT,mBERT,2,5097,test,0
BERT,mBERT,2,5099,val,2
BERT,mBERT,2,5103,test,0
BERT,mBERT,2,5104,test,0
BERT,mBERT,2,5105,test,2
BERT,mBERT,2,5107,val,2
BERT,mBERT,2,5113,test,0
BERT,mBERT,2,5114,test,2
BERT,mBERT,2,5117,test,0
BERT,mBERT,2,5118,test,0
BERT,mBERT,2,5119,test,1
BERT,mBERT,2,5121,val,0
BERT,mBERT,2,5122,val,2
BERT,mBERT,2,5123,test,1
BERT,mBERT,2,5126,test,0
BERT,mBERT,2,5127,test,0
BERT,mBERT,2,5129,val,1
BERT,mBERT,2,5130,val,0
BERT,mBERT,2,5132,val,0
BERT,mBERT,2,5134,test,2
BERT,mBERT,2,5135,val,0
BERT,mBERT,2,5136,test,2
BERT,mBERT,2,5139,test,0
BERT,mBERT,2,5140,test,0
BERT,mBERT,2,5141,test,2
BERT,mBERT,2,5142,val,0
BERT,mBERT,2,5143,test,0
BERT,mBERT,2,5146,test,0
BERT,mBERT,2,5148,test,0
BERT,mBERT,2,5149,test,0
BERT,mBERT,2,5150,test,2
BERT,mBERT,2,5151,val,2
BERT,mBERT,2,5152,val,2
BERT,mBERT,2,5156,test,2
BERT,mBERT,2,5160,val,2
BERT,mBERT,2,5162,test,0
BERT,mBERT,2,5164,test,2
BERT,mBERT,2,5165,test,0
BERT,mBERT,2,5169,test,0
BERT,mBERT,2,5170,test,2
BERT,mBERT,2,5172,val,0
BERT,mBERT,2,5174,test,0
BERT,mBERT,2,5183,val,0
BERT,mBERT,2,5184,val,0
BERT,mBERT,2,5185,val,0
BERT,mBERT,2,5187,test,2
BERT,mBERT,2,5189,test,0
BERT,mBERT,2,5198,val,0
BERT,mBERT,2,5200,test,0
BERT,mBERT,2,5202,test,0
BERT,mBERT,2,5205,test,1
BERT,mBERT,2,5206,test,2
BERT,mBERT,2,5208,test,0
BERT,mBERT,2,5210,val,2
BERT,mBERT,2,5211,val,0
BERT,mBERT,2,5212,test,0
BERT,mBERT,2,5213,test,1
BERT,mBERT,2,5214,test,0
BERT,mBERT,2,5215,val,0
BERT,mBERT,2,5216,test,0
BERT,mBERT,2,5218,test,0
BERT,mBERT,2,5225,val,2
BERT,mBERT,2,5226,test,0
BERT,mBERT,2,5227,test,0
BERT,mBERT,2,5228,test,2
BERT,mBERT,2,5229,test,0
BERT,mBERT,2,5230,val,0
BERT,mBERT,2,5234,test,0
BERT,mBERT,2,5235,val,0
BERT,mBERT,2,5236,test,0
BERT,mBERT,2,5237,val,0
BERT,mBERT,2,5238,test,2
BERT,mBERT,2,5239,test,0
BERT,mBERT,2,5240,test,0
BERT,mBERT,2,5241,test,2
BERT,mBERT,2,5248,val,1
BERT,mBERT,2,5249,val,1
BERT,mBERT,2,5251,test,2
BERT,mBERT,2,5252,val,0
BERT,mBERT,2,5255,test,0
BERT,mBERT,2,5260,test,0
BERT,mBERT,2,5264,test,2
BERT,mBERT,2,5265,test,0
BERT,mBERT,2,5266,test,0
BERT,mBERT,2,5269,test,2
BERT,mBERT,2,5272,val,2
BERT,mBERT,2,5275,test,0
BERT,mBERT,2,5278,val,0
BERT,mBERT,2,5279,test,0
BERT,mBERT,2,5281,test,2
BERT,mBERT,2,5282,test,0
BERT,mBERT,2,5283,val,0
BERT,mBERT,2,5284,test,2
BERT,mBERT,2,5285,val,0
BERT,mBERT,2,5291,test,0
BERT,mBERT,2,5292,test,2
BERT,mBERT,2,5295,test,2
BERT,mBERT,2,5296,val,0
BERT,mBERT,2,5300,val,0
BERT,mBERT,2,5301,test,0
BERT,mBERT,2,5302,val,0
BERT,mBERT,2,5303,val,0
BERT,mBERT,2,5304,test,0
BERT,mBERT,2,5306,val,2
BERT,mBERT,2,5307,test,0
BERT,mBERT,2,5311,test,2
BERT,mBERT,2,5312,val,2
BERT,mBERT,2,5315,test,0
BERT,mBERT,2,5316,val,2
BERT,mBERT,2,5317,test,2
BERT,mBERT,2,5318,test,0
BERT,mBERT,2,5319,test,2
BERT,mBERT,2,5321,val,0
BERT,mBERT,2,5324,test,0
BERT,mBERT,2,5325,val,2
BERT,mBERT,2,5327,test,0
BERT,mBERT,2,5328,test,0
BERT,mBERT,2,5329,val,0
BERT,mBERT,2,5330,test,2
BERT,mBERT,2,5331,test,0
BERT,mBERT,2,5332,test,0
BERT,mBERT,2,5333,val,0
BERT,mBERT,2,5334,test,0
BERT,mBERT,2,5336,val,0
BERT,mBERT,2,5339,test,2
BERT,mBERT,2,5342,test,2
BERT,mBERT,2,5344,test,0
BERT,mBERT,2,5345,test,0
BERT,mBERT,2,5346,val,2
BERT,mBERT,2,5349,test,0
BERT,mBERT,2,5352,val,2
BERT,mBERT,2,5354,val,2
BERT,mBERT,2,5355,test,0
BERT,mBERT,2,5357,test,0
BERT,mBERT,2,5360,test,0
BERT,mBERT,2,5364,test,2
BERT,mBERT,2,5365,val,2
BERT,mBERT,2,5366,val,2
BERT,mBERT,2,5369,test,2
BERT,mBERT,2,5370,test,0
BERT,mBERT,2,5373,test,0
BERT,mBERT,2,5376,val,0
BERT,mBERT,2,5377,val,1
BERT,mBERT,2,5378,test,0
BERT,mBERT,2,5383,test,0
BERT,mBERT,2,5384,val,0
BERT,mBERT,2,5388,test,0
BERT,mBERT,2,5389,test,0
BERT,mBERT,2,5390,val,1
BERT,mBERT,2,5391,val,0
BERT,mBERT,2,5392,test,0
BERT,mBERT,2,5393,test,0
BERT,mBERT,2,5395,val,0
BERT,mBERT,2,5396,val,0
BERT,mBERT,2,5397,test,0
BERT,mBERT,2,5398,val,0
BERT,mBERT,2,5399,val,2
BERT,mBERT,2,5400,test,0
BERT,mBERT,2,5402,val,2
BERT,mBERT,2,5409,test,0
BERT,mBERT,2,5411,test,0
BERT,mBERT,2,5412,test,1
BERT,mBERT,2,5415,test,2
BERT,mBERT,2,5416,val,0
BERT,mBERT,2,5417,test,0
BERT,mBERT,2,5419,test,0
BERT,mBERT,2,5420,test,0
BERT,mBERT,2,5422,test,0
BERT,mBERT,2,5423,test,0
BERT,mBERT,2,5424,test,0
BERT,mBERT,2,5426,test,0
BERT,mBERT,2,5427,val,2
BERT,mBERT,2,5428,test,0
BERT,mBERT,2,5429,test,1
BERT,mBERT,2,5432,val,0
BERT,mBERT,2,5438,val,2
BERT,mBERT,2,5442,test,1
BERT,mBERT,2,5445,test,0
BERT,mBERT,2,5446,test,2
BERT,mBERT,2,5447,val,2
BERT,mBERT,2,5448,test,2
BERT,mBERT,2,5450,val,0
BERT,mBERT,2,5452,test,0
BERT,mBERT,2,5453,val,0
BERT,mBERT,2,5454,test,0
BERT,mBERT,2,5455,test,1
BERT,mBERT,2,5457,test,2
BERT,mBERT,2,5458,val,0
BERT,mBERT,2,5462,val,0
BERT,mBERT,2,5464,test,2
BERT,mBERT,2,5466,val,0
BERT,mBERT,2,5467,test,2
BERT,mBERT,2,5468,test,0
BERT,mBERT,2,5469,test,2
BERT,mBERT,2,5470,test,2
BERT,mBERT,2,5471,test,0
BERT,mBERT,2,5473,test,0
BERT,mBERT,2,5474,val,2
BERT,mBERT,2,5477,val,2
BERT,mBERT,2,5483,test,2
BERT,mBERT,2,5484,val,2
BERT,mBERT,2,5485,test,0
BERT,mBERT,2,5487,test,2
BERT,mBERT,2,5488,val,0
BERT,mBERT,2,5494,val,0
BERT,mBERT,2,5495,val,0
BERT,mBERT,2,5496,test,0
BERT,mBERT,2,5498,val,0
BERT,mBERT,2,5499,test,0
BERT,mBERT,2,5507,test,0
BERT,mBERT,2,5508,test,2
BERT,mBERT,2,5509,val,0
BERT,mBERT,2,5510,test,1
BERT,mBERT,2,5512,test,1
BERT,mBERT,2,5515,val,1
BERT,mBERT,2,5518,val,2
BERT,mBERT,2,5520,val,0
BERT,mBERT,2,5521,test,0
BERT,mBERT,2,5525,test,2
BERT,mBERT,2,5526,test,0
BERT,mBERT,2,5527,test,0
BERT,mBERT,2,5528,val,0
BERT,mBERT,2,5530,test,1
BERT,mBERT,2,5531,test,0
BERT,mBERT,2,5533,test,0
BERT,mBERT,2,5535,val,2
BERT,mBERT,2,5536,test,0
BERT,mBERT,2,5538,test,0
BERT,mBERT,2,5539,test,0
BERT,mBERT,2,5540,test,0
BERT,mBERT,2,5541,test,2
BERT,mBERT,2,5542,test,2
BERT,mBERT,2,5544,test,2
BERT,mBERT,2,5545,test,0
BERT,mBERT,2,5547,val,2
BERT,mBERT,2,5548,test,0
BERT,mBERT,2,5550,val,0
BERT,mBERT,2,5551,test,0
BERT,mBERT,2,5553,val,1
BERT,mBERT,2,5554,test,2
BERT,mBERT,2,5555,test,2
BERT,mBERT,2,5557,test,2
BERT,mBERT,2,5559,val,0
BERT,mBERT,2,5560,test,1
BERT,mBERT,2,5561,test,0
BERT,mBERT,2,5563,test,0
BERT,mBERT,2,5566,test,0
BERT,mBERT,2,5570,test,0
BERT,mBERT,2,5571,val,1
BERT,mBERT,2,5572,test,0
BERT,mBERT,2,5573,val,2
BERT,mBERT,2,5575,test,2
BERT,mBERT,2,5577,test,2
BERT,mBERT,2,5578,test,0
BERT,mBERT,2,5579,test,0
BERT,mBERT,2,5580,test,0
BERT,mBERT,2,5581,test,0
BERT,mBERT,2,5582,test,2
BERT,mBERT,2,5583,test,0
BERT,mBERT,2,5584,test,0
BERT,mBERT,2,5589,test,0
BERT,mBERT,2,5591,val,0
BERT,mBERT,2,5592,val,0
BERT,mBERT,2,5593,val,0
BERT,mBERT,2,5595,test,2
BERT,mBERT,2,5596,test,0
BERT,mBERT,2,5597,test,0
BERT,mBERT,2,5602,val,0
BERT,mBERT,2,5603,test,2
BERT,mBERT,2,5604,test,0
BERT,mBERT,2,5605,val,1
BERT,mBERT,2,5613,test,0
BERT,mBERT,2,5614,test,0
BERT,mBERT,2,5615,val,0
BERT,mBERT,2,5618,test,2
BERT,mBERT,2,5619,val,2
BERT,mBERT,2,5623,val,1
BERT,mBERT,2,5625,test,2
BERT,mBERT,2,5626,test,2
BERT,mBERT,2,5629,val,0
BERT,mBERT,2,5631,val,0
BERT,mBERT,2,5632,val,0
BERT,mBERT,2,5634,val,0
BERT,mBERT,2,5637,test,0
BERT,mBERT,2,5641,test,2
BERT,mBERT,2,5642,val,2
BERT,mBERT,2,5644,test,0
BERT,mBERT,2,5646,test,2
BERT,mBERT,2,5647,val,1
BERT,mBERT,2,5650,test,2
BERT,mBERT,2,5651,test,2
BERT,mBERT,2,5652,val,1
BERT,mBERT,2,5653,val,0
BERT,mBERT,2,5654,val,2
BERT,mBERT,2,5655,val,0
BERT,mBERT,2,5658,val,0
BERT,mBERT,2,5659,val,0
BERT,mBERT,2,5660,val,0
BERT,mBERT,2,5661,test,0
BERT,mBERT,2,5664,val,0
BERT,mBERT,2,5665,val,0
BERT,mBERT,2,5670,test,2
BERT,mBERT,2,5672,test,0
BERT,mBERT,2,5673,test,1
BERT,mBERT,2,5676,test,0
BERT,mBERT,2,5677,val,0
BERT,mBERT,2,5678,val,0
BERT,mBERT,2,5679,test,0
BERT,mBERT,2,5680,test,0
BERT,mBERT,2,5682,test,0
BERT,mBERT,2,5684,val,2
BERT,mBERT,2,5686,test,0
BERT,mBERT,2,5688,test,0
BERT,mBERT,2,5689,val,0
BERT,mBERT,2,5691,val,0
BERT,mBERT,2,5692,val,2
BERT,mBERT,2,5695,test,0
BERT,mBERT,2,5696,test,0
BERT,mBERT,2,5698,test,0
BERT,mBERT,2,5701,test,1
BERT,mBERT,2,5702,val,0
BERT,mBERT,2,5703,test,0
BERT,mBERT,2,5706,test,0
BERT,mBERT,2,5707,test,0
BERT,mBERT,2,5709,val,0
BERT,mBERT,2,5713,test,0
BERT,mBERT,2,5714,test,1
BERT,mBERT,2,5716,val,0
BERT,mBERT,2,5717,test,0
BERT,mBERT,2,5718,test,0
BERT,mBERT,2,5724,val,0
BERT,mBERT,2,5726,val,0
BERT,mBERT,2,5727,test,0
BERT,mBERT,2,5728,val,0
BERT,mBERT,2,5729,val,2
BERT,mBERT,2,5730,test,2
BERT,mBERT,2,5731,val,0
BERT,mBERT,2,5732,test,0
BERT,mBERT,2,5736,test,0
BERT,mBERT,2,5737,val,2
BERT,mBERT,2,5739,test,2
BERT,mBERT,2,5740,test,0
BERT,mBERT,2,5741,val,2
BERT,mBERT,2,5742,test,2
BERT,mBERT,2,5745,test,2
BERT,mBERT,2,5746,test,2
BERT,mBERT,2,5747,test,2
BERT,mBERT,2,5748,test,0
BERT,mBERT,2,5749,test,0
BERT,mBERT,2,5750,val,0
BERT,mBERT,2,5751,test,2
BERT,mBERT,2,5754,val,2
BERT,mBERT,2,5755,val,0
BERT,mBERT,2,5761,test,1
BERT,mBERT,2,5762,test,0
BERT,mBERT,2,5763,test,0
BERT,mBERT,2,5766,test,0
BERT,mBERT,2,5767,val,1
BERT,mBERT,2,5769,val,0
BERT,mBERT,2,5770,test,0
BERT,mBERT,2,5772,test,2
BERT,mBERT,2,5776,val,2
BERT,mBERT,2,5777,test,0
BERT,mBERT,2,5780,test,2
BERT,mBERT,2,5783,val,0
BERT,mBERT,2,5784,val,0
BERT,mBERT,2,5785,val,2
BERT,mBERT,2,5786,val,1
BERT,mBERT,2,5789,test,2
BERT,mBERT,2,5791,test,0
BERT,mBERT,2,5793,test,0
BERT,mBERT,2,5794,test,2
BERT,mBERT,2,5797,val,0
BERT,mBERT,2,5798,val,0
BERT,mBERT,2,5801,test,2
BERT,mBERT,2,5804,test,0
BERT,mBERT,2,5807,test,0
BERT,mBERT,2,5810,test,2
BERT,mBERT,2,5811,test,0
BERT,mBERT,2,5817,test,1
BERT,mBERT,2,5820,val,0
BERT,mBERT,2,5821,val,0
BERT,mBERT,2,5823,val,1
BERT,mBERT,2,5826,val,2
BERT,mBERT,2,5828,val,1
BERT,mBERT,2,5831,test,2
BERT,mBERT,2,5832,test,0
BERT,mBERT,2,5835,test,0
BERT,mBERT,2,5838,test,2
BERT,mBERT,2,5839,val,1
BERT,mBERT,2,5840,val,0
BERT,mBERT,2,5841,test,0
BERT,mBERT,2,5842,test,0
BERT,mBERT,2,5844,test,0
BERT,mBERT,2,5845,val,0
BERT,mBERT,2,5846,test,0
BERT,mBERT,2,5853,val,2
BERT,mBERT,2,5857,val,1
BERT,mBERT,2,5860,val,0
BERT,mBERT,2,5862,val,0
BERT,mBERT,2,5863,val,0
BERT,mBERT,2,5865,test,2
BERT,mBERT,2,5867,val,1
BERT,mBERT,2,5868,val,0
BERT,mBERT,2,5869,val,0
BERT,mBERT,2,5874,val,2
BERT,mBERT,2,5876,test,0
BERT,mBERT,2,5878,test,0
BERT,mBERT,2,5879,test,0
BERT,mBERT,2,5880,val,0
BERT,mBERT,2,5882,test,0
BERT,mBERT,2,5885,test,0
BERT,mBERT,2,5887,test,0
BERT,mBERT,2,5888,test,0
BERT,mBERT,2,5889,test,0
BERT,mBERT,2,5890,val,0
BERT,mBERT,2,5891,test,0
BERT,mBERT,2,5894,test,1
BERT,mBERT,2,5898,test,0
BERT,mBERT,2,5899,val,0
BERT,mBERT,2,5901,test,0
BERT,mBERT,2,5903,val,0
BERT,mBERT,2,5904,test,0
BERT,mBERT,2,5905,test,0
BERT,mBERT,2,5906,test,0
BERT,mBERT,2,5907,val,0
BERT,mBERT,2,5908,test,0
BERT,mBERT,2,5909,test,0
BERT,mBERT,2,5912,test,2
BERT,mBERT,2,5919,test,0
BERT,mBERT,2,5920,val,0
BERT,mBERT,2,5924,val,2
BERT,mBERT,2,5926,test,2
BERT,mBERT,2,5927,val,2
BERT,mBERT,2,5928,test,2
BERT,mBERT,2,5929,val,2
BERT,mBERT,2,5930,test,0
BERT,mBERT,2,5932,val,0
BERT,mBERT,2,5933,test,0
BERT,mBERT,2,5940,val,0
BERT,mBERT,2,5943,test,0
BERT,mBERT,2,5947,test,0
BERT,mBERT,2,5949,test,0
BERT,mBERT,2,5951,test,1
BERT,mBERT,2,5952,test,0
BERT,mBERT,2,5954,test,0
BERT,mBERT,2,5955,val,2
BERT,mBERT,2,5961,val,2
BERT,mBERT,2,5966,val,1
BERT,mBERT,2,5969,val,1
BERT,mBERT,2,5972,val,2
BERT,mBERT,2,5974,test,0
BERT,mBERT,2,5975,test,2
BERT,mBERT,2,5977,val,0
BERT,mBERT,2,5978,test,0
BERT,mBERT,2,5980,val,2
BERT,mBERT,2,5981,test,0
BERT,mBERT,2,5982,test,2
BERT,mBERT,2,5983,test,2
BERT,mBERT,2,5986,test,0
BERT,mBERT,2,5989,test,2
BERT,mBERT,2,5990,test,0
BERT,mBERT,2,5992,val,0
BERT,mBERT,2,5994,val,1
BERT,mBERT,2,5995,val,0
BERT,mBERT,2,5997,test,1
BERT,mBERT,2,6000,val,0
BERT,mBERT,2,6001,test,0
BERT,mBERT,2,6003,test,2
BERT,mBERT,2,6004,val,2
BERT,mBERT,2,6005,test,0
BERT,mBERT,2,6006,test,0
BERT,mBERT,2,6007,test,0
BERT,mBERT,2,6008,val,1
BERT,mBERT,2,6012,test,1
BERT,mBERT,2,6013,test,0
BERT,mBERT,2,6014,val,0
BERT,mBERT,2,6016,test,0
BERT,mBERT,2,6017,test,0
BERT,mBERT,2,6018,val,2
BERT,mBERT,2,6019,test,0
BERT,mBERT,2,6020,test,2
BERT,mBERT,2,6022,test,2
BERT,mBERT,2,6023,val,2
BERT,mBERT,2,6025,test,2
BERT,mBERT,2,6026,test,0
BERT,mBERT,2,6030,val,0
BERT,mBERT,2,6031,val,0
BERT,mBERT,2,6032,test,0
BERT,mBERT,2,6033,val,0
BERT,mBERT,2,6034,val,1
BERT,mBERT,2,6036,val,1
BERT,mBERT,2,6038,test,0
BERT,mBERT,2,6043,val,0
BERT,mBERT,2,6045,val,0
BERT,mBERT,2,6048,val,2
BERT,mBERT,2,6050,test,0
BERT,mBERT,2,6052,val,2
BERT,mBERT,2,6055,test,2
BERT,mBERT,2,6056,test,2
BERT,mBERT,2,6060,test,0
BERT,mBERT,2,6061,test,0
BERT,mBERT,2,6062,val,2
BERT,mBERT,2,6063,test,0
BERT,mBERT,2,6065,test,0
BERT,mBERT,2,6066,val,0
BERT,mBERT,2,6067,val,0
BERT,mBERT,2,6069,val,0
BERT,mBERT,2,6070,test,0
BERT,mBERT,2,6072,test,1
BERT,mBERT,2,6075,val,0
BERT,mBERT,2,6076,test,2
BERT,mBERT,2,6082,test,2
BERT,mBERT,2,6083,test,0
BERT,mBERT,2,6085,val,0
BERT,mBERT,2,6087,test,0
BERT,mBERT,2,6088,test,2
BERT,mBERT,2,6090,val,2
BERT,mBERT,2,6091,test,1
BERT,mBERT,2,6093,test,0
BERT,mBERT,2,6094,test,1
BERT,mBERT,2,6095,val,2
BERT,mBERT,2,6096,test,0
BERT,mBERT,2,6097,val,0
BERT,mBERT,2,6098,test,2
BERT,mBERT,2,6099,val,0
BERT,mBERT,2,6100,test,0
BERT,mBERT,2,6104,test,0
BERT,mBERT,2,6110,test,0
BERT,mBERT,2,6112,test,1
BERT,mBERT,2,6113,val,1
BERT,mBERT,2,6114,test,0
BERT,mBERT,2,6116,test,0
BERT,mBERT,2,6119,val,2
BERT,mBERT,2,6122,val,0
BERT,mBERT,2,6123,test,0
BERT,mBERT,2,6124,test,1
BERT,mBERT,2,6126,val,0
BERT,mBERT,2,6127,val,0
BERT,mBERT,2,6131,val,0
BERT,mBERT,2,6136,val,0
BERT,mBERT,2,6147,test,0
BERT,mBERT,2,6148,test,1
BERT,mBERT,2,6149,val,2
BERT,mBERT,2,6150,test,1
BERT,mBERT,2,6152,test,0
BERT,mBERT,2,6154,val,2
BERT,mBERT,2,6155,test,0
BERT,mBERT,2,6158,test,0
BERT,mBERT,2,6159,val,0
BERT,mBERT,2,6160,test,0
BERT,mBERT,2,6161,test,2
BERT,mBERT,2,6164,test,2
BERT,mBERT,2,6169,val,1
BERT,mBERT,2,6171,test,0
BERT,mBERT,2,6172,val,2
BERT,mBERT,2,6174,test,0
BERT,mBERT,2,6178,val,0
BERT,mBERT,2,6180,val,1
BERT,mBERT,2,6183,val,2
BERT,mBERT,2,6191,val,0
BERT,mBERT,2,6192,test,0
BERT,mBERT,2,6193,val,2
BERT,mBERT,2,6195,test,1
BERT,mBERT,2,6199,test,0
BERT,mBERT,2,6200,val,0
BERT,mBERT,2,6201,val,2
BERT,mBERT,2,6202,test,2
BERT,mBERT,2,6203,test,2
BERT,mBERT,2,6206,test,0
BERT,mBERT,2,6207,val,0
BERT,mBERT,2,6212,test,0
BERT,mBERT,2,6213,val,2
BERT,mBERT,2,6214,test,0
BERT,mBERT,2,6215,test,2
BERT,mBERT,2,6217,val,2
BERT,mBERT,2,6221,val,2
BERT,mBERT,2,6222,test,2
BERT,mBERT,2,6224,test,0
BERT,mBERT,2,6226,val,0
BERT,mBERT,2,6228,test,2
BERT,mBERT,2,6229,val,0
BERT,mBERT,2,6230,val,0
BERT,mBERT,2,6231,test,2
BERT,mBERT,2,6238,test,2
BERT,mBERT,2,6240,val,0
BERT,mBERT,2,6241,val,0
BERT,mBERT,2,6243,test,0
BERT,mBERT,2,6244,val,0
BERT,mBERT,2,6246,test,0
BERT,mBERT,2,6248,test,0
BERT,mBERT,2,6249,test,0
BERT,mBERT,2,6250,test,0
BERT,mBERT,2,6253,test,0
BERT,mBERT,2,6255,test,0
BERT,mBERT,2,6256,test,2
BERT,mBERT,2,6257,val,2
BERT,mBERT,2,6258,test,0
BERT,mBERT,2,6260,test,0
BERT,mBERT,2,6261,val,2
BERT,mBERT,2,6263,val,0
BERT,mBERT,2,6264,test,0
BERT,mBERT,2,6265,val,2
BERT,mBERT,2,6266,test,2
BERT,mBERT,2,6271,test,0
BERT,mBERT,2,6272,val,2
BERT,mBERT,2,6273,val,2
BERT,mBERT,2,6274,val,0
BERT,mBERT,2,6275,test,0
BERT,mBERT,2,6276,test,0
BERT,mBERT,2,6277,test,2
BERT,mBERT,2,6279,test,0
BERT,mBERT,2,6282,test,0
BERT,mBERT,2,6284,val,1
BERT,mBERT,2,6287,test,2
BERT,mBERT,2,6288,val,0
BERT,mBERT,2,6290,val,2
BERT,mBERT,2,6291,test,0
BERT,mBERT,2,6293,test,2
BERT,mBERT,2,6294,test,1
BERT,mBERT,2,6296,test,0
BERT,mBERT,2,6297,val,0
BERT,mBERT,2,6298,val,0
BERT,mBERT,2,6300,test,0
BERT,mBERT,2,6303,test,0
BERT,mBERT,2,6304,test,0
BERT,mBERT,2,6305,test,0
BERT,mBERT,2,6309,val,2
BERT,mBERT,2,6310,test,0
BERT,mBERT,2,6311,test,2
BERT,mBERT,2,6312,test,0
BERT,mBERT,2,6316,val,0
BERT,mBERT,2,6319,test,2
BERT,mBERT,2,6320,test,0
BERT,mBERT,2,6321,test,0
BERT,mBERT,2,6322,test,2
BERT,mBERT,2,6323,test,2
BERT,mBERT,2,6325,val,0
BERT,mBERT,2,6329,test,0
BERT,mBERT,2,6330,test,0
BERT,mBERT,2,6331,test,2
BERT,mBERT,2,6332,test,0
BERT,mBERT,2,6335,val,0
BERT,mBERT,2,6337,val,0
BERT,mBERT,2,6338,test,0
BERT,mBERT,2,6339,test,0
BERT,mBERT,2,6340,val,0
BERT,mBERT,2,6341,test,2
BERT,mBERT,2,6342,val,0
BERT,mBERT,2,6345,val,2
BERT,mBERT,2,6347,val,2
BERT,mBERT,2,6348,val,0
BERT,mBERT,2,6352,test,1
BERT,mBERT,2,6353,test,1
BERT,mBERT,2,6354,val,0
BERT,mBERT,2,6355,test,0
BERT,mBERT,2,6358,val,0
BERT,mBERT,2,6359,val,0
BERT,mBERT,2,6361,test,0
BERT,mBERT,2,6362,test,2
BERT,mBERT,2,6367,test,0
BERT,mBERT,2,6370,test,1
BERT,mBERT,2,6371,test,2
BERT,mBERT,2,6372,test,2
BERT,mBERT,2,6373,test,2
BERT,mBERT,2,6375,test,0
BERT,mBERT,2,6376,test,2
BERT,mBERT,2,6377,val,2
BERT,mBERT,2,6378,test,2
BERT,mBERT,2,6381,val,0
BERT,mBERT,2,6382,val,0
BERT,mBERT,2,6384,test,2
BERT,mBERT,2,6385,test,2
BERT,mBERT,2,6386,test,0
BERT,mBERT,2,6387,test,2
BERT,mBERT,2,6389,val,2
BERT,mBERT,2,6390,test,0
BERT,mBERT,2,6391,test,0
BERT,mBERT,2,6392,test,0
BERT,mBERT,2,6394,test,0
BERT,mBERT,2,6397,val,0
BERT,mBERT,2,6398,val,2
BERT,mBERT,2,6399,val,2
BERT,mBERT,2,6400,test,0
BERT,mBERT,2,6401,val,2
BERT,mBERT,2,6407,test,2
BERT,mBERT,2,6409,test,2
BERT,mBERT,2,6411,test,2
BERT,mBERT,2,6412,test,0
BERT,mBERT,2,6414,test,2
BERT,mBERT,2,6416,val,0
BERT,mBERT,2,6417,test,0
BERT,mBERT,2,6418,val,0
BERT,mBERT,2,6419,val,0
BERT,mBERT,2,6420,val,0
BERT,mBERT,2,6421,test,0
BERT,mBERT,2,6423,test,0
BERT,mBERT,2,6425,val,0
BERT,mBERT,2,6426,test,0
BERT,mBERT,2,6427,val,0
BERT,mBERT,2,6430,test,2
BERT,mBERT,2,6432,val,2
BERT,mBERT,2,6433,val,2
BERT,mBERT,2,6436,val,2
BERT,mBERT,2,6438,val,2
BERT,mBERT,2,6441,test,0
BERT,mBERT,2,6447,test,0
BERT,mBERT,2,6448,val,2
BERT,mBERT,2,6449,val,0
BERT,mBERT,2,6450,test,0
BERT,mBERT,2,6451,test,2
BERT,mBERT,2,6452,val,2
BERT,mBERT,2,6454,test,0
BERT,mBERT,2,6458,test,0
BERT,mBERT,2,6459,test,2
BERT,mBERT,2,6461,test,0
BERT,mBERT,2,6462,test,0
BERT,mBERT,2,6465,val,2
BERT,mBERT,2,6466,val,0
BERT,mBERT,2,6468,val,2
BERT,mBERT,2,6472,test,0
BERT,mBERT,2,6473,val,1
BERT,mBERT,2,6474,test,1
BERT,mBERT,2,6476,val,0
BERT,mBERT,2,6479,val,1
BERT,mBERT,2,6480,test,2
BERT,mBERT,2,6483,test,1
BERT,mBERT,2,6484,val,0
BERT,mBERT,2,6486,test,0
BERT,mBERT,2,6487,val,2
BERT,mBERT,2,6489,val,2
BERT,mBERT,2,6491,test,0
BERT,mBERT,2,6494,test,0
BERT,mBERT,2,6495,test,0
BERT,mBERT,2,6496,val,1
BERT,mBERT,2,6497,test,2
BERT,mBERT,2,6498,val,0
BERT,mBERT,2,6501,val,2
BERT,mBERT,2,6505,val,2
BERT,mBERT,2,6506,val,2
BERT,mBERT,2,6508,test,0
BERT,mBERT,2,6510,test,0
BERT,mBERT,2,6511,val,0
BERT,mBERT,2,6512,val,1
BERT,mBERT,2,6514,val,0
BERT,mBERT,2,6516,val,0
BERT,mBERT,2,6521,val,0
BERT,mBERT,2,6526,test,0
BERT,mBERT,2,6528,test,2
BERT,mBERT,2,6530,val,0
BERT,mBERT,2,6531,val,0
BERT,mBERT,2,6532,test,1
BERT,mBERT,2,6535,test,2
BERT,mBERT,2,6536,test,2
BERT,mBERT,2,6537,test,0
BERT,mBERT,2,6539,val,0
BERT,mBERT,2,6540,val,0
BERT,mBERT,2,6541,val,0
BERT,mBERT,2,6544,test,0
BERT,mBERT,2,6546,val,1
BERT,mBERT,2,6547,test,0
BERT,mBERT,2,6548,test,0
BERT,mBERT,2,6549,test,0
BERT,mBERT,2,6550,test,0
BERT,mBERT,2,6553,test,0
BERT,mBERT,2,6555,val,0
BERT,mBERT,2,6556,test,0
BERT,mBERT,2,6557,test,0
BERT,mBERT,2,6563,test,1
BERT,mBERT,2,6564,test,2
BERT,mBERT,2,6566,test,0
BERT,mBERT,2,6571,val,2
BERT,mBERT,2,6573,test,0
BERT,mBERT,2,6574,test,0
BERT,mBERT,2,6576,val,0
BERT,mBERT,2,6577,test,2
BERT,mBERT,2,6579,test,2
BERT,mBERT,2,6580,val,1
BERT,mBERT,2,6581,test,0
BERT,mBERT,2,6582,val,1
BERT,mBERT,2,6583,val,0
BERT,mBERT,2,6584,val,2
BERT,mBERT,2,6585,test,0
BERT,mBERT,2,6587,val,0
BERT,mBERT,2,6588,test,0
BERT,mBERT,2,6590,val,1
BERT,mBERT,2,6592,test,0
BERT,mBERT,2,6593,test,0
BERT,mBERT,2,6594,test,0
BERT,mBERT,2,6597,test,0
BERT,mBERT,2,6598,test,1
BERT,mBERT,2,6599,val,0
BERT,mBERT,2,6600,test,2
BERT,mBERT,2,6601,val,2
BERT,mBERT,2,6603,val,0
BERT,mBERT,2,6605,test,0
BERT,mBERT,2,6610,test,2
BERT,mBERT,2,6614,test,0
BERT,mBERT,2,6617,val,0
BERT,mBERT,2,6619,test,0
BERT,mBERT,2,6622,val,2
BERT,mBERT,2,6624,test,0
BERT,mBERT,2,6625,test,2
BERT,mBERT,2,6627,val,2
BERT,mBERT,2,6630,val,1
BERT,mBERT,2,6631,test,0
BERT,mBERT,2,6632,test,0
BERT,mBERT,2,6633,test,0
BERT,mBERT,2,6634,test,2
BERT,mBERT,2,6639,test,0
BERT,mBERT,2,6645,test,0
BERT,mBERT,2,6646,val,2
BERT,mBERT,2,6648,val,2
BERT,mBERT,2,6649,val,0
BERT,mBERT,2,6652,test,1
BERT,mBERT,2,6655,test,2
BERT,mBERT,2,6656,test,0
BERT,mBERT,2,6658,test,0
BERT,mBERT,2,6659,test,0
BERT,mBERT,2,6660,val,2
BERT,mBERT,2,6663,val,0
BERT,mBERT,2,6664,test,2
BERT,mBERT,2,6665,val,0
BERT,mBERT,2,6670,test,1
BERT,mBERT,2,6671,test,0
BERT,mBERT,2,6672,val,2
BERT,mBERT,2,6673,val,1
BERT,mBERT,2,6677,val,0
BERT,mBERT,2,6678,val,2
BERT,mBERT,2,6679,test,2
BERT,mBERT,2,6681,test,2
BERT,mBERT,2,6686,val,2
BERT,mBERT,2,6691,test,0
BERT,mBERT,2,6692,test,0
BERT,mBERT,2,6693,test,2
BERT,mBERT,2,6695,test,0
BERT,mBERT,2,6696,test,0
BERT,mBERT,2,6700,val,0
BERT,mBERT,2,6701,val,0
BERT,mBERT,2,6702,test,2
BERT,mBERT,2,6703,val,0
BERT,mBERT,2,6704,test,2
BERT,mBERT,2,6707,val,0
BERT,mBERT,2,6709,test,2
BERT,mBERT,2,6710,val,0
BERT,mBERT,2,6711,test,0
BERT,mBERT,2,6712,test,0
BERT,mBERT,2,6714,test,0
BERT,mBERT,2,6715,test,2
BERT,mBERT,2,6716,test,1
BERT,mBERT,2,6717,test,2
BERT,mBERT,2,6719,test,2
BERT,mBERT,2,6722,test,2
BERT,mBERT,2,6723,val,0
BERT,mBERT,2,6724,test,0
BERT,mBERT,2,6726,val,0
BERT,mBERT,2,6728,test,0
BERT,mBERT,2,6729,val,0
BERT,mBERT,2,6730,val,2
BERT,mBERT,2,6731,val,2
BERT,mBERT,2,6733,test,0
BERT,mBERT,2,6734,test,2
BERT,mBERT,2,6736,test,2
BERT,mBERT,2,6738,test,2
BERT,mBERT,2,6740,val,0
BERT,mBERT,2,6742,test,2
BERT,mBERT,2,6743,val,2
BERT,mBERT,2,6745,val,2
BERT,mBERT,2,6750,test,2
BERT,mBERT,2,6753,val,0
BERT,mBERT,2,6755,test,0
BERT,mBERT,2,6758,test,2
BERT,mBERT,2,6759,val,2
BERT,mBERT,2,6761,val,0
BERT,mBERT,2,6762,test,1
BERT,mBERT,2,6764,val,2
BERT,mBERT,2,6766,test,1
BERT,mBERT,2,6767,test,1
BERT,mBERT,2,6769,val,2
BERT,mBERT,2,6772,val,0
BERT,mBERT,2,6773,test,0
BERT,mBERT,2,6776,val,2
BERT,mBERT,2,6777,test,0
BERT,mBERT,2,6778,test,0
BERT,mBERT,2,6779,val,2
BERT,mBERT,2,6780,val,0
BERT,mBERT,2,6783,test,2
BERT,mBERT,2,6785,test,0
BERT,mBERT,2,6786,val,0
BERT,mBERT,2,6787,val,2
BERT,mBERT,2,6788,val,0
BERT,mBERT,2,6790,val,0
BERT,mBERT,2,6791,val,1
BERT,mBERT,2,6792,val,0
BERT,mBERT,2,6803,val,0
BERT,mBERT,2,6804,test,0
BERT,mBERT,2,6806,test,0
BERT,mBERT,2,6807,test,0
BERT,mBERT,2,6810,test,0
BERT,mBERT,2,6812,val,0
BERT,mBERT,2,6813,val,0
BERT,mBERT,2,6816,val,1
BERT,mBERT,2,6819,val,1
BERT,mBERT,2,6820,test,2
BERT,mBERT,2,6821,test,2
BERT,mBERT,2,6822,test,2
BERT,mBERT,2,6824,test,1
BERT,mBERT,2,6825,test,0
BERT,mBERT,2,6826,val,0
BERT,mBERT,2,6828,val,1
BERT,mBERT,2,6830,test,1
BERT,mBERT,2,6832,test,1
BERT,mBERT,2,6833,test,0
BERT,mBERT,2,6835,val,0
BERT,mBERT,2,6837,test,0
BERT,mBERT,2,6839,test,2
BERT,mBERT,2,6845,val,2
BERT,mBERT,2,6847,val,0
BERT,mBERT,2,6848,test,2
BERT,mBERT,2,6849,test,0
BERT,mBERT,2,6853,val,0
BERT,mBERT,2,6855,val,0
BERT,mBERT,2,6857,test,0
BERT,mBERT,2,6859,val,1
BERT,mBERT,2,6860,val,2
BERT,mBERT,2,6861,val,2
BERT,mBERT,2,6864,test,2
BERT,mBERT,2,6866,test,1
BERT,mBERT,2,6870,test,0
BERT,mBERT,2,6877,val,0
BERT,mBERT,2,6879,test,2
BERT,mBERT,2,6881,val,0
BERT,mBERT,2,6883,val,2
BERT,mBERT,2,6884,val,0
BERT,mBERT,2,6886,val,0
BERT,mBERT,2,6888,test,2
BERT,mBERT,2,6890,val,1
BERT,mBERT,2,6893,test,0
BERT,mBERT,2,6895,test,0
BERT,mBERT,2,6897,test,0
BERT,mBERT,2,6899,test,0
BERT,mBERT,2,6900,val,2
BERT,mBERT,2,6902,val,2
BERT,mBERT,2,6903,test,0
BERT,mBERT,2,6904,val,0
BERT,mBERT,2,6905,val,2
BERT,mBERT,2,6906,val,0
BERT,mBERT,2,6907,val,0
BERT,mBERT,2,6908,test,1
BERT,mBERT,2,6910,val,2
BERT,mBERT,2,6912,test,0
BERT,mBERT,2,6913,val,2
BERT,mBERT,2,6916,val,2
BERT,mBERT,2,6918,test,0
BERT,mBERT,2,6922,test,1
BERT,mBERT,2,6924,test,0
BERT,mBERT,2,6925,test,2
BERT,mBERT,2,6926,test,0
BERT,mBERT,2,6929,test,2
BERT,mBERT,2,6930,test,2
BERT,mBERT,2,6931,test,2
BERT,mBERT,2,6933,val,0
BERT,mBERT,2,6934,val,2
BERT,mBERT,2,6935,test,2
BERT,mBERT,2,6941,val,0
BERT,mBERT,2,6942,test,0
BERT,mBERT,2,6945,test,2
BERT,mBERT,2,6946,val,1
BERT,mBERT,2,6947,test,0
BERT,mBERT,2,6948,test,1
BERT,mBERT,2,6950,val,0
BERT,mBERT,2,6951,test,2
BERT,mBERT,2,6953,test,2
BERT,mBERT,2,6954,test,0
BERT,mBERT,2,6955,val,0
BERT,mBERT,2,6956,test,2
BERT,mBERT,2,6958,val,0
BERT,mBERT,2,6959,test,0
BERT,mBERT,2,6962,test,0
BERT,mBERT,2,6963,test,1
BERT,mBERT,2,6966,test,0
BERT,mBERT,2,6967,test,0
BERT,mBERT,2,6972,test,2
BERT,mBERT,2,6974,test,0
BERT,mBERT,2,6977,test,0
BERT,mBERT,2,6978,val,0
BERT,mBERT,2,6979,test,1
BERT,mBERT,2,6980,test,0
BERT,mBERT,2,6981,test,0
BERT,mBERT,2,6985,test,1
BERT,mBERT,2,6987,test,0
BERT,mBERT,2,6988,val,0
BERT,mBERT,2,6989,test,0
BERT,mBERT,2,6990,val,1
BERT,mBERT,2,6992,val,0
BERT,mBERT,2,6993,val,2
BERT,mBERT,2,6995,val,0
BERT,mBERT,2,6996,val,1
BERT,mBERT,2,6997,test,0
BERT,mBERT,2,6999,val,0
BERT,mBERT,2,7000,val,2
BERT,mBERT,2,7001,val,0
BERT,mBERT,2,7002,val,2
BERT,mBERT,2,7004,test,0
BERT,mBERT,2,7007,test,0
BERT,mBERT,2,7008,test,1
BERT,mBERT,2,7013,val,2
BERT,mBERT,2,7014,test,2
BERT,mBERT,2,7015,test,2
BERT,mBERT,2,7016,val,2
BERT,mBERT,2,7019,val,2
BERT,mBERT,2,7023,test,2
BERT,mBERT,2,7025,test,0
BERT,mBERT,2,7028,test,2
BERT,mBERT,2,7030,test,2
BERT,mBERT,2,7033,test,0
BERT,mBERT,2,7035,test,0
BERT,mBERT,2,7036,test,0
BERT,mBERT,2,7037,val,0
BERT,mBERT,2,7038,val,2
BERT,mBERT,2,7041,test,0
BERT,mBERT,2,7042,val,0
BERT,mBERT,2,7044,val,0
BERT,mBERT,2,7045,test,2
BERT,mBERT,2,7047,test,0
BERT,mBERT,2,7048,test,2
BERT,mBERT,2,7049,val,1
BERT,mBERT,2,7050,val,2
BERT,mBERT,2,7052,test,0
BERT,mBERT,2,7053,test,2
BERT,mBERT,2,7055,val,2
BERT,mBERT,2,7056,val,2
BERT,mBERT,2,7059,test,2
BERT,mBERT,2,7060,val,1
BERT,mBERT,2,7061,test,0
BERT,mBERT,2,7062,val,2
BERT,mBERT,2,7063,val,2
BERT,mBERT,2,7066,test,0
BERT,mBERT,2,7069,val,1
BERT,mBERT,2,7071,test,2
BERT,mBERT,2,7077,val,2
BERT,mBERT,2,7081,test,2
BERT,mBERT,2,7084,val,2
BERT,mBERT,2,7085,test,2
BERT,mBERT,2,7086,test,0
BERT,mBERT,2,7089,val,2
BERT,mBERT,2,7090,test,0
BERT,mBERT,2,7091,val,0
BERT,mBERT,2,7093,val,0
BERT,mBERT,2,7095,val,0
BERT,mBERT,2,7097,test,2
BERT,mBERT,2,7101,val,0
BERT,mBERT,2,7102,val,0
BERT,mBERT,2,7104,test,1
BERT,mBERT,2,7109,test,0
BERT,mBERT,2,7111,test,2
BERT,mBERT,2,7112,test,0
BERT,mBERT,2,7116,test,0
BERT,mBERT,2,7118,test,0
BERT,mBERT,2,7122,val,2
BERT,mBERT,2,7123,val,1
BERT,mBERT,2,7124,test,1
BERT,mBERT,2,7131,val,0
BERT,mBERT,2,7132,val,0
BERT,mBERT,2,7134,test,0
BERT,mBERT,2,7135,test,0
BERT,mBERT,2,7140,val,0
BERT,mBERT,2,7142,val,0
BERT,mBERT,2,7143,test,0
BERT,mBERT,2,7144,val,0
BERT,mBERT,2,7145,val,2
BERT,mBERT,2,7146,val,0
BERT,mBERT,2,7150,test,0
BERT,mBERT,2,7151,test,0
BERT,mBERT,2,7152,test,1
BERT,mBERT,2,7156,val,0
BERT,mBERT,2,7157,test,0
BERT,mBERT,2,7160,val,0
BERT,mBERT,2,7163,test,2
BERT,mBERT,2,7164,val,0
BERT,mBERT,2,7167,val,0
BERT,mBERT,2,7171,val,0
BERT,mBERT,2,7172,test,2
BERT,mBERT,2,7174,test,0
BERT,mBERT,2,7177,val,0
BERT,mBERT,2,7179,test,2
BERT,mBERT,2,7181,val,0
BERT,mBERT,2,7182,val,2
BERT,mBERT,2,7189,val,2
BERT,mBERT,2,7194,test,0
BERT,mBERT,2,7200,val,0
BERT,mBERT,2,7201,test,2
BERT,mBERT,2,7202,val,2
BERT,mBERT,2,7207,val,0
BERT,mBERT,2,7209,test,2
BERT,mBERT,2,7210,val,0
BERT,mBERT,2,7211,val,0
BERT,mBERT,2,7213,val,0
BERT,mBERT,2,7215,test,0
BERT,mBERT,2,7217,test,0
BERT,mBERT,2,7220,val,2
BERT,mBERT,2,7221,test,2
BERT,mBERT,2,7228,test,1
BERT,mBERT,2,7229,test,1
BERT,mBERT,2,7230,val,2
BERT,mBERT,2,7231,val,2
BERT,mBERT,2,7233,test,0
BERT,mBERT,2,7234,val,0
BERT,mBERT,2,7235,val,0
BERT,mBERT,2,7237,val,2
BERT,mBERT,2,7238,test,0
BERT,mBERT,2,7240,test,2
BERT,mBERT,2,7243,test,0
BERT,mBERT,2,7245,val,2
BERT,mBERT,2,7250,test,2
BERT,mBERT,2,7251,val,0
BERT,mBERT,2,7252,test,0
BERT,mBERT,2,7253,val,0
BERT,mBERT,2,7255,test,2
BERT,mBERT,2,7256,val,1
BERT,mBERT,2,7259,test,0
BERT,mBERT,2,7261,test,0
BERT,mBERT,2,7262,test,0
BERT,mBERT,2,7263,val,0
BERT,mBERT,2,7265,val,0
BERT,mBERT,2,7267,val,0
BERT,mBERT,2,7268,val,0
BERT,mBERT,2,7270,val,0
BERT,mBERT,2,7271,test,0
BERT,mBERT,2,7272,test,0
BERT,mBERT,2,7273,val,0
BERT,mBERT,2,7274,test,0
BERT,mBERT,2,7277,val,0
BERT,mBERT,2,7278,val,2
BERT,mBERT,2,7281,val,2
BERT,mBERT,2,7285,val,1
BERT,mBERT,2,7286,test,0
BERT,mBERT,2,7289,test,0
BERT,mBERT,2,7290,test,0
BERT,mBERT,2,7296,val,0
BERT,mBERT,2,7297,test,0
BERT,mBERT,2,7298,test,2
BERT,mBERT,2,7299,test,2
BERT,mBERT,2,7300,test,2
BERT,mBERT,2,7301,val,2
BERT,mBERT,2,7302,test,0
BERT,mBERT,2,7305,test,2
BERT,mBERT,2,7306,test,1
BERT,mBERT,2,7307,test,0
BERT,mBERT,2,7308,test,0
BERT,mBERT,2,7311,test,0
BERT,mBERT,2,7312,val,0
BERT,mBERT,2,7317,val,0
BERT,mBERT,2,7318,test,0
BERT,mBERT,2,7319,test,0
BERT,mBERT,2,7327,test,0
BERT,mBERT,2,7330,val,0
BERT,mBERT,2,7331,val,2
BERT,mBERT,2,7333,test,0
BERT,mBERT,2,7334,val,0
BERT,mBERT,2,7338,test,2
BERT,mBERT,2,7339,test,0
BERT,mBERT,2,7340,test,2
BERT,mBERT,2,7342,test,2
BERT,mBERT,2,7343,val,0
BERT,mBERT,2,7344,val,0
BERT,mBERT,2,7345,test,0
BERT,mBERT,2,7347,test,2
BERT,mBERT,2,7348,test,0
BERT,mBERT,2,7355,test,0
BERT,mBERT,2,7357,val,0
BERT,mBERT,2,7358,test,0
BERT,mBERT,2,7359,test,0
BERT,mBERT,2,7360,val,0
BERT,mBERT,2,7361,test,0
BERT,mBERT,2,7364,val,0
BERT,mBERT,2,7368,test,2
BERT,mBERT,2,7369,test,1
BERT,mBERT,2,7371,test,2
BERT,mBERT,2,7372,val,0
BERT,mBERT,2,7373,val,2
BERT,mBERT,2,7375,val,0
BERT,mBERT,2,7376,val,2
BERT,mBERT,2,7377,val,0
BERT,mBERT,2,7378,test,2
BERT,mBERT,2,7379,test,0
BERT,mBERT,2,7384,test,2
BERT,mBERT,2,7385,val,0
BERT,mBERT,2,7386,test,0
BERT,mBERT,2,7388,test,0
BERT,mBERT,2,7389,val,0
BERT,mBERT,2,7391,val,0
BERT,mBERT,2,7394,test,2
BERT,mBERT,2,7396,test,2
BERT,mBERT,2,7399,test,0
BERT,mBERT,2,7400,val,2
BERT,mBERT,2,7401,val,0
BERT,mBERT,2,7402,test,2
BERT,mBERT,2,7405,val,2
BERT,mBERT,2,7406,test,2
BERT,mBERT,2,7407,val,2
BERT,mBERT,2,7411,test,0
BERT,mBERT,2,7417,test,2
BERT,mBERT,2,7419,val,0
BERT,mBERT,2,7421,test,0
BERT,mBERT,2,7425,val,1
BERT,mBERT,2,7426,test,2
BERT,mBERT,2,7428,test,2
BERT,mBERT,2,7429,test,2
BERT,mBERT,2,7430,test,0
BERT,mBERT,2,7431,test,2
BERT,mBERT,2,7432,test,1
BERT,mBERT,2,7437,val,0
BERT,mBERT,2,7438,val,0
BERT,mBERT,2,7440,test,2
BERT,mBERT,2,7441,val,2
BERT,mBERT,2,7442,val,2
BERT,mBERT,2,7443,val,0
BERT,mBERT,2,7444,test,1
BERT,mBERT,2,7445,val,2
BERT,mBERT,2,7446,val,2
BERT,mBERT,2,7447,val,0
BERT,mBERT,2,7448,val,2
BERT,mBERT,2,7450,test,0
BERT,mBERT,2,7453,test,0
BERT,mBERT,2,7456,test,0
BERT,mBERT,2,7461,test,0
BERT,mBERT,2,7468,test,0
BERT,mBERT,2,7469,test,2
BERT,mBERT,2,7473,test,2
BERT,mBERT,2,7474,test,0
BERT,mBERT,2,7475,val,2
BERT,mBERT,2,7476,test,0
BERT,mBERT,2,7478,val,0
BERT,mBERT,2,7479,val,0
BERT,mBERT,2,7480,val,0
BERT,mBERT,2,7485,test,0
BERT,mBERT,2,7486,val,2
BERT,mBERT,2,7490,test,2
BERT,mBERT,2,7491,val,2
BERT,mBERT,2,7493,test,0
BERT,mBERT,2,7494,test,0
BERT,mBERT,2,7497,test,2
BERT,mBERT,2,7499,val,0
BERT,mBERT,2,7500,val,0
BERT,mBERT,2,7501,test,2
BERT,mBERT,2,7505,val,0
BERT,mBERT,2,7506,test,0
BERT,mBERT,2,7507,val,2
BERT,mBERT,2,7508,test,1
BERT,mBERT,2,7509,test,0
BERT,mBERT,2,7510,val,2
BERT,mBERT,2,7511,val,0
BERT,mBERT,2,7515,test,2
BERT,mBERT,2,7516,val,0
BERT,mBERT,2,7517,test,2
BERT,mBERT,2,7520,val,0
BERT,mBERT,2,7522,val,1
BERT,mBERT,2,7523,test,2
BERT,mBERT,2,7524,val,2
BERT,mBERT,2,7526,test,0
BERT,mBERT,2,7529,test,0
BERT,mBERT,2,7531,test,0
BERT,mBERT,2,7532,val,0
BERT,mBERT,2,7536,test,0
BERT,mBERT,2,7538,test,2
BERT,mBERT,2,7541,val,2
BERT,mBERT,2,7542,val,0
BERT,mBERT,2,7543,test,0
BERT,mBERT,2,7545,test,2
BERT,mBERT,2,7547,val,0
BERT,mBERT,2,7549,test,0
BERT,mBERT,2,7550,val,0
BERT,mBERT,2,7551,test,0
BERT,mBERT,2,7554,test,1
BERT,mBERT,2,7558,test,0
BERT,mBERT,2,7559,val,0
BERT,mBERT,2,7560,val,2
BERT,mBERT,2,7561,test,1
BERT,mBERT,2,7563,test,0
BERT,mBERT,2,7566,test,0
BERT,mBERT,2,7567,test,0
BERT,mBERT,2,7570,val,2
BERT,mBERT,2,7571,val,0
BERT,mBERT,2,7572,val,0
BERT,mBERT,2,7573,val,2
BERT,mBERT,2,7575,test,0
BERT,mBERT,2,7576,test,0
BERT,mBERT,2,7578,test,0
BERT,mBERT,2,7586,test,0
BERT,mBERT,2,7588,test,0
BERT,mBERT,2,7589,val,0
BERT,mBERT,2,7592,val,2
BERT,mBERT,2,7593,val,0
BERT,mBERT,2,7596,test,0
BERT,mBERT,2,7597,val,0
BERT,mBERT,2,7598,test,0
BERT,mBERT,2,7599,test,2
BERT,mBERT,2,7601,val,0
BERT,mBERT,2,7604,test,1
BERT,mBERT,2,7606,val,0
BERT,mBERT,2,7607,val,0
BERT,mBERT,2,7609,test,2
BERT,mBERT,2,7611,test,0
BERT,mBERT,2,7612,val,0
BERT,mBERT,2,7613,val,0
BERT,mBERT,2,7615,test,0
BERT,mBERT,2,7617,val,0
BERT,mBERT,2,7619,test,0
BERT,mBERT,2,7621,test,0
BERT,mBERT,2,7624,test,0
BERT,mBERT,2,7627,val,0
BERT,mBERT,2,7628,test,2
BERT,mBERT,2,7629,val,0
BERT,mBERT,2,7633,val,0
BERT,mBERT,2,7638,test,2
BERT,mBERT,2,7640,test,0
BERT,mBERT,2,7642,test,0
BERT,mBERT,2,7645,val,0
BERT,mBERT,2,7646,val,0
BERT,mBERT,2,7647,test,2
BERT,mBERT,2,7649,val,1
BERT,mBERT,2,7650,test,2
BERT,mBERT,2,7651,test,0
BERT,mBERT,2,7653,val,2
BERT,mBERT,2,7654,val,0
BERT,mBERT,2,7657,val,2
BERT,mBERT,2,7658,test,2
BERT,mBERT,2,7660,test,0
BERT,mBERT,2,7661,val,2
BERT,mBERT,2,7662,test,1
BERT,mBERT,2,7663,test,2
BERT,mBERT,2,7665,val,0
BERT,mBERT,2,7666,val,0
BERT,mBERT,2,7669,test,0
BERT,mBERT,2,7670,val,0
BERT,mBERT,2,7671,test,2
BERT,mBERT,2,7673,val,0
BERT,mBERT,2,7678,test,2
BERT,mBERT,2,7679,test,0
BERT,mBERT,2,7683,val,2
BERT,mBERT,2,7686,test,2
BERT,mBERT,2,7687,test,2
BERT,mBERT,2,7688,test,0
BERT,mBERT,2,7690,test,2
BERT,mBERT,2,7691,test,0
BERT,mBERT,2,7693,test,0
BERT,mBERT,2,7696,val,0
BERT,mBERT,2,7699,val,1
BERT,mBERT,2,7700,test,0
BERT,mBERT,2,7703,val,2
BERT,mBERT,2,7704,test,0
BERT,mBERT,2,7707,test,0
BERT,mBERT,2,7708,test,0
BERT,mBERT,2,7710,test,2
BERT,mBERT,2,7713,test,0
BERT,mBERT,2,7716,val,0
BERT,mBERT,2,7718,test,2
BERT,mBERT,2,7719,test,2
BERT,mBERT,2,7720,val,0
BERT,mBERT,2,7721,test,2
BERT,mBERT,2,7722,val,0
BERT,mBERT,2,7723,val,0
BERT,mBERT,2,7724,test,2
BERT,mBERT,2,7725,val,2
BERT,mBERT,2,7727,val,0
BERT,mBERT,2,7728,val,0
BERT,mBERT,2,7729,val,2
BERT,mBERT,2,7730,test,0
BERT,mBERT,2,7732,test,0
BERT,mBERT,2,7733,test,0
BERT,mBERT,2,7735,val,0
BERT,mBERT,2,7736,test,2
BERT,mBERT,2,7738,val,0
BERT,mBERT,2,7739,test,0
BERT,mBERT,2,7743,test,0
BERT,mBERT,2,7744,val,0
BERT,mBERT,2,7749,test,2
BERT,mBERT,2,7750,test,1
BERT,mBERT,2,7751,val,0
BERT,mBERT,2,7755,val,2
BERT,mBERT,2,7756,test,2
BERT,mBERT,2,7758,test,0
BERT,mBERT,2,7759,test,0
BERT,mBERT,2,7761,val,0
BERT,mBERT,2,7764,test,0
BERT,mBERT,2,7766,test,2
BERT,mBERT,2,7768,val,0
BERT,mBERT,2,7770,test,2
BERT,mBERT,2,7772,test,0
BERT,mBERT,2,7774,test,2
BERT,mBERT,2,7775,test,0
BERT,mBERT,2,7777,test,2
BERT,mBERT,2,7780,test,0
BERT,mBERT,2,7781,test,2
BERT,mBERT,2,7783,test,0
BERT,mBERT,2,7784,test,0
BERT,mBERT,2,7786,test,0
BERT,mBERT,2,7787,test,0
BERT,mBERT,2,7788,test,0
BERT,mBERT,2,7790,val,1
BERT,mBERT,2,7793,test,0
BERT,mBERT,2,7794,val,0
BERT,mBERT,2,7798,test,0
BERT,mBERT,2,7800,val,2
BERT,mBERT,2,7803,test,0
BERT,mBERT,2,7804,test,1
BERT,mBERT,2,7806,test,0
BERT,mBERT,2,7807,test,0
BERT,mBERT,2,7809,val,0
BERT,mBERT,2,7813,test,2
BERT,mBERT,2,7817,val,2
BERT,mBERT,2,7818,test,0
BERT,mBERT,2,7819,val,2
BERT,mBERT,2,7821,val,2
BERT,mBERT,2,7824,test,0
BERT,mBERT,2,7826,test,2
BERT,mBERT,2,7827,val,0
BERT,mBERT,2,7828,val,0
BERT,mBERT,2,7829,test,2
BERT,mBERT,2,7832,test,0
BERT,mBERT,2,7833,test,0
BERT,mBERT,2,7835,test,2
BERT,mBERT,2,7836,val,2
BERT,mBERT,2,7837,val,2
BERT,mBERT,2,7838,val,0
BERT,mBERT,2,7839,test,2
BERT,mBERT,2,7842,test,2
BERT,mBERT,2,7845,test,0
BERT,mBERT,2,7847,test,0
BERT,mBERT,2,7851,test,2
BERT,mBERT,2,7852,test,0
BERT,mBERT,2,7853,val,2
BERT,mBERT,2,7855,test,2
BERT,mBERT,2,7856,test,0
BERT,mBERT,2,7859,test,2
BERT,mBERT,2,7862,test,0
BERT,mBERT,2,7865,val,2
BERT,mBERT,2,7866,val,0
BERT,mBERT,2,7867,test,2
BERT,mBERT,2,7869,val,2
BERT,mBERT,2,7872,test,0
BERT,mBERT,2,7873,val,0
BERT,mBERT,2,7874,val,0
BERT,mBERT,2,7875,test,2
BERT,mBERT,2,7879,test,0
BERT,mBERT,2,7882,test,2
BERT,mBERT,2,7883,val,0
BERT,mBERT,2,7887,test,0
BERT,mBERT,2,7888,test,0
BERT,mBERT,2,7890,test,0
BERT,mBERT,2,7892,test,0
BERT,mBERT,2,7893,val,1
BERT,mBERT,2,7894,val,1
BERT,mBERT,2,7896,test,0
BERT,mBERT,2,7897,test,0
BERT,mBERT,2,7899,test,0
BERT,mBERT,2,7901,val,2
BERT,mBERT,2,7902,test,0
BERT,mBERT,2,7903,val,2
BERT,mBERT,2,7906,test,0
BERT,mBERT,2,7907,val,0
BERT,mBERT,2,7909,test,2
BERT,mBERT,2,7910,test,2
BERT,mBERT,2,7913,test,0
BERT,mBERT,2,7914,test,2
BERT,mBERT,2,7916,test,0
BERT,mBERT,2,7921,test,0
BERT,mBERT,2,7922,test,1
BERT,mBERT,2,7923,val,2
BERT,mBERT,2,7926,val,2
BERT,mBERT,2,7927,test,1
BERT,mBERT,2,7929,test,2
BERT,mBERT,2,7933,val,2
BERT,mBERT,2,7934,val,2
BERT,mBERT,2,7935,test,0
BERT,mBERT,2,7936,test,0
BERT,mBERT,2,7937,test,0
BERT,mBERT,2,7939,val,0
BERT,mBERT,2,7940,test,0
BERT,mBERT,2,7942,val,0
BERT,mBERT,2,7944,test,2
BERT,mBERT,2,7946,test,2
BERT,mBERT,2,7952,test,0
BERT,mBERT,2,7953,test,2
BERT,mBERT,2,7954,val,0
BERT,mBERT,2,7955,test,0
BERT,mBERT,2,7956,test,0
BERT,mBERT,2,7957,test,0
BERT,mBERT,2,7958,test,2
BERT,mBERT,2,7959,val,0
BERT,mBERT,2,7960,test,0
BERT,mBERT,2,7961,test,0
BERT,mBERT,2,7962,test,0
BERT,mBERT,2,7965,val,2
BERT,mBERT,2,7967,val,1
BERT,mBERT,2,7968,test,1
BERT,mBERT,2,7969,val,0
BERT,mBERT,2,7971,test,1
BERT,mBERT,2,7975,test,0
BERT,mBERT,2,7976,val,2
BERT,mBERT,2,7977,test,0
BERT,mBERT,2,7978,test,0
BERT,mBERT,2,7979,test,0
BERT,mBERT,2,7980,test,2
BERT,mBERT,2,7981,test,2
BERT,mBERT,2,7982,val,1
BERT,mBERT,2,7984,val,0
BERT,mBERT,2,7987,val,0
BERT,mBERT,2,7990,test,2
BERT,mBERT,2,7992,val,0
BERT,mBERT,2,7994,val,2
BERT,mBERT,2,7995,test,0
BERT,mBERT,2,7997,test,0
BERT,mBERT,2,7998,test,0
BERT,mBERT,2,8002,test,2
BERT,mBERT,2,8003,test,0
BERT,mBERT,2,8004,val,0
BERT,mBERT,2,8010,val,2
BERT,mBERT,2,8011,test,1
BERT,mBERT,2,8013,val,0
BERT,mBERT,2,8015,test,2
BERT,mBERT,2,8019,val,0
BERT,mBERT,2,8020,val,1
BERT,mBERT,2,8021,val,0
BERT,mBERT,2,8024,test,0
BERT,mBERT,2,8025,test,2
BERT,mBERT,2,8028,test,2
BERT,mBERT,2,8029,test,0
BERT,mBERT,2,8030,test,0
BERT,mBERT,2,8035,val,0
BERT,mBERT,2,8039,val,0
BERT,mBERT,2,8040,test,0
BERT,mBERT,2,8041,test,0
BERT,mBERT,2,8042,test,2
BERT,mBERT,2,8048,val,0
BERT,mBERT,2,8050,test,2
BERT,mBERT,2,8052,test,0
BERT,mBERT,2,8054,test,2
BERT,mBERT,2,8056,val,2
BERT,mBERT,2,8058,val,2
BERT,mBERT,2,8060,val,0
BERT,mBERT,2,8061,test,0
BERT,mBERT,2,8066,test,1
BERT,mBERT,2,8067,val,1
BERT,mBERT,2,8069,test,0
BERT,mBERT,2,8070,test,2
BERT,mBERT,2,8071,test,1
BERT,mBERT,2,8073,val,2
BERT,mBERT,2,8074,test,0
BERT,mBERT,2,8075,test,0
BERT,mBERT,2,8076,val,0
BERT,mBERT,2,8077,test,0
BERT,mBERT,2,8078,test,2
BERT,mBERT,2,8079,val,0
BERT,mBERT,2,8080,val,0
BERT,mBERT,2,8081,test,0
BERT,mBERT,2,8082,test,1
BERT,mBERT,2,8083,test,2
BERT,mBERT,2,8084,test,0
BERT,mBERT,2,8085,test,2
BERT,mBERT,2,8088,test,2
BERT,mBERT,2,8089,val,2
BERT,mBERT,2,8091,test,0
BERT,mBERT,2,8095,val,2
BERT,mBERT,2,8099,test,1
BERT,mBERT,2,8100,test,1
BERT,mBERT,2,8101,test,0
BERT,mBERT,2,8103,test,0
BERT,mBERT,2,8104,val,0
BERT,mBERT,2,8105,test,0
BERT,mBERT,2,8108,test,0
BERT,mBERT,2,8109,val,0
BERT,mBERT,2,8111,test,0
BERT,mBERT,2,8112,val,1
BERT,mBERT,2,8113,test,2
BERT,mBERT,2,8114,test,2
BERT,mBERT,2,8118,val,0
BERT,mBERT,2,8121,val,0
BERT,mBERT,2,8122,test,2
BERT,mBERT,2,8123,val,2
BERT,mBERT,2,8124,test,1
BERT,mBERT,2,8126,test,1
BERT,mBERT,2,8129,val,0
BERT,mBERT,2,8130,test,2
BERT,mBERT,2,8132,test,0
BERT,mBERT,2,8135,test,0
BERT,mBERT,2,8136,test,2
BERT,mBERT,2,8137,test,0
BERT,mBERT,2,8143,val,0
BERT,mBERT,2,8145,test,2
BERT,mBERT,2,8146,val,1
BERT,mBERT,2,8147,test,0
BERT,mBERT,2,8149,test,0
BERT,mBERT,2,8150,val,0
BERT,mBERT,2,8151,test,0
BERT,mBERT,2,8152,test,2
BERT,mBERT,2,8158,test,0
BERT,mBERT,2,8159,test,2
BERT,mBERT,2,8164,test,0
BERT,mBERT,2,8165,test,0
BERT,mBERT,2,8166,val,0
BERT,mBERT,2,8167,test,0
BERT,mBERT,2,8168,test,0
BERT,mBERT,2,8169,val,0
BERT,mBERT,2,8170,val,0
BERT,mBERT,2,8171,test,0
BERT,mBERT,2,8172,val,2
BERT,mBERT,2,8174,val,2
BERT,mBERT,2,8179,val,2
BERT,mBERT,2,8180,test,1
BERT,mBERT,2,8182,test,0
BERT,mBERT,2,8185,test,2
BERT,mBERT,2,8186,test,0
BERT,mBERT,2,8187,val,0
BERT,mBERT,2,8189,val,0
BERT,mBERT,2,8190,test,0
BERT,mBERT,2,8193,val,0
BERT,mBERT,2,8199,test,0
BERT,mBERT,2,8200,val,2
BERT,mBERT,2,8203,test,0
BERT,mBERT,2,8204,val,0
BERT,mBERT,2,8207,val,0
BERT,mBERT,2,8209,test,0
BERT,mBERT,2,8210,val,1
BERT,mBERT,2,8211,test,0
BERT,mBERT,2,8213,val,1
BERT,mBERT,2,8214,val,2
BERT,mBERT,2,8215,val,0
BERT,mBERT,2,8217,test,0
BERT,mBERT,2,8218,test,0
BERT,mBERT,2,8219,test,2
BERT,mBERT,2,8220,val,0
BERT,mBERT,2,8221,val,0
BERT,mBERT,2,8222,test,0
BERT,mBERT,2,8224,val,0
BERT,mBERT,2,8225,val,2
BERT,mBERT,2,8228,val,0
BERT,mBERT,2,8232,test,2
BERT,mBERT,2,8233,test,0
BERT,mBERT,2,8234,test,0
BERT,mBERT,2,8237,val,0
BERT,mBERT,2,8239,test,0
BERT,mBERT,2,8240,test,0
BERT,mBERT,2,8241,val,2
BERT,mBERT,2,8243,test,0
BERT,mBERT,2,8244,test,2
BERT,mBERT,2,8245,test,0
BERT,mBERT,2,8246,val,2
BERT,mBERT,2,8247,test,2
BERT,mBERT,2,8250,test,0
BERT,mBERT,2,8251,test,0
BERT,mBERT,2,8252,test,0
BERT,mBERT,2,8254,test,1
BERT,mBERT,2,8257,val,1
BERT,mBERT,2,8258,val,2
BERT,mBERT,2,8259,test,0
BERT,mBERT,2,8261,val,0
BERT,mBERT,2,8264,test,2
BERT,mBERT,2,8265,test,2
BERT,mBERT,2,8266,test,2
BERT,mBERT,2,8267,test,0
BERT,mBERT,2,8268,val,0
BERT,mBERT,2,8269,val,0
BERT,mBERT,2,8272,test,2
BERT,mBERT,2,8273,test,0
BERT,mBERT,2,8276,val,0
BERT,mBERT,2,8277,test,2
BERT,mBERT,2,8282,val,2
BERT,mBERT,2,8283,val,2
BERT,mBERT,2,8286,test,0
BERT,mBERT,2,8287,val,0
BERT,mBERT,2,8289,test,2
BERT,mBERT,2,8290,val,2
BERT,mBERT,2,8296,test,0
BERT,mBERT,2,8298,val,2
BERT,mBERT,2,8299,test,2
BERT,mBERT,2,8300,test,0
BERT,mBERT,2,8303,val,0
BERT,mBERT,2,8304,val,2
BERT,mBERT,2,8305,test,1
BERT,mBERT,2,8306,val,0
BERT,mBERT,2,8307,val,2
BERT,mBERT,2,8310,test,0
BERT,mBERT,2,8311,val,0
BERT,mBERT,2,8312,test,2
BERT,mBERT,2,8313,test,2
BERT,mBERT,2,8314,val,2
BERT,mBERT,2,8316,test,1
BERT,mBERT,2,8318,test,0
BERT,mBERT,2,8319,test,1
BERT,mBERT,2,8321,val,0
BERT,mBERT,2,8322,test,0
BERT,mBERT,2,8323,test,0
BERT,mBERT,2,8325,test,0
BERT,mBERT,2,8326,test,0
BERT,mBERT,2,8328,test,0
BERT,mBERT,2,8330,test,1
BERT,mBERT,2,8331,test,0
BERT,mBERT,2,8332,val,2
BERT,mBERT,2,8333,val,0
BERT,mBERT,2,8334,val,0
BERT,mBERT,2,8337,test,0
BERT,mBERT,2,8339,test,0
BERT,mBERT,2,8340,val,0
BERT,mBERT,2,8343,test,0
BERT,mBERT,2,8348,test,2
BERT,mBERT,2,8351,test,2
BERT,mBERT,2,8352,val,2
BERT,mBERT,2,8353,test,0
BERT,mBERT,2,8355,val,2
BERT,mBERT,2,8357,test,2
BERT,mBERT,2,8358,test,0
BERT,mBERT,2,8359,test,2
BERT,mBERT,2,8360,test,1
BERT,mBERT,2,8361,test,0
BERT,mBERT,2,8364,val,2
BERT,mBERT,2,8366,test,2
BERT,mBERT,2,8368,test,2
BERT,mBERT,2,8369,test,0
BERT,mBERT,2,8371,test,2
BERT,mBERT,2,8372,test,0
BERT,mBERT,2,8375,test,2
BERT,mBERT,2,8378,test,0
BERT,mBERT,2,8383,test,0
BERT,mBERT,2,8386,test,0
BERT,mBERT,2,8387,test,0
BERT,mBERT,2,8390,test,2
BERT,mBERT,2,8392,test,0
BERT,mBERT,2,8393,test,1
BERT,mBERT,2,8394,test,0
BERT,mBERT,2,8395,test,0
BERT,mBERT,2,8397,test,0
BERT,mBERT,2,8399,val,2
BERT,mBERT,2,8400,test,2
BERT,mBERT,2,8403,test,2
BERT,mBERT,2,8404,test,2
BERT,mBERT,2,8407,val,0
BERT,mBERT,2,8414,val,2
BERT,mBERT,2,8415,test,0
BERT,mBERT,2,8417,test,2
BERT,mBERT,2,8419,val,0
BERT,mBERT,2,8420,test,0
BERT,mBERT,2,8421,val,1
BERT,mBERT,2,8428,val,0
BERT,mBERT,2,8430,test,1
BERT,mBERT,2,8433,test,2
BERT,mBERT,2,8435,val,0
BERT,mBERT,2,8437,val,2
BERT,mBERT,2,8438,test,2
BERT,mBERT,2,8440,val,0
BERT,mBERT,2,8443,test,0
BERT,mBERT,2,8444,test,0
BERT,mBERT,2,8445,val,2
BERT,mBERT,2,8446,test,2
BERT,mBERT,2,8447,val,2
BERT,mBERT,2,8449,test,0
BERT,mBERT,2,8451,val,2
BERT,mBERT,2,8453,val,2
BERT,mBERT,2,8454,test,0
BERT,mBERT,2,8456,test,2
BERT,mBERT,2,8457,val,0
BERT,mBERT,2,8458,test,2
BERT,mBERT,2,8459,test,0
BERT,mBERT,2,8464,val,0
BERT,mBERT,2,8465,val,2
BERT,mBERT,2,8466,test,0
BERT,mBERT,2,8467,val,1
BERT,mBERT,2,8468,test,2
BERT,mBERT,2,8470,val,0
BERT,mBERT,2,8471,val,0
BERT,mBERT,2,8472,test,2
BERT,mBERT,2,8473,val,0
BERT,mBERT,2,8474,test,0
BERT,mBERT,2,8475,test,2
BERT,mBERT,2,8480,val,2
BERT,mBERT,2,8483,test,0
BERT,mBERT,2,8485,test,2
BERT,mBERT,2,8486,val,2
BERT,mBERT,2,8487,val,0
BERT,mBERT,2,8488,test,0
BERT,mBERT,2,8489,test,0
BERT,mBERT,2,8491,test,1
BERT,mBERT,2,8493,test,0
BERT,mBERT,2,8496,val,1
BERT,mBERT,2,8501,test,0
BERT,mBERT,2,8504,test,0
BERT,mBERT,2,8505,test,1
BERT,mBERT,2,8506,test,0
BERT,mBERT,2,8507,test,1
BERT,mBERT,2,8509,test,0
BERT,mBERT,2,8510,val,1
BERT,mBERT,2,8511,val,2
BERT,mBERT,2,8512,val,0
BERT,mBERT,2,8517,val,0
BERT,mBERT,2,8519,val,2
BERT,mBERT,2,8522,test,2
BERT,mBERT,2,8525,test,0
BERT,mBERT,2,8529,val,0
BERT,mBERT,2,8530,val,0
BERT,mBERT,2,8533,test,0
BERT,mBERT,2,8535,val,0
BERT,mBERT,2,8538,val,0
BERT,mBERT,2,8539,val,2
BERT,mBERT,2,8540,test,2
BERT,mBERT,2,8541,test,0
BERT,mBERT,2,8542,test,0
BERT,mBERT,2,8547,test,2
BERT,mBERT,2,8548,val,2
BERT,mBERT,2,8549,val,0
BERT,mBERT,2,8550,val,2
BERT,mBERT,2,8551,test,0
BERT,mBERT,2,8553,val,2
BERT,mBERT,2,8554,test,2
BERT,mBERT,2,8557,test,0
BERT,mBERT,2,8563,test,0
BERT,mBERT,2,8566,test,0
BERT,mBERT,2,8569,val,2
BERT,mBERT,2,8570,val,0
BERT,mBERT,2,8571,val,0
BERT,mBERT,2,8572,test,2
BERT,mBERT,2,8575,val,0
BERT,mBERT,2,8577,val,2
BERT,mBERT,2,8578,test,0
BERT,mBERT,2,8580,test,0
BERT,mBERT,2,8582,test,0
BERT,mBERT,2,8585,val,0
BERT,mBERT,2,8586,test,0
BERT,mBERT,2,8587,test,2
BERT,mBERT,2,8588,val,0
BERT,mBERT,2,8590,test,0
BERT,mBERT,2,8592,val,2
BERT,mBERT,2,8594,val,1
BERT,mBERT,2,8595,test,2
BERT,mBERT,2,8596,test,0
BERT,mBERT,2,8598,test,2
BERT,mBERT,2,8600,test,0
BERT,mBERT,2,8602,val,2
BERT,mBERT,2,8603,val,0
BERT,mBERT,2,8604,val,2
BERT,mBERT,2,8605,test,2
BERT,mBERT,2,8606,test,1
BERT,mBERT,2,8612,val,0
BERT,mBERT,2,8613,val,0
BERT,mBERT,2,8618,val,2
BERT,mBERT,2,8620,test,0
BERT,mBERT,2,8621,test,1
BERT,mBERT,2,8622,test,0
BERT,mBERT,2,8623,test,2
BERT,mBERT,2,8624,val,0
BERT,mBERT,2,8625,val,0
BERT,mBERT,2,8627,test,0
BERT,mBERT,2,8628,test,0
BERT,mBERT,2,8630,val,2
BERT,mBERT,2,8633,test,2
BERT,mBERT,2,8634,test,0
BERT,mBERT,2,8637,val,2
BERT,mBERT,2,8638,test,0
BERT,mBERT,2,8640,test,2
BERT,mBERT,2,8643,val,0
BERT,mBERT,2,8647,test,2
BERT,mBERT,2,8648,test,2
BERT,mBERT,2,8653,val,2
BERT,mBERT,2,8654,test,2
BERT,mBERT,2,8657,val,0
BERT,mBERT,2,8659,test,2
BERT,mBERT,2,8660,test,2
BERT,mBERT,2,8663,val,2
BERT,mBERT,2,8666,test,0
BERT,mBERT,2,8669,test,0
BERT,mBERT,2,8670,test,0
BERT,mBERT,2,8673,val,2
BERT,mBERT,2,8678,test,0
BERT,mBERT,2,8679,test,0
BERT,mBERT,2,8680,test,2
BERT,mBERT,2,8681,val,0
BERT,mBERT,2,8682,test,0
BERT,mBERT,2,8684,test,0
BERT,mBERT,2,8686,val,2
BERT,mBERT,2,8687,test,2
BERT,mBERT,2,8688,test,2
BERT,mBERT,2,8692,test,2
BERT,mBERT,2,8693,val,0
BERT,mBERT,2,8694,test,2
BERT,mBERT,2,8696,test,2
BERT,mBERT,2,8699,test,0
BERT,mBERT,2,8700,val,2
BERT,mBERT,2,8701,test,2
BERT,mBERT,2,8702,val,2
BERT,mBERT,2,8706,test,1
BERT,mBERT,2,8708,test,2
BERT,mBERT,2,8709,test,2
BERT,mBERT,2,8711,test,1
BERT,mBERT,2,8714,test,0
BERT,mBERT,2,8715,val,0
BERT,mBERT,2,8721,test,2
BERT,mBERT,2,8723,test,2
BERT,mBERT,2,8724,val,0
BERT,mBERT,2,8728,val,0
BERT,mBERT,2,8731,val,0
BERT,mBERT,2,8732,val,0
BERT,mBERT,2,8734,val,0
BERT,mBERT,2,8737,val,2
BERT,mBERT,2,8741,test,2
BERT,mBERT,2,8742,test,1
BERT,mBERT,2,8744,test,0
BERT,mBERT,2,8745,val,0
BERT,mBERT,2,8746,val,0
BERT,mBERT,2,8749,val,1
BERT,mBERT,2,8750,val,0
BERT,mBERT,2,8751,test,0
BERT,mBERT,2,8752,test,0
BERT,mBERT,2,8753,test,0
BERT,mBERT,2,8754,test,1
BERT,mBERT,2,8756,test,2
BERT,mBERT,2,8760,val,2
BERT,mBERT,2,8762,test,0
BERT,mBERT,2,8764,val,0
BERT,mBERT,2,8772,test,2
BERT,mBERT,2,8774,test,2
BERT,mBERT,2,8775,test,2
BERT,mBERT,2,8776,val,0
BERT,mBERT,2,8777,test,2
BERT,mBERT,2,8778,test,0
BERT,mBERT,2,8784,val,2
BERT,mBERT,2,8786,val,0
BERT,mBERT,2,8789,test,2
BERT,mBERT,2,8790,test,2
BERT,mBERT,2,8791,test,2
BERT,mBERT,2,8793,test,2
BERT,mBERT,2,8794,test,2
BERT,mBERT,2,8796,val,0
BERT,mBERT,2,8797,test,0
BERT,mBERT,2,8798,test,0
BERT,mBERT,2,8802,val,0
BERT,mBERT,2,8803,val,0
BERT,mBERT,2,8804,test,0
BERT,mBERT,2,8805,test,0
BERT,mBERT,2,8810,val,2
BERT,mBERT,2,8811,test,2
BERT,mBERT,2,8812,val,2
BERT,mBERT,2,8814,test,0
BERT,mBERT,2,8815,val,1
BERT,mBERT,2,8818,test,2
BERT,mBERT,2,8820,test,2
BERT,mBERT,2,8825,val,2
BERT,mBERT,2,8826,test,0
BERT,mBERT,2,8827,test,0
BERT,mBERT,2,8829,test,0
BERT,mBERT,2,8831,test,0
BERT,mBERT,2,8833,val,0
BERT,mBERT,2,8836,test,0
BERT,mBERT,2,8838,val,2
BERT,mBERT,2,8839,test,0
BERT,mBERT,2,8841,val,0
BERT,mBERT,2,8843,test,0
BERT,mBERT,2,8844,val,1
BERT,mBERT,2,8846,test,1
BERT,mBERT,2,8847,val,2
BERT,mBERT,2,8848,test,2
BERT,mBERT,2,8851,test,2
BERT,mBERT,2,8856,test,2
BERT,mBERT,2,8859,val,2
BERT,mBERT,2,8860,val,2
BERT,mBERT,2,8861,test,0
BERT,mBERT,2,8863,val,2
BERT,mBERT,2,8865,val,0
BERT,mBERT,2,8866,val,1
BERT,mBERT,2,8869,test,2
BERT,mBERT,2,8871,val,0
BERT,mBERT,2,8876,test,2
BERT,mBERT,2,8877,val,2
BERT,mBERT,2,8878,test,2
BERT,mBERT,2,8881,test,1
BERT,mBERT,2,8882,val,0
BERT,mBERT,2,8884,test,2
BERT,mBERT,2,8886,test,2
BERT,mBERT,2,8889,val,0
BERT,mBERT,2,8891,val,2
BERT,mBERT,2,8892,test,0
BERT,mBERT,2,8894,test,2
BERT,mBERT,2,8897,test,2
BERT,mBERT,2,8898,val,0
BERT,mBERT,2,8899,val,0
BERT,mBERT,2,8900,test,2
BERT,mBERT,2,8903,test,0
BERT,mBERT,2,8905,val,0
BERT,mBERT,2,8907,val,2
BERT,mBERT,2,8914,val,2
BERT,mBERT,2,8919,test,2
BERT,mBERT,2,8924,test,0
BERT,mBERT,2,8926,val,2
BERT,mBERT,2,8930,test,2
BERT,mBERT,2,8931,test,0
BERT,mBERT,2,8932,val,0
BERT,mBERT,2,8933,test,0
BERT,mBERT,2,8936,test,0
BERT,mBERT,2,8937,val,0
BERT,mBERT,2,8938,test,0
BERT,mBERT,2,8940,val,0
BERT,mBERT,2,8946,test,1
BERT,mBERT,2,8947,test,2
BERT,mBERT,2,8951,test,2
BERT,mBERT,2,8954,val,0
BERT,mBERT,2,8956,test,2
BERT,mBERT,2,8958,val,1
BERT,mBERT,2,8959,test,0
BERT,mBERT,2,8960,val,2
BERT,mBERT,2,8964,test,0
BERT,mBERT,2,8967,val,0
BERT,mBERT,2,8968,test,2
BERT,mBERT,2,8970,test,2
BERT,mBERT,2,8971,val,0
BERT,mBERT,2,8972,test,0
BERT,mBERT,2,8973,test,1
BERT,mBERT,2,8975,test,0
BERT,mBERT,2,8979,test,0
BERT,mBERT,2,8981,test,0
BERT,mBERT,2,8982,val,2
BERT,mBERT,2,8983,val,0
BERT,mBERT,2,8984,val,0
BERT,mBERT,2,8985,test,1
BERT,mBERT,2,8990,test,0
BERT,mBERT,2,8991,test,2
BERT,mBERT,2,8993,val,2
BERT,mBERT,2,8994,test,0
BERT,mBERT,2,8996,test,2
BERT,mBERT,2,8997,val,2
BERT,mBERT,2,8998,test,0
BERT,mBERT,2,8999,val,1
BERT,mBERT,2,9001,test,0
BERT,mBERT,2,9002,val,2
BERT,mBERT,2,9003,test,2
BERT,mBERT,2,9004,test,2
BERT,mBERT,2,9005,val,2
BERT,mBERT,2,9007,val,0
BERT,mBERT,2,9012,test,0
BERT,mBERT,2,9014,test,0
BERT,mBERT,2,9015,val,2
BERT,mBERT,2,9020,test,0
BERT,mBERT,2,9021,test,0
BERT,mBERT,2,9025,test,0
BERT,mBERT,2,9026,test,0
BERT,mBERT,2,9030,test,2
BERT,mBERT,2,9032,val,2
BERT,mBERT,2,9034,val,0
BERT,mBERT,2,9035,test,2
BERT,mBERT,2,9036,val,0
BERT,mBERT,2,9042,val,0
BERT,mBERT,2,9044,val,2
BERT,mBERT,2,9046,val,0
BERT,mBERT,2,9048,test,0
BERT,mBERT,2,9050,test,0
BERT,mBERT,2,9051,val,0
BERT,mBERT,2,9053,val,0
BERT,mBERT,2,9055,val,1
BERT,mBERT,2,9058,val,0
BERT,mBERT,2,9059,test,2
BERT,mBERT,2,9060,test,2
BERT,mBERT,2,9061,val,2
BERT,mBERT,2,9062,test,1
BERT,mBERT,2,9065,test,1
BERT,mBERT,2,9069,test,0
BERT,mBERT,2,9071,test,0
BERT,mBERT,2,9072,test,0
BERT,mBERT,2,9074,val,2
BERT,mBERT,2,9075,test,0
BERT,mBERT,2,9078,val,0
BERT,mBERT,2,9081,test,2
BERT,mBERT,2,9084,test,0
BERT,mBERT,2,9088,val,0
BERT,mBERT,2,9089,test,1
BERT,mBERT,2,9090,val,0
BERT,mBERT,2,9093,test,0
BERT,mBERT,2,9095,test,1
BERT,mBERT,2,9097,test,2
BERT,mBERT,2,9098,test,0
BERT,mBERT,2,9099,val,0
BERT,mBERT,2,9101,test,0
BERT,mBERT,2,9102,test,2
BERT,mBERT,2,9103,val,1
BERT,mBERT,2,9108,val,0
BERT,mBERT,2,9109,val,0
BERT,mBERT,2,9112,test,0
BERT,mBERT,2,9113,test,0
BERT,mBERT,2,9115,val,2
BERT,mBERT,2,9118,val,0
BERT,mBERT,2,9123,test,0
BERT,mBERT,2,9124,val,2
BERT,mBERT,2,9125,val,2
BERT,mBERT,2,9129,test,2
BERT,mBERT,2,9131,test,0
BERT,mBERT,2,9134,test,0
BERT,mBERT,2,9137,test,2
BERT,mBERT,2,9138,val,1
BERT,mBERT,2,9139,test,0
BERT,mBERT,2,9140,test,2
BERT,mBERT,2,9141,test,0
BERT,mBERT,2,9144,test,2
BERT,mBERT,2,9146,val,0
BERT,mBERT,2,9147,test,0
BERT,mBERT,2,9150,test,2
BERT,mBERT,2,9151,test,0
BERT,mBERT,2,9153,val,2
BERT,mBERT,2,9155,val,0
BERT,mBERT,2,9156,val,0
BERT,mBERT,2,9159,test,2
BERT,mBERT,2,9160,test,0
BERT,mBERT,2,9161,test,1
BERT,mBERT,2,9162,test,0
BERT,mBERT,2,9163,test,0
BERT,mBERT,2,9165,val,1
BERT,mBERT,2,9166,test,2
BERT,mBERT,2,9167,test,0
BERT,mBERT,2,9168,test,0
BERT,mBERT,2,9169,val,0
BERT,mBERT,2,9171,val,2
BERT,mBERT,2,9172,test,0
BERT,mBERT,2,9173,test,0
BERT,mBERT,2,9176,test,0
BERT,mBERT,2,9183,test,0
BERT,mBERT,2,9185,test,0
BERT,mBERT,2,9186,test,2
BERT,mBERT,2,9190,test,0
BERT,mBERT,2,9191,val,0
BERT,mBERT,2,9192,val,0
BERT,mBERT,2,9197,val,2
BERT,mBERT,2,9198,test,0
BERT,mBERT,2,9202,test,2
BERT,mBERT,2,9203,val,0
BERT,mBERT,2,9205,val,0
BERT,mBERT,2,9206,test,0
BERT,mBERT,2,9207,test,0
BERT,mBERT,2,9208,test,0
BERT,mBERT,2,9210,test,2
BERT,mBERT,2,9211,test,2
BERT,mBERT,2,9212,test,0
BERT,mBERT,2,9213,test,0
BERT,mBERT,2,9216,test,0
BERT,mBERT,2,9217,test,0
BERT,mBERT,2,9218,test,0
BERT,mBERT,2,9220,test,0
BERT,mBERT,2,9224,test,0
BERT,mBERT,2,9225,test,0
BERT,mBERT,2,9226,test,1
BERT,mBERT,2,9227,val,0
BERT,mBERT,2,9231,val,0
BERT,mBERT,2,9235,val,0
BERT,mBERT,2,9237,test,0
BERT,mBERT,2,9240,test,0
BERT,mBERT,2,9246,val,1
BERT,mBERT,2,9248,test,0
BERT,mBERT,2,9251,test,0
BERT,mBERT,2,9252,val,2
BERT,mBERT,2,9253,test,0
BERT,mBERT,2,9256,test,0
BERT,mBERT,2,9257,test,0
BERT,mBERT,2,9258,test,0
BERT,mBERT,2,9261,val,0
BERT,mBERT,2,9262,test,0
BERT,mBERT,2,9264,val,0
BERT,mBERT,2,9266,val,2
BERT,mBERT,2,9269,test,0
BERT,mBERT,2,9271,val,0
BERT,mBERT,2,9276,test,2
BERT,mBERT,2,9277,test,0
BERT,mBERT,2,9280,val,1
BERT,mBERT,2,9282,test,2
BERT,mBERT,2,9284,test,0
BERT,mBERT,2,9288,test,0
BERT,mBERT,2,9289,test,2
BERT,mBERT,2,9292,val,0
BERT,mBERT,2,9293,test,0
BERT,mBERT,2,9295,test,0
BERT,mBERT,2,9300,test,2
BERT,mBERT,2,9303,val,0
BERT,mBERT,2,9304,val,0
BERT,mBERT,2,9305,val,1
BERT,mBERT,2,9310,val,0
BERT,mBERT,2,9311,test,2
BERT,mBERT,2,9312,test,2
BERT,mBERT,2,9313,val,2
BERT,mBERT,2,9318,test,2
BERT,mBERT,2,9320,val,0
BERT,mBERT,2,9321,val,0
BERT,mBERT,2,9326,test,0
BERT,mBERT,2,9327,test,2
BERT,mBERT,2,9329,test,2
BERT,mBERT,2,9331,val,1
BERT,mBERT,2,9333,test,0
BERT,mBERT,2,9335,test,0
BERT,mBERT,2,9338,val,0
BERT,mBERT,2,9340,val,0
BERT,mBERT,2,9341,val,0
BERT,mBERT,2,9342,test,0
BERT,mBERT,2,9349,val,0
BERT,mBERT,2,9351,val,1
BERT,mBERT,2,9356,val,0
BERT,mBERT,2,9358,test,2
BERT,mBERT,2,9359,test,0
BERT,mBERT,2,9360,val,1
BERT,mBERT,2,9364,test,0
BERT,mBERT,2,9366,test,0
BERT,mBERT,2,9367,test,2
BERT,mBERT,2,9369,val,0
BERT,mBERT,2,9371,test,0
BERT,mBERT,2,9376,val,0
BERT,mBERT,2,9377,test,0
BERT,mBERT,2,9378,test,0
BERT,mBERT,2,9379,test,0
BERT,mBERT,2,9380,val,2
BERT,mBERT,2,9381,val,2
BERT,mBERT,2,9383,val,0
BERT,mBERT,2,9385,val,1
BERT,mBERT,2,9386,val,0
BERT,mBERT,2,9387,test,0
BERT,mBERT,2,9388,val,0
BERT,mBERT,2,9389,val,2
BERT,mBERT,2,9394,test,2
BERT,mBERT,2,9398,test,0
BERT,mBERT,2,9400,val,0
BERT,mBERT,2,9401,test,0
BERT,mBERT,2,9407,test,0
BERT,mBERT,2,9408,test,0
BERT,mBERT,2,9409,val,2
BERT,mBERT,2,9411,test,1
BERT,mBERT,2,9412,test,0
BERT,mBERT,2,9414,test,0
BERT,mBERT,2,9415,test,0
BERT,mBERT,2,9419,test,0
BERT,mBERT,2,9420,val,2
BERT,mBERT,2,9423,test,2
BERT,mBERT,2,9424,test,2
BERT,mBERT,2,9425,test,2
BERT,mBERT,2,9426,test,1
BERT,mBERT,2,9429,test,0
BERT,mBERT,2,9431,val,0
BERT,mBERT,2,9433,val,0
BERT,mBERT,2,9436,test,2
BERT,mBERT,2,9439,test,2
BERT,mBERT,2,9443,test,2
BERT,mBERT,2,9446,test,2
BERT,mBERT,2,9447,val,1
BERT,mBERT,2,9448,test,1
BERT,mBERT,2,9449,val,0
BERT,mBERT,2,9450,val,2
BERT,mBERT,2,9453,test,2
BERT,mBERT,2,9459,val,0
BERT,mBERT,2,9461,test,0
BERT,mBERT,2,9464,test,2
BERT,mBERT,2,9466,test,0
BERT,mBERT,2,9468,val,2
BERT,mBERT,2,9469,test,2
BERT,mBERT,2,9470,test,2
BERT,mBERT,2,9471,test,0
BERT,mBERT,2,9472,test,0
BERT,mBERT,2,9474,val,2
BERT,mBERT,2,9475,val,0
BERT,mBERT,2,9476,val,2
BERT,mBERT,2,9477,test,2
BERT,mBERT,2,9478,test,2
BERT,mBERT,2,9488,val,0
BERT,mBERT,2,9491,val,0
BERT,mBERT,2,9492,val,0
BERT,mBERT,2,9496,test,2
BERT,mBERT,2,9497,val,2
BERT,mBERT,2,9499,val,2
BERT,mBERT,2,9501,val,2
BERT,mBERT,2,9503,test,2
BERT,mBERT,2,9504,val,0
BERT,mBERT,2,9505,val,1
BERT,mBERT,2,9508,test,2
BERT,mBERT,2,9509,test,2
BERT,mBERT,2,9513,test,0
BERT,mBERT,2,9514,test,0
BERT,mBERT,2,9519,val,2
BERT,mBERT,2,9520,val,2
BERT,mBERT,2,9523,val,2
BERT,mBERT,2,9526,test,0
BERT,mBERT,2,9528,test,2
BERT,mBERT,2,9531,test,2
BERT,mBERT,2,9533,test,0
BERT,mBERT,2,9537,test,1
BERT,mBERT,2,9538,val,0
BERT,mBERT,2,9539,test,0
BERT,mBERT,2,9541,val,0
BERT,mBERT,2,9545,test,0
BERT,mBERT,2,9547,test,0
BERT,mBERT,2,9548,val,1
BERT,mBERT,2,9551,val,0
BERT,mBERT,2,9554,test,0
BERT,mBERT,2,9555,val,1
BERT,mBERT,2,9557,val,0
BERT,mBERT,2,9560,test,0
BERT,mBERT,2,9562,val,0
BERT,mBERT,2,9564,test,2
BERT,mBERT,2,9567,val,0
BERT,mBERT,2,9568,test,0
BERT,mBERT,2,9571,test,0
BERT,mBERT,2,9572,val,2
BERT,mBERT,2,9573,val,0
BERT,mBERT,2,9574,test,0
BERT,mBERT,2,9576,test,0
BERT,mBERT,2,9578,test,2
BERT,mBERT,2,9581,val,2
BERT,mBERT,2,9584,test,0
BERT,mBERT,2,9585,val,0
BERT,mBERT,2,9586,test,2
BERT,mBERT,2,9588,val,0
BERT,mBERT,2,9589,val,1
BERT,mBERT,2,9596,test,1
BERT,mBERT,2,9597,val,2
BERT,mBERT,2,9601,test,0
BERT,mBERT,2,9602,test,2
BERT,mBERT,2,9603,val,2
BERT,mBERT,2,9604,test,0
BERT,mBERT,2,9605,val,0
BERT,mBERT,2,9606,val,0
BERT,mBERT,2,9607,test,0
BERT,mBERT,2,9608,val,0
BERT,mBERT,2,9609,test,0
BERT,mBERT,2,9610,test,0
BERT,mBERT,2,9612,test,2
BERT,mBERT,2,9620,test,0
BERT,mBERT,2,9622,test,2
BERT,mBERT,2,9626,test,2
BERT,mBERT,2,9628,val,0
BERT,mBERT,2,9630,val,2
BERT,mBERT,2,9631,test,0
BERT,mBERT,2,9634,val,0
BERT,mBERT,2,9637,test,0
BERT,mBERT,2,9639,val,0
BERT,mBERT,2,9640,test,0
BERT,mBERT,2,9646,test,0
BERT,mBERT,2,9647,test,0
BERT,mBERT,2,9649,test,0
BERT,mBERT,2,9653,val,0
BERT,mBERT,2,9657,test,0
BERT,mBERT,2,9658,test,0
BERT,mBERT,2,9660,val,0
BERT,mBERT,2,9662,test,0
BERT,mBERT,2,9664,test,0
BERT,mBERT,2,9667,test,2
BERT,mBERT,2,9668,val,0
BERT,mBERT,2,9670,test,2
BERT,mBERT,2,9671,test,2
BERT,mBERT,2,9672,test,1
BERT,mBERT,2,9673,val,1
BERT,mBERT,2,9674,val,1
BERT,mBERT,2,9675,test,2
BERT,mBERT,2,9676,val,0
BERT,mBERT,2,9680,test,2
BERT,mBERT,2,9681,val,0
BERT,mBERT,2,9682,test,1
BERT,mBERT,2,9686,val,2
BERT,mBERT,2,9688,val,0
BERT,mBERT,2,9689,val,0
BERT,mBERT,2,9692,test,2
BERT,mBERT,2,9693,val,1
BERT,mBERT,2,9694,val,0
BERT,mBERT,2,9701,val,2
BERT,mBERT,2,9703,test,0
BERT,mBERT,2,9704,val,2
BERT,mBERT,2,9706,test,0
BERT,mBERT,2,9711,test,0
BERT,mBERT,2,9714,val,0
BERT,mBERT,2,9715,val,2
BERT,mBERT,2,9716,val,0
BERT,mBERT,2,9719,val,0
BERT,mBERT,2,9722,test,2
BERT,mBERT,2,9724,test,0
BERT,mBERT,2,9726,val,0
BERT,mBERT,2,9728,test,1
BERT,mBERT,2,9729,test,2
BERT,mBERT,2,9730,val,1
BERT,mBERT,2,9731,val,2
BERT,mBERT,2,9733,test,0
BERT,mBERT,2,9735,val,0
BERT,mBERT,2,9736,test,0
BERT,mBERT,2,9738,test,2
BERT,mBERT,2,9740,val,0
BERT,mBERT,2,9744,test,1
BERT,mBERT,2,9745,val,1
BERT,mBERT,2,9748,test,0
BERT,mBERT,2,9749,test,2
BERT,mBERT,2,9754,test,0
BERT,mBERT,2,9756,val,2
BERT,mBERT,2,9758,val,2
BERT,mBERT,2,9762,test,0
BERT,mBERT,2,9766,test,0
BERT,mBERT,2,9768,test,2
BERT,mBERT,2,9770,val,0
BERT,mBERT,2,9776,val,0
BERT,mBERT,2,9777,test,0
BERT,mBERT,2,9784,test,0
BERT,mBERT,2,9785,test,0
BERT,mBERT,2,9786,test,0
BERT,mBERT,2,9789,test,0
BERT,mBERT,2,9790,val,0
BERT,mBERT,2,9792,test,2
BERT,mBERT,2,9793,val,2
BERT,mBERT,2,9796,test,2
BERT,mBERT,2,9798,test,2
BERT,mBERT,2,9801,val,2
BERT,mBERT,2,9802,test,0
BERT,mBERT,2,9806,test,0
BERT,mBERT,2,9808,val,0
BERT,mBERT,2,9809,test,0
BERT,mBERT,2,9810,test,0
BERT,mBERT,2,9811,val,2
BERT,mBERT,2,9812,test,1
BERT,mBERT,2,9817,val,0
BERT,mBERT,2,9818,val,2
BERT,mBERT,2,9821,test,2
BERT,mBERT,2,9823,test,0
BERT,mBERT,2,9825,test,0
BERT,mBERT,2,9826,test,0
BERT,mBERT,2,9828,test,2
BERT,mBERT,2,9831,val,0
BERT,mBERT,2,9833,test,1
BERT,mBERT,2,9837,test,0
BERT,mBERT,2,9840,test,0
BERT,mBERT,2,9850,test,0
BERT,mBERT,2,9851,test,0
BERT,mBERT,2,9853,test,0
BERT,mBERT,2,9854,test,0
BERT,mBERT,2,9856,val,0
BERT,mBERT,2,9857,val,1
BERT,mBERT,2,9859,val,0
BERT,mBERT,2,9860,val,0
BERT,mBERT,2,9862,test,2
BERT,mBERT,2,9863,val,0
BERT,mBERT,2,9865,test,0
BERT,mBERT,2,9869,test,1
BERT,mBERT,2,9870,test,0
BERT,mBERT,2,9871,test,0
BERT,mBERT,2,9873,test,2
BERT,mBERT,2,9874,val,2
BERT,mBERT,2,9879,test,0
BERT,mBERT,2,9881,test,0
BERT,mBERT,2,9882,val,0
BERT,mBERT,2,9883,test,1
BERT,mBERT,2,9885,test,2
BERT,mBERT,2,9888,val,2
BERT,mBERT,2,9890,test,0
BERT,mBERT,2,9893,test,0
BERT,mBERT,2,9900,test,0
BERT,mBERT,2,9901,val,0
BERT,mBERT,2,9902,test,0
BERT,mBERT,2,9905,val,0
BERT,mBERT,2,9906,val,0
BERT,mBERT,2,9910,test,2
BERT,mBERT,2,9911,test,2
BERT,mBERT,2,9912,test,0
BERT,mBERT,2,9913,val,0
BERT,mBERT,2,9914,test,0
BERT,mBERT,2,9915,test,0
BERT,mBERT,2,9919,test,2
BERT,mBERT,2,9920,test,0
BERT,mBERT,2,9923,val,0
BERT,mBERT,2,9924,test,0
BERT,mBERT,2,9925,test,0
BERT,mBERT,2,9928,test,2
BERT,mBERT,2,9932,test,2
BERT,mBERT,2,9933,test,0
BERT,mBERT,2,9934,val,0
BERT,mBERT,2,9935,test,0
BERT,mBERT,2,9937,test,2
BERT,mBERT,2,9938,val,2
BERT,mBERT,2,9942,test,0
BERT,mBERT,2,9943,val,2
BERT,mBERT,2,9946,test,0
BERT,mBERT,2,9947,test,2
BERT,mBERT,2,9948,test,0
BERT,mBERT,2,9950,test,1
BERT,mBERT,2,9951,val,0
BERT,mBERT,2,9952,test,0
BERT,mBERT,2,9956,test,2
BERT,mBERT,2,9957,test,0
BERT,mBERT,2,9959,test,2
BERT,mBERT,2,9960,val,0
BERT,mBERT,2,9961,test,1
BERT,mBERT,2,9962,test,0
BERT,mBERT,2,9963,test,0
BERT,mBERT,2,9964,test,2
BERT,mBERT,2,9965,test,2
BERT,mBERT,2,9967,test,2
BERT,mBERT,2,9968,test,2
BERT,mBERT,2,9969,test,0
BERT,mBERT,2,9970,val,1
BERT,mBERT,2,9972,val,0
BERT,mBERT,2,9973,test,2
BERT,mBERT,2,9974,test,1
BERT,mBERT,2,9977,val,0
BERT,mBERT,2,9979,val,2
BERT,mBERT,2,9982,test,2
BERT,mBERT,2,9983,test,0
BERT,mBERT,2,9984,val,0
BERT,mBERT,2,9985,test,1
BERT,mBERT,2,9990,val,1
BERT,mBERT,2,9991,test,0
BERT,mBERT,2,9992,val,0
BERT,mBERT,2,9994,val,2
BERT,mBERT,2,9996,val,0
BERT,mBERT,2,9997,test,2
BERT,mBERT,2,9999,val,2
BERT,mBERT,2,10003,val,0
BERT,mBERT,2,10007,val,0
BERT,mBERT,2,10008,val,0
BERT,mBERT,2,10009,test,2
BERT,mBERT,2,10012,test,0
BERT,mBERT,2,10013,val,0
BERT,mBERT,2,10014,val,0
BERT,mBERT,2,10016,test,0
BERT,mBERT,2,10017,test,0
BERT,mBERT,2,10018,test,0
BERT,mBERT,2,10019,val,0
BERT,mBERT,2,10021,val,0
BERT,mBERT,2,10025,test,0
BERT,mBERT,2,10026,val,0
BERT,mBERT,2,10028,test,2
BERT,mBERT,2,10033,test,0
BERT,mBERT,2,10034,test,0
BERT,mBERT,2,10035,test,2
BERT,mBERT,2,10037,test,0
BERT,mBERT,2,10040,val,1
BERT,mBERT,2,10041,test,0
BERT,mBERT,2,10043,test,0
BERT,mBERT,2,10047,test,1
BERT,mBERT,2,10048,test,1
BERT,mBERT,2,10049,test,0
BERT,mBERT,2,10051,test,0
BERT,mBERT,2,10052,test,2
BERT,mBERT,2,10054,test,0
BERT,mBERT,2,10055,test,2
BERT,mBERT,2,10056,val,2
BERT,mBERT,2,10057,test,0
BERT,mBERT,2,10059,val,0
BERT,mBERT,2,10062,val,0
BERT,mBERT,2,10065,val,0
BERT,mBERT,2,10067,test,0
BERT,mBERT,2,10069,test,2
BERT,mBERT,2,10070,val,2
BERT,mBERT,2,10071,val,2
BERT,mBERT,2,10073,val,0
BERT,mBERT,2,10078,val,0
BERT,mBERT,2,10080,val,1
BERT,mBERT,2,10082,val,2
BERT,mBERT,2,10086,test,0
BERT,mBERT,2,10087,test,2
BERT,mBERT,2,10089,test,2
BERT,mBERT,2,10090,test,2
BERT,mBERT,2,10091,test,0
BERT,mBERT,2,10092,val,2
BERT,mBERT,2,10094,test,2
BERT,mBERT,2,10095,test,0
BERT,mBERT,2,10096,test,0
BERT,mBERT,2,10098,test,1
BERT,mBERT,2,10099,test,2
BERT,mBERT,2,10101,test,0
BERT,mBERT,2,10102,test,0
BERT,mBERT,2,10105,val,1
BERT,mBERT,2,10106,val,0
BERT,mBERT,2,10107,test,1
BERT,mBERT,2,10108,test,1
BERT,mBERT,2,10109,val,1
BERT,mBERT,2,10111,test,1
BERT,mBERT,2,10113,test,0
BERT,mBERT,2,10114,val,0
BERT,mBERT,2,10121,val,2
BERT,mBERT,2,10125,test,2
BERT,mBERT,2,10127,val,2
BERT,mBERT,2,10128,test,0
BERT,mBERT,2,10129,test,0
BERT,mBERT,2,10131,val,2
BERT,mBERT,2,10132,test,0
BERT,mBERT,2,10135,test,2
BERT,mBERT,2,10136,test,2
BERT,mBERT,2,10137,val,0
BERT,mBERT,2,10140,val,2
BERT,mBERT,2,10144,val,2
BERT,mBERT,2,10146,val,0
BERT,mBERT,2,10147,val,2
BERT,mBERT,2,10149,test,2
BERT,mBERT,2,10150,val,2
BERT,mBERT,2,10153,test,0
BERT,mBERT,2,10154,val,0
BERT,mBERT,2,10156,test,0
BERT,mBERT,2,10157,test,0
BERT,mBERT,2,10158,val,0
BERT,mBERT,2,10160,val,0
BERT,mBERT,2,10161,val,1
BERT,mBERT,2,10163,val,0
BERT,mBERT,2,10168,test,0
BERT,mBERT,2,10172,val,0
BERT,mBERT,2,10173,val,1
BERT,mBERT,2,10174,val,0
BERT,mBERT,2,10177,test,0
BERT,mBERT,2,10178,val,1
BERT,mBERT,2,10180,val,2
BERT,mBERT,2,10184,val,2
BERT,mBERT,2,10187,val,2
BERT,mBERT,2,10191,test,0
BERT,mBERT,2,10193,val,0
BERT,mBERT,2,10194,test,0
BERT,mBERT,2,10195,test,2
BERT,mBERT,2,10196,test,2
BERT,mBERT,2,10198,val,0
BERT,mBERT,2,10201,test,2
BERT,mBERT,2,10202,val,0
BERT,mBERT,2,10203,val,0
BERT,mBERT,2,10205,val,0
BERT,mBERT,2,10207,test,1
BERT,mBERT,2,10208,test,0
BERT,mBERT,2,10209,test,0
BERT,mBERT,2,10213,val,1
BERT,mBERT,2,10214,test,0
BERT,mBERT,2,10217,val,0
BERT,mBERT,2,10218,test,0
BERT,mBERT,2,10219,val,0
BERT,mBERT,2,10221,test,0
BERT,mBERT,2,10222,test,0
BERT,mBERT,2,10225,test,2
BERT,mBERT,2,10229,test,0
BERT,mBERT,2,10231,test,0
BERT,mBERT,2,10232,test,2
BERT,mBERT,2,10239,val,0
BERT,mBERT,2,10240,test,0
BERT,mBERT,2,10241,val,0
BERT,mBERT,2,10242,val,0
BERT,mBERT,2,10243,val,0
BERT,mBERT,2,10247,test,0
BERT,mBERT,2,10250,test,0
BERT,mBERT,2,10254,test,0
BERT,mBERT,2,10256,val,2
BERT,mBERT,2,10257,test,0
BERT,mBERT,2,10258,test,2
BERT,mBERT,2,10261,test,1
BERT,mBERT,2,10265,val,2
BERT,mBERT,2,10266,test,2
BERT,mBERT,2,10267,val,2
BERT,mBERT,2,10269,test,1
BERT,mBERT,2,10271,test,0
BERT,mBERT,2,10272,val,2
BERT,mBERT,2,10274,test,1
BERT,mBERT,2,10277,test,0
BERT,mBERT,2,10281,test,2
BERT,mBERT,2,10282,test,0
BERT,mBERT,2,10283,test,0
BERT,mBERT,2,10284,val,0
BERT,mBERT,2,10285,test,2
BERT,mBERT,2,10286,test,2
BERT,mBERT,2,10287,test,0
BERT,mBERT,2,10288,test,2
BERT,mBERT,2,10290,test,0
BERT,mBERT,2,10292,test,2
BERT,mBERT,2,10293,test,0
BERT,mBERT,2,10294,val,0
BERT,mBERT,2,10295,val,2
BERT,mBERT,2,10296,test,1
BERT,mBERT,2,10297,val,0
BERT,mBERT,2,10299,test,0
BERT,mBERT,2,10302,test,0
BERT,mBERT,2,10303,val,0
BERT,mBERT,2,10305,val,0
BERT,mBERT,2,10310,val,2
BERT,mBERT,2,10311,val,1
BERT,mBERT,2,10312,val,0
BERT,mBERT,2,10313,test,0
BERT,mBERT,2,10316,val,0
BERT,mBERT,2,10317,val,0
BERT,mBERT,2,10318,val,0
BERT,mBERT,2,10321,val,2
BERT,mBERT,2,10322,test,2
BERT,mBERT,2,10323,test,2
BERT,mBERT,2,10325,test,0
BERT,mBERT,2,10326,test,0
BERT,mBERT,2,10329,val,2
BERT,mBERT,2,10331,val,0
BERT,mBERT,2,10332,val,0
BERT,mBERT,2,10342,val,0
BERT,mBERT,2,10343,test,0
BERT,mBERT,2,10345,test,0
BERT,mBERT,2,10346,test,0
BERT,mBERT,2,10348,test,1
BERT,mBERT,2,10350,val,0
BERT,mBERT,2,10351,val,0
BERT,mBERT,2,10354,test,0
BERT,mBERT,2,10356,test,0
BERT,mBERT,2,10358,test,1
BERT,mBERT,2,10359,test,0
BERT,mBERT,2,10367,val,1
BERT,mBERT,2,10369,test,2
BERT,mBERT,2,10370,test,2
BERT,mBERT,2,10372,val,0
BERT,mBERT,2,10375,val,0
BERT,mBERT,2,10376,test,2
BERT,mBERT,2,10379,test,0
BERT,mBERT,2,10381,test,0
BERT,mBERT,2,10382,test,2
BERT,mBERT,2,10384,val,0
BERT,mBERT,2,10385,val,0
BERT,mBERT,2,10386,test,0
BERT,mBERT,2,10389,val,0
BERT,mBERT,2,10390,val,0
BERT,mBERT,2,10391,test,2
BERT,mBERT,2,10392,val,0
BERT,mBERT,2,10402,val,0
BERT,mBERT,2,10403,val,0
BERT,mBERT,2,10405,val,0
BERT,mBERT,2,10407,test,0
BERT,mBERT,2,10408,test,1
BERT,mBERT,2,10411,val,2
BERT,mBERT,2,10414,val,1
BERT,mBERT,2,10415,val,1
BERT,mBERT,2,10416,val,2
BERT,mBERT,2,10417,test,2
BERT,mBERT,2,10419,val,2
BERT,mBERT,2,10420,test,0
BERT,mBERT,2,10421,test,2
BERT,mBERT,2,10426,test,1
BERT,mBERT,2,10427,test,0
BERT,mBERT,2,10434,val,0
BERT,mBERT,2,10436,test,1
BERT,mBERT,2,10439,test,0
BERT,mBERT,2,10440,val,2
BERT,mBERT,2,10441,test,2
BERT,mBERT,2,10443,test,1
BERT,mBERT,2,10444,test,0
BERT,mBERT,2,10446,val,2
BERT,mBERT,2,10448,test,2
BERT,mBERT,2,10449,test,1
BERT,mBERT,2,10450,test,0
BERT,mBERT,2,10452,val,0
BERT,mBERT,2,10453,test,0
BERT,mBERT,2,10455,test,2
BERT,mBERT,2,10457,test,0
BERT,mBERT,2,10458,test,0
BERT,mBERT,2,10459,test,0
BERT,mBERT,2,10460,val,0
BERT,mBERT,2,10461,test,2
BERT,mBERT,2,10463,val,0
BERT,mBERT,2,10464,test,0
BERT,mBERT,2,10465,test,0
BERT,mBERT,2,10469,test,0
BERT,mBERT,2,10471,test,0
BERT,mBERT,2,10472,val,2
BERT,mBERT,2,10475,test,2
BERT,mBERT,2,10478,val,0
BERT,mBERT,2,10479,val,2
BERT,mBERT,2,10481,test,0
BERT,mBERT,2,10487,test,0
BERT,mBERT,2,10488,test,0
BERT,mBERT,2,10490,test,0
BERT,mBERT,2,10492,val,0
BERT,mBERT,2,10493,test,0
BERT,mBERT,2,10499,test,0
BERT,mBERT,2,10501,val,2
BERT,mBERT,2,10505,val,0
BERT,mBERT,2,10508,test,2
BERT,mBERT,2,10511,val,0
BERT,mBERT,2,10513,test,2
BERT,mBERT,2,10514,test,2
BERT,mBERT,2,10517,test,0
BERT,mBERT,2,10519,test,0
BERT,mBERT,2,10520,test,0
BERT,mBERT,2,10522,test,0
BERT,mBERT,2,10524,test,2
BERT,mBERT,2,10525,val,0
BERT,mBERT,2,10530,test,0
BERT,mBERT,2,10532,test,0
BERT,mBERT,2,10534,val,0
BERT,mBERT,2,10539,test,1
BERT,mBERT,2,10540,val,0
BERT,mBERT,2,10542,val,0
BERT,mBERT,2,10543,test,0
BERT,mBERT,2,10546,test,0
BERT,mBERT,2,10547,val,0
BERT,mBERT,2,10551,test,2
BERT,mBERT,2,10552,test,2
BERT,mBERT,2,10553,val,0
BERT,mBERT,2,10554,test,2
BERT,mBERT,2,10555,test,0
BERT,mBERT,2,10556,val,1
BERT,mBERT,2,10557,val,0
BERT,mBERT,2,10559,test,0
BERT,mBERT,2,10563,val,2
BERT,mBERT,2,10565,test,0
BERT,mBERT,2,10566,val,0
BERT,mBERT,2,10569,val,0
BERT,mBERT,2,10571,val,0
BERT,mBERT,2,10572,val,0
BERT,mBERT,2,10574,val,2
BERT,mBERT,2,10576,val,0
BERT,mBERT,2,10580,val,0
BERT,mBERT,2,10582,val,0
BERT,mBERT,2,10583,val,2
BERT,mBERT,2,10592,test,0
BERT,mBERT,2,10595,val,0
BERT,mBERT,2,10596,val,0
BERT,mBERT,2,10597,val,1
BERT,mBERT,2,10599,val,0
BERT,mBERT,2,10601,val,0
BERT,mBERT,2,10603,test,0
BERT,mBERT,2,10605,test,0
BERT,mBERT,2,10606,val,0
BERT,mBERT,2,10607,test,2
BERT,mBERT,2,10609,test,0
BERT,mBERT,2,10610,val,0
BERT,mBERT,2,10612,test,2
BERT,mBERT,2,10613,test,2
BERT,mBERT,2,10614,test,2
BERT,mBERT,2,10615,test,0
BERT,mBERT,2,10617,val,0
BERT,mBERT,2,10618,test,1
BERT,mBERT,2,10621,val,1
BERT,mBERT,2,10628,test,0
BERT,mBERT,2,10629,val,1
BERT,mBERT,2,10631,test,0
BERT,mBERT,2,10633,test,0
BERT,mBERT,2,10634,val,2
BERT,mBERT,2,10640,test,2
BERT,mBERT,2,10642,test,0
BERT,mBERT,2,10643,val,0
BERT,mBERT,2,10644,test,2
BERT,mBERT,2,10645,val,2
BERT,mBERT,2,10648,val,1
BERT,mBERT,2,10651,test,0
BERT,mBERT,2,10652,val,0
BERT,mBERT,2,10653,test,2
BERT,mBERT,2,10654,val,0
BERT,mBERT,2,10655,test,0
BERT,mBERT,2,10658,val,1
BERT,mBERT,2,10659,val,0
BERT,mBERT,2,10660,val,1
BERT,mBERT,2,10661,val,0
BERT,mBERT,2,10662,test,0
BERT,mBERT,2,10663,test,0
BERT,mBERT,2,10666,val,1
BERT,mBERT,2,10668,test,0
BERT,mBERT,2,10671,val,1
BERT,mBERT,2,10672,test,0
BERT,mBERT,2,10673,val,0
BERT,mBERT,2,10674,test,0
BERT,mBERT,2,10675,val,0
BERT,mBERT,2,10678,test,0
BERT,mBERT,2,10679,test,2
BERT,mBERT,2,10682,test,1
BERT,mBERT,2,10683,test,0
BERT,mBERT,2,10684,test,1
BERT,mBERT,2,10685,test,0
BERT,mBERT,2,10686,test,1
BERT,mBERT,2,10689,test,1
BERT,mBERT,2,10692,val,1
BERT,mBERT,2,10693,val,2
BERT,mBERT,2,10696,val,0
BERT,mBERT,2,10697,test,2
BERT,mBERT,2,10698,test,0
BERT,mBERT,2,10699,test,0
BERT,mBERT,2,10700,val,0
BERT,mBERT,2,10702,val,2
BERT,mBERT,2,10703,test,1
BERT,mBERT,2,10704,val,2
BERT,mBERT,2,10705,test,0
BERT,mBERT,2,10706,val,0
BERT,mBERT,2,10707,test,1
BERT,mBERT,2,10708,test,2
BERT,mBERT,2,10711,val,1
BERT,mBERT,2,10713,test,0
BERT,mBERT,2,10714,val,0
BERT,mBERT,2,10715,test,0
BERT,mBERT,2,10717,val,0
BERT,mBERT,2,10721,val,0
BERT,mBERT,2,10722,val,2
BERT,mBERT,2,10723,val,0
BERT,mBERT,2,10724,val,0
BERT,mBERT,2,10727,test,0
BERT,mBERT,2,10728,val,0
BERT,mBERT,2,10730,val,0
BERT,mBERT,2,10731,val,2
BERT,mBERT,2,10732,test,0
BERT,mBERT,2,10733,val,1
BERT,mBERT,2,10734,val,0
BERT,mBERT,2,10735,val,2
BERT,mBERT,2,10736,test,0
BERT,mBERT,2,10737,val,0
BERT,mBERT,2,10740,test,2
BERT,mBERT,3,1,test,0
BERT,mBERT,3,2,test,2
BERT,mBERT,3,6,val,0
BERT,mBERT,3,7,test,0
BERT,mBERT,3,12,val,1
BERT,mBERT,3,14,test,2
BERT,mBERT,3,15,test,2
BERT,mBERT,3,19,test,2
BERT,mBERT,3,23,val,0
BERT,mBERT,3,26,test,0
BERT,mBERT,3,30,test,1
BERT,mBERT,3,32,test,0
BERT,mBERT,3,34,test,2
BERT,mBERT,3,37,val,0
BERT,mBERT,3,39,val,1
BERT,mBERT,3,40,val,0
BERT,mBERT,3,42,test,0
BERT,mBERT,3,43,test,0
BERT,mBERT,3,44,val,0
BERT,mBERT,3,45,val,0
BERT,mBERT,3,47,test,0
BERT,mBERT,3,48,test,0
BERT,mBERT,3,49,test,0
BERT,mBERT,3,50,val,0
BERT,mBERT,3,51,test,0
BERT,mBERT,3,52,test,0
BERT,mBERT,3,54,test,2
BERT,mBERT,3,55,val,0
BERT,mBERT,3,56,test,0
BERT,mBERT,3,58,test,0
BERT,mBERT,3,59,test,1
BERT,mBERT,3,61,test,2
BERT,mBERT,3,62,val,0
BERT,mBERT,3,63,test,2
BERT,mBERT,3,64,test,0
BERT,mBERT,3,66,test,0
BERT,mBERT,3,67,test,0
BERT,mBERT,3,69,val,1
BERT,mBERT,3,70,test,2
BERT,mBERT,3,71,test,0
BERT,mBERT,3,72,test,0
BERT,mBERT,3,73,val,0
BERT,mBERT,3,76,val,0
BERT,mBERT,3,77,test,0
BERT,mBERT,3,78,val,0
BERT,mBERT,3,79,test,2
BERT,mBERT,3,81,val,0
BERT,mBERT,3,82,val,0
BERT,mBERT,3,87,val,0
BERT,mBERT,3,88,val,1
BERT,mBERT,3,91,val,0
BERT,mBERT,3,92,test,2
BERT,mBERT,3,95,test,0
BERT,mBERT,3,96,test,2
BERT,mBERT,3,98,test,0
BERT,mBERT,3,99,test,0
BERT,mBERT,3,100,test,0
BERT,mBERT,3,101,test,0
BERT,mBERT,3,104,test,0
BERT,mBERT,3,106,val,0
BERT,mBERT,3,111,val,1
BERT,mBERT,3,114,val,0
BERT,mBERT,3,115,val,2
BERT,mBERT,3,116,test,0
BERT,mBERT,3,118,val,0
BERT,mBERT,3,122,val,0
BERT,mBERT,3,123,val,1
BERT,mBERT,3,126,test,0
BERT,mBERT,3,127,val,1
BERT,mBERT,3,129,val,0
BERT,mBERT,3,133,test,0
BERT,mBERT,3,135,test,0
BERT,mBERT,3,138,val,1
BERT,mBERT,3,140,test,0
BERT,mBERT,3,141,test,2
BERT,mBERT,3,148,test,0
BERT,mBERT,3,150,test,0
BERT,mBERT,3,153,test,1
BERT,mBERT,3,155,test,1
BERT,mBERT,3,156,test,0
BERT,mBERT,3,162,test,1
BERT,mBERT,3,163,val,2
BERT,mBERT,3,164,test,1
BERT,mBERT,3,166,test,0
BERT,mBERT,3,169,val,1
BERT,mBERT,3,170,val,2
BERT,mBERT,3,171,test,1
BERT,mBERT,3,176,test,1
BERT,mBERT,3,177,val,0
BERT,mBERT,3,181,test,0
BERT,mBERT,3,182,test,0
BERT,mBERT,3,184,val,2
BERT,mBERT,3,185,test,0
BERT,mBERT,3,187,test,0
BERT,mBERT,3,191,test,2
BERT,mBERT,3,194,val,0
BERT,mBERT,3,197,test,0
BERT,mBERT,3,202,test,0
BERT,mBERT,3,205,val,2
BERT,mBERT,3,207,test,0
BERT,mBERT,3,209,test,0
BERT,mBERT,3,212,val,2
BERT,mBERT,3,213,test,0
BERT,mBERT,3,214,test,0
BERT,mBERT,3,216,test,1
BERT,mBERT,3,219,val,2
BERT,mBERT,3,220,test,0
BERT,mBERT,3,221,test,0
BERT,mBERT,3,222,val,1
BERT,mBERT,3,225,val,0
BERT,mBERT,3,227,val,0
BERT,mBERT,3,229,val,2
BERT,mBERT,3,231,test,0
BERT,mBERT,3,232,val,0
BERT,mBERT,3,233,test,2
BERT,mBERT,3,234,test,1
BERT,mBERT,3,235,test,0
BERT,mBERT,3,236,test,0
BERT,mBERT,3,240,val,1
BERT,mBERT,3,241,test,0
BERT,mBERT,3,242,val,2
BERT,mBERT,3,243,val,0
BERT,mBERT,3,244,val,1
BERT,mBERT,3,246,test,0
BERT,mBERT,3,248,test,0
BERT,mBERT,3,250,val,1
BERT,mBERT,3,255,val,0
BERT,mBERT,3,258,val,0
BERT,mBERT,3,260,test,0
BERT,mBERT,3,263,val,2
BERT,mBERT,3,268,test,0
BERT,mBERT,3,269,val,0
BERT,mBERT,3,276,test,0
BERT,mBERT,3,278,val,0
BERT,mBERT,3,280,test,1
BERT,mBERT,3,281,test,2
BERT,mBERT,3,282,val,1
BERT,mBERT,3,283,val,0
BERT,mBERT,3,286,test,0
BERT,mBERT,3,288,val,0
BERT,mBERT,3,291,val,1
BERT,mBERT,3,292,val,0
BERT,mBERT,3,294,val,1
BERT,mBERT,3,295,val,0
BERT,mBERT,3,296,test,0
BERT,mBERT,3,297,val,0
BERT,mBERT,3,298,test,0
BERT,mBERT,3,299,val,0
BERT,mBERT,3,300,test,0
BERT,mBERT,3,301,val,0
BERT,mBERT,3,302,test,1
BERT,mBERT,3,303,val,0
BERT,mBERT,3,304,test,1
BERT,mBERT,3,306,test,0
BERT,mBERT,3,307,val,0
BERT,mBERT,3,308,test,0
BERT,mBERT,3,310,val,1
BERT,mBERT,3,313,test,1
BERT,mBERT,3,316,test,0
BERT,mBERT,3,320,val,2
BERT,mBERT,3,322,val,1
BERT,mBERT,3,324,val,0
BERT,mBERT,3,327,test,0
BERT,mBERT,3,331,val,0
BERT,mBERT,3,333,test,0
BERT,mBERT,3,335,test,2
BERT,mBERT,3,337,test,0
BERT,mBERT,3,338,val,0
BERT,mBERT,3,339,val,0
BERT,mBERT,3,340,val,1
BERT,mBERT,3,341,val,0
BERT,mBERT,3,342,test,0
BERT,mBERT,3,343,val,0
BERT,mBERT,3,345,val,0
BERT,mBERT,3,347,test,1
BERT,mBERT,3,352,val,0
BERT,mBERT,3,353,test,0
BERT,mBERT,3,355,val,0
BERT,mBERT,3,356,test,0
BERT,mBERT,3,358,test,1
BERT,mBERT,3,360,val,0
BERT,mBERT,3,361,val,1
BERT,mBERT,3,364,val,2
BERT,mBERT,3,370,test,1
BERT,mBERT,3,371,val,0
BERT,mBERT,3,377,val,1
BERT,mBERT,3,378,test,0
BERT,mBERT,3,382,val,0
BERT,mBERT,3,384,test,0
BERT,mBERT,3,387,val,1
BERT,mBERT,3,390,val,0
BERT,mBERT,3,391,test,0
BERT,mBERT,3,396,test,0
BERT,mBERT,3,399,val,0
BERT,mBERT,3,402,val,0
BERT,mBERT,3,404,test,0
BERT,mBERT,3,405,val,1
BERT,mBERT,3,407,test,0
BERT,mBERT,3,408,test,1
BERT,mBERT,3,409,val,0
BERT,mBERT,3,411,val,2
BERT,mBERT,3,414,test,2
BERT,mBERT,3,418,val,1
BERT,mBERT,3,419,test,0
BERT,mBERT,3,422,test,1
BERT,mBERT,3,426,test,0
BERT,mBERT,3,427,val,0
BERT,mBERT,3,428,test,0
BERT,mBERT,3,429,val,2
BERT,mBERT,3,430,val,0
BERT,mBERT,3,431,test,0
BERT,mBERT,3,432,test,0
BERT,mBERT,3,434,val,2
BERT,mBERT,3,435,test,0
BERT,mBERT,3,439,test,0
BERT,mBERT,3,442,val,0
BERT,mBERT,3,445,val,0
BERT,mBERT,3,448,val,0
BERT,mBERT,3,449,val,1
BERT,mBERT,3,450,test,0
BERT,mBERT,3,451,test,0
BERT,mBERT,3,453,test,0
BERT,mBERT,3,454,val,0
BERT,mBERT,3,456,val,0
BERT,mBERT,3,457,val,1
BERT,mBERT,3,458,val,0
BERT,mBERT,3,459,test,1
BERT,mBERT,3,460,val,0
BERT,mBERT,3,462,val,1
BERT,mBERT,3,463,val,1
BERT,mBERT,3,465,test,0
BERT,mBERT,3,467,test,1
BERT,mBERT,3,470,test,0
BERT,mBERT,3,471,test,1
BERT,mBERT,3,473,test,1
BERT,mBERT,3,476,val,0
BERT,mBERT,3,477,test,0
BERT,mBERT,3,479,test,1
BERT,mBERT,3,480,test,1
BERT,mBERT,3,482,val,0
BERT,mBERT,3,488,val,0
BERT,mBERT,3,489,val,1
BERT,mBERT,3,491,test,0
BERT,mBERT,3,493,val,0
BERT,mBERT,3,494,test,1
BERT,mBERT,3,497,val,0
BERT,mBERT,3,498,test,1
BERT,mBERT,3,499,test,0
BERT,mBERT,3,500,val,0
BERT,mBERT,3,504,test,0
BERT,mBERT,3,506,test,1
BERT,mBERT,3,507,test,0
BERT,mBERT,3,509,test,1
BERT,mBERT,3,510,test,1
BERT,mBERT,3,511,val,1
BERT,mBERT,3,512,test,2
BERT,mBERT,3,515,test,1
BERT,mBERT,3,517,test,1
BERT,mBERT,3,520,test,1
BERT,mBERT,3,521,test,0
BERT,mBERT,3,522,val,1
BERT,mBERT,3,523,test,1
BERT,mBERT,3,527,test,1
BERT,mBERT,3,529,val,0
BERT,mBERT,3,531,val,0
BERT,mBERT,3,532,test,0
BERT,mBERT,3,534,val,1
BERT,mBERT,3,536,val,1
BERT,mBERT,3,537,test,1
BERT,mBERT,3,538,test,1
BERT,mBERT,3,540,test,1
BERT,mBERT,3,542,val,0
BERT,mBERT,3,544,val,1
BERT,mBERT,3,546,test,1
BERT,mBERT,3,550,val,0
BERT,mBERT,3,551,test,1
BERT,mBERT,3,554,val,1
BERT,mBERT,3,557,test,1
BERT,mBERT,3,558,val,0
BERT,mBERT,3,560,test,0
BERT,mBERT,3,564,test,0
BERT,mBERT,3,565,test,1
BERT,mBERT,3,566,test,0
BERT,mBERT,3,567,test,1
BERT,mBERT,3,568,test,0
BERT,mBERT,3,570,val,2
BERT,mBERT,3,574,test,0
BERT,mBERT,3,575,val,1
BERT,mBERT,3,576,test,0
BERT,mBERT,3,578,test,1
BERT,mBERT,3,579,test,1
BERT,mBERT,3,580,test,1
BERT,mBERT,3,581,val,1
BERT,mBERT,3,582,val,1
BERT,mBERT,3,583,test,0
BERT,mBERT,3,584,test,1
BERT,mBERT,3,585,val,0
BERT,mBERT,3,586,test,0
BERT,mBERT,3,587,val,0
BERT,mBERT,3,590,test,1
BERT,mBERT,3,591,val,1
BERT,mBERT,3,592,val,0
BERT,mBERT,3,596,test,1
BERT,mBERT,3,597,test,0
BERT,mBERT,3,598,test,0
BERT,mBERT,3,599,test,1
BERT,mBERT,3,600,test,1
BERT,mBERT,3,606,test,1
BERT,mBERT,3,607,test,1
BERT,mBERT,3,609,test,0
BERT,mBERT,3,610,test,0
BERT,mBERT,3,611,val,1
BERT,mBERT,3,612,val,0
BERT,mBERT,3,613,val,0
BERT,mBERT,3,614,val,1
BERT,mBERT,3,615,val,1
BERT,mBERT,3,616,test,1
BERT,mBERT,3,618,val,0
BERT,mBERT,3,619,test,1
BERT,mBERT,3,620,test,0
BERT,mBERT,3,622,test,0
BERT,mBERT,3,625,test,2
BERT,mBERT,3,628,val,0
BERT,mBERT,3,631,test,2
BERT,mBERT,3,634,test,0
BERT,mBERT,3,635,test,2
BERT,mBERT,3,637,test,1
BERT,mBERT,3,638,test,0
BERT,mBERT,3,640,val,0
BERT,mBERT,3,642,test,0
BERT,mBERT,3,646,test,2
BERT,mBERT,3,650,val,0
BERT,mBERT,3,651,test,0
BERT,mBERT,3,652,test,0
BERT,mBERT,3,655,val,0
BERT,mBERT,3,656,val,2
BERT,mBERT,3,658,val,0
BERT,mBERT,3,659,val,1
BERT,mBERT,3,660,test,0
BERT,mBERT,3,663,test,0
BERT,mBERT,3,664,test,2
BERT,mBERT,3,668,test,0
BERT,mBERT,3,669,test,0
BERT,mBERT,3,671,test,1
BERT,mBERT,3,672,val,0
BERT,mBERT,3,675,val,2
BERT,mBERT,3,677,test,0
BERT,mBERT,3,680,val,0
BERT,mBERT,3,682,test,0
BERT,mBERT,3,683,val,2
BERT,mBERT,3,684,test,2
BERT,mBERT,3,685,val,1
BERT,mBERT,3,687,val,0
BERT,mBERT,3,688,test,0
BERT,mBERT,3,689,val,0
BERT,mBERT,3,690,val,2
BERT,mBERT,3,692,val,0
BERT,mBERT,3,693,val,0
BERT,mBERT,3,695,test,0
BERT,mBERT,3,697,test,0
BERT,mBERT,3,699,test,0
BERT,mBERT,3,701,val,1
BERT,mBERT,3,702,test,1
BERT,mBERT,3,704,test,0
BERT,mBERT,3,705,val,0
BERT,mBERT,3,713,test,2
BERT,mBERT,3,714,val,0
BERT,mBERT,3,715,test,2
BERT,mBERT,3,716,test,1
BERT,mBERT,3,717,test,0
BERT,mBERT,3,718,test,2
BERT,mBERT,3,720,val,0
BERT,mBERT,3,723,val,0
BERT,mBERT,3,727,val,0
BERT,mBERT,3,731,test,0
BERT,mBERT,3,733,val,0
BERT,mBERT,3,737,val,0
BERT,mBERT,3,740,test,1
BERT,mBERT,3,742,test,0
BERT,mBERT,3,743,test,0
BERT,mBERT,3,745,val,2
BERT,mBERT,3,749,val,0
BERT,mBERT,3,751,test,0
BERT,mBERT,3,755,val,0
BERT,mBERT,3,756,val,1
BERT,mBERT,3,757,test,0
BERT,mBERT,3,758,val,1
BERT,mBERT,3,761,test,0
BERT,mBERT,3,762,test,0
BERT,mBERT,3,763,val,0
BERT,mBERT,3,764,val,2
BERT,mBERT,3,766,test,0
BERT,mBERT,3,767,test,1
BERT,mBERT,3,768,test,0
BERT,mBERT,3,769,test,1
BERT,mBERT,3,771,test,0
BERT,mBERT,3,772,val,0
BERT,mBERT,3,773,test,1
BERT,mBERT,3,780,val,1
BERT,mBERT,3,781,test,0
BERT,mBERT,3,783,val,0
BERT,mBERT,3,786,test,1
BERT,mBERT,3,791,val,2
BERT,mBERT,3,792,test,0
BERT,mBERT,3,794,val,0
BERT,mBERT,3,797,val,2
BERT,mBERT,3,798,test,0
BERT,mBERT,3,799,test,0
BERT,mBERT,3,800,test,0
BERT,mBERT,3,804,test,2
BERT,mBERT,3,805,test,0
BERT,mBERT,3,806,val,0
BERT,mBERT,3,807,val,2
BERT,mBERT,3,808,test,0
BERT,mBERT,3,811,test,2
BERT,mBERT,3,812,test,0
BERT,mBERT,3,816,test,0
BERT,mBERT,3,817,test,0
BERT,mBERT,3,818,test,1
BERT,mBERT,3,819,val,0
BERT,mBERT,3,820,val,0
BERT,mBERT,3,821,test,0
BERT,mBERT,3,822,test,1
BERT,mBERT,3,825,test,0
BERT,mBERT,3,826,test,0
BERT,mBERT,3,827,test,2
BERT,mBERT,3,828,val,0
BERT,mBERT,3,831,test,0
BERT,mBERT,3,835,test,0
BERT,mBERT,3,836,val,0
BERT,mBERT,3,837,val,0
BERT,mBERT,3,838,val,0
BERT,mBERT,3,839,val,0
BERT,mBERT,3,841,val,0
BERT,mBERT,3,844,test,2
BERT,mBERT,3,845,test,2
BERT,mBERT,3,846,val,2
BERT,mBERT,3,848,val,0
BERT,mBERT,3,849,test,0
BERT,mBERT,3,850,val,0
BERT,mBERT,3,855,test,0
BERT,mBERT,3,859,test,0
BERT,mBERT,3,860,val,0
BERT,mBERT,3,866,test,0
BERT,mBERT,3,867,test,0
BERT,mBERT,3,868,test,2
BERT,mBERT,3,871,test,0
BERT,mBERT,3,872,val,0
BERT,mBERT,3,873,test,0
BERT,mBERT,3,874,test,0
BERT,mBERT,3,876,test,0
BERT,mBERT,3,877,val,0
BERT,mBERT,3,878,test,1
BERT,mBERT,3,881,val,0
BERT,mBERT,3,885,test,1
BERT,mBERT,3,889,test,1
BERT,mBERT,3,890,test,0
BERT,mBERT,3,891,val,0
BERT,mBERT,3,893,val,2
BERT,mBERT,3,894,test,1
BERT,mBERT,3,896,val,0
BERT,mBERT,3,897,test,0
BERT,mBERT,3,898,val,2
BERT,mBERT,3,900,test,2
BERT,mBERT,3,901,test,0
BERT,mBERT,3,903,test,0
BERT,mBERT,3,904,test,0
BERT,mBERT,3,905,val,0
BERT,mBERT,3,906,test,0
BERT,mBERT,3,908,test,0
BERT,mBERT,3,909,test,2
BERT,mBERT,3,911,val,2
BERT,mBERT,3,914,val,0
BERT,mBERT,3,918,test,0
BERT,mBERT,3,919,test,0
BERT,mBERT,3,922,val,1
BERT,mBERT,3,924,test,0
BERT,mBERT,3,927,val,0
BERT,mBERT,3,928,val,2
BERT,mBERT,3,929,test,0
BERT,mBERT,3,933,val,0
BERT,mBERT,3,934,test,0
BERT,mBERT,3,936,val,1
BERT,mBERT,3,938,test,0
BERT,mBERT,3,943,val,2
BERT,mBERT,3,944,val,0
BERT,mBERT,3,947,test,2
BERT,mBERT,3,948,test,0
BERT,mBERT,3,949,val,2
BERT,mBERT,3,950,test,0
BERT,mBERT,3,955,test,2
BERT,mBERT,3,959,val,2
BERT,mBERT,3,960,test,0
BERT,mBERT,3,961,test,2
BERT,mBERT,3,965,val,0
BERT,mBERT,3,966,val,2
BERT,mBERT,3,967,val,2
BERT,mBERT,3,970,val,1
BERT,mBERT,3,972,val,2
BERT,mBERT,3,973,test,0
BERT,mBERT,3,976,test,0
BERT,mBERT,3,980,test,0
BERT,mBERT,3,981,test,2
BERT,mBERT,3,982,val,0
BERT,mBERT,3,990,val,2
BERT,mBERT,3,994,test,0
BERT,mBERT,3,997,test,2
BERT,mBERT,3,998,test,2
BERT,mBERT,3,1000,val,0
BERT,mBERT,3,1002,val,2
BERT,mBERT,3,1005,test,2
BERT,mBERT,3,1006,val,1
BERT,mBERT,3,1008,test,0
BERT,mBERT,3,1009,test,2
BERT,mBERT,3,1010,val,2
BERT,mBERT,3,1012,val,2
BERT,mBERT,3,1014,val,0
BERT,mBERT,3,1016,test,0
BERT,mBERT,3,1020,val,0
BERT,mBERT,3,1021,val,2
BERT,mBERT,3,1022,val,2
BERT,mBERT,3,1025,test,0
BERT,mBERT,3,1026,val,0
BERT,mBERT,3,1028,test,2
BERT,mBERT,3,1029,val,0
BERT,mBERT,3,1030,test,1
BERT,mBERT,3,1037,val,2
BERT,mBERT,3,1041,val,0
BERT,mBERT,3,1042,val,0
BERT,mBERT,3,1043,test,1
BERT,mBERT,3,1044,val,0
BERT,mBERT,3,1046,test,2
BERT,mBERT,3,1048,test,0
BERT,mBERT,3,1049,val,0
BERT,mBERT,3,1052,val,2
BERT,mBERT,3,1054,val,1
BERT,mBERT,3,1055,test,0
BERT,mBERT,3,1056,val,0
BERT,mBERT,3,1057,val,2
BERT,mBERT,3,1061,test,1
BERT,mBERT,3,1062,test,2
BERT,mBERT,3,1065,val,2
BERT,mBERT,3,1069,val,1
BERT,mBERT,3,1070,val,0
BERT,mBERT,3,1072,test,1
BERT,mBERT,3,1073,val,0
BERT,mBERT,3,1075,val,0
BERT,mBERT,3,1082,val,0
BERT,mBERT,3,1085,test,1
BERT,mBERT,3,1090,test,1
BERT,mBERT,3,1092,val,2
BERT,mBERT,3,1098,test,0
BERT,mBERT,3,1102,test,0
BERT,mBERT,3,1103,val,2
BERT,mBERT,3,1104,test,0
BERT,mBERT,3,1105,val,0
BERT,mBERT,3,1106,val,0
BERT,mBERT,3,1108,test,2
BERT,mBERT,3,1110,test,2
BERT,mBERT,3,1111,val,0
BERT,mBERT,3,1112,val,0
BERT,mBERT,3,1116,val,0
BERT,mBERT,3,1117,val,0
BERT,mBERT,3,1120,test,0
BERT,mBERT,3,1122,val,2
BERT,mBERT,3,1123,val,0
BERT,mBERT,3,1126,test,2
BERT,mBERT,3,1127,val,0
BERT,mBERT,3,1128,val,2
BERT,mBERT,3,1130,test,2
BERT,mBERT,3,1132,val,0
BERT,mBERT,3,1134,val,0
BERT,mBERT,3,1136,test,2
BERT,mBERT,3,1137,test,2
BERT,mBERT,3,1138,test,0
BERT,mBERT,3,1139,test,0
BERT,mBERT,3,1141,val,0
BERT,mBERT,3,1142,val,1
BERT,mBERT,3,1147,test,0
BERT,mBERT,3,1151,val,0
BERT,mBERT,3,1152,val,0
BERT,mBERT,3,1153,test,0
BERT,mBERT,3,1157,test,0
BERT,mBERT,3,1158,test,0
BERT,mBERT,3,1159,test,0
BERT,mBERT,3,1163,test,0
BERT,mBERT,3,1164,val,1
BERT,mBERT,3,1167,test,0
BERT,mBERT,3,1170,test,2
BERT,mBERT,3,1171,test,1
BERT,mBERT,3,1173,val,0
BERT,mBERT,3,1174,val,0
BERT,mBERT,3,1175,test,0
BERT,mBERT,3,1177,test,0
BERT,mBERT,3,1179,val,1
BERT,mBERT,3,1180,val,0
BERT,mBERT,3,1181,test,0
BERT,mBERT,3,1183,test,1
BERT,mBERT,3,1184,val,0
BERT,mBERT,3,1186,test,0
BERT,mBERT,3,1188,test,1
BERT,mBERT,3,1190,test,0
BERT,mBERT,3,1193,test,1
BERT,mBERT,3,1194,test,0
BERT,mBERT,3,1195,test,0
BERT,mBERT,3,1197,val,0
BERT,mBERT,3,1199,test,0
BERT,mBERT,3,1200,test,0
BERT,mBERT,3,1203,test,1
BERT,mBERT,3,1205,test,0
BERT,mBERT,3,1208,test,1
BERT,mBERT,3,1209,test,1
BERT,mBERT,3,1211,test,1
BERT,mBERT,3,1212,val,0
BERT,mBERT,3,1213,test,0
BERT,mBERT,3,1214,test,2
BERT,mBERT,3,1215,test,0
BERT,mBERT,3,1220,test,1
BERT,mBERT,3,1222,val,0
BERT,mBERT,3,1223,val,1
BERT,mBERT,3,1225,test,0
BERT,mBERT,3,1226,test,1
BERT,mBERT,3,1227,test,0
BERT,mBERT,3,1231,val,0
BERT,mBERT,3,1232,test,0
BERT,mBERT,3,1233,val,2
BERT,mBERT,3,1235,test,0
BERT,mBERT,3,1236,test,0
BERT,mBERT,3,1238,val,0
BERT,mBERT,3,1239,val,2
BERT,mBERT,3,1240,val,0
BERT,mBERT,3,1242,test,2
BERT,mBERT,3,1243,test,0
BERT,mBERT,3,1247,val,0
BERT,mBERT,3,1248,test,0
BERT,mBERT,3,1249,test,0
BERT,mBERT,3,1250,val,0
BERT,mBERT,3,1252,test,0
BERT,mBERT,3,1254,val,0
BERT,mBERT,3,1255,test,0
BERT,mBERT,3,1256,test,0
BERT,mBERT,3,1259,val,0
BERT,mBERT,3,1260,val,0
BERT,mBERT,3,1263,test,1
BERT,mBERT,3,1264,val,0
BERT,mBERT,3,1265,test,0
BERT,mBERT,3,1266,val,2
BERT,mBERT,3,1268,val,0
BERT,mBERT,3,1272,val,0
BERT,mBERT,3,1273,test,0
BERT,mBERT,3,1275,test,0
BERT,mBERT,3,1276,test,0
BERT,mBERT,3,1278,test,1
BERT,mBERT,3,1279,test,0
BERT,mBERT,3,1283,test,0
BERT,mBERT,3,1285,test,1
BERT,mBERT,3,1286,test,0
BERT,mBERT,3,1288,test,0
BERT,mBERT,3,1289,val,2
BERT,mBERT,3,1294,test,0
BERT,mBERT,3,1295,val,2
BERT,mBERT,3,1296,test,2
BERT,mBERT,3,1297,test,0
BERT,mBERT,3,1298,test,0
BERT,mBERT,3,1299,test,2
BERT,mBERT,3,1300,test,1
BERT,mBERT,3,1301,val,2
BERT,mBERT,3,1302,test,0
BERT,mBERT,3,1303,test,0
BERT,mBERT,3,1304,val,0
BERT,mBERT,3,1305,test,0
BERT,mBERT,3,1307,test,1
BERT,mBERT,3,1309,val,0
BERT,mBERT,3,1312,test,0
BERT,mBERT,3,1313,test,0
BERT,mBERT,3,1314,test,0
BERT,mBERT,3,1318,test,1
BERT,mBERT,3,1323,test,1
BERT,mBERT,3,1324,test,0
BERT,mBERT,3,1325,val,1
BERT,mBERT,3,1326,test,2
BERT,mBERT,3,1330,test,1
BERT,mBERT,3,1332,val,0
BERT,mBERT,3,1333,val,2
BERT,mBERT,3,1334,val,0
BERT,mBERT,3,1337,test,0
BERT,mBERT,3,1338,test,2
BERT,mBERT,3,1339,test,0
BERT,mBERT,3,1340,test,2
BERT,mBERT,3,1341,val,0
BERT,mBERT,3,1342,test,0
BERT,mBERT,3,1343,val,0
BERT,mBERT,3,1345,test,0
BERT,mBERT,3,1347,test,1
BERT,mBERT,3,1348,test,0
BERT,mBERT,3,1351,val,2
BERT,mBERT,3,1354,test,0
BERT,mBERT,3,1357,test,0
BERT,mBERT,3,1358,val,0
BERT,mBERT,3,1360,val,0
BERT,mBERT,3,1361,val,0
BERT,mBERT,3,1362,val,1
BERT,mBERT,3,1363,test,0
BERT,mBERT,3,1364,test,1
BERT,mBERT,3,1366,test,1
BERT,mBERT,3,1368,val,0
BERT,mBERT,3,1371,test,0
BERT,mBERT,3,1372,val,0
BERT,mBERT,3,1374,test,2
BERT,mBERT,3,1376,test,0
BERT,mBERT,3,1378,val,0
BERT,mBERT,3,1382,test,0
BERT,mBERT,3,1384,val,2
BERT,mBERT,3,1385,test,0
BERT,mBERT,3,1386,val,1
BERT,mBERT,3,1388,test,2
BERT,mBERT,3,1391,val,1
BERT,mBERT,3,1395,test,1
BERT,mBERT,3,1399,test,0
BERT,mBERT,3,1401,test,2
BERT,mBERT,3,1402,test,1
BERT,mBERT,3,1404,test,0
BERT,mBERT,3,1405,test,2
BERT,mBERT,3,1406,val,1
BERT,mBERT,3,1407,val,0
BERT,mBERT,3,1411,val,2
BERT,mBERT,3,1414,test,2
BERT,mBERT,3,1415,test,0
BERT,mBERT,3,1417,test,0
BERT,mBERT,3,1421,test,0
BERT,mBERT,3,1422,val,2
BERT,mBERT,3,1424,test,0
BERT,mBERT,3,1425,test,0
BERT,mBERT,3,1426,test,0
BERT,mBERT,3,1427,test,0
BERT,mBERT,3,1428,test,0
BERT,mBERT,3,1429,test,0
BERT,mBERT,3,1430,test,0
BERT,mBERT,3,1431,test,0
BERT,mBERT,3,1432,test,0
BERT,mBERT,3,1441,val,0
BERT,mBERT,3,1444,val,1
BERT,mBERT,3,1446,val,1
BERT,mBERT,3,1450,test,0
BERT,mBERT,3,1452,val,2
BERT,mBERT,3,1453,val,0
BERT,mBERT,3,1455,test,0
BERT,mBERT,3,1456,val,0
BERT,mBERT,3,1457,test,0
BERT,mBERT,3,1458,test,0
BERT,mBERT,3,1462,test,1
BERT,mBERT,3,1463,val,1
BERT,mBERT,3,1471,val,2
BERT,mBERT,3,1477,test,1
BERT,mBERT,3,1478,test,1
BERT,mBERT,3,1479,val,0
BERT,mBERT,3,1480,test,0
BERT,mBERT,3,1482,val,1
BERT,mBERT,3,1483,val,0
BERT,mBERT,3,1485,test,1
BERT,mBERT,3,1486,test,0
BERT,mBERT,3,1487,test,1
BERT,mBERT,3,1489,test,0
BERT,mBERT,3,1490,test,0
BERT,mBERT,3,1491,val,1
BERT,mBERT,3,1493,test,1
BERT,mBERT,3,1494,test,1
BERT,mBERT,3,1497,test,0
BERT,mBERT,3,1500,test,1
BERT,mBERT,3,1501,val,1
BERT,mBERT,3,1502,test,0
BERT,mBERT,3,1503,test,1
BERT,mBERT,3,1505,val,0
BERT,mBERT,3,1510,test,1
BERT,mBERT,3,1515,test,1
BERT,mBERT,3,1516,test,0
BERT,mBERT,3,1517,test,0
BERT,mBERT,3,1518,test,1
BERT,mBERT,3,1522,val,1
BERT,mBERT,3,1523,test,1
BERT,mBERT,3,1524,test,1
BERT,mBERT,3,1525,test,1
BERT,mBERT,3,1526,test,0
BERT,mBERT,3,1527,val,0
BERT,mBERT,3,1528,val,1
BERT,mBERT,3,1529,test,1
BERT,mBERT,3,1531,val,0
BERT,mBERT,3,1532,test,1
BERT,mBERT,3,1536,test,1
BERT,mBERT,3,1537,test,1
BERT,mBERT,3,1538,test,0
BERT,mBERT,3,1539,test,0
BERT,mBERT,3,1541,test,2
BERT,mBERT,3,1543,val,1
BERT,mBERT,3,1545,test,1
BERT,mBERT,3,1547,test,0
BERT,mBERT,3,1548,val,2
BERT,mBERT,3,1553,val,0
BERT,mBERT,3,1558,test,0
BERT,mBERT,3,1559,val,0
BERT,mBERT,3,1561,val,0
BERT,mBERT,3,1562,test,0
BERT,mBERT,3,1563,test,1
BERT,mBERT,3,1564,val,2
BERT,mBERT,3,1565,test,0
BERT,mBERT,3,1570,test,1
BERT,mBERT,3,1571,test,0
BERT,mBERT,3,1572,test,0
BERT,mBERT,3,1573,test,0
BERT,mBERT,3,1574,val,1
BERT,mBERT,3,1575,test,0
BERT,mBERT,3,1576,test,0
BERT,mBERT,3,1579,test,0
BERT,mBERT,3,1580,val,0
BERT,mBERT,3,1582,val,1
BERT,mBERT,3,1584,val,2
BERT,mBERT,3,1585,val,0
BERT,mBERT,3,1586,test,2
BERT,mBERT,3,1587,val,1
BERT,mBERT,3,1592,test,0
BERT,mBERT,3,1593,test,0
BERT,mBERT,3,1595,test,0
BERT,mBERT,3,1597,test,0
BERT,mBERT,3,1599,val,0
BERT,mBERT,3,1600,test,0
BERT,mBERT,3,1601,val,2
BERT,mBERT,3,1602,test,2
BERT,mBERT,3,1604,test,0
BERT,mBERT,3,1606,test,0
BERT,mBERT,3,1609,test,0
BERT,mBERT,3,1611,test,1
BERT,mBERT,3,1613,test,2
BERT,mBERT,3,1614,val,0
BERT,mBERT,3,1615,test,0
BERT,mBERT,3,1618,test,0
BERT,mBERT,3,1619,test,0
BERT,mBERT,3,1620,val,0
BERT,mBERT,3,1621,test,0
BERT,mBERT,3,1622,val,0
BERT,mBERT,3,1623,val,0
BERT,mBERT,3,1628,val,0
BERT,mBERT,3,1639,val,0
BERT,mBERT,3,1642,test,0
BERT,mBERT,3,1644,val,0
BERT,mBERT,3,1645,val,0
BERT,mBERT,3,1649,test,0
BERT,mBERT,3,1650,val,0
BERT,mBERT,3,1651,test,0
BERT,mBERT,3,1652,val,0
BERT,mBERT,3,1653,test,2
BERT,mBERT,3,1654,val,0
BERT,mBERT,3,1656,test,0
BERT,mBERT,3,1657,val,2
BERT,mBERT,3,1658,val,0
BERT,mBERT,3,1662,val,0
BERT,mBERT,3,1666,test,0
BERT,mBERT,3,1672,val,0
BERT,mBERT,3,1673,test,0
BERT,mBERT,3,1674,val,0
BERT,mBERT,3,1676,val,0
BERT,mBERT,3,1678,val,0
BERT,mBERT,3,1679,test,0
BERT,mBERT,3,1684,test,0
BERT,mBERT,3,1686,test,0
BERT,mBERT,3,1688,test,0
BERT,mBERT,3,1692,val,0
BERT,mBERT,3,1693,val,2
BERT,mBERT,3,1694,val,1
BERT,mBERT,3,1696,test,0
BERT,mBERT,3,1697,test,0
BERT,mBERT,3,1699,val,2
BERT,mBERT,3,1700,test,0
BERT,mBERT,3,1702,test,0
BERT,mBERT,3,1705,test,0
BERT,mBERT,3,1706,test,0
BERT,mBERT,3,1707,val,0
BERT,mBERT,3,1708,test,1
BERT,mBERT,3,1709,val,2
BERT,mBERT,3,1710,val,0
BERT,mBERT,3,1713,test,0
BERT,mBERT,3,1714,test,0
BERT,mBERT,3,1715,val,2
BERT,mBERT,3,1717,val,0
BERT,mBERT,3,1720,val,0
BERT,mBERT,3,1721,val,0
BERT,mBERT,3,1722,test,0
BERT,mBERT,3,1723,test,2
BERT,mBERT,3,1727,test,0
BERT,mBERT,3,1729,test,0
BERT,mBERT,3,1730,test,0
BERT,mBERT,3,1732,val,0
BERT,mBERT,3,1734,val,0
BERT,mBERT,3,1737,val,2
BERT,mBERT,3,1739,test,2
BERT,mBERT,3,1740,test,0
BERT,mBERT,3,1742,test,0
BERT,mBERT,3,1744,test,0
BERT,mBERT,3,1746,val,0
BERT,mBERT,3,1747,test,1
BERT,mBERT,3,1748,test,0
BERT,mBERT,3,1749,test,0
BERT,mBERT,3,1751,test,0
BERT,mBERT,3,1757,val,1
BERT,mBERT,3,1758,test,0
BERT,mBERT,3,1760,test,2
BERT,mBERT,3,1762,test,2
BERT,mBERT,3,1766,test,0
BERT,mBERT,3,1767,val,0
BERT,mBERT,3,1769,test,2
BERT,mBERT,3,1770,test,1
BERT,mBERT,3,1772,test,1
BERT,mBERT,3,1774,test,0
BERT,mBERT,3,1775,val,0
BERT,mBERT,3,1776,val,0
BERT,mBERT,3,1777,test,0
BERT,mBERT,3,1778,test,2
BERT,mBERT,3,1781,val,0
BERT,mBERT,3,1782,val,0
BERT,mBERT,3,1783,test,0
BERT,mBERT,3,1785,val,0
BERT,mBERT,3,1786,test,2
BERT,mBERT,3,1788,test,2
BERT,mBERT,3,1790,val,0
BERT,mBERT,3,1791,val,0
BERT,mBERT,3,1792,val,0
BERT,mBERT,3,1795,val,0
BERT,mBERT,3,1797,test,0
BERT,mBERT,3,1801,val,0
BERT,mBERT,3,1802,test,1
BERT,mBERT,3,1804,val,0
BERT,mBERT,3,1805,val,2
BERT,mBERT,3,1806,val,1
BERT,mBERT,3,1808,test,1
BERT,mBERT,3,1811,test,1
BERT,mBERT,3,1819,test,2
BERT,mBERT,3,1820,val,0
BERT,mBERT,3,1821,val,2
BERT,mBERT,3,1826,test,0
BERT,mBERT,3,1828,test,0
BERT,mBERT,3,1833,test,1
BERT,mBERT,3,1834,test,0
BERT,mBERT,3,1838,val,0
BERT,mBERT,3,1841,val,0
BERT,mBERT,3,1843,test,1
BERT,mBERT,3,1851,test,1
BERT,mBERT,3,1852,val,0
BERT,mBERT,3,1853,test,1
BERT,mBERT,3,1857,val,1
BERT,mBERT,3,1858,val,1
BERT,mBERT,3,1859,test,2
BERT,mBERT,3,1860,val,0
BERT,mBERT,3,1862,val,1
BERT,mBERT,3,1863,val,0
BERT,mBERT,3,1864,val,0
BERT,mBERT,3,1866,test,1
BERT,mBERT,3,1868,val,1
BERT,mBERT,3,1870,test,1
BERT,mBERT,3,1871,val,1
BERT,mBERT,3,1874,test,0
BERT,mBERT,3,1877,test,0
BERT,mBERT,3,1878,test,1
BERT,mBERT,3,1879,test,0
BERT,mBERT,3,1881,val,1
BERT,mBERT,3,1882,test,1
BERT,mBERT,3,1883,val,1
BERT,mBERT,3,1884,val,1
BERT,mBERT,3,1885,test,0
BERT,mBERT,3,1886,val,1
BERT,mBERT,3,1888,test,1
BERT,mBERT,3,1890,val,1
BERT,mBERT,3,1891,test,1
BERT,mBERT,3,1892,test,1
BERT,mBERT,3,1898,test,0
BERT,mBERT,3,1899,test,0
BERT,mBERT,3,1901,val,1
BERT,mBERT,3,1902,val,0
BERT,mBERT,3,1903,test,2
BERT,mBERT,3,1904,test,1
BERT,mBERT,3,1905,test,0
BERT,mBERT,3,1908,test,0
BERT,mBERT,3,1912,val,1
BERT,mBERT,3,1913,test,0
BERT,mBERT,3,1915,test,1
BERT,mBERT,3,1916,val,1
BERT,mBERT,3,1917,test,0
BERT,mBERT,3,1918,test,0
BERT,mBERT,3,1921,val,1
BERT,mBERT,3,1923,test,1
BERT,mBERT,3,1925,test,1
BERT,mBERT,3,1927,test,0
BERT,mBERT,3,1929,val,2
BERT,mBERT,3,1931,test,0
BERT,mBERT,3,1932,test,0
BERT,mBERT,3,1933,test,1
BERT,mBERT,3,1934,val,0
BERT,mBERT,3,1935,val,0
BERT,mBERT,3,1938,test,0
BERT,mBERT,3,1942,test,0
BERT,mBERT,3,1944,val,0
BERT,mBERT,3,1947,test,1
BERT,mBERT,3,1948,test,1
BERT,mBERT,3,1950,val,1
BERT,mBERT,3,1951,test,1
BERT,mBERT,3,1952,val,1
BERT,mBERT,3,1953,test,1
BERT,mBERT,3,1954,val,1
BERT,mBERT,3,1955,val,1
BERT,mBERT,3,1956,test,0
BERT,mBERT,3,1958,test,0
BERT,mBERT,3,1965,test,1
BERT,mBERT,3,1966,val,0
BERT,mBERT,3,1969,test,0
BERT,mBERT,3,1970,test,1
BERT,mBERT,3,1972,test,0
BERT,mBERT,3,1973,test,1
BERT,mBERT,3,1974,val,1
BERT,mBERT,3,1975,test,0
BERT,mBERT,3,1976,val,1
BERT,mBERT,3,1979,val,1
BERT,mBERT,3,1981,val,0
BERT,mBERT,3,1982,test,1
BERT,mBERT,3,1983,val,0
BERT,mBERT,3,1987,test,0
BERT,mBERT,3,1989,val,2
BERT,mBERT,3,1991,val,1
BERT,mBERT,3,1992,val,0
BERT,mBERT,3,1993,val,1
BERT,mBERT,3,1995,test,1
BERT,mBERT,3,1996,test,0
BERT,mBERT,3,1998,test,0
BERT,mBERT,3,2000,test,1
BERT,mBERT,3,2003,val,1
BERT,mBERT,3,2006,test,1
BERT,mBERT,3,2008,test,0
BERT,mBERT,3,2009,test,0
BERT,mBERT,3,2010,val,0
BERT,mBERT,3,2012,val,2
BERT,mBERT,3,2013,val,2
BERT,mBERT,3,2017,test,1
BERT,mBERT,3,2018,val,1
BERT,mBERT,3,2020,val,1
BERT,mBERT,3,2021,val,0
BERT,mBERT,3,2024,test,1
BERT,mBERT,3,2026,test,0
BERT,mBERT,3,2027,test,0
BERT,mBERT,3,2028,test,0
BERT,mBERT,3,2030,test,0
BERT,mBERT,3,2031,val,0
BERT,mBERT,3,2032,test,0
BERT,mBERT,3,2035,test,0
BERT,mBERT,3,2037,test,0
BERT,mBERT,3,2039,test,0
BERT,mBERT,3,2044,val,0
BERT,mBERT,3,2045,val,1
BERT,mBERT,3,2048,val,1
BERT,mBERT,3,2049,test,1
BERT,mBERT,3,2052,test,1
BERT,mBERT,3,2054,val,1
BERT,mBERT,3,2055,test,0
BERT,mBERT,3,2056,val,1
BERT,mBERT,3,2057,val,0
BERT,mBERT,3,2058,test,0
BERT,mBERT,3,2059,test,1
BERT,mBERT,3,2060,test,0
BERT,mBERT,3,2061,val,0
BERT,mBERT,3,2064,test,1
BERT,mBERT,3,2065,test,1
BERT,mBERT,3,2067,val,1
BERT,mBERT,3,2070,val,1
BERT,mBERT,3,2071,val,0
BERT,mBERT,3,2072,val,0
BERT,mBERT,3,2073,test,1
BERT,mBERT,3,2076,test,0
BERT,mBERT,3,2079,test,1
BERT,mBERT,3,2080,test,0
BERT,mBERT,3,2081,test,1
BERT,mBERT,3,2082,test,1
BERT,mBERT,3,2083,test,1
BERT,mBERT,3,2085,val,0
BERT,mBERT,3,2086,test,1
BERT,mBERT,3,2087,test,0
BERT,mBERT,3,2091,val,0
BERT,mBERT,3,2092,val,0
BERT,mBERT,3,2093,val,0
BERT,mBERT,3,2094,val,0
BERT,mBERT,3,2095,test,0
BERT,mBERT,3,2098,test,1
BERT,mBERT,3,2099,test,0
BERT,mBERT,3,2100,val,1
BERT,mBERT,3,2102,val,0
BERT,mBERT,3,2107,val,0
BERT,mBERT,3,2109,test,2
BERT,mBERT,3,2112,val,0
BERT,mBERT,3,2116,test,0
BERT,mBERT,3,2118,test,1
BERT,mBERT,3,2119,val,1
BERT,mBERT,3,2122,test,0
BERT,mBERT,3,2124,test,0
BERT,mBERT,3,2131,test,0
BERT,mBERT,3,2132,test,2
BERT,mBERT,3,2133,val,1
BERT,mBERT,3,2134,val,0
BERT,mBERT,3,2136,test,0
BERT,mBERT,3,2138,test,0
BERT,mBERT,3,2139,test,1
BERT,mBERT,3,2144,test,0
BERT,mBERT,3,2145,test,0
BERT,mBERT,3,2146,val,0
BERT,mBERT,3,2147,val,0
BERT,mBERT,3,2148,test,0
BERT,mBERT,3,2149,test,0
BERT,mBERT,3,2150,test,0
BERT,mBERT,3,2152,val,0
BERT,mBERT,3,2156,test,0
BERT,mBERT,3,2157,test,0
BERT,mBERT,3,2160,val,1
BERT,mBERT,3,2161,val,1
BERT,mBERT,3,2164,val,0
BERT,mBERT,3,2165,test,0
BERT,mBERT,3,2167,test,0
BERT,mBERT,3,2169,test,0
BERT,mBERT,3,2170,test,0
BERT,mBERT,3,2175,test,1
BERT,mBERT,3,2176,test,1
BERT,mBERT,3,2178,val,1
BERT,mBERT,3,2180,val,1
BERT,mBERT,3,2182,val,1
BERT,mBERT,3,2183,test,0
BERT,mBERT,3,2186,test,0
BERT,mBERT,3,2190,test,0
BERT,mBERT,3,2191,val,1
BERT,mBERT,3,2198,val,1
BERT,mBERT,3,2199,val,1
BERT,mBERT,3,2201,test,1
BERT,mBERT,3,2202,val,2
BERT,mBERT,3,2203,val,1
BERT,mBERT,3,2204,test,0
BERT,mBERT,3,2207,test,1
BERT,mBERT,3,2208,val,2
BERT,mBERT,3,2210,test,1
BERT,mBERT,3,2211,test,0
BERT,mBERT,3,2212,val,1
BERT,mBERT,3,2217,test,1
BERT,mBERT,3,2218,val,1
BERT,mBERT,3,2220,test,0
BERT,mBERT,3,2223,test,0
BERT,mBERT,3,2224,test,1
BERT,mBERT,3,2225,test,0
BERT,mBERT,3,2228,test,1
BERT,mBERT,3,2231,val,1
BERT,mBERT,3,2232,val,2
BERT,mBERT,3,2235,test,0
BERT,mBERT,3,2236,val,1
BERT,mBERT,3,2237,test,1
BERT,mBERT,3,2238,test,0
BERT,mBERT,3,2244,test,0
BERT,mBERT,3,2245,test,1
BERT,mBERT,3,2246,val,1
BERT,mBERT,3,2249,val,1
BERT,mBERT,3,2251,val,0
BERT,mBERT,3,2253,val,0
BERT,mBERT,3,2255,val,0
BERT,mBERT,3,2256,test,0
BERT,mBERT,3,2258,test,1
BERT,mBERT,3,2261,test,1
BERT,mBERT,3,2262,test,0
BERT,mBERT,3,2266,val,0
BERT,mBERT,3,2274,test,2
BERT,mBERT,3,2276,val,0
BERT,mBERT,3,2277,val,2
BERT,mBERT,3,2278,test,0
BERT,mBERT,3,2283,test,1
BERT,mBERT,3,2285,val,0
BERT,mBERT,3,2286,val,2
BERT,mBERT,3,2287,test,0
BERT,mBERT,3,2289,test,1
BERT,mBERT,3,2292,test,1
BERT,mBERT,3,2293,val,2
BERT,mBERT,3,2297,val,1
BERT,mBERT,3,2298,val,1
BERT,mBERT,3,2300,test,0
BERT,mBERT,3,2301,val,0
BERT,mBERT,3,2303,test,0
BERT,mBERT,3,2304,val,1
BERT,mBERT,3,2306,val,1
BERT,mBERT,3,2309,test,0
BERT,mBERT,3,2310,val,0
BERT,mBERT,3,2313,test,1
BERT,mBERT,3,2314,val,0
BERT,mBERT,3,2315,test,0
BERT,mBERT,3,2316,val,1
BERT,mBERT,3,2317,test,2
BERT,mBERT,3,2319,test,1
BERT,mBERT,3,2320,val,1
BERT,mBERT,3,2323,val,1
BERT,mBERT,3,2326,val,1
BERT,mBERT,3,2328,val,1
BERT,mBERT,3,2329,val,0
BERT,mBERT,3,2331,test,0
BERT,mBERT,3,2333,test,1
BERT,mBERT,3,2337,test,1
BERT,mBERT,3,2342,val,1
BERT,mBERT,3,2343,val,0
BERT,mBERT,3,2345,val,1
BERT,mBERT,3,2346,val,0
BERT,mBERT,3,2347,test,1
BERT,mBERT,3,2348,test,1
BERT,mBERT,3,2349,val,1
BERT,mBERT,3,2350,test,1
BERT,mBERT,3,2352,val,0
BERT,mBERT,3,2353,test,0
BERT,mBERT,3,2355,test,0
BERT,mBERT,3,2357,test,1
BERT,mBERT,3,2358,test,0
BERT,mBERT,3,2359,val,1
BERT,mBERT,3,2361,test,1
BERT,mBERT,3,2364,val,1
BERT,mBERT,3,2368,val,0
BERT,mBERT,3,2369,val,1
BERT,mBERT,3,2371,val,0
BERT,mBERT,3,2372,val,0
BERT,mBERT,3,2375,val,0
BERT,mBERT,3,2377,test,0
BERT,mBERT,3,2380,test,0
BERT,mBERT,3,2381,test,1
BERT,mBERT,3,2383,test,1
BERT,mBERT,3,2384,test,1
BERT,mBERT,3,2386,test,1
BERT,mBERT,3,2387,val,0
BERT,mBERT,3,2388,test,1
BERT,mBERT,3,2392,test,1
BERT,mBERT,3,2397,val,0
BERT,mBERT,3,2398,test,0
BERT,mBERT,3,2400,test,1
BERT,mBERT,3,2401,val,1
BERT,mBERT,3,2403,val,0
BERT,mBERT,3,2406,test,0
BERT,mBERT,3,2407,test,1
BERT,mBERT,3,2408,test,1
BERT,mBERT,3,2409,test,1
BERT,mBERT,3,2410,val,1
BERT,mBERT,3,2412,val,1
BERT,mBERT,3,2413,val,1
BERT,mBERT,3,2415,test,0
BERT,mBERT,3,2417,test,0
BERT,mBERT,3,2421,test,1
BERT,mBERT,3,2422,test,1
BERT,mBERT,3,2426,val,0
BERT,mBERT,3,2427,val,0
BERT,mBERT,3,2428,test,1
BERT,mBERT,3,2429,test,0
BERT,mBERT,3,2432,test,0
BERT,mBERT,3,2436,test,0
BERT,mBERT,3,2438,val,0
BERT,mBERT,3,2439,test,1
BERT,mBERT,3,2440,test,1
BERT,mBERT,3,2445,val,0
BERT,mBERT,3,2447,test,1
BERT,mBERT,3,2448,test,1
BERT,mBERT,3,2451,val,1
BERT,mBERT,3,2452,test,0
BERT,mBERT,3,2453,val,2
BERT,mBERT,3,2454,test,1
BERT,mBERT,3,2455,val,2
BERT,mBERT,3,2456,test,1
BERT,mBERT,3,2457,test,2
BERT,mBERT,3,2458,val,2
BERT,mBERT,3,2459,val,0
BERT,mBERT,3,2461,val,1
BERT,mBERT,3,2462,test,1
BERT,mBERT,3,2464,test,1
BERT,mBERT,3,2467,test,0
BERT,mBERT,3,2472,val,0
BERT,mBERT,3,2473,test,0
BERT,mBERT,3,2476,test,0
BERT,mBERT,3,2478,val,0
BERT,mBERT,3,2479,val,2
BERT,mBERT,3,2481,val,1
BERT,mBERT,3,2483,test,2
BERT,mBERT,3,2485,val,1
BERT,mBERT,3,2487,val,0
BERT,mBERT,3,2489,test,0
BERT,mBERT,3,2490,test,0
BERT,mBERT,3,2491,val,0
BERT,mBERT,3,2492,test,0
BERT,mBERT,3,2493,val,1
BERT,mBERT,3,2496,test,1
BERT,mBERT,3,2497,test,0
BERT,mBERT,3,2499,val,2
BERT,mBERT,3,2501,val,0
BERT,mBERT,3,2504,val,0
BERT,mBERT,3,2507,val,1
BERT,mBERT,3,2510,test,0
BERT,mBERT,3,2511,test,1
BERT,mBERT,3,2517,test,0
BERT,mBERT,3,2518,val,0
BERT,mBERT,3,2519,test,0
BERT,mBERT,3,2520,val,0
BERT,mBERT,3,2521,test,0
BERT,mBERT,3,2522,test,0
BERT,mBERT,3,2525,test,0
BERT,mBERT,3,2527,test,1
BERT,mBERT,3,2528,test,0
BERT,mBERT,3,2529,val,1
BERT,mBERT,3,2533,test,0
BERT,mBERT,3,2535,test,0
BERT,mBERT,3,2536,test,0
BERT,mBERT,3,2537,test,1
BERT,mBERT,3,2538,test,2
BERT,mBERT,3,2541,val,0
BERT,mBERT,3,2542,test,0
BERT,mBERT,3,2546,test,0
BERT,mBERT,3,2547,test,0
BERT,mBERT,3,2549,val,0
BERT,mBERT,3,2551,test,2
BERT,mBERT,3,2554,val,0
BERT,mBERT,3,2556,test,0
BERT,mBERT,3,2557,test,0
BERT,mBERT,3,2558,test,0
BERT,mBERT,3,2562,test,2
BERT,mBERT,3,2564,val,0
BERT,mBERT,3,2567,test,0
BERT,mBERT,3,2569,test,0
BERT,mBERT,3,2570,val,1
BERT,mBERT,3,2571,val,0
BERT,mBERT,3,2574,test,2
BERT,mBERT,3,2576,test,0
BERT,mBERT,3,2577,val,0
BERT,mBERT,3,2580,test,2
BERT,mBERT,3,2584,test,2
BERT,mBERT,3,2585,val,0
BERT,mBERT,3,2586,val,1
BERT,mBERT,3,2587,val,0
BERT,mBERT,3,2590,val,2
BERT,mBERT,3,2593,test,0
BERT,mBERT,3,2594,val,0
BERT,mBERT,3,2595,test,0
BERT,mBERT,3,2596,val,0
BERT,mBERT,3,2598,val,1
BERT,mBERT,3,2602,test,2
BERT,mBERT,3,2603,val,0
BERT,mBERT,3,2605,test,0
BERT,mBERT,3,2608,test,0
BERT,mBERT,3,2609,test,0
BERT,mBERT,3,2611,val,2
BERT,mBERT,3,2613,val,1
BERT,mBERT,3,2617,test,0
BERT,mBERT,3,2621,test,2
BERT,mBERT,3,2625,val,2
BERT,mBERT,3,2627,test,1
BERT,mBERT,3,2628,test,1
BERT,mBERT,3,2629,val,0
BERT,mBERT,3,2633,val,2
BERT,mBERT,3,2635,val,0
BERT,mBERT,3,2636,val,2
BERT,mBERT,3,2637,val,0
BERT,mBERT,3,2638,test,2
BERT,mBERT,3,2640,val,0
BERT,mBERT,3,2641,test,0
BERT,mBERT,3,2644,test,0
BERT,mBERT,3,2645,val,0
BERT,mBERT,3,2648,val,0
BERT,mBERT,3,2649,val,0
BERT,mBERT,3,2650,test,0
BERT,mBERT,3,2652,test,0
BERT,mBERT,3,2653,test,2
BERT,mBERT,3,2660,test,0
BERT,mBERT,3,2661,test,0
BERT,mBERT,3,2662,test,2
BERT,mBERT,3,2663,test,0
BERT,mBERT,3,2667,test,0
BERT,mBERT,3,2669,test,0
BERT,mBERT,3,2670,test,0
BERT,mBERT,3,2671,test,0
BERT,mBERT,3,2673,test,0
BERT,mBERT,3,2675,test,2
BERT,mBERT,3,2676,test,2
BERT,mBERT,3,2677,test,2
BERT,mBERT,3,2678,test,2
BERT,mBERT,3,2679,test,0
BERT,mBERT,3,2681,test,2
BERT,mBERT,3,2685,val,0
BERT,mBERT,3,2687,test,2
BERT,mBERT,3,2688,test,2
BERT,mBERT,3,2689,val,0
BERT,mBERT,3,2690,val,0
BERT,mBERT,3,2692,test,2
BERT,mBERT,3,2695,val,2
BERT,mBERT,3,2697,test,0
BERT,mBERT,3,2698,test,2
BERT,mBERT,3,2700,test,0
BERT,mBERT,3,2704,test,2
BERT,mBERT,3,2706,test,0
BERT,mBERT,3,2711,val,0
BERT,mBERT,3,2712,test,0
BERT,mBERT,3,2714,test,2
BERT,mBERT,3,2719,test,1
BERT,mBERT,3,2723,val,0
BERT,mBERT,3,2724,test,0
BERT,mBERT,3,2727,val,1
BERT,mBERT,3,2732,test,2
BERT,mBERT,3,2734,test,0
BERT,mBERT,3,2736,test,0
BERT,mBERT,3,2737,test,0
BERT,mBERT,3,2742,test,0
BERT,mBERT,3,2745,test,2
BERT,mBERT,3,2748,test,0
BERT,mBERT,3,2750,test,2
BERT,mBERT,3,2753,test,0
BERT,mBERT,3,2754,val,2
BERT,mBERT,3,2755,test,2
BERT,mBERT,3,2756,val,0
BERT,mBERT,3,2759,test,0
BERT,mBERT,3,2761,val,0
BERT,mBERT,3,2764,test,0
BERT,mBERT,3,2766,test,0
BERT,mBERT,3,2769,test,2
BERT,mBERT,3,2770,test,2
BERT,mBERT,3,2771,val,0
BERT,mBERT,3,2773,val,2
BERT,mBERT,3,2774,test,2
BERT,mBERT,3,2778,test,2
BERT,mBERT,3,2780,val,1
BERT,mBERT,3,2781,test,0
BERT,mBERT,3,2786,test,0
BERT,mBERT,3,2790,test,0
BERT,mBERT,3,2794,val,0
BERT,mBERT,3,2797,test,2
BERT,mBERT,3,2801,test,0
BERT,mBERT,3,2807,val,2
BERT,mBERT,3,2809,test,0
BERT,mBERT,3,2810,test,0
BERT,mBERT,3,2811,val,0
BERT,mBERT,3,2813,test,2
BERT,mBERT,3,2819,val,0
BERT,mBERT,3,2821,test,2
BERT,mBERT,3,2822,test,0
BERT,mBERT,3,2824,val,0
BERT,mBERT,3,2826,val,2
BERT,mBERT,3,2827,test,0
BERT,mBERT,3,2830,val,2
BERT,mBERT,3,2831,test,2
BERT,mBERT,3,2832,val,0
BERT,mBERT,3,2834,test,0
BERT,mBERT,3,2835,test,0
BERT,mBERT,3,2839,val,1
BERT,mBERT,3,2843,test,0
BERT,mBERT,3,2844,test,2
BERT,mBERT,3,2845,test,0
BERT,mBERT,3,2846,test,2
BERT,mBERT,3,2848,val,0
BERT,mBERT,3,2849,test,0
BERT,mBERT,3,2851,val,0
BERT,mBERT,3,2856,val,0
BERT,mBERT,3,2862,val,0
BERT,mBERT,3,2863,val,0
BERT,mBERT,3,2865,test,0
BERT,mBERT,3,2868,test,0
BERT,mBERT,3,2870,test,0
BERT,mBERT,3,2871,test,2
BERT,mBERT,3,2875,test,0
BERT,mBERT,3,2877,val,0
BERT,mBERT,3,2883,test,0
BERT,mBERT,3,2884,test,2
BERT,mBERT,3,2885,val,0
BERT,mBERT,3,2886,test,0
BERT,mBERT,3,2888,test,0
BERT,mBERT,3,2890,val,0
BERT,mBERT,3,2892,test,0
BERT,mBERT,3,2894,val,0
BERT,mBERT,3,2896,test,0
BERT,mBERT,3,2898,test,0
BERT,mBERT,3,2900,test,0
BERT,mBERT,3,2901,test,0
BERT,mBERT,3,2903,val,0
BERT,mBERT,3,2905,val,0
BERT,mBERT,3,2906,val,0
BERT,mBERT,3,2907,test,2
BERT,mBERT,3,2910,test,0
BERT,mBERT,3,2912,test,0
BERT,mBERT,3,2913,val,0
BERT,mBERT,3,2914,test,2
BERT,mBERT,3,2916,val,0
BERT,mBERT,3,2918,test,0
BERT,mBERT,3,2921,val,2
BERT,mBERT,3,2922,test,0
BERT,mBERT,3,2927,test,2
BERT,mBERT,3,2928,val,0
BERT,mBERT,3,2929,test,0
BERT,mBERT,3,2930,test,0
BERT,mBERT,3,2932,val,1
BERT,mBERT,3,2933,val,0
BERT,mBERT,3,2934,test,2
BERT,mBERT,3,2936,test,2
BERT,mBERT,3,2937,test,0
BERT,mBERT,3,2938,test,0
BERT,mBERT,3,2939,test,0
BERT,mBERT,3,2943,test,0
BERT,mBERT,3,2946,test,0
BERT,mBERT,3,2947,test,2
BERT,mBERT,3,2949,val,0
BERT,mBERT,3,2951,val,0
BERT,mBERT,3,2955,test,0
BERT,mBERT,3,2956,val,0
BERT,mBERT,3,2960,test,0
BERT,mBERT,3,2964,test,0
BERT,mBERT,3,2965,test,1
BERT,mBERT,3,2967,test,0
BERT,mBERT,3,2968,test,2
BERT,mBERT,3,2971,val,2
BERT,mBERT,3,2973,val,2
BERT,mBERT,3,2974,val,0
BERT,mBERT,3,2977,test,1
BERT,mBERT,3,2979,val,0
BERT,mBERT,3,2980,val,2
BERT,mBERT,3,2982,test,2
BERT,mBERT,3,2983,val,0
BERT,mBERT,3,2984,test,1
BERT,mBERT,3,2985,test,0
BERT,mBERT,3,2987,test,0
BERT,mBERT,3,2990,test,1
BERT,mBERT,3,2991,val,0
BERT,mBERT,3,2992,test,0
BERT,mBERT,3,2994,val,0
BERT,mBERT,3,2995,val,1
BERT,mBERT,3,2997,val,2
BERT,mBERT,3,2998,val,2
BERT,mBERT,3,3002,val,0
BERT,mBERT,3,3005,test,0
BERT,mBERT,3,3007,val,0
BERT,mBERT,3,3010,test,0
BERT,mBERT,3,3011,test,0
BERT,mBERT,3,3012,test,1
BERT,mBERT,3,3013,val,1
BERT,mBERT,3,3015,val,0
BERT,mBERT,3,3018,test,0
BERT,mBERT,3,3019,val,1
BERT,mBERT,3,3021,test,0
BERT,mBERT,3,3023,test,0
BERT,mBERT,3,3024,test,0
BERT,mBERT,3,3025,val,0
BERT,mBERT,3,3026,test,0
BERT,mBERT,3,3029,test,0
BERT,mBERT,3,3030,test,0
BERT,mBERT,3,3031,val,0
BERT,mBERT,3,3032,val,2
BERT,mBERT,3,3034,test,0
BERT,mBERT,3,3038,val,0
BERT,mBERT,3,3039,val,2
BERT,mBERT,3,3040,val,0
BERT,mBERT,3,3041,test,2
BERT,mBERT,3,3043,val,0
BERT,mBERT,3,3044,test,0
BERT,mBERT,3,3046,test,0
BERT,mBERT,3,3047,val,2
BERT,mBERT,3,3050,val,0
BERT,mBERT,3,3052,test,0
BERT,mBERT,3,3053,val,0
BERT,mBERT,3,3055,test,0
BERT,mBERT,3,3056,val,0
BERT,mBERT,3,3057,test,2
BERT,mBERT,3,3058,val,2
BERT,mBERT,3,3059,test,0
BERT,mBERT,3,3063,test,2
BERT,mBERT,3,3065,test,0
BERT,mBERT,3,3068,val,0
BERT,mBERT,3,3069,test,2
BERT,mBERT,3,3070,val,1
BERT,mBERT,3,3071,test,2
BERT,mBERT,3,3075,val,2
BERT,mBERT,3,3076,test,0
BERT,mBERT,3,3081,test,2
BERT,mBERT,3,3082,test,0
BERT,mBERT,3,3083,test,0
BERT,mBERT,3,3084,test,0
BERT,mBERT,3,3085,val,0
BERT,mBERT,3,3088,test,2
BERT,mBERT,3,3089,test,0
BERT,mBERT,3,3094,test,2
BERT,mBERT,3,3095,val,2
BERT,mBERT,3,3097,test,0
BERT,mBERT,3,3100,test,1
BERT,mBERT,3,3102,test,0
BERT,mBERT,3,3103,test,0
BERT,mBERT,3,3107,test,2
BERT,mBERT,3,3109,val,2
BERT,mBERT,3,3110,val,2
BERT,mBERT,3,3112,val,0
BERT,mBERT,3,3114,test,1
BERT,mBERT,3,3115,val,0
BERT,mBERT,3,3116,val,1
BERT,mBERT,3,3123,test,1
BERT,mBERT,3,3124,test,0
BERT,mBERT,3,3125,val,0
BERT,mBERT,3,3127,test,0
BERT,mBERT,3,3128,test,2
BERT,mBERT,3,3129,test,1
BERT,mBERT,3,3131,test,2
BERT,mBERT,3,3136,test,1
BERT,mBERT,3,3137,test,0
BERT,mBERT,3,3138,test,2
BERT,mBERT,3,3140,test,2
BERT,mBERT,3,3148,val,0
BERT,mBERT,3,3150,test,0
BERT,mBERT,3,3151,test,1
BERT,mBERT,3,3153,test,0
BERT,mBERT,3,3154,val,0
BERT,mBERT,3,3158,test,1
BERT,mBERT,3,3159,val,0
BERT,mBERT,3,3160,val,0
BERT,mBERT,3,3164,val,0
BERT,mBERT,3,3167,test,1
BERT,mBERT,3,3169,test,1
BERT,mBERT,3,3170,test,1
BERT,mBERT,3,3178,val,1
BERT,mBERT,3,3180,test,0
BERT,mBERT,3,3181,val,0
BERT,mBERT,3,3182,test,1
BERT,mBERT,3,3183,val,2
BERT,mBERT,3,3184,val,1
BERT,mBERT,3,3185,test,1
BERT,mBERT,3,3186,val,0
BERT,mBERT,3,3190,test,0
BERT,mBERT,3,3191,test,0
BERT,mBERT,3,3193,val,0
BERT,mBERT,3,3195,val,0
BERT,mBERT,3,3196,test,2
BERT,mBERT,3,3197,test,0
BERT,mBERT,3,3200,test,0
BERT,mBERT,3,3204,test,2
BERT,mBERT,3,3206,test,2
BERT,mBERT,3,3209,val,2
BERT,mBERT,3,3211,test,1
BERT,mBERT,3,3215,test,1
BERT,mBERT,3,3218,val,0
BERT,mBERT,3,3220,test,1
BERT,mBERT,3,3221,val,0
BERT,mBERT,3,3222,test,0
BERT,mBERT,3,3225,test,1
BERT,mBERT,3,3226,test,1
BERT,mBERT,3,3227,val,2
BERT,mBERT,3,3231,test,2
BERT,mBERT,3,3233,val,0
BERT,mBERT,3,3234,test,1
BERT,mBERT,3,3235,test,1
BERT,mBERT,3,3236,test,2
BERT,mBERT,3,3237,test,1
BERT,mBERT,3,3238,val,0
BERT,mBERT,3,3242,test,1
BERT,mBERT,3,3244,val,1
BERT,mBERT,3,3247,test,0
BERT,mBERT,3,3248,test,0
BERT,mBERT,3,3250,test,1
BERT,mBERT,3,3253,val,1
BERT,mBERT,3,3255,val,0
BERT,mBERT,3,3256,val,1
BERT,mBERT,3,3258,test,1
BERT,mBERT,3,3260,test,1
BERT,mBERT,3,3261,test,2
BERT,mBERT,3,3266,val,2
BERT,mBERT,3,3269,test,0
BERT,mBERT,3,3270,test,0
BERT,mBERT,3,3274,test,0
BERT,mBERT,3,3276,val,0
BERT,mBERT,3,3277,test,0
BERT,mBERT,3,3278,test,0
BERT,mBERT,3,3279,test,2
BERT,mBERT,3,3280,test,2
BERT,mBERT,3,3282,test,0
BERT,mBERT,3,3285,val,0
BERT,mBERT,3,3287,test,0
BERT,mBERT,3,3289,val,0
BERT,mBERT,3,3291,test,0
BERT,mBERT,3,3292,val,0
BERT,mBERT,3,3293,test,2
BERT,mBERT,3,3296,val,2
BERT,mBERT,3,3299,val,2
BERT,mBERT,3,3301,test,2
BERT,mBERT,3,3303,test,0
BERT,mBERT,3,3305,test,2
BERT,mBERT,3,3307,test,2
BERT,mBERT,3,3309,val,0
BERT,mBERT,3,3312,val,2
BERT,mBERT,3,3313,test,2
BERT,mBERT,3,3314,val,0
BERT,mBERT,3,3316,test,0
BERT,mBERT,3,3318,test,1
BERT,mBERT,3,3321,test,2
BERT,mBERT,3,3323,val,0
BERT,mBERT,3,3324,test,1
BERT,mBERT,3,3326,test,2
BERT,mBERT,3,3328,test,2
BERT,mBERT,3,3332,val,0
BERT,mBERT,3,3335,val,0
BERT,mBERT,3,3339,test,1
BERT,mBERT,3,3340,val,0
BERT,mBERT,3,3343,test,0
BERT,mBERT,3,3345,val,1
BERT,mBERT,3,3346,test,0
BERT,mBERT,3,3347,test,0
BERT,mBERT,3,3348,val,2
BERT,mBERT,3,3353,val,0
BERT,mBERT,3,3355,val,0
BERT,mBERT,3,3356,test,1
BERT,mBERT,3,3357,val,0
BERT,mBERT,3,3358,test,1
BERT,mBERT,3,3359,test,0
BERT,mBERT,3,3361,val,0
BERT,mBERT,3,3362,test,0
BERT,mBERT,3,3367,val,0
BERT,mBERT,3,3370,val,2
BERT,mBERT,3,3372,val,2
BERT,mBERT,3,3373,test,1
BERT,mBERT,3,3374,val,2
BERT,mBERT,3,3376,test,2
BERT,mBERT,3,3384,test,1
BERT,mBERT,3,3385,val,0
BERT,mBERT,3,3386,val,0
BERT,mBERT,3,3394,val,0
BERT,mBERT,3,3396,test,0
BERT,mBERT,3,3402,test,0
BERT,mBERT,3,3403,test,0
BERT,mBERT,3,3404,val,1
BERT,mBERT,3,3406,val,2
BERT,mBERT,3,3408,test,0
BERT,mBERT,3,3410,test,0
BERT,mBERT,3,3412,val,0
BERT,mBERT,3,3419,test,2
BERT,mBERT,3,3420,test,0
BERT,mBERT,3,3425,test,0
BERT,mBERT,3,3429,test,0
BERT,mBERT,3,3431,test,2
BERT,mBERT,3,3432,val,2
BERT,mBERT,3,3433,test,0
BERT,mBERT,3,3434,test,0
BERT,mBERT,3,3436,val,1
BERT,mBERT,3,3438,val,0
BERT,mBERT,3,3439,test,0
BERT,mBERT,3,3440,val,2
BERT,mBERT,3,3441,val,0
BERT,mBERT,3,3444,test,0
BERT,mBERT,3,3447,test,2
BERT,mBERT,3,3450,test,2
BERT,mBERT,3,3452,test,0
BERT,mBERT,3,3455,val,0
BERT,mBERT,3,3456,test,0
BERT,mBERT,3,3457,test,2
BERT,mBERT,3,3458,test,0
BERT,mBERT,3,3459,test,0
BERT,mBERT,3,3460,test,0
BERT,mBERT,3,3464,test,0
BERT,mBERT,3,3469,test,1
BERT,mBERT,3,3470,test,0
BERT,mBERT,3,3472,val,0
BERT,mBERT,3,3473,test,2
BERT,mBERT,3,3475,val,0
BERT,mBERT,3,3479,val,0
BERT,mBERT,3,3482,val,1
BERT,mBERT,3,3483,val,0
BERT,mBERT,3,3486,val,0
BERT,mBERT,3,3491,val,0
BERT,mBERT,3,3492,test,2
BERT,mBERT,3,3495,test,1
BERT,mBERT,3,3496,val,0
BERT,mBERT,3,3497,test,0
BERT,mBERT,3,3498,test,1
BERT,mBERT,3,3499,test,2
BERT,mBERT,3,3500,val,0
BERT,mBERT,3,3501,val,2
BERT,mBERT,3,3502,test,0
BERT,mBERT,3,3507,test,0
BERT,mBERT,3,3508,val,0
BERT,mBERT,3,3510,val,0
BERT,mBERT,3,3511,val,2
BERT,mBERT,3,3512,test,0
BERT,mBERT,3,3514,val,1
BERT,mBERT,3,3515,test,1
BERT,mBERT,3,3517,val,1
BERT,mBERT,3,3519,val,1
BERT,mBERT,3,3520,val,0
BERT,mBERT,3,3521,test,1
BERT,mBERT,3,3523,val,0
BERT,mBERT,3,3526,val,0
BERT,mBERT,3,3527,test,0
BERT,mBERT,3,3528,test,1
BERT,mBERT,3,3530,test,0
BERT,mBERT,3,3532,test,1
BERT,mBERT,3,3533,val,1
BERT,mBERT,3,3534,val,0
BERT,mBERT,3,3536,test,0
BERT,mBERT,3,3540,test,0
BERT,mBERT,3,3544,test,1
BERT,mBERT,3,3548,val,0
BERT,mBERT,3,3550,test,1
BERT,mBERT,3,3552,test,1
BERT,mBERT,3,3553,test,0
BERT,mBERT,3,3555,test,1
BERT,mBERT,3,3556,test,0
BERT,mBERT,3,3557,val,1
BERT,mBERT,3,3558,test,1
BERT,mBERT,3,3560,test,1
BERT,mBERT,3,3561,val,1
BERT,mBERT,3,3562,test,0
BERT,mBERT,3,3565,val,0
BERT,mBERT,3,3567,val,0
BERT,mBERT,3,3568,test,0
BERT,mBERT,3,3570,val,0
BERT,mBERT,3,3572,test,0
BERT,mBERT,3,3573,test,0
BERT,mBERT,3,3575,test,1
BERT,mBERT,3,3577,test,0
BERT,mBERT,3,3580,test,0
BERT,mBERT,3,3582,test,0
BERT,mBERT,3,3583,test,1
BERT,mBERT,3,3588,test,1
BERT,mBERT,3,3589,test,0
BERT,mBERT,3,3591,val,2
BERT,mBERT,3,3593,test,1
BERT,mBERT,3,3594,val,0
BERT,mBERT,3,3595,test,1
BERT,mBERT,3,3601,val,0
BERT,mBERT,3,3602,test,0
BERT,mBERT,3,3603,test,1
BERT,mBERT,3,3606,val,0
BERT,mBERT,3,3607,test,0
BERT,mBERT,3,3608,test,1
BERT,mBERT,3,3610,val,0
BERT,mBERT,3,3611,val,2
BERT,mBERT,3,3613,test,1
BERT,mBERT,3,3615,test,0
BERT,mBERT,3,3616,test,1
BERT,mBERT,3,3617,test,0
BERT,mBERT,3,3618,val,1
BERT,mBERT,3,3619,val,0
BERT,mBERT,3,3621,test,0
BERT,mBERT,3,3622,val,2
BERT,mBERT,3,3624,val,1
BERT,mBERT,3,3625,val,0
BERT,mBERT,3,3627,val,0
BERT,mBERT,3,3629,test,0
BERT,mBERT,3,3630,val,0
BERT,mBERT,3,3632,val,0
BERT,mBERT,3,3633,test,2
BERT,mBERT,3,3635,test,0
BERT,mBERT,3,3636,val,1
BERT,mBERT,3,3637,val,1
BERT,mBERT,3,3639,test,0
BERT,mBERT,3,3640,test,0
BERT,mBERT,3,3642,test,2
BERT,mBERT,3,3644,test,0
BERT,mBERT,3,3645,val,2
BERT,mBERT,3,3646,test,0
BERT,mBERT,3,3647,val,0
BERT,mBERT,3,3648,test,0
BERT,mBERT,3,3649,val,0
BERT,mBERT,3,3650,val,0
BERT,mBERT,3,3651,test,2
BERT,mBERT,3,3652,val,0
BERT,mBERT,3,3656,val,0
BERT,mBERT,3,3663,val,2
BERT,mBERT,3,3665,test,0
BERT,mBERT,3,3666,test,0
BERT,mBERT,3,3669,val,2
BERT,mBERT,3,3670,test,0
BERT,mBERT,3,3671,test,2
BERT,mBERT,3,3672,test,2
BERT,mBERT,3,3673,test,0
BERT,mBERT,3,3674,test,0
BERT,mBERT,3,3676,test,2
BERT,mBERT,3,3677,test,0
BERT,mBERT,3,3680,val,2
BERT,mBERT,3,3683,val,0
BERT,mBERT,3,3684,test,0
BERT,mBERT,3,3685,val,2
BERT,mBERT,3,3686,test,0
BERT,mBERT,3,3687,test,2
BERT,mBERT,3,3689,test,0
BERT,mBERT,3,3690,val,2
BERT,mBERT,3,3692,test,2
BERT,mBERT,3,3693,test,0
BERT,mBERT,3,3695,test,0
BERT,mBERT,3,3696,val,2
BERT,mBERT,3,3697,test,0
BERT,mBERT,3,3698,test,1
BERT,mBERT,3,3699,val,0
BERT,mBERT,3,3702,test,0
BERT,mBERT,3,3703,test,2
BERT,mBERT,3,3705,test,0
BERT,mBERT,3,3707,val,0
BERT,mBERT,3,3710,test,0
BERT,mBERT,3,3712,val,0
BERT,mBERT,3,3714,val,0
BERT,mBERT,3,3716,test,2
BERT,mBERT,3,3718,val,0
BERT,mBERT,3,3720,test,0
BERT,mBERT,3,3725,val,0
BERT,mBERT,3,3726,val,0
BERT,mBERT,3,3730,val,0
BERT,mBERT,3,3732,test,2
BERT,mBERT,3,3733,test,0
BERT,mBERT,3,3734,test,1
BERT,mBERT,3,3739,val,0
BERT,mBERT,3,3741,test,0
BERT,mBERT,3,3742,val,0
BERT,mBERT,3,3743,test,0
BERT,mBERT,3,3744,test,0
BERT,mBERT,3,3745,val,1
BERT,mBERT,3,3746,val,0
BERT,mBERT,3,3747,val,0
BERT,mBERT,3,3749,val,1
BERT,mBERT,3,3751,val,0
BERT,mBERT,3,3752,test,0
BERT,mBERT,3,3754,test,0
BERT,mBERT,3,3755,val,1
BERT,mBERT,3,3756,test,0
BERT,mBERT,3,3757,test,0
BERT,mBERT,3,3759,test,1
BERT,mBERT,3,3761,val,0
BERT,mBERT,3,3763,test,0
BERT,mBERT,3,3764,val,2
BERT,mBERT,3,3765,val,0
BERT,mBERT,3,3767,test,0
BERT,mBERT,3,3768,val,0
BERT,mBERT,3,3770,test,0
BERT,mBERT,3,3772,test,0
BERT,mBERT,3,3773,test,1
BERT,mBERT,3,3775,val,2
BERT,mBERT,3,3776,val,2
BERT,mBERT,3,3777,val,0
BERT,mBERT,3,3779,test,0
BERT,mBERT,3,3780,test,0
BERT,mBERT,3,3781,test,0
BERT,mBERT,3,3782,test,2
BERT,mBERT,3,3783,test,0
BERT,mBERT,3,3784,test,0
BERT,mBERT,3,3785,test,2
BERT,mBERT,3,3786,val,1
BERT,mBERT,3,3789,val,2
BERT,mBERT,3,3790,val,0
BERT,mBERT,3,3795,test,0
BERT,mBERT,3,3797,val,2
BERT,mBERT,3,3799,val,0
BERT,mBERT,3,3801,val,0
BERT,mBERT,3,3802,test,2
BERT,mBERT,3,3803,test,0
BERT,mBERT,3,3805,val,0
BERT,mBERT,3,3806,test,0
BERT,mBERT,3,3809,val,0
BERT,mBERT,3,3811,test,0
BERT,mBERT,3,3812,val,0
BERT,mBERT,3,3814,test,1
BERT,mBERT,3,3818,val,0
BERT,mBERT,3,3821,test,0
BERT,mBERT,3,3824,val,0
BERT,mBERT,3,3825,test,0
BERT,mBERT,3,3826,test,0
BERT,mBERT,3,3827,test,0
BERT,mBERT,3,3829,test,1
BERT,mBERT,3,3830,val,0
BERT,mBERT,3,3831,val,0
BERT,mBERT,3,3835,test,2
BERT,mBERT,3,3836,test,0
BERT,mBERT,3,3843,test,0
BERT,mBERT,3,3844,val,2
BERT,mBERT,3,3847,test,2
BERT,mBERT,3,3848,test,1
BERT,mBERT,3,3849,test,1
BERT,mBERT,3,3850,test,1
BERT,mBERT,3,3852,test,2
BERT,mBERT,3,3853,test,0
BERT,mBERT,3,3854,test,0
BERT,mBERT,3,3855,test,0
BERT,mBERT,3,3856,test,0
BERT,mBERT,3,3859,val,2
BERT,mBERT,3,3865,val,0
BERT,mBERT,3,3868,test,1
BERT,mBERT,3,3875,test,0
BERT,mBERT,3,3876,val,2
BERT,mBERT,3,3878,val,2
BERT,mBERT,3,3880,test,1
BERT,mBERT,3,3882,test,2
BERT,mBERT,3,3883,test,0
BERT,mBERT,3,3885,test,0
BERT,mBERT,3,3886,test,0
BERT,mBERT,3,3888,val,1
BERT,mBERT,3,3889,test,2
BERT,mBERT,3,3891,val,0
BERT,mBERT,3,3894,val,0
BERT,mBERT,3,3896,val,2
BERT,mBERT,3,3897,val,0
BERT,mBERT,3,3898,test,2
BERT,mBERT,3,3899,test,0
BERT,mBERT,3,3900,test,0
BERT,mBERT,3,3903,test,0
BERT,mBERT,3,3905,val,0
BERT,mBERT,3,3907,test,0
BERT,mBERT,3,3908,test,0
BERT,mBERT,3,3910,test,1
BERT,mBERT,3,3911,val,0
BERT,mBERT,3,3917,val,0
BERT,mBERT,3,3919,test,0
BERT,mBERT,3,3920,val,0
BERT,mBERT,3,3921,test,2
BERT,mBERT,3,3922,test,2
BERT,mBERT,3,3924,test,0
BERT,mBERT,3,3925,val,0
BERT,mBERT,3,3927,test,0
BERT,mBERT,3,3930,test,0
BERT,mBERT,3,3931,test,0
BERT,mBERT,3,3934,test,2
BERT,mBERT,3,3935,test,0
BERT,mBERT,3,3941,test,1
BERT,mBERT,3,3943,test,0
BERT,mBERT,3,3944,test,0
BERT,mBERT,3,3947,test,0
BERT,mBERT,3,3949,test,0
BERT,mBERT,3,3950,val,2
BERT,mBERT,3,3951,val,0
BERT,mBERT,3,3954,test,0
BERT,mBERT,3,3955,test,2
BERT,mBERT,3,3956,test,0
BERT,mBERT,3,3960,val,2
BERT,mBERT,3,3961,test,0
BERT,mBERT,3,3962,test,0
BERT,mBERT,3,3966,test,0
BERT,mBERT,3,3967,test,0
BERT,mBERT,3,3969,val,2
BERT,mBERT,3,3970,val,0
BERT,mBERT,3,3971,val,2
BERT,mBERT,3,3973,test,0
BERT,mBERT,3,3976,val,0
BERT,mBERT,3,3977,test,1
BERT,mBERT,3,3978,test,0
BERT,mBERT,3,3981,val,0
BERT,mBERT,3,3984,val,2
BERT,mBERT,3,3985,val,0
BERT,mBERT,3,3987,test,0
BERT,mBERT,3,3988,test,0
BERT,mBERT,3,3989,val,2
BERT,mBERT,3,3990,test,2
BERT,mBERT,3,3992,val,0
BERT,mBERT,3,3993,test,2
BERT,mBERT,3,3994,test,2
BERT,mBERT,3,3999,val,0
BERT,mBERT,3,4005,val,0
BERT,mBERT,3,4009,val,0
BERT,mBERT,3,4011,val,2
BERT,mBERT,3,4013,val,0
BERT,mBERT,3,4014,val,2
BERT,mBERT,3,4016,val,0
BERT,mBERT,3,4017,val,0
BERT,mBERT,3,4019,val,0
BERT,mBERT,3,4020,test,0
BERT,mBERT,3,4021,test,2
BERT,mBERT,3,4023,val,0
BERT,mBERT,3,4024,test,0
BERT,mBERT,3,4026,test,0
BERT,mBERT,3,4027,test,0
BERT,mBERT,3,4028,val,0
BERT,mBERT,3,4031,val,2
BERT,mBERT,3,4032,val,0
BERT,mBERT,3,4033,val,0
BERT,mBERT,3,4034,val,0
BERT,mBERT,3,4035,test,0
BERT,mBERT,3,4036,test,2
BERT,mBERT,3,4037,val,0
BERT,mBERT,3,4039,test,0
BERT,mBERT,3,4040,val,0
BERT,mBERT,3,4042,test,2
BERT,mBERT,3,4043,test,2
BERT,mBERT,3,4046,val,1
BERT,mBERT,3,4047,test,0
BERT,mBERT,3,4049,val,0
BERT,mBERT,3,4053,test,0
BERT,mBERT,3,4061,val,0
BERT,mBERT,3,4064,test,2
BERT,mBERT,3,4065,test,0
BERT,mBERT,3,4067,test,0
BERT,mBERT,3,4068,test,0
BERT,mBERT,3,4069,val,2
BERT,mBERT,3,4075,test,2
BERT,mBERT,3,4076,test,0
BERT,mBERT,3,4079,val,2
BERT,mBERT,3,4081,test,1
BERT,mBERT,3,4082,val,2
BERT,mBERT,3,4084,val,0
BERT,mBERT,3,4087,test,0
BERT,mBERT,3,4088,test,0
BERT,mBERT,3,4090,val,0
BERT,mBERT,3,4092,val,2
BERT,mBERT,3,4094,test,0
BERT,mBERT,3,4096,test,0
BERT,mBERT,3,4098,val,0
BERT,mBERT,3,4100,val,0
BERT,mBERT,3,4102,test,0
BERT,mBERT,3,4104,test,0
BERT,mBERT,3,4105,val,0
BERT,mBERT,3,4106,val,0
BERT,mBERT,3,4107,test,0
BERT,mBERT,3,4109,val,0
BERT,mBERT,3,4113,test,0
BERT,mBERT,3,4114,test,0
BERT,mBERT,3,4117,val,2
BERT,mBERT,3,4119,test,1
BERT,mBERT,3,4120,test,1
BERT,mBERT,3,4121,val,2
BERT,mBERT,3,4125,test,0
BERT,mBERT,3,4128,val,0
BERT,mBERT,3,4132,test,0
BERT,mBERT,3,4133,val,0
BERT,mBERT,3,4135,test,1
BERT,mBERT,3,4143,test,1
BERT,mBERT,3,4144,val,0
BERT,mBERT,3,4148,test,2
BERT,mBERT,3,4153,val,0
BERT,mBERT,3,4157,test,1
BERT,mBERT,3,4159,val,0
BERT,mBERT,3,4160,test,2
BERT,mBERT,3,4162,test,2
BERT,mBERT,3,4163,val,0
BERT,mBERT,3,4164,val,2
BERT,mBERT,3,4166,test,0
BERT,mBERT,3,4167,val,0
BERT,mBERT,3,4168,val,0
BERT,mBERT,3,4170,test,2
BERT,mBERT,3,4172,val,0
BERT,mBERT,3,4177,val,0
BERT,mBERT,3,4180,val,0
BERT,mBERT,3,4181,val,0
BERT,mBERT,3,4182,val,2
BERT,mBERT,3,4184,val,2
BERT,mBERT,3,4189,test,2
BERT,mBERT,3,4190,test,2
BERT,mBERT,3,4197,val,0
BERT,mBERT,3,4198,test,1
BERT,mBERT,3,4201,test,2
BERT,mBERT,3,4202,val,0
BERT,mBERT,3,4203,val,2
BERT,mBERT,3,4204,test,1
BERT,mBERT,3,4205,test,2
BERT,mBERT,3,4210,test,2
BERT,mBERT,3,4212,test,0
BERT,mBERT,3,4213,val,0
BERT,mBERT,3,4214,test,0
BERT,mBERT,3,4217,val,0
BERT,mBERT,3,4219,test,2
BERT,mBERT,3,4225,test,2
BERT,mBERT,3,4226,val,0
BERT,mBERT,3,4230,val,0
BERT,mBERT,3,4231,val,0
BERT,mBERT,3,4233,val,2
BERT,mBERT,3,4235,val,0
BERT,mBERT,3,4236,test,0
BERT,mBERT,3,4239,test,0
BERT,mBERT,3,4242,val,0
BERT,mBERT,3,4244,test,0
BERT,mBERT,3,4246,test,0
BERT,mBERT,3,4247,val,0
BERT,mBERT,3,4249,test,0
BERT,mBERT,3,4251,test,2
BERT,mBERT,3,4252,test,0
BERT,mBERT,3,4254,val,0
BERT,mBERT,3,4256,test,2
BERT,mBERT,3,4257,val,0
BERT,mBERT,3,4258,test,2
BERT,mBERT,3,4259,val,0
BERT,mBERT,3,4262,val,0
BERT,mBERT,3,4263,test,0
BERT,mBERT,3,4266,val,2
BERT,mBERT,3,4269,test,2
BERT,mBERT,3,4270,val,0
BERT,mBERT,3,4271,val,2
BERT,mBERT,3,4272,test,2
BERT,mBERT,3,4276,test,0
BERT,mBERT,3,4277,test,0
BERT,mBERT,3,4281,val,0
BERT,mBERT,3,4282,test,0
BERT,mBERT,3,4283,test,1
BERT,mBERT,3,4284,val,0
BERT,mBERT,3,4285,val,2
BERT,mBERT,3,4286,test,0
BERT,mBERT,3,4289,val,0
BERT,mBERT,3,4294,val,0
BERT,mBERT,3,4295,test,2
BERT,mBERT,3,4297,test,0
BERT,mBERT,3,4298,val,0
BERT,mBERT,3,4299,val,0
BERT,mBERT,3,4301,val,0
BERT,mBERT,3,4302,test,0
BERT,mBERT,3,4304,test,0
BERT,mBERT,3,4306,test,0
BERT,mBERT,3,4307,test,2
BERT,mBERT,3,4308,val,0
BERT,mBERT,3,4309,test,0
BERT,mBERT,3,4310,test,2
BERT,mBERT,3,4312,val,0
BERT,mBERT,3,4314,test,2
BERT,mBERT,3,4319,val,2
BERT,mBERT,3,4320,test,2
BERT,mBERT,3,4321,val,1
BERT,mBERT,3,4323,test,2
BERT,mBERT,3,4328,test,0
BERT,mBERT,3,4329,val,2
BERT,mBERT,3,4330,test,0
BERT,mBERT,3,4331,val,0
BERT,mBERT,3,4334,test,0
BERT,mBERT,3,4335,val,2
BERT,mBERT,3,4339,val,2
BERT,mBERT,3,4340,val,0
BERT,mBERT,3,4342,test,2
BERT,mBERT,3,4343,test,0
BERT,mBERT,3,4344,test,0
BERT,mBERT,3,4345,test,0
BERT,mBERT,3,4346,val,2
BERT,mBERT,3,4347,test,2
BERT,mBERT,3,4348,val,2
BERT,mBERT,3,4350,val,0
BERT,mBERT,3,4351,test,2
BERT,mBERT,3,4352,test,0
BERT,mBERT,3,4354,val,2
BERT,mBERT,3,4356,val,0
BERT,mBERT,3,4357,test,0
BERT,mBERT,3,4358,test,0
BERT,mBERT,3,4359,test,0
BERT,mBERT,3,4360,test,0
BERT,mBERT,3,4364,val,1
BERT,mBERT,3,4365,test,0
BERT,mBERT,3,4366,test,2
BERT,mBERT,3,4368,test,0
BERT,mBERT,3,4369,val,0
BERT,mBERT,3,4373,test,2
BERT,mBERT,3,4376,val,2
BERT,mBERT,3,4377,val,2
BERT,mBERT,3,4378,val,2
BERT,mBERT,3,4381,test,2
BERT,mBERT,3,4382,val,1
BERT,mBERT,3,4383,test,0
BERT,mBERT,3,4386,test,1
BERT,mBERT,3,4387,test,0
BERT,mBERT,3,4388,val,0
BERT,mBERT,3,4390,test,0
BERT,mBERT,3,4391,test,0
BERT,mBERT,3,4394,val,0
BERT,mBERT,3,4402,val,2
BERT,mBERT,3,4407,test,1
BERT,mBERT,3,4409,test,0
BERT,mBERT,3,4412,test,0
BERT,mBERT,3,4414,val,0
BERT,mBERT,3,4419,test,2
BERT,mBERT,3,4423,val,1
BERT,mBERT,3,4426,test,2
BERT,mBERT,3,4432,test,0
BERT,mBERT,3,4433,test,2
BERT,mBERT,3,4434,val,1
BERT,mBERT,3,4436,test,0
BERT,mBERT,3,4440,val,0
BERT,mBERT,3,4441,val,0
BERT,mBERT,3,4442,val,1
BERT,mBERT,3,4443,test,0
BERT,mBERT,3,4447,test,0
BERT,mBERT,3,4452,test,0
BERT,mBERT,3,4454,val,0
BERT,mBERT,3,4457,test,0
BERT,mBERT,3,4462,test,1
BERT,mBERT,3,4463,test,2
BERT,mBERT,3,4464,test,0
BERT,mBERT,3,4467,val,2
BERT,mBERT,3,4468,test,0
BERT,mBERT,3,4469,val,0
BERT,mBERT,3,4470,val,2
BERT,mBERT,3,4472,test,0
BERT,mBERT,3,4474,test,0
BERT,mBERT,3,4478,val,2
BERT,mBERT,3,4479,test,2
BERT,mBERT,3,4481,test,2
BERT,mBERT,3,4482,test,0
BERT,mBERT,3,4483,val,2
BERT,mBERT,3,4484,test,1
BERT,mBERT,3,4485,val,0
BERT,mBERT,3,4486,val,1
BERT,mBERT,3,4489,test,2
BERT,mBERT,3,4490,val,2
BERT,mBERT,3,4491,test,0
BERT,mBERT,3,4492,val,0
BERT,mBERT,3,4498,val,0
BERT,mBERT,3,4500,test,0
BERT,mBERT,3,4501,test,0
BERT,mBERT,3,4502,val,0
BERT,mBERT,3,4505,val,0
BERT,mBERT,3,4506,test,0
BERT,mBERT,3,4508,test,0
BERT,mBERT,3,4509,val,0
BERT,mBERT,3,4511,val,0
BERT,mBERT,3,4513,val,2
BERT,mBERT,3,4516,val,0
BERT,mBERT,3,4518,val,0
BERT,mBERT,3,4519,val,0
BERT,mBERT,3,4521,test,2
BERT,mBERT,3,4523,test,0
BERT,mBERT,3,4526,val,0
BERT,mBERT,3,4529,test,0
BERT,mBERT,3,4531,test,0
BERT,mBERT,3,4532,test,0
BERT,mBERT,3,4533,test,0
BERT,mBERT,3,4537,test,1
BERT,mBERT,3,4538,test,2
BERT,mBERT,3,4539,val,2
BERT,mBERT,3,4540,test,0
BERT,mBERT,3,4543,test,1
BERT,mBERT,3,4544,test,1
BERT,mBERT,3,4545,test,0
BERT,mBERT,3,4547,test,1
BERT,mBERT,3,4548,test,0
BERT,mBERT,3,4550,test,2
BERT,mBERT,3,4551,val,0
BERT,mBERT,3,4553,test,0
BERT,mBERT,3,4555,val,0
BERT,mBERT,3,4558,test,0
BERT,mBERT,3,4560,val,0
BERT,mBERT,3,4562,test,2
BERT,mBERT,3,4567,test,0
BERT,mBERT,3,4568,val,0
BERT,mBERT,3,4569,test,0
BERT,mBERT,3,4571,test,1
BERT,mBERT,3,4573,val,0
BERT,mBERT,3,4574,val,0
BERT,mBERT,3,4575,test,0
BERT,mBERT,3,4580,test,2
BERT,mBERT,3,4584,test,0
BERT,mBERT,3,4585,test,0
BERT,mBERT,3,4586,val,0
BERT,mBERT,3,4587,test,0
BERT,mBERT,3,4588,test,1
BERT,mBERT,3,4590,val,0
BERT,mBERT,3,4594,test,0
BERT,mBERT,3,4599,val,1
BERT,mBERT,3,4600,test,0
BERT,mBERT,3,4601,test,2
BERT,mBERT,3,4602,test,2
BERT,mBERT,3,4603,test,1
BERT,mBERT,3,4605,test,2
BERT,mBERT,3,4606,test,0
BERT,mBERT,3,4607,val,0
BERT,mBERT,3,4610,test,0
BERT,mBERT,3,4611,test,2
BERT,mBERT,3,4612,test,0
BERT,mBERT,3,4613,val,0
BERT,mBERT,3,4614,test,2
BERT,mBERT,3,4616,test,2
BERT,mBERT,3,4617,test,0
BERT,mBERT,3,4618,test,2
BERT,mBERT,3,4619,val,0
BERT,mBERT,3,4620,val,0
BERT,mBERT,3,4624,test,0
BERT,mBERT,3,4626,test,2
BERT,mBERT,3,4627,val,0
BERT,mBERT,3,4628,val,1
BERT,mBERT,3,4632,val,2
BERT,mBERT,3,4633,val,0
BERT,mBERT,3,4634,test,0
BERT,mBERT,3,4635,val,0
BERT,mBERT,3,4636,test,0
BERT,mBERT,3,4639,test,1
BERT,mBERT,3,4640,test,0
BERT,mBERT,3,4642,val,0
BERT,mBERT,3,4645,val,0
BERT,mBERT,3,4646,test,2
BERT,mBERT,3,4650,test,0
BERT,mBERT,3,4652,val,2
BERT,mBERT,3,4654,val,0
BERT,mBERT,3,4656,val,2
BERT,mBERT,3,4657,val,0
BERT,mBERT,3,4659,val,1
BERT,mBERT,3,4660,test,0
BERT,mBERT,3,4662,val,0
BERT,mBERT,3,4663,val,2
BERT,mBERT,3,4669,val,0
BERT,mBERT,3,4670,val,0
BERT,mBERT,3,4674,test,2
BERT,mBERT,3,4676,test,0
BERT,mBERT,3,4679,test,0
BERT,mBERT,3,4680,test,0
BERT,mBERT,3,4685,test,0
BERT,mBERT,3,4690,val,2
BERT,mBERT,3,4691,test,0
BERT,mBERT,3,4693,test,2
BERT,mBERT,3,4694,test,0
BERT,mBERT,3,4695,test,2
BERT,mBERT,3,4696,val,2
BERT,mBERT,3,4697,val,0
BERT,mBERT,3,4699,val,2
BERT,mBERT,3,4700,val,0
BERT,mBERT,3,4701,test,1
BERT,mBERT,3,4703,test,0
BERT,mBERT,3,4704,test,0
BERT,mBERT,3,4705,val,0
BERT,mBERT,3,4706,test,0
BERT,mBERT,3,4707,val,0
BERT,mBERT,3,4708,val,2
BERT,mBERT,3,4709,test,2
BERT,mBERT,3,4710,val,0
BERT,mBERT,3,4713,val,0
BERT,mBERT,3,4715,test,2
BERT,mBERT,3,4716,val,0
BERT,mBERT,3,4717,test,0
BERT,mBERT,3,4726,val,0
BERT,mBERT,3,4730,val,0
BERT,mBERT,3,4737,val,1
BERT,mBERT,3,4742,test,2
BERT,mBERT,3,4743,test,2
BERT,mBERT,3,4746,val,1
BERT,mBERT,3,4748,test,2
BERT,mBERT,3,4751,val,0
BERT,mBERT,3,4752,test,2
BERT,mBERT,3,4754,val,0
BERT,mBERT,3,4755,test,0
BERT,mBERT,3,4762,test,2
BERT,mBERT,3,4766,test,0
BERT,mBERT,3,4767,val,0
BERT,mBERT,3,4770,val,0
BERT,mBERT,3,4774,test,0
BERT,mBERT,3,4776,val,0
BERT,mBERT,3,4777,val,2
BERT,mBERT,3,4778,test,2
BERT,mBERT,3,4780,test,0
BERT,mBERT,3,4782,test,1
BERT,mBERT,3,4783,test,0
BERT,mBERT,3,4784,test,1
BERT,mBERT,3,4785,val,0
BERT,mBERT,3,4787,test,2
BERT,mBERT,3,4791,test,2
BERT,mBERT,3,4796,val,1
BERT,mBERT,3,4797,test,2
BERT,mBERT,3,4798,test,0
BERT,mBERT,3,4800,test,0
BERT,mBERT,3,4809,test,1
BERT,mBERT,3,4811,val,2
BERT,mBERT,3,4814,val,0
BERT,mBERT,3,4815,test,0
BERT,mBERT,3,4816,test,0
BERT,mBERT,3,4818,val,1
BERT,mBERT,3,4820,test,0
BERT,mBERT,3,4823,test,2
BERT,mBERT,3,4824,test,0
BERT,mBERT,3,4825,test,0
BERT,mBERT,3,4827,test,2
BERT,mBERT,3,4828,test,2
BERT,mBERT,3,4833,val,2
BERT,mBERT,3,4835,test,0
BERT,mBERT,3,4837,val,2
BERT,mBERT,3,4838,val,2
BERT,mBERT,3,4839,test,0
BERT,mBERT,3,4840,val,2
BERT,mBERT,3,4841,val,0
BERT,mBERT,3,4844,test,0
BERT,mBERT,3,4850,val,2
BERT,mBERT,3,4853,test,0
BERT,mBERT,3,4854,test,2
BERT,mBERT,3,4857,val,2
BERT,mBERT,3,4858,test,2
BERT,mBERT,3,4860,val,2
BERT,mBERT,3,4861,val,0
BERT,mBERT,3,4862,val,0
BERT,mBERT,3,4863,test,1
BERT,mBERT,3,4864,test,2
BERT,mBERT,3,4865,test,0
BERT,mBERT,3,4866,val,2
BERT,mBERT,3,4867,test,0
BERT,mBERT,3,4870,test,1
BERT,mBERT,3,4871,test,0
BERT,mBERT,3,4873,val,1
BERT,mBERT,3,4876,test,2
BERT,mBERT,3,4879,test,2
BERT,mBERT,3,4880,val,2
BERT,mBERT,3,4882,test,0
BERT,mBERT,3,4883,val,0
BERT,mBERT,3,4886,test,0
BERT,mBERT,3,4887,val,2
BERT,mBERT,3,4888,test,2
BERT,mBERT,3,4889,test,0
BERT,mBERT,3,4892,test,0
BERT,mBERT,3,4894,val,0
BERT,mBERT,3,4898,test,0
BERT,mBERT,3,4901,val,1
BERT,mBERT,3,4902,val,0
BERT,mBERT,3,4904,test,1
BERT,mBERT,3,4905,val,0
BERT,mBERT,3,4907,test,0
BERT,mBERT,3,4908,val,0
BERT,mBERT,3,4910,test,0
BERT,mBERT,3,4912,val,0
BERT,mBERT,3,4913,val,0
BERT,mBERT,3,4915,test,2
BERT,mBERT,3,4917,test,2
BERT,mBERT,3,4918,val,0
BERT,mBERT,3,4927,val,0
BERT,mBERT,3,4930,val,0
BERT,mBERT,3,4932,test,0
BERT,mBERT,3,4934,test,0
BERT,mBERT,3,4935,val,0
BERT,mBERT,3,4938,val,0
BERT,mBERT,3,4939,test,0
BERT,mBERT,3,4940,test,2
BERT,mBERT,3,4941,test,2
BERT,mBERT,3,4942,test,2
BERT,mBERT,3,4943,test,2
BERT,mBERT,3,4945,test,0
BERT,mBERT,3,4946,test,0
BERT,mBERT,3,4947,test,1
BERT,mBERT,3,4948,test,0
BERT,mBERT,3,4949,val,2
BERT,mBERT,3,4952,val,0
BERT,mBERT,3,4953,test,0
BERT,mBERT,3,4954,test,2
BERT,mBERT,3,4957,test,0
BERT,mBERT,3,4958,test,0
BERT,mBERT,3,4960,val,2
BERT,mBERT,3,4962,test,2
BERT,mBERT,3,4963,test,1
BERT,mBERT,3,4964,val,0
BERT,mBERT,3,4965,test,0
BERT,mBERT,3,4967,test,2
BERT,mBERT,3,4969,test,0
BERT,mBERT,3,4972,test,0
BERT,mBERT,3,4974,val,2
BERT,mBERT,3,4976,test,2
BERT,mBERT,3,4977,val,0
BERT,mBERT,3,4978,val,2
BERT,mBERT,3,4980,test,0
BERT,mBERT,3,4982,val,0
BERT,mBERT,3,4983,test,0
BERT,mBERT,3,4985,test,0
BERT,mBERT,3,4987,test,2
BERT,mBERT,3,4988,val,0
BERT,mBERT,3,4989,test,0
BERT,mBERT,3,4991,test,0
BERT,mBERT,3,4992,test,0
BERT,mBERT,3,4994,test,0
BERT,mBERT,3,4996,val,0
BERT,mBERT,3,4998,test,0
BERT,mBERT,3,4999,test,2
BERT,mBERT,3,5000,test,2
BERT,mBERT,3,5001,val,0
BERT,mBERT,3,5003,test,2
BERT,mBERT,3,5004,test,2
BERT,mBERT,3,5005,test,0
BERT,mBERT,3,5007,test,0
BERT,mBERT,3,5008,val,0
BERT,mBERT,3,5009,test,0
BERT,mBERT,3,5010,val,2
BERT,mBERT,3,5013,test,0
BERT,mBERT,3,5014,test,2
BERT,mBERT,3,5018,val,2
BERT,mBERT,3,5022,val,0
BERT,mBERT,3,5024,test,2
BERT,mBERT,3,5025,val,0
BERT,mBERT,3,5026,test,0
BERT,mBERT,3,5027,test,0
BERT,mBERT,3,5029,test,1
BERT,mBERT,3,5031,test,0
BERT,mBERT,3,5036,test,2
BERT,mBERT,3,5037,val,0
BERT,mBERT,3,5039,test,0
BERT,mBERT,3,5041,val,0
BERT,mBERT,3,5043,val,0
BERT,mBERT,3,5044,test,2
BERT,mBERT,3,5045,val,0
BERT,mBERT,3,5046,val,0
BERT,mBERT,3,5048,val,2
BERT,mBERT,3,5049,val,0
BERT,mBERT,3,5050,test,2
BERT,mBERT,3,5058,val,2
BERT,mBERT,3,5059,val,1
BERT,mBERT,3,5061,test,1
BERT,mBERT,3,5062,test,2
BERT,mBERT,3,5065,val,0
BERT,mBERT,3,5066,val,0
BERT,mBERT,3,5068,test,2
BERT,mBERT,3,5069,val,1
BERT,mBERT,3,5074,test,0
BERT,mBERT,3,5075,test,0
BERT,mBERT,3,5077,val,0
BERT,mBERT,3,5082,val,0
BERT,mBERT,3,5083,val,0
BERT,mBERT,3,5084,test,2
BERT,mBERT,3,5085,test,1
BERT,mBERT,3,5086,test,2
BERT,mBERT,3,5088,test,2
BERT,mBERT,3,5089,test,0
BERT,mBERT,3,5091,test,0
BERT,mBERT,3,5094,test,0
BERT,mBERT,3,5096,val,0
BERT,mBERT,3,5097,test,2
BERT,mBERT,3,5099,val,2
BERT,mBERT,3,5103,test,0
BERT,mBERT,3,5104,test,0
BERT,mBERT,3,5105,test,2
BERT,mBERT,3,5107,val,2
BERT,mBERT,3,5113,test,0
BERT,mBERT,3,5114,test,2
BERT,mBERT,3,5117,test,0
BERT,mBERT,3,5118,test,0
BERT,mBERT,3,5119,test,0
BERT,mBERT,3,5121,val,0
BERT,mBERT,3,5122,val,2
BERT,mBERT,3,5123,test,1
BERT,mBERT,3,5126,test,0
BERT,mBERT,3,5127,test,0
BERT,mBERT,3,5129,val,2
BERT,mBERT,3,5130,val,0
BERT,mBERT,3,5132,val,0
BERT,mBERT,3,5134,test,2
BERT,mBERT,3,5135,val,0
BERT,mBERT,3,5136,test,2
BERT,mBERT,3,5139,test,0
BERT,mBERT,3,5140,test,1
BERT,mBERT,3,5141,test,2
BERT,mBERT,3,5142,val,0
BERT,mBERT,3,5143,test,0
BERT,mBERT,3,5146,test,0
BERT,mBERT,3,5148,test,0
BERT,mBERT,3,5149,test,0
BERT,mBERT,3,5150,test,2
BERT,mBERT,3,5151,val,2
BERT,mBERT,3,5152,val,2
BERT,mBERT,3,5156,test,0
BERT,mBERT,3,5160,val,0
BERT,mBERT,3,5162,test,0
BERT,mBERT,3,5164,test,2
BERT,mBERT,3,5165,test,0
BERT,mBERT,3,5169,test,0
BERT,mBERT,3,5170,test,0
BERT,mBERT,3,5172,val,0
BERT,mBERT,3,5174,test,0
BERT,mBERT,3,5183,val,0
BERT,mBERT,3,5184,val,0
BERT,mBERT,3,5185,val,0
BERT,mBERT,3,5187,test,2
BERT,mBERT,3,5189,test,0
BERT,mBERT,3,5198,val,0
BERT,mBERT,3,5200,test,2
BERT,mBERT,3,5202,test,0
BERT,mBERT,3,5205,test,2
BERT,mBERT,3,5206,test,2
BERT,mBERT,3,5208,test,0
BERT,mBERT,3,5210,val,2
BERT,mBERT,3,5211,val,0
BERT,mBERT,3,5212,test,0
BERT,mBERT,3,5213,test,0
BERT,mBERT,3,5214,test,0
BERT,mBERT,3,5215,val,0
BERT,mBERT,3,5216,test,0
BERT,mBERT,3,5218,test,0
BERT,mBERT,3,5225,val,2
BERT,mBERT,3,5226,test,0
BERT,mBERT,3,5227,test,0
BERT,mBERT,3,5228,test,0
BERT,mBERT,3,5229,test,0
BERT,mBERT,3,5230,val,0
BERT,mBERT,3,5234,test,0
BERT,mBERT,3,5235,val,0
BERT,mBERT,3,5236,test,0
BERT,mBERT,3,5237,val,2
BERT,mBERT,3,5238,test,2
BERT,mBERT,3,5239,test,0
BERT,mBERT,3,5240,test,0
BERT,mBERT,3,5241,test,2
BERT,mBERT,3,5248,val,1
BERT,mBERT,3,5249,val,1
BERT,mBERT,3,5251,test,2
BERT,mBERT,3,5252,val,0
BERT,mBERT,3,5255,test,0
BERT,mBERT,3,5260,test,0
BERT,mBERT,3,5264,test,0
BERT,mBERT,3,5265,test,0
BERT,mBERT,3,5266,test,0
BERT,mBERT,3,5269,test,2
BERT,mBERT,3,5272,val,2
BERT,mBERT,3,5275,test,0
BERT,mBERT,3,5278,val,0
BERT,mBERT,3,5279,test,0
BERT,mBERT,3,5281,test,2
BERT,mBERT,3,5282,test,0
BERT,mBERT,3,5283,val,0
BERT,mBERT,3,5284,test,0
BERT,mBERT,3,5285,val,0
BERT,mBERT,3,5291,test,0
BERT,mBERT,3,5292,test,2
BERT,mBERT,3,5295,test,2
BERT,mBERT,3,5296,val,0
BERT,mBERT,3,5300,val,0
BERT,mBERT,3,5301,test,0
BERT,mBERT,3,5302,val,0
BERT,mBERT,3,5303,val,0
BERT,mBERT,3,5304,test,0
BERT,mBERT,3,5306,val,2
BERT,mBERT,3,5307,test,0
BERT,mBERT,3,5311,test,2
BERT,mBERT,3,5312,val,0
BERT,mBERT,3,5315,test,0
BERT,mBERT,3,5316,val,0
BERT,mBERT,3,5317,test,2
BERT,mBERT,3,5318,test,0
BERT,mBERT,3,5319,test,2
BERT,mBERT,3,5321,val,0
BERT,mBERT,3,5324,test,0
BERT,mBERT,3,5325,val,2
BERT,mBERT,3,5327,test,0
BERT,mBERT,3,5328,test,0
BERT,mBERT,3,5329,val,0
BERT,mBERT,3,5330,test,2
BERT,mBERT,3,5331,test,0
BERT,mBERT,3,5332,test,2
BERT,mBERT,3,5333,val,0
BERT,mBERT,3,5334,test,0
BERT,mBERT,3,5336,val,0
BERT,mBERT,3,5339,test,0
BERT,mBERT,3,5342,test,0
BERT,mBERT,3,5344,test,0
BERT,mBERT,3,5345,test,0
BERT,mBERT,3,5346,val,2
BERT,mBERT,3,5349,test,0
BERT,mBERT,3,5352,val,2
BERT,mBERT,3,5354,val,2
BERT,mBERT,3,5355,test,0
BERT,mBERT,3,5357,test,0
BERT,mBERT,3,5360,test,0
BERT,mBERT,3,5364,test,2
BERT,mBERT,3,5365,val,2
BERT,mBERT,3,5366,val,0
BERT,mBERT,3,5369,test,2
BERT,mBERT,3,5370,test,0
BERT,mBERT,3,5373,test,0
BERT,mBERT,3,5376,val,0
BERT,mBERT,3,5377,val,1
BERT,mBERT,3,5378,test,0
BERT,mBERT,3,5383,test,0
BERT,mBERT,3,5384,val,1
BERT,mBERT,3,5388,test,1
BERT,mBERT,3,5389,test,0
BERT,mBERT,3,5390,val,1
BERT,mBERT,3,5391,val,0
BERT,mBERT,3,5392,test,2
BERT,mBERT,3,5393,test,2
BERT,mBERT,3,5395,val,0
BERT,mBERT,3,5396,val,0
BERT,mBERT,3,5397,test,0
BERT,mBERT,3,5398,val,0
BERT,mBERT,3,5399,val,1
BERT,mBERT,3,5400,test,0
BERT,mBERT,3,5402,val,0
BERT,mBERT,3,5409,test,0
BERT,mBERT,3,5411,test,0
BERT,mBERT,3,5412,test,2
BERT,mBERT,3,5415,test,2
BERT,mBERT,3,5416,val,0
BERT,mBERT,3,5417,test,0
BERT,mBERT,3,5419,test,0
BERT,mBERT,3,5420,test,0
BERT,mBERT,3,5422,test,0
BERT,mBERT,3,5423,test,0
BERT,mBERT,3,5424,test,0
BERT,mBERT,3,5426,test,2
BERT,mBERT,3,5427,val,2
BERT,mBERT,3,5428,test,0
BERT,mBERT,3,5429,test,1
BERT,mBERT,3,5432,val,0
BERT,mBERT,3,5438,val,2
BERT,mBERT,3,5442,test,1
BERT,mBERT,3,5445,test,0
BERT,mBERT,3,5446,test,0
BERT,mBERT,3,5447,val,2
BERT,mBERT,3,5448,test,2
BERT,mBERT,3,5450,val,0
BERT,mBERT,3,5452,test,0
BERT,mBERT,3,5453,val,0
BERT,mBERT,3,5454,test,0
BERT,mBERT,3,5455,test,1
BERT,mBERT,3,5457,test,0
BERT,mBERT,3,5458,val,0
BERT,mBERT,3,5462,val,0
BERT,mBERT,3,5464,test,2
BERT,mBERT,3,5466,val,0
BERT,mBERT,3,5467,test,2
BERT,mBERT,3,5468,test,0
BERT,mBERT,3,5469,test,1
BERT,mBERT,3,5470,test,2
BERT,mBERT,3,5471,test,0
BERT,mBERT,3,5473,test,0
BERT,mBERT,3,5474,val,2
BERT,mBERT,3,5477,val,2
BERT,mBERT,3,5483,test,2
BERT,mBERT,3,5484,val,2
BERT,mBERT,3,5485,test,0
BERT,mBERT,3,5487,test,2
BERT,mBERT,3,5488,val,0
BERT,mBERT,3,5494,val,0
BERT,mBERT,3,5495,val,0
BERT,mBERT,3,5496,test,0
BERT,mBERT,3,5498,val,0
BERT,mBERT,3,5499,test,0
BERT,mBERT,3,5507,test,1
BERT,mBERT,3,5508,test,0
BERT,mBERT,3,5509,val,0
BERT,mBERT,3,5510,test,0
BERT,mBERT,3,5512,test,1
BERT,mBERT,3,5515,val,2
BERT,mBERT,3,5518,val,2
BERT,mBERT,3,5520,val,0
BERT,mBERT,3,5521,test,0
BERT,mBERT,3,5525,test,2
BERT,mBERT,3,5526,test,0
BERT,mBERT,3,5527,test,2
BERT,mBERT,3,5528,val,0
BERT,mBERT,3,5530,test,1
BERT,mBERT,3,5531,test,0
BERT,mBERT,3,5533,test,2
BERT,mBERT,3,5535,val,2
BERT,mBERT,3,5536,test,0
BERT,mBERT,3,5538,test,0
BERT,mBERT,3,5539,test,0
BERT,mBERT,3,5540,test,0
BERT,mBERT,3,5541,test,0
BERT,mBERT,3,5542,test,2
BERT,mBERT,3,5544,test,2
BERT,mBERT,3,5545,test,0
BERT,mBERT,3,5547,val,2
BERT,mBERT,3,5548,test,0
BERT,mBERT,3,5550,val,0
BERT,mBERT,3,5551,test,0
BERT,mBERT,3,5553,val,0
BERT,mBERT,3,5554,test,2
BERT,mBERT,3,5555,test,0
BERT,mBERT,3,5557,test,2
BERT,mBERT,3,5559,val,0
BERT,mBERT,3,5560,test,1
BERT,mBERT,3,5561,test,2
BERT,mBERT,3,5563,test,1
BERT,mBERT,3,5566,test,2
BERT,mBERT,3,5570,test,0
BERT,mBERT,3,5571,val,1
BERT,mBERT,3,5572,test,0
BERT,mBERT,3,5573,val,0
BERT,mBERT,3,5575,test,2
BERT,mBERT,3,5577,test,2
BERT,mBERT,3,5578,test,0
BERT,mBERT,3,5579,test,0
BERT,mBERT,3,5580,test,2
BERT,mBERT,3,5581,test,0
BERT,mBERT,3,5582,test,0
BERT,mBERT,3,5583,test,0
BERT,mBERT,3,5584,test,0
BERT,mBERT,3,5589,test,0
BERT,mBERT,3,5591,val,0
BERT,mBERT,3,5592,val,0
BERT,mBERT,3,5593,val,0
BERT,mBERT,3,5595,test,0
BERT,mBERT,3,5596,test,0
BERT,mBERT,3,5597,test,0
BERT,mBERT,3,5602,val,0
BERT,mBERT,3,5603,test,0
BERT,mBERT,3,5604,test,0
BERT,mBERT,3,5605,val,0
BERT,mBERT,3,5613,test,0
BERT,mBERT,3,5614,test,2
BERT,mBERT,3,5615,val,0
BERT,mBERT,3,5618,test,1
BERT,mBERT,3,5619,val,2
BERT,mBERT,3,5623,val,1
BERT,mBERT,3,5625,test,2
BERT,mBERT,3,5626,test,2
BERT,mBERT,3,5629,val,2
BERT,mBERT,3,5631,val,0
BERT,mBERT,3,5632,val,1
BERT,mBERT,3,5634,val,0
BERT,mBERT,3,5637,test,2
BERT,mBERT,3,5641,test,2
BERT,mBERT,3,5642,val,2
BERT,mBERT,3,5644,test,2
BERT,mBERT,3,5646,test,0
BERT,mBERT,3,5647,val,1
BERT,mBERT,3,5650,test,2
BERT,mBERT,3,5651,test,2
BERT,mBERT,3,5652,val,2
BERT,mBERT,3,5653,val,0
BERT,mBERT,3,5654,val,1
BERT,mBERT,3,5655,val,0
BERT,mBERT,3,5658,val,0
BERT,mBERT,3,5659,val,0
BERT,mBERT,3,5660,val,0
BERT,mBERT,3,5661,test,0
BERT,mBERT,3,5664,val,0
BERT,mBERT,3,5665,val,0
BERT,mBERT,3,5670,test,1
BERT,mBERT,3,5672,test,0
BERT,mBERT,3,5673,test,1
BERT,mBERT,3,5676,test,0
BERT,mBERT,3,5677,val,0
BERT,mBERT,3,5678,val,0
BERT,mBERT,3,5679,test,0
BERT,mBERT,3,5680,test,0
BERT,mBERT,3,5682,test,0
BERT,mBERT,3,5684,val,2
BERT,mBERT,3,5686,test,0
BERT,mBERT,3,5688,test,2
BERT,mBERT,3,5689,val,0
BERT,mBERT,3,5691,val,0
BERT,mBERT,3,5692,val,2
BERT,mBERT,3,5695,test,0
BERT,mBERT,3,5696,test,0
BERT,mBERT,3,5698,test,2
BERT,mBERT,3,5701,test,1
BERT,mBERT,3,5702,val,2
BERT,mBERT,3,5703,test,0
BERT,mBERT,3,5706,test,0
BERT,mBERT,3,5707,test,0
BERT,mBERT,3,5709,val,0
BERT,mBERT,3,5713,test,0
BERT,mBERT,3,5714,test,1
BERT,mBERT,3,5716,val,0
BERT,mBERT,3,5717,test,0
BERT,mBERT,3,5718,test,0
BERT,mBERT,3,5724,val,0
BERT,mBERT,3,5726,val,0
BERT,mBERT,3,5727,test,0
BERT,mBERT,3,5728,val,0
BERT,mBERT,3,5729,val,2
BERT,mBERT,3,5730,test,2
BERT,mBERT,3,5731,val,2
BERT,mBERT,3,5732,test,0
BERT,mBERT,3,5736,test,0
BERT,mBERT,3,5737,val,2
BERT,mBERT,3,5739,test,2
BERT,mBERT,3,5740,test,0
BERT,mBERT,3,5741,val,2
BERT,mBERT,3,5742,test,2
BERT,mBERT,3,5745,test,2
BERT,mBERT,3,5746,test,2
BERT,mBERT,3,5747,test,0
BERT,mBERT,3,5748,test,2
BERT,mBERT,3,5749,test,0
BERT,mBERT,3,5750,val,1
BERT,mBERT,3,5751,test,2
BERT,mBERT,3,5754,val,2
BERT,mBERT,3,5755,val,1
BERT,mBERT,3,5761,test,0
BERT,mBERT,3,5762,test,0
BERT,mBERT,3,5763,test,2
BERT,mBERT,3,5766,test,0
BERT,mBERT,3,5767,val,1
BERT,mBERT,3,5769,val,0
BERT,mBERT,3,5770,test,0
BERT,mBERT,3,5772,test,2
BERT,mBERT,3,5776,val,2
BERT,mBERT,3,5777,test,0
BERT,mBERT,3,5780,test,2
BERT,mBERT,3,5783,val,0
BERT,mBERT,3,5784,val,0
BERT,mBERT,3,5785,val,1
BERT,mBERT,3,5786,val,1
BERT,mBERT,3,5789,test,2
BERT,mBERT,3,5791,test,0
BERT,mBERT,3,5793,test,0
BERT,mBERT,3,5794,test,2
BERT,mBERT,3,5797,val,1
BERT,mBERT,3,5798,val,0
BERT,mBERT,3,5801,test,2
BERT,mBERT,3,5804,test,0
BERT,mBERT,3,5807,test,0
BERT,mBERT,3,5810,test,2
BERT,mBERT,3,5811,test,0
BERT,mBERT,3,5817,test,1
BERT,mBERT,3,5820,val,0
BERT,mBERT,3,5821,val,0
BERT,mBERT,3,5823,val,1
BERT,mBERT,3,5826,val,0
BERT,mBERT,3,5828,val,1
BERT,mBERT,3,5831,test,0
BERT,mBERT,3,5832,test,0
BERT,mBERT,3,5835,test,0
BERT,mBERT,3,5838,test,2
BERT,mBERT,3,5839,val,1
BERT,mBERT,3,5840,val,1
BERT,mBERT,3,5841,test,0
BERT,mBERT,3,5842,test,0
BERT,mBERT,3,5844,test,0
BERT,mBERT,3,5845,val,0
BERT,mBERT,3,5846,test,0
BERT,mBERT,3,5853,val,2
BERT,mBERT,3,5857,val,1
BERT,mBERT,3,5860,val,0
BERT,mBERT,3,5862,val,0
BERT,mBERT,3,5863,val,0
BERT,mBERT,3,5865,test,0
BERT,mBERT,3,5867,val,1
BERT,mBERT,3,5868,val,0
BERT,mBERT,3,5869,val,0
BERT,mBERT,3,5874,val,0
BERT,mBERT,3,5876,test,0
BERT,mBERT,3,5878,test,0
BERT,mBERT,3,5879,test,0
BERT,mBERT,3,5880,val,0
BERT,mBERT,3,5882,test,0
BERT,mBERT,3,5885,test,0
BERT,mBERT,3,5887,test,0
BERT,mBERT,3,5888,test,0
BERT,mBERT,3,5889,test,0
BERT,mBERT,3,5890,val,0
BERT,mBERT,3,5891,test,0
BERT,mBERT,3,5894,test,1
BERT,mBERT,3,5898,test,0
BERT,mBERT,3,5899,val,0
BERT,mBERT,3,5901,test,0
BERT,mBERT,3,5903,val,0
BERT,mBERT,3,5904,test,0
BERT,mBERT,3,5905,test,0
BERT,mBERT,3,5906,test,0
BERT,mBERT,3,5907,val,0
BERT,mBERT,3,5908,test,0
BERT,mBERT,3,5909,test,0
BERT,mBERT,3,5912,test,2
BERT,mBERT,3,5919,test,0
BERT,mBERT,3,5920,val,1
BERT,mBERT,3,5924,val,0
BERT,mBERT,3,5926,test,2
BERT,mBERT,3,5927,val,0
BERT,mBERT,3,5928,test,2
BERT,mBERT,3,5929,val,2
BERT,mBERT,3,5930,test,0
BERT,mBERT,3,5932,val,0
BERT,mBERT,3,5933,test,1
BERT,mBERT,3,5940,val,0
BERT,mBERT,3,5943,test,0
BERT,mBERT,3,5947,test,0
BERT,mBERT,3,5949,test,0
BERT,mBERT,3,5951,test,1
BERT,mBERT,3,5952,test,0
BERT,mBERT,3,5954,test,0
BERT,mBERT,3,5955,val,2
BERT,mBERT,3,5961,val,2
BERT,mBERT,3,5966,val,2
BERT,mBERT,3,5969,val,1
BERT,mBERT,3,5972,val,2
BERT,mBERT,3,5974,test,0
BERT,mBERT,3,5975,test,2
BERT,mBERT,3,5977,val,0
BERT,mBERT,3,5978,test,0
BERT,mBERT,3,5980,val,2
BERT,mBERT,3,5981,test,0
BERT,mBERT,3,5982,test,2
BERT,mBERT,3,5983,test,2
BERT,mBERT,3,5986,test,0
BERT,mBERT,3,5989,test,2
BERT,mBERT,3,5990,test,0
BERT,mBERT,3,5992,val,0
BERT,mBERT,3,5994,val,1
BERT,mBERT,3,5995,val,0
BERT,mBERT,3,5997,test,1
BERT,mBERT,3,6000,val,0
BERT,mBERT,3,6001,test,0
BERT,mBERT,3,6003,test,2
BERT,mBERT,3,6004,val,2
BERT,mBERT,3,6005,test,0
BERT,mBERT,3,6006,test,1
BERT,mBERT,3,6007,test,0
BERT,mBERT,3,6008,val,0
BERT,mBERT,3,6012,test,1
BERT,mBERT,3,6013,test,0
BERT,mBERT,3,6014,val,0
BERT,mBERT,3,6016,test,0
BERT,mBERT,3,6017,test,0
BERT,mBERT,3,6018,val,2
BERT,mBERT,3,6019,test,0
BERT,mBERT,3,6020,test,0
BERT,mBERT,3,6022,test,0
BERT,mBERT,3,6023,val,0
BERT,mBERT,3,6025,test,2
BERT,mBERT,3,6026,test,0
BERT,mBERT,3,6030,val,0
BERT,mBERT,3,6031,val,1
BERT,mBERT,3,6032,test,0
BERT,mBERT,3,6033,val,0
BERT,mBERT,3,6034,val,1
BERT,mBERT,3,6036,val,1
BERT,mBERT,3,6038,test,0
BERT,mBERT,3,6043,val,0
BERT,mBERT,3,6045,val,0
BERT,mBERT,3,6048,val,2
BERT,mBERT,3,6050,test,0
BERT,mBERT,3,6052,val,2
BERT,mBERT,3,6055,test,2
BERT,mBERT,3,6056,test,2
BERT,mBERT,3,6060,test,1
BERT,mBERT,3,6061,test,0
BERT,mBERT,3,6062,val,2
BERT,mBERT,3,6063,test,2
BERT,mBERT,3,6065,test,2
BERT,mBERT,3,6066,val,0
BERT,mBERT,3,6067,val,0
BERT,mBERT,3,6069,val,0
BERT,mBERT,3,6070,test,0
BERT,mBERT,3,6072,test,1
BERT,mBERT,3,6075,val,1
BERT,mBERT,3,6076,test,0
BERT,mBERT,3,6082,test,2
BERT,mBERT,3,6083,test,0
BERT,mBERT,3,6085,val,0
BERT,mBERT,3,6087,test,2
BERT,mBERT,3,6088,test,0
BERT,mBERT,3,6090,val,1
BERT,mBERT,3,6091,test,1
BERT,mBERT,3,6093,test,1
BERT,mBERT,3,6094,test,1
BERT,mBERT,3,6095,val,2
BERT,mBERT,3,6096,test,0
BERT,mBERT,3,6097,val,2
BERT,mBERT,3,6098,test,0
BERT,mBERT,3,6099,val,0
BERT,mBERT,3,6100,test,0
BERT,mBERT,3,6104,test,0
BERT,mBERT,3,6110,test,0
BERT,mBERT,3,6112,test,2
BERT,mBERT,3,6113,val,1
BERT,mBERT,3,6114,test,0
BERT,mBERT,3,6116,test,0
BERT,mBERT,3,6119,val,2
BERT,mBERT,3,6122,val,0
BERT,mBERT,3,6123,test,0
BERT,mBERT,3,6124,test,1
BERT,mBERT,3,6126,val,0
BERT,mBERT,3,6127,val,0
BERT,mBERT,3,6131,val,0
BERT,mBERT,3,6136,val,0
BERT,mBERT,3,6147,test,0
BERT,mBERT,3,6148,test,1
BERT,mBERT,3,6149,val,0
BERT,mBERT,3,6150,test,1
BERT,mBERT,3,6152,test,0
BERT,mBERT,3,6154,val,0
BERT,mBERT,3,6155,test,0
BERT,mBERT,3,6158,test,0
BERT,mBERT,3,6159,val,0
BERT,mBERT,3,6160,test,0
BERT,mBERT,3,6161,test,2
BERT,mBERT,3,6164,test,2
BERT,mBERT,3,6169,val,1
BERT,mBERT,3,6171,test,1
BERT,mBERT,3,6172,val,2
BERT,mBERT,3,6174,test,0
BERT,mBERT,3,6178,val,0
BERT,mBERT,3,6180,val,0
BERT,mBERT,3,6183,val,2
BERT,mBERT,3,6191,val,0
BERT,mBERT,3,6192,test,0
BERT,mBERT,3,6193,val,2
BERT,mBERT,3,6195,test,1
BERT,mBERT,3,6199,test,2
BERT,mBERT,3,6200,val,0
BERT,mBERT,3,6201,val,0
BERT,mBERT,3,6202,test,0
BERT,mBERT,3,6203,test,0
BERT,mBERT,3,6206,test,0
BERT,mBERT,3,6207,val,2
BERT,mBERT,3,6212,test,0
BERT,mBERT,3,6213,val,2
BERT,mBERT,3,6214,test,0
BERT,mBERT,3,6215,test,2
BERT,mBERT,3,6217,val,2
BERT,mBERT,3,6221,val,2
BERT,mBERT,3,6222,test,2
BERT,mBERT,3,6224,test,0
BERT,mBERT,3,6226,val,0
BERT,mBERT,3,6228,test,2
BERT,mBERT,3,6229,val,0
BERT,mBERT,3,6230,val,0
BERT,mBERT,3,6231,test,2
BERT,mBERT,3,6238,test,2
BERT,mBERT,3,6240,val,0
BERT,mBERT,3,6241,val,0
BERT,mBERT,3,6243,test,0
BERT,mBERT,3,6244,val,0
BERT,mBERT,3,6246,test,2
BERT,mBERT,3,6248,test,0
BERT,mBERT,3,6249,test,0
BERT,mBERT,3,6250,test,0
BERT,mBERT,3,6253,test,0
BERT,mBERT,3,6255,test,0
BERT,mBERT,3,6256,test,2
BERT,mBERT,3,6257,val,0
BERT,mBERT,3,6258,test,0
BERT,mBERT,3,6260,test,2
BERT,mBERT,3,6261,val,2
BERT,mBERT,3,6263,val,0
BERT,mBERT,3,6264,test,2
BERT,mBERT,3,6265,val,2
BERT,mBERT,3,6266,test,2
BERT,mBERT,3,6271,test,0
BERT,mBERT,3,6272,val,0
BERT,mBERT,3,6273,val,2
BERT,mBERT,3,6274,val,0
BERT,mBERT,3,6275,test,0
BERT,mBERT,3,6276,test,0
BERT,mBERT,3,6277,test,2
BERT,mBERT,3,6279,test,0
BERT,mBERT,3,6282,test,0
BERT,mBERT,3,6284,val,1
BERT,mBERT,3,6287,test,2
BERT,mBERT,3,6288,val,0
BERT,mBERT,3,6290,val,2
BERT,mBERT,3,6291,test,0
BERT,mBERT,3,6293,test,0
BERT,mBERT,3,6294,test,1
BERT,mBERT,3,6296,test,0
BERT,mBERT,3,6297,val,0
BERT,mBERT,3,6298,val,2
BERT,mBERT,3,6300,test,0
BERT,mBERT,3,6303,test,0
BERT,mBERT,3,6304,test,0
BERT,mBERT,3,6305,test,0
BERT,mBERT,3,6309,val,0
BERT,mBERT,3,6310,test,0
BERT,mBERT,3,6311,test,2
BERT,mBERT,3,6312,test,0
BERT,mBERT,3,6316,val,0
BERT,mBERT,3,6319,test,0
BERT,mBERT,3,6320,test,0
BERT,mBERT,3,6321,test,0
BERT,mBERT,3,6322,test,2
BERT,mBERT,3,6323,test,2
BERT,mBERT,3,6325,val,0
BERT,mBERT,3,6329,test,0
BERT,mBERT,3,6330,test,0
BERT,mBERT,3,6331,test,2
BERT,mBERT,3,6332,test,0
BERT,mBERT,3,6335,val,0
BERT,mBERT,3,6337,val,0
BERT,mBERT,3,6338,test,0
BERT,mBERT,3,6339,test,0
BERT,mBERT,3,6340,val,0
BERT,mBERT,3,6341,test,2
BERT,mBERT,3,6342,val,0
BERT,mBERT,3,6345,val,2
BERT,mBERT,3,6347,val,2
BERT,mBERT,3,6348,val,0
BERT,mBERT,3,6352,test,1
BERT,mBERT,3,6353,test,0
BERT,mBERT,3,6354,val,0
BERT,mBERT,3,6355,test,0
BERT,mBERT,3,6358,val,0
BERT,mBERT,3,6359,val,1
BERT,mBERT,3,6361,test,0
BERT,mBERT,3,6362,test,2
BERT,mBERT,3,6367,test,0
BERT,mBERT,3,6370,test,2
BERT,mBERT,3,6371,test,0
BERT,mBERT,3,6372,test,2
BERT,mBERT,3,6373,test,2
BERT,mBERT,3,6375,test,2
BERT,mBERT,3,6376,test,2
BERT,mBERT,3,6377,val,2
BERT,mBERT,3,6378,test,2
BERT,mBERT,3,6381,val,0
BERT,mBERT,3,6382,val,0
BERT,mBERT,3,6384,test,2
BERT,mBERT,3,6385,test,0
BERT,mBERT,3,6386,test,1
BERT,mBERT,3,6387,test,2
BERT,mBERT,3,6389,val,2
BERT,mBERT,3,6390,test,0
BERT,mBERT,3,6391,test,0
BERT,mBERT,3,6392,test,0
BERT,mBERT,3,6394,test,0
BERT,mBERT,3,6397,val,0
BERT,mBERT,3,6398,val,2
BERT,mBERT,3,6399,val,2
BERT,mBERT,3,6400,test,0
BERT,mBERT,3,6401,val,2
BERT,mBERT,3,6407,test,2
BERT,mBERT,3,6409,test,2
BERT,mBERT,3,6411,test,0
BERT,mBERT,3,6412,test,0
BERT,mBERT,3,6414,test,2
BERT,mBERT,3,6416,val,0
BERT,mBERT,3,6417,test,0
BERT,mBERT,3,6418,val,0
BERT,mBERT,3,6419,val,2
BERT,mBERT,3,6420,val,0
BERT,mBERT,3,6421,test,0
BERT,mBERT,3,6423,test,2
BERT,mBERT,3,6425,val,1
BERT,mBERT,3,6426,test,0
BERT,mBERT,3,6427,val,0
BERT,mBERT,3,6430,test,2
BERT,mBERT,3,6432,val,2
BERT,mBERT,3,6433,val,0
BERT,mBERT,3,6436,val,2
BERT,mBERT,3,6438,val,2
BERT,mBERT,3,6441,test,0
BERT,mBERT,3,6447,test,0
BERT,mBERT,3,6448,val,2
BERT,mBERT,3,6449,val,2
BERT,mBERT,3,6450,test,0
BERT,mBERT,3,6451,test,2
BERT,mBERT,3,6452,val,0
BERT,mBERT,3,6454,test,0
BERT,mBERT,3,6458,test,0
BERT,mBERT,3,6459,test,2
BERT,mBERT,3,6461,test,2
BERT,mBERT,3,6462,test,0
BERT,mBERT,3,6465,val,0
BERT,mBERT,3,6466,val,0
BERT,mBERT,3,6468,val,2
BERT,mBERT,3,6472,test,0
BERT,mBERT,3,6473,val,1
BERT,mBERT,3,6474,test,1
BERT,mBERT,3,6476,val,2
BERT,mBERT,3,6479,val,1
BERT,mBERT,3,6480,test,0
BERT,mBERT,3,6483,test,1
BERT,mBERT,3,6484,val,0
BERT,mBERT,3,6486,test,0
BERT,mBERT,3,6487,val,2
BERT,mBERT,3,6489,val,2
BERT,mBERT,3,6491,test,0
BERT,mBERT,3,6494,test,0
BERT,mBERT,3,6495,test,0
BERT,mBERT,3,6496,val,1
BERT,mBERT,3,6497,test,0
BERT,mBERT,3,6498,val,0
BERT,mBERT,3,6501,val,2
BERT,mBERT,3,6505,val,0
BERT,mBERT,3,6506,val,2
BERT,mBERT,3,6508,test,1
BERT,mBERT,3,6510,test,0
BERT,mBERT,3,6511,val,0
BERT,mBERT,3,6512,val,1
BERT,mBERT,3,6514,val,0
BERT,mBERT,3,6516,val,0
BERT,mBERT,3,6521,val,0
BERT,mBERT,3,6526,test,0
BERT,mBERT,3,6528,test,2
BERT,mBERT,3,6530,val,2
BERT,mBERT,3,6531,val,0
BERT,mBERT,3,6532,test,1
BERT,mBERT,3,6535,test,2
BERT,mBERT,3,6536,test,0
BERT,mBERT,3,6537,test,1
BERT,mBERT,3,6539,val,0
BERT,mBERT,3,6540,val,0
BERT,mBERT,3,6541,val,1
BERT,mBERT,3,6544,test,0
BERT,mBERT,3,6546,val,1
BERT,mBERT,3,6547,test,2
BERT,mBERT,3,6548,test,2
BERT,mBERT,3,6549,test,0
BERT,mBERT,3,6550,test,0
BERT,mBERT,3,6553,test,1
BERT,mBERT,3,6555,val,0
BERT,mBERT,3,6556,test,0
BERT,mBERT,3,6557,test,0
BERT,mBERT,3,6563,test,1
BERT,mBERT,3,6564,test,0
BERT,mBERT,3,6566,test,2
BERT,mBERT,3,6571,val,0
BERT,mBERT,3,6573,test,0
BERT,mBERT,3,6574,test,0
BERT,mBERT,3,6576,val,0
BERT,mBERT,3,6577,test,2
BERT,mBERT,3,6579,test,2
BERT,mBERT,3,6580,val,0
BERT,mBERT,3,6581,test,0
BERT,mBERT,3,6582,val,2
BERT,mBERT,3,6583,val,1
BERT,mBERT,3,6584,val,2
BERT,mBERT,3,6585,test,2
BERT,mBERT,3,6587,val,0
BERT,mBERT,3,6588,test,0
BERT,mBERT,3,6590,val,1
BERT,mBERT,3,6592,test,0
BERT,mBERT,3,6593,test,0
BERT,mBERT,3,6594,test,2
BERT,mBERT,3,6597,test,0
BERT,mBERT,3,6598,test,2
BERT,mBERT,3,6599,val,0
BERT,mBERT,3,6600,test,2
BERT,mBERT,3,6601,val,2
BERT,mBERT,3,6603,val,0
BERT,mBERT,3,6605,test,0
BERT,mBERT,3,6610,test,2
BERT,mBERT,3,6614,test,0
BERT,mBERT,3,6617,val,0
BERT,mBERT,3,6619,test,0
BERT,mBERT,3,6622,val,2
BERT,mBERT,3,6624,test,1
BERT,mBERT,3,6625,test,0
BERT,mBERT,3,6627,val,2
BERT,mBERT,3,6630,val,1
BERT,mBERT,3,6631,test,0
BERT,mBERT,3,6632,test,0
BERT,mBERT,3,6633,test,0
BERT,mBERT,3,6634,test,0
BERT,mBERT,3,6639,test,0
BERT,mBERT,3,6645,test,0
BERT,mBERT,3,6646,val,2
BERT,mBERT,3,6648,val,2
BERT,mBERT,3,6649,val,0
BERT,mBERT,3,6652,test,0
BERT,mBERT,3,6655,test,2
BERT,mBERT,3,6656,test,0
BERT,mBERT,3,6658,test,0
BERT,mBERT,3,6659,test,0
BERT,mBERT,3,6660,val,0
BERT,mBERT,3,6663,val,2
BERT,mBERT,3,6664,test,0
BERT,mBERT,3,6665,val,0
BERT,mBERT,3,6670,test,1
BERT,mBERT,3,6671,test,0
BERT,mBERT,3,6672,val,2
BERT,mBERT,3,6673,val,1
BERT,mBERT,3,6677,val,0
BERT,mBERT,3,6678,val,2
BERT,mBERT,3,6679,test,2
BERT,mBERT,3,6681,test,2
BERT,mBERT,3,6686,val,0
BERT,mBERT,3,6691,test,0
BERT,mBERT,3,6692,test,0
BERT,mBERT,3,6693,test,2
BERT,mBERT,3,6695,test,0
BERT,mBERT,3,6696,test,2
BERT,mBERT,3,6700,val,0
BERT,mBERT,3,6701,val,0
BERT,mBERT,3,6702,test,0
BERT,mBERT,3,6703,val,0
BERT,mBERT,3,6704,test,0
BERT,mBERT,3,6707,val,0
BERT,mBERT,3,6709,test,2
BERT,mBERT,3,6710,val,0
BERT,mBERT,3,6711,test,0
BERT,mBERT,3,6712,test,0
BERT,mBERT,3,6714,test,0
BERT,mBERT,3,6715,test,2
BERT,mBERT,3,6716,test,2
BERT,mBERT,3,6717,test,2
BERT,mBERT,3,6719,test,2
BERT,mBERT,3,6722,test,2
BERT,mBERT,3,6723,val,0
BERT,mBERT,3,6724,test,0
BERT,mBERT,3,6726,val,0
BERT,mBERT,3,6728,test,2
BERT,mBERT,3,6729,val,0
BERT,mBERT,3,6730,val,2
BERT,mBERT,3,6731,val,2
BERT,mBERT,3,6733,test,0
BERT,mBERT,3,6734,test,2
BERT,mBERT,3,6736,test,2
BERT,mBERT,3,6738,test,2
BERT,mBERT,3,6740,val,0
BERT,mBERT,3,6742,test,2
BERT,mBERT,3,6743,val,2
BERT,mBERT,3,6745,val,2
BERT,mBERT,3,6750,test,2
BERT,mBERT,3,6753,val,0
BERT,mBERT,3,6755,test,0
BERT,mBERT,3,6758,test,0
BERT,mBERT,3,6759,val,0
BERT,mBERT,3,6761,val,0
BERT,mBERT,3,6762,test,1
BERT,mBERT,3,6764,val,2
BERT,mBERT,3,6766,test,1
BERT,mBERT,3,6767,test,0
BERT,mBERT,3,6769,val,1
BERT,mBERT,3,6772,val,0
BERT,mBERT,3,6773,test,0
BERT,mBERT,3,6776,val,2
BERT,mBERT,3,6777,test,0
BERT,mBERT,3,6778,test,0
BERT,mBERT,3,6779,val,2
BERT,mBERT,3,6780,val,0
BERT,mBERT,3,6783,test,2
BERT,mBERT,3,6785,test,2
BERT,mBERT,3,6786,val,0
BERT,mBERT,3,6787,val,2
BERT,mBERT,3,6788,val,0
BERT,mBERT,3,6790,val,0
BERT,mBERT,3,6791,val,0
BERT,mBERT,3,6792,val,0
BERT,mBERT,3,6803,val,0
BERT,mBERT,3,6804,test,0
BERT,mBERT,3,6806,test,0
BERT,mBERT,3,6807,test,0
BERT,mBERT,3,6810,test,0
BERT,mBERT,3,6812,val,0
BERT,mBERT,3,6813,val,0
BERT,mBERT,3,6816,val,0
BERT,mBERT,3,6819,val,2
BERT,mBERT,3,6820,test,2
BERT,mBERT,3,6821,test,2
BERT,mBERT,3,6822,test,0
BERT,mBERT,3,6824,test,1
BERT,mBERT,3,6825,test,0
BERT,mBERT,3,6826,val,0
BERT,mBERT,3,6828,val,1
BERT,mBERT,3,6830,test,1
BERT,mBERT,3,6832,test,1
BERT,mBERT,3,6833,test,0
BERT,mBERT,3,6835,val,0
BERT,mBERT,3,6837,test,0
BERT,mBERT,3,6839,test,2
BERT,mBERT,3,6845,val,0
BERT,mBERT,3,6847,val,0
BERT,mBERT,3,6848,test,2
BERT,mBERT,3,6849,test,0
BERT,mBERT,3,6853,val,0
BERT,mBERT,3,6855,val,0
BERT,mBERT,3,6857,test,0
BERT,mBERT,3,6859,val,1
BERT,mBERT,3,6860,val,2
BERT,mBERT,3,6861,val,0
BERT,mBERT,3,6864,test,2
BERT,mBERT,3,6866,test,2
BERT,mBERT,3,6870,test,2
BERT,mBERT,3,6877,val,0
BERT,mBERT,3,6879,test,2
BERT,mBERT,3,6881,val,0
BERT,mBERT,3,6883,val,2
BERT,mBERT,3,6884,val,0
BERT,mBERT,3,6886,val,0
BERT,mBERT,3,6888,test,2
BERT,mBERT,3,6890,val,1
BERT,mBERT,3,6893,test,0
BERT,mBERT,3,6895,test,0
BERT,mBERT,3,6897,test,0
BERT,mBERT,3,6899,test,0
BERT,mBERT,3,6900,val,2
BERT,mBERT,3,6902,val,0
BERT,mBERT,3,6903,test,0
BERT,mBERT,3,6904,val,0
BERT,mBERT,3,6905,val,2
BERT,mBERT,3,6906,val,0
BERT,mBERT,3,6907,val,0
BERT,mBERT,3,6908,test,1
BERT,mBERT,3,6910,val,2
BERT,mBERT,3,6912,test,0
BERT,mBERT,3,6913,val,2
BERT,mBERT,3,6916,val,2
BERT,mBERT,3,6918,test,0
BERT,mBERT,3,6922,test,2
BERT,mBERT,3,6924,test,0
BERT,mBERT,3,6925,test,2
BERT,mBERT,3,6926,test,0
BERT,mBERT,3,6929,test,2
BERT,mBERT,3,6930,test,2
BERT,mBERT,3,6931,test,2
BERT,mBERT,3,6933,val,0
BERT,mBERT,3,6934,val,2
BERT,mBERT,3,6935,test,2
BERT,mBERT,3,6941,val,0
BERT,mBERT,3,6942,test,0
BERT,mBERT,3,6945,test,2
BERT,mBERT,3,6946,val,0
BERT,mBERT,3,6947,test,0
BERT,mBERT,3,6948,test,1
BERT,mBERT,3,6950,val,0
BERT,mBERT,3,6951,test,0
BERT,mBERT,3,6953,test,0
BERT,mBERT,3,6954,test,0
BERT,mBERT,3,6955,val,0
BERT,mBERT,3,6956,test,2
BERT,mBERT,3,6958,val,0
BERT,mBERT,3,6959,test,0
BERT,mBERT,3,6962,test,0
BERT,mBERT,3,6963,test,1
BERT,mBERT,3,6966,test,0
BERT,mBERT,3,6967,test,0
BERT,mBERT,3,6972,test,2
BERT,mBERT,3,6974,test,1
BERT,mBERT,3,6977,test,0
BERT,mBERT,3,6978,val,0
BERT,mBERT,3,6979,test,1
BERT,mBERT,3,6980,test,0
BERT,mBERT,3,6981,test,2
BERT,mBERT,3,6985,test,1
BERT,mBERT,3,6987,test,0
BERT,mBERT,3,6988,val,0
BERT,mBERT,3,6989,test,2
BERT,mBERT,3,6990,val,1
BERT,mBERT,3,6992,val,0
BERT,mBERT,3,6993,val,2
BERT,mBERT,3,6995,val,0
BERT,mBERT,3,6996,val,1
BERT,mBERT,3,6997,test,0
BERT,mBERT,3,6999,val,0
BERT,mBERT,3,7000,val,2
BERT,mBERT,3,7001,val,0
BERT,mBERT,3,7002,val,2
BERT,mBERT,3,7004,test,0
BERT,mBERT,3,7007,test,0
BERT,mBERT,3,7008,test,0
BERT,mBERT,3,7013,val,2
BERT,mBERT,3,7014,test,0
BERT,mBERT,3,7015,test,2
BERT,mBERT,3,7016,val,0
BERT,mBERT,3,7019,val,2
BERT,mBERT,3,7023,test,2
BERT,mBERT,3,7025,test,0
BERT,mBERT,3,7028,test,2
BERT,mBERT,3,7030,test,2
BERT,mBERT,3,7033,test,2
BERT,mBERT,3,7035,test,0
BERT,mBERT,3,7036,test,0
BERT,mBERT,3,7037,val,0
BERT,mBERT,3,7038,val,2
BERT,mBERT,3,7041,test,0
BERT,mBERT,3,7042,val,0
BERT,mBERT,3,7044,val,0
BERT,mBERT,3,7045,test,2
BERT,mBERT,3,7047,test,0
BERT,mBERT,3,7048,test,2
BERT,mBERT,3,7049,val,2
BERT,mBERT,3,7050,val,2
BERT,mBERT,3,7052,test,0
BERT,mBERT,3,7053,test,2
BERT,mBERT,3,7055,val,0
BERT,mBERT,3,7056,val,2
BERT,mBERT,3,7059,test,0
BERT,mBERT,3,7060,val,1
BERT,mBERT,3,7061,test,0
BERT,mBERT,3,7062,val,2
BERT,mBERT,3,7063,val,2
BERT,mBERT,3,7066,test,0
BERT,mBERT,3,7069,val,0
BERT,mBERT,3,7071,test,0
BERT,mBERT,3,7077,val,2
BERT,mBERT,3,7081,test,2
BERT,mBERT,3,7084,val,2
BERT,mBERT,3,7085,test,2
BERT,mBERT,3,7086,test,2
BERT,mBERT,3,7089,val,2
BERT,mBERT,3,7090,test,2
BERT,mBERT,3,7091,val,0
BERT,mBERT,3,7093,val,0
BERT,mBERT,3,7095,val,0
BERT,mBERT,3,7097,test,0
BERT,mBERT,3,7101,val,0
BERT,mBERT,3,7102,val,0
BERT,mBERT,3,7104,test,1
BERT,mBERT,3,7109,test,0
BERT,mBERT,3,7111,test,2
BERT,mBERT,3,7112,test,0
BERT,mBERT,3,7116,test,2
BERT,mBERT,3,7118,test,0
BERT,mBERT,3,7122,val,0
BERT,mBERT,3,7123,val,1
BERT,mBERT,3,7124,test,2
BERT,mBERT,3,7131,val,0
BERT,mBERT,3,7132,val,0
BERT,mBERT,3,7134,test,0
BERT,mBERT,3,7135,test,0
BERT,mBERT,3,7140,val,2
BERT,mBERT,3,7142,val,0
BERT,mBERT,3,7143,test,1
BERT,mBERT,3,7144,val,0
BERT,mBERT,3,7145,val,0
BERT,mBERT,3,7146,val,0
BERT,mBERT,3,7150,test,0
BERT,mBERT,3,7151,test,0
BERT,mBERT,3,7152,test,1
BERT,mBERT,3,7156,val,0
BERT,mBERT,3,7157,test,0
BERT,mBERT,3,7160,val,2
BERT,mBERT,3,7163,test,2
BERT,mBERT,3,7164,val,0
BERT,mBERT,3,7167,val,0
BERT,mBERT,3,7171,val,0
BERT,mBERT,3,7172,test,2
BERT,mBERT,3,7174,test,0
BERT,mBERT,3,7177,val,0
BERT,mBERT,3,7179,test,2
BERT,mBERT,3,7181,val,0
BERT,mBERT,3,7182,val,2
BERT,mBERT,3,7189,val,2
BERT,mBERT,3,7194,test,0
BERT,mBERT,3,7200,val,0
BERT,mBERT,3,7201,test,2
BERT,mBERT,3,7202,val,2
BERT,mBERT,3,7207,val,0
BERT,mBERT,3,7209,test,2
BERT,mBERT,3,7210,val,2
BERT,mBERT,3,7211,val,0
BERT,mBERT,3,7213,val,0
BERT,mBERT,3,7215,test,0
BERT,mBERT,3,7217,test,2
BERT,mBERT,3,7220,val,2
BERT,mBERT,3,7221,test,2
BERT,mBERT,3,7228,test,1
BERT,mBERT,3,7229,test,1
BERT,mBERT,3,7230,val,2
BERT,mBERT,3,7231,val,0
BERT,mBERT,3,7233,test,2
BERT,mBERT,3,7234,val,0
BERT,mBERT,3,7235,val,0
BERT,mBERT,3,7237,val,2
BERT,mBERT,3,7238,test,2
BERT,mBERT,3,7240,test,2
BERT,mBERT,3,7243,test,0
BERT,mBERT,3,7245,val,0
BERT,mBERT,3,7250,test,2
BERT,mBERT,3,7251,val,0
BERT,mBERT,3,7252,test,0
BERT,mBERT,3,7253,val,0
BERT,mBERT,3,7255,test,2
BERT,mBERT,3,7256,val,1
BERT,mBERT,3,7259,test,0
BERT,mBERT,3,7261,test,0
BERT,mBERT,3,7262,test,0
BERT,mBERT,3,7263,val,0
BERT,mBERT,3,7265,val,0
BERT,mBERT,3,7267,val,0
BERT,mBERT,3,7268,val,0
BERT,mBERT,3,7270,val,0
BERT,mBERT,3,7271,test,0
BERT,mBERT,3,7272,test,1
BERT,mBERT,3,7273,val,0
BERT,mBERT,3,7274,test,0
BERT,mBERT,3,7277,val,0
BERT,mBERT,3,7278,val,2
BERT,mBERT,3,7281,val,0
BERT,mBERT,3,7285,val,1
BERT,mBERT,3,7286,test,0
BERT,mBERT,3,7289,test,0
BERT,mBERT,3,7290,test,2
BERT,mBERT,3,7296,val,0
BERT,mBERT,3,7297,test,0
BERT,mBERT,3,7298,test,2
BERT,mBERT,3,7299,test,0
BERT,mBERT,3,7300,test,0
BERT,mBERT,3,7301,val,2
BERT,mBERT,3,7302,test,0
BERT,mBERT,3,7305,test,2
BERT,mBERT,3,7306,test,1
BERT,mBERT,3,7307,test,0
BERT,mBERT,3,7308,test,0
BERT,mBERT,3,7311,test,0
BERT,mBERT,3,7312,val,0
BERT,mBERT,3,7317,val,0
BERT,mBERT,3,7318,test,0
BERT,mBERT,3,7319,test,0
BERT,mBERT,3,7327,test,0
BERT,mBERT,3,7330,val,0
BERT,mBERT,3,7331,val,2
BERT,mBERT,3,7333,test,0
BERT,mBERT,3,7334,val,0
BERT,mBERT,3,7338,test,2
BERT,mBERT,3,7339,test,1
BERT,mBERT,3,7340,test,2
BERT,mBERT,3,7342,test,0
BERT,mBERT,3,7343,val,0
BERT,mBERT,3,7344,val,0
BERT,mBERT,3,7345,test,0
BERT,mBERT,3,7347,test,0
BERT,mBERT,3,7348,test,0
BERT,mBERT,3,7355,test,0
BERT,mBERT,3,7357,val,1
BERT,mBERT,3,7358,test,0
BERT,mBERT,3,7359,test,0
BERT,mBERT,3,7360,val,1
BERT,mBERT,3,7361,test,0
BERT,mBERT,3,7364,val,0
BERT,mBERT,3,7368,test,2
BERT,mBERT,3,7369,test,1
BERT,mBERT,3,7371,test,2
BERT,mBERT,3,7372,val,0
BERT,mBERT,3,7373,val,2
BERT,mBERT,3,7375,val,0
BERT,mBERT,3,7376,val,0
BERT,mBERT,3,7377,val,0
BERT,mBERT,3,7378,test,2
BERT,mBERT,3,7379,test,2
BERT,mBERT,3,7384,test,2
BERT,mBERT,3,7385,val,0
BERT,mBERT,3,7386,test,0
BERT,mBERT,3,7388,test,0
BERT,mBERT,3,7389,val,0
BERT,mBERT,3,7391,val,0
BERT,mBERT,3,7394,test,2
BERT,mBERT,3,7396,test,2
BERT,mBERT,3,7399,test,0
BERT,mBERT,3,7400,val,2
BERT,mBERT,3,7401,val,0
BERT,mBERT,3,7402,test,0
BERT,mBERT,3,7405,val,2
BERT,mBERT,3,7406,test,0
BERT,mBERT,3,7407,val,2
BERT,mBERT,3,7411,test,0
BERT,mBERT,3,7417,test,2
BERT,mBERT,3,7419,val,0
BERT,mBERT,3,7421,test,0
BERT,mBERT,3,7425,val,1
BERT,mBERT,3,7426,test,0
BERT,mBERT,3,7428,test,2
BERT,mBERT,3,7429,test,2
BERT,mBERT,3,7430,test,0
BERT,mBERT,3,7431,test,2
BERT,mBERT,3,7432,test,0
BERT,mBERT,3,7437,val,2
BERT,mBERT,3,7438,val,0
BERT,mBERT,3,7440,test,1
BERT,mBERT,3,7441,val,2
BERT,mBERT,3,7442,val,2
BERT,mBERT,3,7443,val,0
BERT,mBERT,3,7444,test,1
BERT,mBERT,3,7445,val,2
BERT,mBERT,3,7446,val,2
BERT,mBERT,3,7447,val,0
BERT,mBERT,3,7448,val,2
BERT,mBERT,3,7450,test,0
BERT,mBERT,3,7453,test,0
BERT,mBERT,3,7456,test,0
BERT,mBERT,3,7461,test,0
BERT,mBERT,3,7468,test,0
BERT,mBERT,3,7469,test,2
BERT,mBERT,3,7473,test,2
BERT,mBERT,3,7474,test,2
BERT,mBERT,3,7475,val,2
BERT,mBERT,3,7476,test,0
BERT,mBERT,3,7478,val,0
BERT,mBERT,3,7479,val,0
BERT,mBERT,3,7480,val,0
BERT,mBERT,3,7485,test,0
BERT,mBERT,3,7486,val,2
BERT,mBERT,3,7490,test,1
BERT,mBERT,3,7491,val,0
BERT,mBERT,3,7493,test,0
BERT,mBERT,3,7494,test,0
BERT,mBERT,3,7497,test,2
BERT,mBERT,3,7499,val,0
BERT,mBERT,3,7500,val,2
BERT,mBERT,3,7501,test,2
BERT,mBERT,3,7505,val,0
BERT,mBERT,3,7506,test,1
BERT,mBERT,3,7507,val,2
BERT,mBERT,3,7508,test,1
BERT,mBERT,3,7509,test,0
BERT,mBERT,3,7510,val,2
BERT,mBERT,3,7511,val,0
BERT,mBERT,3,7515,test,2
BERT,mBERT,3,7516,val,0
BERT,mBERT,3,7517,test,2
BERT,mBERT,3,7520,val,0
BERT,mBERT,3,7522,val,2
BERT,mBERT,3,7523,test,2
BERT,mBERT,3,7524,val,2
BERT,mBERT,3,7526,test,0
BERT,mBERT,3,7529,test,0
BERT,mBERT,3,7531,test,2
BERT,mBERT,3,7532,val,0
BERT,mBERT,3,7536,test,0
BERT,mBERT,3,7538,test,2
BERT,mBERT,3,7541,val,2
BERT,mBERT,3,7542,val,0
BERT,mBERT,3,7543,test,0
BERT,mBERT,3,7545,test,0
BERT,mBERT,3,7547,val,0
BERT,mBERT,3,7549,test,0
BERT,mBERT,3,7550,val,0
BERT,mBERT,3,7551,test,0
BERT,mBERT,3,7554,test,1
BERT,mBERT,3,7558,test,0
BERT,mBERT,3,7559,val,0
BERT,mBERT,3,7560,val,2
BERT,mBERT,3,7561,test,1
BERT,mBERT,3,7563,test,0
BERT,mBERT,3,7566,test,0
BERT,mBERT,3,7567,test,0
BERT,mBERT,3,7570,val,2
BERT,mBERT,3,7571,val,0
BERT,mBERT,3,7572,val,0
BERT,mBERT,3,7573,val,2
BERT,mBERT,3,7575,test,0
BERT,mBERT,3,7576,test,0
BERT,mBERT,3,7578,test,0
BERT,mBERT,3,7586,test,2
BERT,mBERT,3,7588,test,0
BERT,mBERT,3,7589,val,2
BERT,mBERT,3,7592,val,2
BERT,mBERT,3,7593,val,0
BERT,mBERT,3,7596,test,0
BERT,mBERT,3,7597,val,2
BERT,mBERT,3,7598,test,2
BERT,mBERT,3,7599,test,2
BERT,mBERT,3,7601,val,0
BERT,mBERT,3,7604,test,0
BERT,mBERT,3,7606,val,0
BERT,mBERT,3,7607,val,0
BERT,mBERT,3,7609,test,2
BERT,mBERT,3,7611,test,0
BERT,mBERT,3,7612,val,2
BERT,mBERT,3,7613,val,0
BERT,mBERT,3,7615,test,2
BERT,mBERT,3,7617,val,0
BERT,mBERT,3,7619,test,0
BERT,mBERT,3,7621,test,0
BERT,mBERT,3,7624,test,0
BERT,mBERT,3,7627,val,0
BERT,mBERT,3,7628,test,0
BERT,mBERT,3,7629,val,0
BERT,mBERT,3,7633,val,0
BERT,mBERT,3,7638,test,2
BERT,mBERT,3,7640,test,2
BERT,mBERT,3,7642,test,0
BERT,mBERT,3,7645,val,0
BERT,mBERT,3,7646,val,0
BERT,mBERT,3,7647,test,2
BERT,mBERT,3,7649,val,1
BERT,mBERT,3,7650,test,2
BERT,mBERT,3,7651,test,0
BERT,mBERT,3,7653,val,2
BERT,mBERT,3,7654,val,0
BERT,mBERT,3,7657,val,2
BERT,mBERT,3,7658,test,0
BERT,mBERT,3,7660,test,2
BERT,mBERT,3,7661,val,2
BERT,mBERT,3,7662,test,1
BERT,mBERT,3,7663,test,2
BERT,mBERT,3,7665,val,0
BERT,mBERT,3,7666,val,0
BERT,mBERT,3,7669,test,0
BERT,mBERT,3,7670,val,0
BERT,mBERT,3,7671,test,0
BERT,mBERT,3,7673,val,0
BERT,mBERT,3,7678,test,0
BERT,mBERT,3,7679,test,0
BERT,mBERT,3,7683,val,0
BERT,mBERT,3,7686,test,2
BERT,mBERT,3,7687,test,2
BERT,mBERT,3,7688,test,0
BERT,mBERT,3,7690,test,0
BERT,mBERT,3,7691,test,0
BERT,mBERT,3,7693,test,0
BERT,mBERT,3,7696,val,0
BERT,mBERT,3,7699,val,1
BERT,mBERT,3,7700,test,0
BERT,mBERT,3,7703,val,2
BERT,mBERT,3,7704,test,0
BERT,mBERT,3,7707,test,0
BERT,mBERT,3,7708,test,0
BERT,mBERT,3,7710,test,0
BERT,mBERT,3,7713,test,2
BERT,mBERT,3,7716,val,0
BERT,mBERT,3,7718,test,2
BERT,mBERT,3,7719,test,0
BERT,mBERT,3,7720,val,0
BERT,mBERT,3,7721,test,2
BERT,mBERT,3,7722,val,0
BERT,mBERT,3,7723,val,0
BERT,mBERT,3,7724,test,2
BERT,mBERT,3,7725,val,0
BERT,mBERT,3,7727,val,0
BERT,mBERT,3,7728,val,0
BERT,mBERT,3,7729,val,0
BERT,mBERT,3,7730,test,0
BERT,mBERT,3,7732,test,0
BERT,mBERT,3,7733,test,0
BERT,mBERT,3,7735,val,0
BERT,mBERT,3,7736,test,0
BERT,mBERT,3,7738,val,0
BERT,mBERT,3,7739,test,0
BERT,mBERT,3,7743,test,0
BERT,mBERT,3,7744,val,0
BERT,mBERT,3,7749,test,2
BERT,mBERT,3,7750,test,1
BERT,mBERT,3,7751,val,0
BERT,mBERT,3,7755,val,0
BERT,mBERT,3,7756,test,2
BERT,mBERT,3,7758,test,0
BERT,mBERT,3,7759,test,0
BERT,mBERT,3,7761,val,0
BERT,mBERT,3,7764,test,0
BERT,mBERT,3,7766,test,2
BERT,mBERT,3,7768,val,0
BERT,mBERT,3,7770,test,0
BERT,mBERT,3,7772,test,0
BERT,mBERT,3,7774,test,0
BERT,mBERT,3,7775,test,0
BERT,mBERT,3,7777,test,2
BERT,mBERT,3,7780,test,0
BERT,mBERT,3,7781,test,2
BERT,mBERT,3,7783,test,0
BERT,mBERT,3,7784,test,0
BERT,mBERT,3,7786,test,2
BERT,mBERT,3,7787,test,1
BERT,mBERT,3,7788,test,0
BERT,mBERT,3,7790,val,1
BERT,mBERT,3,7793,test,0
BERT,mBERT,3,7794,val,0
BERT,mBERT,3,7798,test,0
BERT,mBERT,3,7800,val,0
BERT,mBERT,3,7803,test,0
BERT,mBERT,3,7804,test,1
BERT,mBERT,3,7806,test,0
BERT,mBERT,3,7807,test,0
BERT,mBERT,3,7809,val,0
BERT,mBERT,3,7813,test,0
BERT,mBERT,3,7817,val,2
BERT,mBERT,3,7818,test,0
BERT,mBERT,3,7819,val,2
BERT,mBERT,3,7821,val,2
BERT,mBERT,3,7824,test,1
BERT,mBERT,3,7826,test,0
BERT,mBERT,3,7827,val,0
BERT,mBERT,3,7828,val,0
BERT,mBERT,3,7829,test,2
BERT,mBERT,3,7832,test,0
BERT,mBERT,3,7833,test,0
BERT,mBERT,3,7835,test,2
BERT,mBERT,3,7836,val,2
BERT,mBERT,3,7837,val,0
BERT,mBERT,3,7838,val,0
BERT,mBERT,3,7839,test,2
BERT,mBERT,3,7842,test,2
BERT,mBERT,3,7845,test,2
BERT,mBERT,3,7847,test,0
BERT,mBERT,3,7851,test,0
BERT,mBERT,3,7852,test,0
BERT,mBERT,3,7853,val,2
BERT,mBERT,3,7855,test,0
BERT,mBERT,3,7856,test,0
BERT,mBERT,3,7859,test,2
BERT,mBERT,3,7862,test,0
BERT,mBERT,3,7865,val,2
BERT,mBERT,3,7866,val,0
BERT,mBERT,3,7867,test,0
BERT,mBERT,3,7869,val,2
BERT,mBERT,3,7872,test,0
BERT,mBERT,3,7873,val,0
BERT,mBERT,3,7874,val,0
BERT,mBERT,3,7875,test,0
BERT,mBERT,3,7879,test,0
BERT,mBERT,3,7882,test,2
BERT,mBERT,3,7883,val,0
BERT,mBERT,3,7887,test,0
BERT,mBERT,3,7888,test,0
BERT,mBERT,3,7890,test,0
BERT,mBERT,3,7892,test,2
BERT,mBERT,3,7893,val,1
BERT,mBERT,3,7894,val,1
BERT,mBERT,3,7896,test,2
BERT,mBERT,3,7897,test,0
BERT,mBERT,3,7899,test,0
BERT,mBERT,3,7901,val,2
BERT,mBERT,3,7902,test,0
BERT,mBERT,3,7903,val,2
BERT,mBERT,3,7906,test,0
BERT,mBERT,3,7907,val,0
BERT,mBERT,3,7909,test,2
BERT,mBERT,3,7910,test,0
BERT,mBERT,3,7913,test,1
BERT,mBERT,3,7914,test,2
BERT,mBERT,3,7916,test,0
BERT,mBERT,3,7921,test,0
BERT,mBERT,3,7922,test,1
BERT,mBERT,3,7923,val,2
BERT,mBERT,3,7926,val,2
BERT,mBERT,3,7927,test,1
BERT,mBERT,3,7929,test,2
BERT,mBERT,3,7933,val,1
BERT,mBERT,3,7934,val,2
BERT,mBERT,3,7935,test,0
BERT,mBERT,3,7936,test,0
BERT,mBERT,3,7937,test,0
BERT,mBERT,3,7939,val,0
BERT,mBERT,3,7940,test,2
BERT,mBERT,3,7942,val,0
BERT,mBERT,3,7944,test,2
BERT,mBERT,3,7946,test,1
BERT,mBERT,3,7952,test,0
BERT,mBERT,3,7953,test,2
BERT,mBERT,3,7954,val,0
BERT,mBERT,3,7955,test,0
BERT,mBERT,3,7956,test,2
BERT,mBERT,3,7957,test,0
BERT,mBERT,3,7958,test,2
BERT,mBERT,3,7959,val,0
BERT,mBERT,3,7960,test,0
BERT,mBERT,3,7961,test,0
BERT,mBERT,3,7962,test,2
BERT,mBERT,3,7965,val,0
BERT,mBERT,3,7967,val,1
BERT,mBERT,3,7968,test,0
BERT,mBERT,3,7969,val,0
BERT,mBERT,3,7971,test,1
BERT,mBERT,3,7975,test,2
BERT,mBERT,3,7976,val,2
BERT,mBERT,3,7977,test,0
BERT,mBERT,3,7978,test,0
BERT,mBERT,3,7979,test,0
BERT,mBERT,3,7980,test,0
BERT,mBERT,3,7981,test,2
BERT,mBERT,3,7982,val,1
BERT,mBERT,3,7984,val,0
BERT,mBERT,3,7987,val,0
BERT,mBERT,3,7990,test,2
BERT,mBERT,3,7992,val,0
BERT,mBERT,3,7994,val,2
BERT,mBERT,3,7995,test,0
BERT,mBERT,3,7997,test,0
BERT,mBERT,3,7998,test,0
BERT,mBERT,3,8002,test,2
BERT,mBERT,3,8003,test,0
BERT,mBERT,3,8004,val,0
BERT,mBERT,3,8010,val,2
BERT,mBERT,3,8011,test,2
BERT,mBERT,3,8013,val,0
BERT,mBERT,3,8015,test,2
BERT,mBERT,3,8019,val,0
BERT,mBERT,3,8020,val,1
BERT,mBERT,3,8021,val,0
BERT,mBERT,3,8024,test,0
BERT,mBERT,3,8025,test,0
BERT,mBERT,3,8028,test,2
BERT,mBERT,3,8029,test,0
BERT,mBERT,3,8030,test,0
BERT,mBERT,3,8035,val,0
BERT,mBERT,3,8039,val,1
BERT,mBERT,3,8040,test,0
BERT,mBERT,3,8041,test,2
BERT,mBERT,3,8042,test,2
BERT,mBERT,3,8048,val,0
BERT,mBERT,3,8050,test,2
BERT,mBERT,3,8052,test,0
BERT,mBERT,3,8054,test,2
BERT,mBERT,3,8056,val,2
BERT,mBERT,3,8058,val,0
BERT,mBERT,3,8060,val,0
BERT,mBERT,3,8061,test,2
BERT,mBERT,3,8066,test,1
BERT,mBERT,3,8067,val,1
BERT,mBERT,3,8069,test,0
BERT,mBERT,3,8070,test,2
BERT,mBERT,3,8071,test,0
BERT,mBERT,3,8073,val,2
BERT,mBERT,3,8074,test,0
BERT,mBERT,3,8075,test,0
BERT,mBERT,3,8076,val,0
BERT,mBERT,3,8077,test,0
BERT,mBERT,3,8078,test,2
BERT,mBERT,3,8079,val,0
BERT,mBERT,3,8080,val,2
BERT,mBERT,3,8081,test,0
BERT,mBERT,3,8082,test,1
BERT,mBERT,3,8083,test,2
BERT,mBERT,3,8084,test,0
BERT,mBERT,3,8085,test,2
BERT,mBERT,3,8088,test,0
BERT,mBERT,3,8089,val,2
BERT,mBERT,3,8091,test,0
BERT,mBERT,3,8095,val,2
BERT,mBERT,3,8099,test,0
BERT,mBERT,3,8100,test,1
BERT,mBERT,3,8101,test,0
BERT,mBERT,3,8103,test,0
BERT,mBERT,3,8104,val,0
BERT,mBERT,3,8105,test,0
BERT,mBERT,3,8108,test,2
BERT,mBERT,3,8109,val,0
BERT,mBERT,3,8111,test,0
BERT,mBERT,3,8112,val,1
BERT,mBERT,3,8113,test,0
BERT,mBERT,3,8114,test,0
BERT,mBERT,3,8118,val,0
BERT,mBERT,3,8121,val,0
BERT,mBERT,3,8122,test,0
BERT,mBERT,3,8123,val,1
BERT,mBERT,3,8124,test,1
BERT,mBERT,3,8126,test,0
BERT,mBERT,3,8129,val,0
BERT,mBERT,3,8130,test,0
BERT,mBERT,3,8132,test,0
BERT,mBERT,3,8135,test,0
BERT,mBERT,3,8136,test,0
BERT,mBERT,3,8137,test,0
BERT,mBERT,3,8143,val,0
BERT,mBERT,3,8145,test,0
BERT,mBERT,3,8146,val,1
BERT,mBERT,3,8147,test,0
BERT,mBERT,3,8149,test,0
BERT,mBERT,3,8150,val,0
BERT,mBERT,3,8151,test,2
BERT,mBERT,3,8152,test,0
BERT,mBERT,3,8158,test,0
BERT,mBERT,3,8159,test,2
BERT,mBERT,3,8164,test,0
BERT,mBERT,3,8165,test,0
BERT,mBERT,3,8166,val,0
BERT,mBERT,3,8167,test,1
BERT,mBERT,3,8168,test,0
BERT,mBERT,3,8169,val,0
BERT,mBERT,3,8170,val,0
BERT,mBERT,3,8171,test,0
BERT,mBERT,3,8172,val,2
BERT,mBERT,3,8174,val,2
BERT,mBERT,3,8179,val,2
BERT,mBERT,3,8180,test,1
BERT,mBERT,3,8182,test,0
BERT,mBERT,3,8185,test,2
BERT,mBERT,3,8186,test,0
BERT,mBERT,3,8187,val,2
BERT,mBERT,3,8189,val,0
BERT,mBERT,3,8190,test,0
BERT,mBERT,3,8193,val,1
BERT,mBERT,3,8199,test,0
BERT,mBERT,3,8200,val,2
BERT,mBERT,3,8203,test,0
BERT,mBERT,3,8204,val,2
BERT,mBERT,3,8207,val,0
BERT,mBERT,3,8209,test,0
BERT,mBERT,3,8210,val,1
BERT,mBERT,3,8211,test,0
BERT,mBERT,3,8213,val,1
BERT,mBERT,3,8214,val,2
BERT,mBERT,3,8215,val,0
BERT,mBERT,3,8217,test,0
BERT,mBERT,3,8218,test,0
BERT,mBERT,3,8219,test,1
BERT,mBERT,3,8220,val,0
BERT,mBERT,3,8221,val,0
BERT,mBERT,3,8222,test,0
BERT,mBERT,3,8224,val,0
BERT,mBERT,3,8225,val,0
BERT,mBERT,3,8228,val,0
BERT,mBERT,3,8232,test,0
BERT,mBERT,3,8233,test,0
BERT,mBERT,3,8234,test,0
BERT,mBERT,3,8237,val,0
BERT,mBERT,3,8239,test,0
BERT,mBERT,3,8240,test,0
BERT,mBERT,3,8241,val,1
BERT,mBERT,3,8243,test,0
BERT,mBERT,3,8244,test,2
BERT,mBERT,3,8245,test,0
BERT,mBERT,3,8246,val,2
BERT,mBERT,3,8247,test,0
BERT,mBERT,3,8250,test,0
BERT,mBERT,3,8251,test,0
BERT,mBERT,3,8252,test,1
BERT,mBERT,3,8254,test,0
BERT,mBERT,3,8257,val,2
BERT,mBERT,3,8258,val,2
BERT,mBERT,3,8259,test,0
BERT,mBERT,3,8261,val,0
BERT,mBERT,3,8264,test,2
BERT,mBERT,3,8265,test,0
BERT,mBERT,3,8266,test,0
BERT,mBERT,3,8267,test,2
BERT,mBERT,3,8268,val,0
BERT,mBERT,3,8269,val,0
BERT,mBERT,3,8272,test,2
BERT,mBERT,3,8273,test,0
BERT,mBERT,3,8276,val,0
BERT,mBERT,3,8277,test,2
BERT,mBERT,3,8282,val,0
BERT,mBERT,3,8283,val,0
BERT,mBERT,3,8286,test,0
BERT,mBERT,3,8287,val,0
BERT,mBERT,3,8289,test,2
BERT,mBERT,3,8290,val,2
BERT,mBERT,3,8296,test,2
BERT,mBERT,3,8298,val,2
BERT,mBERT,3,8299,test,0
BERT,mBERT,3,8300,test,0
BERT,mBERT,3,8303,val,0
BERT,mBERT,3,8304,val,2
BERT,mBERT,3,8305,test,1
BERT,mBERT,3,8306,val,0
BERT,mBERT,3,8307,val,2
BERT,mBERT,3,8310,test,0
BERT,mBERT,3,8311,val,0
BERT,mBERT,3,8312,test,2
BERT,mBERT,3,8313,test,2
BERT,mBERT,3,8314,val,2
BERT,mBERT,3,8316,test,1
BERT,mBERT,3,8318,test,0
BERT,mBERT,3,8319,test,1
BERT,mBERT,3,8321,val,0
BERT,mBERT,3,8322,test,0
BERT,mBERT,3,8323,test,0
BERT,mBERT,3,8325,test,0
BERT,mBERT,3,8326,test,0
BERT,mBERT,3,8328,test,0
BERT,mBERT,3,8330,test,1
BERT,mBERT,3,8331,test,0
BERT,mBERT,3,8332,val,2
BERT,mBERT,3,8333,val,0
BERT,mBERT,3,8334,val,0
BERT,mBERT,3,8337,test,0
BERT,mBERT,3,8339,test,0
BERT,mBERT,3,8340,val,0
BERT,mBERT,3,8343,test,2
BERT,mBERT,3,8348,test,2
BERT,mBERT,3,8351,test,2
BERT,mBERT,3,8352,val,1
BERT,mBERT,3,8353,test,0
BERT,mBERT,3,8355,val,2
BERT,mBERT,3,8357,test,0
BERT,mBERT,3,8358,test,0
BERT,mBERT,3,8359,test,2
BERT,mBERT,3,8360,test,1
BERT,mBERT,3,8361,test,0
BERT,mBERT,3,8364,val,2
BERT,mBERT,3,8366,test,2
BERT,mBERT,3,8368,test,2
BERT,mBERT,3,8369,test,0
BERT,mBERT,3,8371,test,0
BERT,mBERT,3,8372,test,0
BERT,mBERT,3,8375,test,0
BERT,mBERT,3,8378,test,0
BERT,mBERT,3,8383,test,2
BERT,mBERT,3,8386,test,0
BERT,mBERT,3,8387,test,0
BERT,mBERT,3,8390,test,2
BERT,mBERT,3,8392,test,0
BERT,mBERT,3,8393,test,0
BERT,mBERT,3,8394,test,2
BERT,mBERT,3,8395,test,0
BERT,mBERT,3,8397,test,0
BERT,mBERT,3,8399,val,0
BERT,mBERT,3,8400,test,0
BERT,mBERT,3,8403,test,2
BERT,mBERT,3,8404,test,0
BERT,mBERT,3,8407,val,0
BERT,mBERT,3,8414,val,0
BERT,mBERT,3,8415,test,2
BERT,mBERT,3,8417,test,2
BERT,mBERT,3,8419,val,0
BERT,mBERT,3,8420,test,0
BERT,mBERT,3,8421,val,0
BERT,mBERT,3,8428,val,0
BERT,mBERT,3,8430,test,1
BERT,mBERT,3,8433,test,2
BERT,mBERT,3,8435,val,2
BERT,mBERT,3,8437,val,0
BERT,mBERT,3,8438,test,2
BERT,mBERT,3,8440,val,0
BERT,mBERT,3,8443,test,0
BERT,mBERT,3,8444,test,0
BERT,mBERT,3,8445,val,2
BERT,mBERT,3,8446,test,2
BERT,mBERT,3,8447,val,2
BERT,mBERT,3,8449,test,0
BERT,mBERT,3,8451,val,2
BERT,mBERT,3,8453,val,0
BERT,mBERT,3,8454,test,0
BERT,mBERT,3,8456,test,2
BERT,mBERT,3,8457,val,0
BERT,mBERT,3,8458,test,0
BERT,mBERT,3,8459,test,0
BERT,mBERT,3,8464,val,0
BERT,mBERT,3,8465,val,2
BERT,mBERT,3,8466,test,0
BERT,mBERT,3,8467,val,1
BERT,mBERT,3,8468,test,0
BERT,mBERT,3,8470,val,0
BERT,mBERT,3,8471,val,1
BERT,mBERT,3,8472,test,0
BERT,mBERT,3,8473,val,0
BERT,mBERT,3,8474,test,0
BERT,mBERT,3,8475,test,0
BERT,mBERT,3,8480,val,2
BERT,mBERT,3,8483,test,0
BERT,mBERT,3,8485,test,2
BERT,mBERT,3,8486,val,2
BERT,mBERT,3,8487,val,0
BERT,mBERT,3,8488,test,0
BERT,mBERT,3,8489,test,0
BERT,mBERT,3,8491,test,1
BERT,mBERT,3,8493,test,0
BERT,mBERT,3,8496,val,1
BERT,mBERT,3,8501,test,0
BERT,mBERT,3,8504,test,0
BERT,mBERT,3,8505,test,1
BERT,mBERT,3,8506,test,0
BERT,mBERT,3,8507,test,1
BERT,mBERT,3,8509,test,0
BERT,mBERT,3,8510,val,1
BERT,mBERT,3,8511,val,2
BERT,mBERT,3,8512,val,0
BERT,mBERT,3,8517,val,0
BERT,mBERT,3,8519,val,2
BERT,mBERT,3,8522,test,0
BERT,mBERT,3,8525,test,0
BERT,mBERT,3,8529,val,0
BERT,mBERT,3,8530,val,0
BERT,mBERT,3,8533,test,0
BERT,mBERT,3,8535,val,0
BERT,mBERT,3,8538,val,0
BERT,mBERT,3,8539,val,0
BERT,mBERT,3,8540,test,0
BERT,mBERT,3,8541,test,0
BERT,mBERT,3,8542,test,0
BERT,mBERT,3,8547,test,0
BERT,mBERT,3,8548,val,2
BERT,mBERT,3,8549,val,0
BERT,mBERT,3,8550,val,2
BERT,mBERT,3,8551,test,0
BERT,mBERT,3,8553,val,0
BERT,mBERT,3,8554,test,2
BERT,mBERT,3,8557,test,0
BERT,mBERT,3,8563,test,0
BERT,mBERT,3,8566,test,0
BERT,mBERT,3,8569,val,2
BERT,mBERT,3,8570,val,0
BERT,mBERT,3,8571,val,0
BERT,mBERT,3,8572,test,2
BERT,mBERT,3,8575,val,0
BERT,mBERT,3,8577,val,2
BERT,mBERT,3,8578,test,0
BERT,mBERT,3,8580,test,0
BERT,mBERT,3,8582,test,0
BERT,mBERT,3,8585,val,0
BERT,mBERT,3,8586,test,0
BERT,mBERT,3,8587,test,0
BERT,mBERT,3,8588,val,0
BERT,mBERT,3,8590,test,0
BERT,mBERT,3,8592,val,2
BERT,mBERT,3,8594,val,1
BERT,mBERT,3,8595,test,2
BERT,mBERT,3,8596,test,0
BERT,mBERT,3,8598,test,0
BERT,mBERT,3,8600,test,0
BERT,mBERT,3,8602,val,2
BERT,mBERT,3,8603,val,0
BERT,mBERT,3,8604,val,0
BERT,mBERT,3,8605,test,0
BERT,mBERT,3,8606,test,1
BERT,mBERT,3,8612,val,2
BERT,mBERT,3,8613,val,0
BERT,mBERT,3,8618,val,0
BERT,mBERT,3,8620,test,0
BERT,mBERT,3,8621,test,2
BERT,mBERT,3,8622,test,0
BERT,mBERT,3,8623,test,0
BERT,mBERT,3,8624,val,0
BERT,mBERT,3,8625,val,0
BERT,mBERT,3,8627,test,0
BERT,mBERT,3,8628,test,0
BERT,mBERT,3,8630,val,2
BERT,mBERT,3,8633,test,2
BERT,mBERT,3,8634,test,0
BERT,mBERT,3,8637,val,0
BERT,mBERT,3,8638,test,0
BERT,mBERT,3,8640,test,2
BERT,mBERT,3,8643,val,0
BERT,mBERT,3,8647,test,2
BERT,mBERT,3,8648,test,2
BERT,mBERT,3,8653,val,2
BERT,mBERT,3,8654,test,2
BERT,mBERT,3,8657,val,2
BERT,mBERT,3,8659,test,2
BERT,mBERT,3,8660,test,2
BERT,mBERT,3,8663,val,2
BERT,mBERT,3,8666,test,0
BERT,mBERT,3,8669,test,0
BERT,mBERT,3,8670,test,0
BERT,mBERT,3,8673,val,2
BERT,mBERT,3,8678,test,0
BERT,mBERT,3,8679,test,0
BERT,mBERT,3,8680,test,0
BERT,mBERT,3,8681,val,0
BERT,mBERT,3,8682,test,0
BERT,mBERT,3,8684,test,2
BERT,mBERT,3,8686,val,2
BERT,mBERT,3,8687,test,1
BERT,mBERT,3,8688,test,0
BERT,mBERT,3,8692,test,2
BERT,mBERT,3,8693,val,0
BERT,mBERT,3,8694,test,0
BERT,mBERT,3,8696,test,2
BERT,mBERT,3,8699,test,0
BERT,mBERT,3,8700,val,2
BERT,mBERT,3,8701,test,2
BERT,mBERT,3,8702,val,2
BERT,mBERT,3,8706,test,1
BERT,mBERT,3,8708,test,1
BERT,mBERT,3,8709,test,2
BERT,mBERT,3,8711,test,1
BERT,mBERT,3,8714,test,0
BERT,mBERT,3,8715,val,0
BERT,mBERT,3,8721,test,2
BERT,mBERT,3,8723,test,2
BERT,mBERT,3,8724,val,0
BERT,mBERT,3,8728,val,0
BERT,mBERT,3,8731,val,1
BERT,mBERT,3,8732,val,1
BERT,mBERT,3,8734,val,0
BERT,mBERT,3,8737,val,2
BERT,mBERT,3,8741,test,2
BERT,mBERT,3,8742,test,1
BERT,mBERT,3,8744,test,2
BERT,mBERT,3,8745,val,0
BERT,mBERT,3,8746,val,0
BERT,mBERT,3,8749,val,0
BERT,mBERT,3,8750,val,0
BERT,mBERT,3,8751,test,0
BERT,mBERT,3,8752,test,0
BERT,mBERT,3,8753,test,0
BERT,mBERT,3,8754,test,1
BERT,mBERT,3,8756,test,0
BERT,mBERT,3,8760,val,2
BERT,mBERT,3,8762,test,0
BERT,mBERT,3,8764,val,0
BERT,mBERT,3,8772,test,2
BERT,mBERT,3,8774,test,0
BERT,mBERT,3,8775,test,2
BERT,mBERT,3,8776,val,0
BERT,mBERT,3,8777,test,2
BERT,mBERT,3,8778,test,0
BERT,mBERT,3,8784,val,2
BERT,mBERT,3,8786,val,0
BERT,mBERT,3,8789,test,2
BERT,mBERT,3,8790,test,0
BERT,mBERT,3,8791,test,2
BERT,mBERT,3,8793,test,2
BERT,mBERT,3,8794,test,0
BERT,mBERT,3,8796,val,0
BERT,mBERT,3,8797,test,2
BERT,mBERT,3,8798,test,0
BERT,mBERT,3,8802,val,0
BERT,mBERT,3,8803,val,0
BERT,mBERT,3,8804,test,0
BERT,mBERT,3,8805,test,0
BERT,mBERT,3,8810,val,2
BERT,mBERT,3,8811,test,2
BERT,mBERT,3,8812,val,2
BERT,mBERT,3,8814,test,0
BERT,mBERT,3,8815,val,0
BERT,mBERT,3,8818,test,2
BERT,mBERT,3,8820,test,0
BERT,mBERT,3,8825,val,2
BERT,mBERT,3,8826,test,0
BERT,mBERT,3,8827,test,0
BERT,mBERT,3,8829,test,0
BERT,mBERT,3,8831,test,0
BERT,mBERT,3,8833,val,0
BERT,mBERT,3,8836,test,0
BERT,mBERT,3,8838,val,2
BERT,mBERT,3,8839,test,0
BERT,mBERT,3,8841,val,0
BERT,mBERT,3,8843,test,0
BERT,mBERT,3,8844,val,2
BERT,mBERT,3,8846,test,2
BERT,mBERT,3,8847,val,2
BERT,mBERT,3,8848,test,0
BERT,mBERT,3,8851,test,0
BERT,mBERT,3,8856,test,0
BERT,mBERT,3,8859,val,2
BERT,mBERT,3,8860,val,0
BERT,mBERT,3,8861,test,0
BERT,mBERT,3,8863,val,2
BERT,mBERT,3,8865,val,0
BERT,mBERT,3,8866,val,2
BERT,mBERT,3,8869,test,0
BERT,mBERT,3,8871,val,0
BERT,mBERT,3,8876,test,0
BERT,mBERT,3,8877,val,2
BERT,mBERT,3,8878,test,2
BERT,mBERT,3,8881,test,1
BERT,mBERT,3,8882,val,0
BERT,mBERT,3,8884,test,2
BERT,mBERT,3,8886,test,2
BERT,mBERT,3,8889,val,2
BERT,mBERT,3,8891,val,1
BERT,mBERT,3,8892,test,0
BERT,mBERT,3,8894,test,0
BERT,mBERT,3,8897,test,2
BERT,mBERT,3,8898,val,0
BERT,mBERT,3,8899,val,0
BERT,mBERT,3,8900,test,2
BERT,mBERT,3,8903,test,0
BERT,mBERT,3,8905,val,0
BERT,mBERT,3,8907,val,2
BERT,mBERT,3,8914,val,2
BERT,mBERT,3,8919,test,2
BERT,mBERT,3,8924,test,0
BERT,mBERT,3,8926,val,2
BERT,mBERT,3,8930,test,2
BERT,mBERT,3,8931,test,0
BERT,mBERT,3,8932,val,0
BERT,mBERT,3,8933,test,2
BERT,mBERT,3,8936,test,0
BERT,mBERT,3,8937,val,0
BERT,mBERT,3,8938,test,0
BERT,mBERT,3,8940,val,0
BERT,mBERT,3,8946,test,2
BERT,mBERT,3,8947,test,0
BERT,mBERT,3,8951,test,0
BERT,mBERT,3,8954,val,0
BERT,mBERT,3,8956,test,2
BERT,mBERT,3,8958,val,1
BERT,mBERT,3,8959,test,0
BERT,mBERT,3,8960,val,2
BERT,mBERT,3,8964,test,0
BERT,mBERT,3,8967,val,0
BERT,mBERT,3,8968,test,2
BERT,mBERT,3,8970,test,2
BERT,mBERT,3,8971,val,0
BERT,mBERT,3,8972,test,0
BERT,mBERT,3,8973,test,1
BERT,mBERT,3,8975,test,0
BERT,mBERT,3,8979,test,0
BERT,mBERT,3,8981,test,0
BERT,mBERT,3,8982,val,2
BERT,mBERT,3,8983,val,0
BERT,mBERT,3,8984,val,2
BERT,mBERT,3,8985,test,0
BERT,mBERT,3,8990,test,0
BERT,mBERT,3,8991,test,0
BERT,mBERT,3,8993,val,2
BERT,mBERT,3,8994,test,2
BERT,mBERT,3,8996,test,2
BERT,mBERT,3,8997,val,2
BERT,mBERT,3,8998,test,0
BERT,mBERT,3,8999,val,1
BERT,mBERT,3,9001,test,0
BERT,mBERT,3,9002,val,2
BERT,mBERT,3,9003,test,2
BERT,mBERT,3,9004,test,2
BERT,mBERT,3,9005,val,0
BERT,mBERT,3,9007,val,0
BERT,mBERT,3,9012,test,0
BERT,mBERT,3,9014,test,0
BERT,mBERT,3,9015,val,0
BERT,mBERT,3,9020,test,0
BERT,mBERT,3,9021,test,0
BERT,mBERT,3,9025,test,0
BERT,mBERT,3,9026,test,0
BERT,mBERT,3,9030,test,1
BERT,mBERT,3,9032,val,2
BERT,mBERT,3,9034,val,0
BERT,mBERT,3,9035,test,2
BERT,mBERT,3,9036,val,0
BERT,mBERT,3,9042,val,2
BERT,mBERT,3,9044,val,0
BERT,mBERT,3,9046,val,2
BERT,mBERT,3,9048,test,0
BERT,mBERT,3,9050,test,0
BERT,mBERT,3,9051,val,0
BERT,mBERT,3,9053,val,0
BERT,mBERT,3,9055,val,1
BERT,mBERT,3,9058,val,0
BERT,mBERT,3,9059,test,2
BERT,mBERT,3,9060,test,2
BERT,mBERT,3,9061,val,0
BERT,mBERT,3,9062,test,1
BERT,mBERT,3,9065,test,2
BERT,mBERT,3,9069,test,0
BERT,mBERT,3,9071,test,0
BERT,mBERT,3,9072,test,0
BERT,mBERT,3,9074,val,2
BERT,mBERT,3,9075,test,0
BERT,mBERT,3,9078,val,0
BERT,mBERT,3,9081,test,2
BERT,mBERT,3,9084,test,0
BERT,mBERT,3,9088,val,0
BERT,mBERT,3,9089,test,0
BERT,mBERT,3,9090,val,0
BERT,mBERT,3,9093,test,0
BERT,mBERT,3,9095,test,1
BERT,mBERT,3,9097,test,2
BERT,mBERT,3,9098,test,0
BERT,mBERT,3,9099,val,0
BERT,mBERT,3,9101,test,1
BERT,mBERT,3,9102,test,0
BERT,mBERT,3,9103,val,1
BERT,mBERT,3,9108,val,0
BERT,mBERT,3,9109,val,0
BERT,mBERT,3,9112,test,0
BERT,mBERT,3,9113,test,0
BERT,mBERT,3,9115,val,2
BERT,mBERT,3,9118,val,0
BERT,mBERT,3,9123,test,0
BERT,mBERT,3,9124,val,2
BERT,mBERT,3,9125,val,2
BERT,mBERT,3,9129,test,2
BERT,mBERT,3,9131,test,0
BERT,mBERT,3,9134,test,0
BERT,mBERT,3,9137,test,2
BERT,mBERT,3,9138,val,1
BERT,mBERT,3,9139,test,0
BERT,mBERT,3,9140,test,2
BERT,mBERT,3,9141,test,0
BERT,mBERT,3,9144,test,2
BERT,mBERT,3,9146,val,0
BERT,mBERT,3,9147,test,0
BERT,mBERT,3,9150,test,2
BERT,mBERT,3,9151,test,0
BERT,mBERT,3,9153,val,2
BERT,mBERT,3,9155,val,0
BERT,mBERT,3,9156,val,0
BERT,mBERT,3,9159,test,2
BERT,mBERT,3,9160,test,0
BERT,mBERT,3,9161,test,1
BERT,mBERT,3,9162,test,0
BERT,mBERT,3,9163,test,0
BERT,mBERT,3,9165,val,1
BERT,mBERT,3,9166,test,0
BERT,mBERT,3,9167,test,0
BERT,mBERT,3,9168,test,0
BERT,mBERT,3,9169,val,0
BERT,mBERT,3,9171,val,0
BERT,mBERT,3,9172,test,0
BERT,mBERT,3,9173,test,0
BERT,mBERT,3,9176,test,0
BERT,mBERT,3,9183,test,0
BERT,mBERT,3,9185,test,0
BERT,mBERT,3,9186,test,2
BERT,mBERT,3,9190,test,0
BERT,mBERT,3,9191,val,2
BERT,mBERT,3,9192,val,0
BERT,mBERT,3,9197,val,0
BERT,mBERT,3,9198,test,0
BERT,mBERT,3,9202,test,2
BERT,mBERT,3,9203,val,2
BERT,mBERT,3,9205,val,0
BERT,mBERT,3,9206,test,0
BERT,mBERT,3,9207,test,0
BERT,mBERT,3,9208,test,0
BERT,mBERT,3,9210,test,2
BERT,mBERT,3,9211,test,2
BERT,mBERT,3,9212,test,0
BERT,mBERT,3,9213,test,0
BERT,mBERT,3,9216,test,0
BERT,mBERT,3,9217,test,0
BERT,mBERT,3,9218,test,2
BERT,mBERT,3,9220,test,0
BERT,mBERT,3,9224,test,0
BERT,mBERT,3,9225,test,0
BERT,mBERT,3,9226,test,1
BERT,mBERT,3,9227,val,2
BERT,mBERT,3,9231,val,0
BERT,mBERT,3,9235,val,0
BERT,mBERT,3,9237,test,2
BERT,mBERT,3,9240,test,1
BERT,mBERT,3,9246,val,2
BERT,mBERT,3,9248,test,0
BERT,mBERT,3,9251,test,0
BERT,mBERT,3,9252,val,2
BERT,mBERT,3,9253,test,0
BERT,mBERT,3,9256,test,0
BERT,mBERT,3,9257,test,0
BERT,mBERT,3,9258,test,0
BERT,mBERT,3,9261,val,0
BERT,mBERT,3,9262,test,0
BERT,mBERT,3,9264,val,0
BERT,mBERT,3,9266,val,2
BERT,mBERT,3,9269,test,0
BERT,mBERT,3,9271,val,0
BERT,mBERT,3,9276,test,0
BERT,mBERT,3,9277,test,0
BERT,mBERT,3,9280,val,1
BERT,mBERT,3,9282,test,2
BERT,mBERT,3,9284,test,0
BERT,mBERT,3,9288,test,0
BERT,mBERT,3,9289,test,0
BERT,mBERT,3,9292,val,0
BERT,mBERT,3,9293,test,0
BERT,mBERT,3,9295,test,0
BERT,mBERT,3,9300,test,0
BERT,mBERT,3,9303,val,0
BERT,mBERT,3,9304,val,0
BERT,mBERT,3,9305,val,1
BERT,mBERT,3,9310,val,0
BERT,mBERT,3,9311,test,2
BERT,mBERT,3,9312,test,2
BERT,mBERT,3,9313,val,2
BERT,mBERT,3,9318,test,2
BERT,mBERT,3,9320,val,0
BERT,mBERT,3,9321,val,0
BERT,mBERT,3,9326,test,0
BERT,mBERT,3,9327,test,2
BERT,mBERT,3,9329,test,2
BERT,mBERT,3,9331,val,1
BERT,mBERT,3,9333,test,0
BERT,mBERT,3,9335,test,0
BERT,mBERT,3,9338,val,2
BERT,mBERT,3,9340,val,2
BERT,mBERT,3,9341,val,0
BERT,mBERT,3,9342,test,0
BERT,mBERT,3,9349,val,0
BERT,mBERT,3,9351,val,1
BERT,mBERT,3,9356,val,0
BERT,mBERT,3,9358,test,2
BERT,mBERT,3,9359,test,0
BERT,mBERT,3,9360,val,1
BERT,mBERT,3,9364,test,0
BERT,mBERT,3,9366,test,0
BERT,mBERT,3,9367,test,2
BERT,mBERT,3,9369,val,0
BERT,mBERT,3,9371,test,0
BERT,mBERT,3,9376,val,0
BERT,mBERT,3,9377,test,0
BERT,mBERT,3,9378,test,0
BERT,mBERT,3,9379,test,0
BERT,mBERT,3,9380,val,2
BERT,mBERT,3,9381,val,0
BERT,mBERT,3,9383,val,0
BERT,mBERT,3,9385,val,1
BERT,mBERT,3,9386,val,0
BERT,mBERT,3,9387,test,0
BERT,mBERT,3,9388,val,0
BERT,mBERT,3,9389,val,2
BERT,mBERT,3,9394,test,2
BERT,mBERT,3,9398,test,0
BERT,mBERT,3,9400,val,0
BERT,mBERT,3,9401,test,1
BERT,mBERT,3,9407,test,0
BERT,mBERT,3,9408,test,0
BERT,mBERT,3,9409,val,0
BERT,mBERT,3,9411,test,0
BERT,mBERT,3,9412,test,0
BERT,mBERT,3,9414,test,0
BERT,mBERT,3,9415,test,0
BERT,mBERT,3,9419,test,0
BERT,mBERT,3,9420,val,0
BERT,mBERT,3,9423,test,2
BERT,mBERT,3,9424,test,2
BERT,mBERT,3,9425,test,0
BERT,mBERT,3,9426,test,0
BERT,mBERT,3,9429,test,2
BERT,mBERT,3,9431,val,2
BERT,mBERT,3,9433,val,0
BERT,mBERT,3,9436,test,2
BERT,mBERT,3,9439,test,2
BERT,mBERT,3,9443,test,0
BERT,mBERT,3,9446,test,2
BERT,mBERT,3,9447,val,1
BERT,mBERT,3,9448,test,1
BERT,mBERT,3,9449,val,0
BERT,mBERT,3,9450,val,2
BERT,mBERT,3,9453,test,2
BERT,mBERT,3,9459,val,0
BERT,mBERT,3,9461,test,0
BERT,mBERT,3,9464,test,2
BERT,mBERT,3,9466,test,0
BERT,mBERT,3,9468,val,0
BERT,mBERT,3,9469,test,2
BERT,mBERT,3,9470,test,2
BERT,mBERT,3,9471,test,0
BERT,mBERT,3,9472,test,0
BERT,mBERT,3,9474,val,2
BERT,mBERT,3,9475,val,0
BERT,mBERT,3,9476,val,0
BERT,mBERT,3,9477,test,0
BERT,mBERT,3,9478,test,0
BERT,mBERT,3,9488,val,0
BERT,mBERT,3,9491,val,0
BERT,mBERT,3,9492,val,0
BERT,mBERT,3,9496,test,2
BERT,mBERT,3,9497,val,2
BERT,mBERT,3,9499,val,2
BERT,mBERT,3,9501,val,0
BERT,mBERT,3,9503,test,2
BERT,mBERT,3,9504,val,0
BERT,mBERT,3,9505,val,1
BERT,mBERT,3,9508,test,2
BERT,mBERT,3,9509,test,0
BERT,mBERT,3,9513,test,0
BERT,mBERT,3,9514,test,0
BERT,mBERT,3,9519,val,2
BERT,mBERT,3,9520,val,2
BERT,mBERT,3,9523,val,2
BERT,mBERT,3,9526,test,2
BERT,mBERT,3,9528,test,1
BERT,mBERT,3,9531,test,2
BERT,mBERT,3,9533,test,2
BERT,mBERT,3,9537,test,1
BERT,mBERT,3,9538,val,0
BERT,mBERT,3,9539,test,0
BERT,mBERT,3,9541,val,0
BERT,mBERT,3,9545,test,0
BERT,mBERT,3,9547,test,0
BERT,mBERT,3,9548,val,0
BERT,mBERT,3,9551,val,0
BERT,mBERT,3,9554,test,0
BERT,mBERT,3,9555,val,1
BERT,mBERT,3,9557,val,0
BERT,mBERT,3,9560,test,0
BERT,mBERT,3,9562,val,0
BERT,mBERT,3,9564,test,2
BERT,mBERT,3,9567,val,0
BERT,mBERT,3,9568,test,0
BERT,mBERT,3,9571,test,0
BERT,mBERT,3,9572,val,0
BERT,mBERT,3,9573,val,0
BERT,mBERT,3,9574,test,2
BERT,mBERT,3,9576,test,0
BERT,mBERT,3,9578,test,2
BERT,mBERT,3,9581,val,2
BERT,mBERT,3,9584,test,0
BERT,mBERT,3,9585,val,0
BERT,mBERT,3,9586,test,2
BERT,mBERT,3,9588,val,0
BERT,mBERT,3,9589,val,1
BERT,mBERT,3,9596,test,1
BERT,mBERT,3,9597,val,2
BERT,mBERT,3,9601,test,0
BERT,mBERT,3,9602,test,0
BERT,mBERT,3,9603,val,2
BERT,mBERT,3,9604,test,0
BERT,mBERT,3,9605,val,0
BERT,mBERT,3,9606,val,0
BERT,mBERT,3,9607,test,0
BERT,mBERT,3,9608,val,0
BERT,mBERT,3,9609,test,0
BERT,mBERT,3,9610,test,2
BERT,mBERT,3,9612,test,0
BERT,mBERT,3,9620,test,0
BERT,mBERT,3,9622,test,2
BERT,mBERT,3,9626,test,2
BERT,mBERT,3,9628,val,1
BERT,mBERT,3,9630,val,0
BERT,mBERT,3,9631,test,0
BERT,mBERT,3,9634,val,0
BERT,mBERT,3,9637,test,0
BERT,mBERT,3,9639,val,2
BERT,mBERT,3,9640,test,0
BERT,mBERT,3,9646,test,0
BERT,mBERT,3,9647,test,0
BERT,mBERT,3,9649,test,0
BERT,mBERT,3,9653,val,0
BERT,mBERT,3,9657,test,0
BERT,mBERT,3,9658,test,2
BERT,mBERT,3,9660,val,0
BERT,mBERT,3,9662,test,0
BERT,mBERT,3,9664,test,0
BERT,mBERT,3,9667,test,2
BERT,mBERT,3,9668,val,0
BERT,mBERT,3,9670,test,2
BERT,mBERT,3,9671,test,2
BERT,mBERT,3,9672,test,1
BERT,mBERT,3,9673,val,1
BERT,mBERT,3,9674,val,1
BERT,mBERT,3,9675,test,2
BERT,mBERT,3,9676,val,0
BERT,mBERT,3,9680,test,0
BERT,mBERT,3,9681,val,0
BERT,mBERT,3,9682,test,1
BERT,mBERT,3,9686,val,2
BERT,mBERT,3,9688,val,0
BERT,mBERT,3,9689,val,0
BERT,mBERT,3,9692,test,2
BERT,mBERT,3,9693,val,1
BERT,mBERT,3,9694,val,0
BERT,mBERT,3,9701,val,2
BERT,mBERT,3,9703,test,0
BERT,mBERT,3,9704,val,0
BERT,mBERT,3,9706,test,0
BERT,mBERT,3,9711,test,0
BERT,mBERT,3,9714,val,0
BERT,mBERT,3,9715,val,2
BERT,mBERT,3,9716,val,0
BERT,mBERT,3,9719,val,0
BERT,mBERT,3,9722,test,2
BERT,mBERT,3,9724,test,0
BERT,mBERT,3,9726,val,0
BERT,mBERT,3,9728,test,1
BERT,mBERT,3,9729,test,2
BERT,mBERT,3,9730,val,1
BERT,mBERT,3,9731,val,2
BERT,mBERT,3,9733,test,0
BERT,mBERT,3,9735,val,0
BERT,mBERT,3,9736,test,0
BERT,mBERT,3,9738,test,2
BERT,mBERT,3,9740,val,0
BERT,mBERT,3,9744,test,0
BERT,mBERT,3,9745,val,2
BERT,mBERT,3,9748,test,0
BERT,mBERT,3,9749,test,2
BERT,mBERT,3,9754,test,0
BERT,mBERT,3,9756,val,0
BERT,mBERT,3,9758,val,2
BERT,mBERT,3,9762,test,0
BERT,mBERT,3,9766,test,0
BERT,mBERT,3,9768,test,2
BERT,mBERT,3,9770,val,0
BERT,mBERT,3,9776,val,0
BERT,mBERT,3,9777,test,0
BERT,mBERT,3,9784,test,0
BERT,mBERT,3,9785,test,0
BERT,mBERT,3,9786,test,0
BERT,mBERT,3,9789,test,0
BERT,mBERT,3,9790,val,0
BERT,mBERT,3,9792,test,2
BERT,mBERT,3,9793,val,2
BERT,mBERT,3,9796,test,0
BERT,mBERT,3,9798,test,1
BERT,mBERT,3,9801,val,0
BERT,mBERT,3,9802,test,0
BERT,mBERT,3,9806,test,0
BERT,mBERT,3,9808,val,0
BERT,mBERT,3,9809,test,0
BERT,mBERT,3,9810,test,0
BERT,mBERT,3,9811,val,2
BERT,mBERT,3,9812,test,1
BERT,mBERT,3,9817,val,2
BERT,mBERT,3,9818,val,2
BERT,mBERT,3,9821,test,2
BERT,mBERT,3,9823,test,0
BERT,mBERT,3,9825,test,0
BERT,mBERT,3,9826,test,0
BERT,mBERT,3,9828,test,0
BERT,mBERT,3,9831,val,0
BERT,mBERT,3,9833,test,1
BERT,mBERT,3,9837,test,2
BERT,mBERT,3,9840,test,0
BERT,mBERT,3,9850,test,1
BERT,mBERT,3,9851,test,0
BERT,mBERT,3,9853,test,0
BERT,mBERT,3,9854,test,0
BERT,mBERT,3,9856,val,2
BERT,mBERT,3,9857,val,2
BERT,mBERT,3,9859,val,0
BERT,mBERT,3,9860,val,0
BERT,mBERT,3,9862,test,1
BERT,mBERT,3,9863,val,0
BERT,mBERT,3,9865,test,0
BERT,mBERT,3,9869,test,1
BERT,mBERT,3,9870,test,0
BERT,mBERT,3,9871,test,1
BERT,mBERT,3,9873,test,1
BERT,mBERT,3,9874,val,0
BERT,mBERT,3,9879,test,0
BERT,mBERT,3,9881,test,0
BERT,mBERT,3,9882,val,1
BERT,mBERT,3,9883,test,1
BERT,mBERT,3,9885,test,0
BERT,mBERT,3,9888,val,2
BERT,mBERT,3,9890,test,0
BERT,mBERT,3,9893,test,2
BERT,mBERT,3,9900,test,0
BERT,mBERT,3,9901,val,0
BERT,mBERT,3,9902,test,0
BERT,mBERT,3,9905,val,2
BERT,mBERT,3,9906,val,2
BERT,mBERT,3,9910,test,2
BERT,mBERT,3,9911,test,2
BERT,mBERT,3,9912,test,0
BERT,mBERT,3,9913,val,0
BERT,mBERT,3,9914,test,0
BERT,mBERT,3,9915,test,0
BERT,mBERT,3,9919,test,2
BERT,mBERT,3,9920,test,2
BERT,mBERT,3,9923,val,0
BERT,mBERT,3,9924,test,0
BERT,mBERT,3,9925,test,0
BERT,mBERT,3,9928,test,2
BERT,mBERT,3,9932,test,0
BERT,mBERT,3,9933,test,0
BERT,mBERT,3,9934,val,0
BERT,mBERT,3,9935,test,0
BERT,mBERT,3,9937,test,0
BERT,mBERT,3,9938,val,2
BERT,mBERT,3,9942,test,0
BERT,mBERT,3,9943,val,0
BERT,mBERT,3,9946,test,0
BERT,mBERT,3,9947,test,2
BERT,mBERT,3,9948,test,0
BERT,mBERT,3,9950,test,1
BERT,mBERT,3,9951,val,0
BERT,mBERT,3,9952,test,0
BERT,mBERT,3,9956,test,2
BERT,mBERT,3,9957,test,0
BERT,mBERT,3,9959,test,2
BERT,mBERT,3,9960,val,0
BERT,mBERT,3,9961,test,1
BERT,mBERT,3,9962,test,0
BERT,mBERT,3,9963,test,0
BERT,mBERT,3,9964,test,1
BERT,mBERT,3,9965,test,0
BERT,mBERT,3,9967,test,2
BERT,mBERT,3,9968,test,2
BERT,mBERT,3,9969,test,0
BERT,mBERT,3,9970,val,1
BERT,mBERT,3,9972,val,2
BERT,mBERT,3,9973,test,2
BERT,mBERT,3,9974,test,1
BERT,mBERT,3,9977,val,0
BERT,mBERT,3,9979,val,2
BERT,mBERT,3,9982,test,2
BERT,mBERT,3,9983,test,0
BERT,mBERT,3,9984,val,0
BERT,mBERT,3,9985,test,1
BERT,mBERT,3,9990,val,0
BERT,mBERT,3,9991,test,0
BERT,mBERT,3,9992,val,0
BERT,mBERT,3,9994,val,0
BERT,mBERT,3,9996,val,2
BERT,mBERT,3,9997,test,2
BERT,mBERT,3,9999,val,2
BERT,mBERT,3,10003,val,0
BERT,mBERT,3,10007,val,0
BERT,mBERT,3,10008,val,2
BERT,mBERT,3,10009,test,2
BERT,mBERT,3,10012,test,0
BERT,mBERT,3,10013,val,0
BERT,mBERT,3,10014,val,0
BERT,mBERT,3,10016,test,0
BERT,mBERT,3,10017,test,2
BERT,mBERT,3,10018,test,0
BERT,mBERT,3,10019,val,0
BERT,mBERT,3,10021,val,0
BERT,mBERT,3,10025,test,0
BERT,mBERT,3,10026,val,0
BERT,mBERT,3,10028,test,0
BERT,mBERT,3,10033,test,0
BERT,mBERT,3,10034,test,0
BERT,mBERT,3,10035,test,2
BERT,mBERT,3,10037,test,0
BERT,mBERT,3,10040,val,1
BERT,mBERT,3,10041,test,0
BERT,mBERT,3,10043,test,0
BERT,mBERT,3,10047,test,1
BERT,mBERT,3,10048,test,1
BERT,mBERT,3,10049,test,0
BERT,mBERT,3,10051,test,0
BERT,mBERT,3,10052,test,2
BERT,mBERT,3,10054,test,0
BERT,mBERT,3,10055,test,2
BERT,mBERT,3,10056,val,1
BERT,mBERT,3,10057,test,0
BERT,mBERT,3,10059,val,0
BERT,mBERT,3,10062,val,1
BERT,mBERT,3,10065,val,0
BERT,mBERT,3,10067,test,1
BERT,mBERT,3,10069,test,0
BERT,mBERT,3,10070,val,2
BERT,mBERT,3,10071,val,0
BERT,mBERT,3,10073,val,0
BERT,mBERT,3,10078,val,2
BERT,mBERT,3,10080,val,1
BERT,mBERT,3,10082,val,0
BERT,mBERT,3,10086,test,0
BERT,mBERT,3,10087,test,0
BERT,mBERT,3,10089,test,2
BERT,mBERT,3,10090,test,2
BERT,mBERT,3,10091,test,0
BERT,mBERT,3,10092,val,0
BERT,mBERT,3,10094,test,2
BERT,mBERT,3,10095,test,0
BERT,mBERT,3,10096,test,0
BERT,mBERT,3,10098,test,1
BERT,mBERT,3,10099,test,2
BERT,mBERT,3,10101,test,0
BERT,mBERT,3,10102,test,0
BERT,mBERT,3,10105,val,1
BERT,mBERT,3,10106,val,0
BERT,mBERT,3,10107,test,1
BERT,mBERT,3,10108,test,0
BERT,mBERT,3,10109,val,1
BERT,mBERT,3,10111,test,1
BERT,mBERT,3,10113,test,0
BERT,mBERT,3,10114,val,2
BERT,mBERT,3,10121,val,2
BERT,mBERT,3,10125,test,2
BERT,mBERT,3,10127,val,2
BERT,mBERT,3,10128,test,0
BERT,mBERT,3,10129,test,0
BERT,mBERT,3,10131,val,2
BERT,mBERT,3,10132,test,0
BERT,mBERT,3,10135,test,0
BERT,mBERT,3,10136,test,2
BERT,mBERT,3,10137,val,0
BERT,mBERT,3,10140,val,2
BERT,mBERT,3,10144,val,2
BERT,mBERT,3,10146,val,0
BERT,mBERT,3,10147,val,2
BERT,mBERT,3,10149,test,0
BERT,mBERT,3,10150,val,0
BERT,mBERT,3,10153,test,0
BERT,mBERT,3,10154,val,0
BERT,mBERT,3,10156,test,0
BERT,mBERT,3,10157,test,1
BERT,mBERT,3,10158,val,0
BERT,mBERT,3,10160,val,0
BERT,mBERT,3,10161,val,1
BERT,mBERT,3,10163,val,0
BERT,mBERT,3,10168,test,0
BERT,mBERT,3,10172,val,0
BERT,mBERT,3,10173,val,1
BERT,mBERT,3,10174,val,0
BERT,mBERT,3,10177,test,0
BERT,mBERT,3,10178,val,0
BERT,mBERT,3,10180,val,2
BERT,mBERT,3,10184,val,2
BERT,mBERT,3,10187,val,2
BERT,mBERT,3,10191,test,0
BERT,mBERT,3,10193,val,0
BERT,mBERT,3,10194,test,0
BERT,mBERT,3,10195,test,2
BERT,mBERT,3,10196,test,0
BERT,mBERT,3,10198,val,0
BERT,mBERT,3,10201,test,2
BERT,mBERT,3,10202,val,2
BERT,mBERT,3,10203,val,0
BERT,mBERT,3,10205,val,0
BERT,mBERT,3,10207,test,1
BERT,mBERT,3,10208,test,0
BERT,mBERT,3,10209,test,0
BERT,mBERT,3,10213,val,1
BERT,mBERT,3,10214,test,0
BERT,mBERT,3,10217,val,0
BERT,mBERT,3,10218,test,2
BERT,mBERT,3,10219,val,0
BERT,mBERT,3,10221,test,0
BERT,mBERT,3,10222,test,2
BERT,mBERT,3,10225,test,2
BERT,mBERT,3,10229,test,0
BERT,mBERT,3,10231,test,0
BERT,mBERT,3,10232,test,0
BERT,mBERT,3,10239,val,0
BERT,mBERT,3,10240,test,2
BERT,mBERT,3,10241,val,0
BERT,mBERT,3,10242,val,0
BERT,mBERT,3,10243,val,0
BERT,mBERT,3,10247,test,0
BERT,mBERT,3,10250,test,0
BERT,mBERT,3,10254,test,0
BERT,mBERT,3,10256,val,2
BERT,mBERT,3,10257,test,2
BERT,mBERT,3,10258,test,0
BERT,mBERT,3,10261,test,2
BERT,mBERT,3,10265,val,2
BERT,mBERT,3,10266,test,2
BERT,mBERT,3,10267,val,0
BERT,mBERT,3,10269,test,1
BERT,mBERT,3,10271,test,0
BERT,mBERT,3,10272,val,0
BERT,mBERT,3,10274,test,1
BERT,mBERT,3,10277,test,0
BERT,mBERT,3,10281,test,0
BERT,mBERT,3,10282,test,0
BERT,mBERT,3,10283,test,2
BERT,mBERT,3,10284,val,0
BERT,mBERT,3,10285,test,0
BERT,mBERT,3,10286,test,2
BERT,mBERT,3,10287,test,2
BERT,mBERT,3,10288,test,1
BERT,mBERT,3,10290,test,0
BERT,mBERT,3,10292,test,2
BERT,mBERT,3,10293,test,0
BERT,mBERT,3,10294,val,0
BERT,mBERT,3,10295,val,0
BERT,mBERT,3,10296,test,0
BERT,mBERT,3,10297,val,0
BERT,mBERT,3,10299,test,0
BERT,mBERT,3,10302,test,0
BERT,mBERT,3,10303,val,0
BERT,mBERT,3,10305,val,0
BERT,mBERT,3,10310,val,2
BERT,mBERT,3,10311,val,0
BERT,mBERT,3,10312,val,0
BERT,mBERT,3,10313,test,0
BERT,mBERT,3,10316,val,0
BERT,mBERT,3,10317,val,0
BERT,mBERT,3,10318,val,0
BERT,mBERT,3,10321,val,2
BERT,mBERT,3,10322,test,2
BERT,mBERT,3,10323,test,2
BERT,mBERT,3,10325,test,0
BERT,mBERT,3,10326,test,0
BERT,mBERT,3,10329,val,2
BERT,mBERT,3,10331,val,0
BERT,mBERT,3,10332,val,0
BERT,mBERT,3,10342,val,0
BERT,mBERT,3,10343,test,0
BERT,mBERT,3,10345,test,0
BERT,mBERT,3,10346,test,0
BERT,mBERT,3,10348,test,1
BERT,mBERT,3,10350,val,2
BERT,mBERT,3,10351,val,0
BERT,mBERT,3,10354,test,0
BERT,mBERT,3,10356,test,0
BERT,mBERT,3,10358,test,1
BERT,mBERT,3,10359,test,0
BERT,mBERT,3,10367,val,1
BERT,mBERT,3,10369,test,2
BERT,mBERT,3,10370,test,0
BERT,mBERT,3,10372,val,0
BERT,mBERT,3,10375,val,0
BERT,mBERT,3,10376,test,0
BERT,mBERT,3,10379,test,0
BERT,mBERT,3,10381,test,0
BERT,mBERT,3,10382,test,0
BERT,mBERT,3,10384,val,0
BERT,mBERT,3,10385,val,0
BERT,mBERT,3,10386,test,0
BERT,mBERT,3,10389,val,0
BERT,mBERT,3,10390,val,0
BERT,mBERT,3,10391,test,2
BERT,mBERT,3,10392,val,0
BERT,mBERT,3,10402,val,0
BERT,mBERT,3,10403,val,1
BERT,mBERT,3,10405,val,0
BERT,mBERT,3,10407,test,0
BERT,mBERT,3,10408,test,1
BERT,mBERT,3,10411,val,0
BERT,mBERT,3,10414,val,1
BERT,mBERT,3,10415,val,1
BERT,mBERT,3,10416,val,1
BERT,mBERT,3,10417,test,2
BERT,mBERT,3,10419,val,0
BERT,mBERT,3,10420,test,0
BERT,mBERT,3,10421,test,2
BERT,mBERT,3,10426,test,1
BERT,mBERT,3,10427,test,0
BERT,mBERT,3,10434,val,0
BERT,mBERT,3,10436,test,1
BERT,mBERT,3,10439,test,0
BERT,mBERT,3,10440,val,0
BERT,mBERT,3,10441,test,2
BERT,mBERT,3,10443,test,1
BERT,mBERT,3,10444,test,0
BERT,mBERT,3,10446,val,2
BERT,mBERT,3,10448,test,0
BERT,mBERT,3,10449,test,0
BERT,mBERT,3,10450,test,0
BERT,mBERT,3,10452,val,0
BERT,mBERT,3,10453,test,0
BERT,mBERT,3,10455,test,0
BERT,mBERT,3,10457,test,0
BERT,mBERT,3,10458,test,0
BERT,mBERT,3,10459,test,0
BERT,mBERT,3,10460,val,0
BERT,mBERT,3,10461,test,2
BERT,mBERT,3,10463,val,0
BERT,mBERT,3,10464,test,0
BERT,mBERT,3,10465,test,0
BERT,mBERT,3,10469,test,0
BERT,mBERT,3,10471,test,0
BERT,mBERT,3,10472,val,2
BERT,mBERT,3,10475,test,0
BERT,mBERT,3,10478,val,0
BERT,mBERT,3,10479,val,2
BERT,mBERT,3,10481,test,0
BERT,mBERT,3,10487,test,0
BERT,mBERT,3,10488,test,0
BERT,mBERT,3,10490,test,0
BERT,mBERT,3,10492,val,0
BERT,mBERT,3,10493,test,0
BERT,mBERT,3,10499,test,0
BERT,mBERT,3,10501,val,0
BERT,mBERT,3,10505,val,0
BERT,mBERT,3,10508,test,2
BERT,mBERT,3,10511,val,0
BERT,mBERT,3,10513,test,2
BERT,mBERT,3,10514,test,2
BERT,mBERT,3,10517,test,0
BERT,mBERT,3,10519,test,0
BERT,mBERT,3,10520,test,0
BERT,mBERT,3,10522,test,0
BERT,mBERT,3,10524,test,0
BERT,mBERT,3,10525,val,0
BERT,mBERT,3,10530,test,0
BERT,mBERT,3,10532,test,0
BERT,mBERT,3,10534,val,0
BERT,mBERT,3,10539,test,1
BERT,mBERT,3,10540,val,0
BERT,mBERT,3,10542,val,0
BERT,mBERT,3,10543,test,0
BERT,mBERT,3,10546,test,0
BERT,mBERT,3,10547,val,0
BERT,mBERT,3,10551,test,2
BERT,mBERT,3,10552,test,0
BERT,mBERT,3,10553,val,2
BERT,mBERT,3,10554,test,2
BERT,mBERT,3,10555,test,0
BERT,mBERT,3,10556,val,1
BERT,mBERT,3,10557,val,0
BERT,mBERT,3,10559,test,1
BERT,mBERT,3,10563,val,2
BERT,mBERT,3,10565,test,0
BERT,mBERT,3,10566,val,2
BERT,mBERT,3,10569,val,0
BERT,mBERT,3,10571,val,0
BERT,mBERT,3,10572,val,0
BERT,mBERT,3,10574,val,2
BERT,mBERT,3,10576,val,0
BERT,mBERT,3,10580,val,0
BERT,mBERT,3,10582,val,0
BERT,mBERT,3,10583,val,2
BERT,mBERT,3,10592,test,0
BERT,mBERT,3,10595,val,0
BERT,mBERT,3,10596,val,0
BERT,mBERT,3,10597,val,0
BERT,mBERT,3,10599,val,0
BERT,mBERT,3,10601,val,2
BERT,mBERT,3,10603,test,0
BERT,mBERT,3,10605,test,0
BERT,mBERT,3,10606,val,0
BERT,mBERT,3,10607,test,2
BERT,mBERT,3,10609,test,0
BERT,mBERT,3,10610,val,0
BERT,mBERT,3,10612,test,2
BERT,mBERT,3,10613,test,0
BERT,mBERT,3,10614,test,0
BERT,mBERT,3,10615,test,0
BERT,mBERT,3,10617,val,0
BERT,mBERT,3,10618,test,0
BERT,mBERT,3,10621,val,1
BERT,mBERT,3,10628,test,0
BERT,mBERT,3,10629,val,1
BERT,mBERT,3,10631,test,2
BERT,mBERT,3,10633,test,2
BERT,mBERT,3,10634,val,2
BERT,mBERT,3,10640,test,2
BERT,mBERT,3,10642,test,0
BERT,mBERT,3,10643,val,0
BERT,mBERT,3,10644,test,2
BERT,mBERT,3,10645,val,2
BERT,mBERT,3,10648,val,1
BERT,mBERT,3,10651,test,0
BERT,mBERT,3,10652,val,0
BERT,mBERT,3,10653,test,2
BERT,mBERT,3,10654,val,0
BERT,mBERT,3,10655,test,1
BERT,mBERT,3,10658,val,1
BERT,mBERT,3,10659,val,1
BERT,mBERT,3,10660,val,1
BERT,mBERT,3,10661,val,0
BERT,mBERT,3,10662,test,0
BERT,mBERT,3,10663,test,0
BERT,mBERT,3,10666,val,1
BERT,mBERT,3,10668,test,0
BERT,mBERT,3,10671,val,1
BERT,mBERT,3,10672,test,0
BERT,mBERT,3,10673,val,0
BERT,mBERT,3,10674,test,0
BERT,mBERT,3,10675,val,0
BERT,mBERT,3,10678,test,2
BERT,mBERT,3,10679,test,2
BERT,mBERT,3,10682,test,1
BERT,mBERT,3,10683,test,1
BERT,mBERT,3,10684,test,1
BERT,mBERT,3,10685,test,0
BERT,mBERT,3,10686,test,1
BERT,mBERT,3,10689,test,1
BERT,mBERT,3,10692,val,1
BERT,mBERT,3,10693,val,0
BERT,mBERT,3,10696,val,2
BERT,mBERT,3,10697,test,2
BERT,mBERT,3,10698,test,0
BERT,mBERT,3,10699,test,2
BERT,mBERT,3,10700,val,0
BERT,mBERT,3,10702,val,0
BERT,mBERT,3,10703,test,0
BERT,mBERT,3,10704,val,2
BERT,mBERT,3,10705,test,2
BERT,mBERT,3,10706,val,0
BERT,mBERT,3,10707,test,1
BERT,mBERT,3,10708,test,2
BERT,mBERT,3,10711,val,0
BERT,mBERT,3,10713,test,0
BERT,mBERT,3,10714,val,2
BERT,mBERT,3,10715,test,0
BERT,mBERT,3,10717,val,2
BERT,mBERT,3,10721,val,0
BERT,mBERT,3,10722,val,2
BERT,mBERT,3,10723,val,0
BERT,mBERT,3,10724,val,0
BERT,mBERT,3,10727,test,0
BERT,mBERT,3,10728,val,0
BERT,mBERT,3,10730,val,1
BERT,mBERT,3,10731,val,0
BERT,mBERT,3,10732,test,0
BERT,mBERT,3,10733,val,1
BERT,mBERT,3,10734,val,0
BERT,mBERT,3,10735,val,2
BERT,mBERT,3,10736,test,0
BERT,mBERT,3,10737,val,0
BERT,mBERT,3,10740,test,0
BERT,mBERT,4,1,test,0
BERT,mBERT,4,2,test,2
BERT,mBERT,4,6,val,0
BERT,mBERT,4,7,test,0
BERT,mBERT,4,12,val,1
BERT,mBERT,4,14,test,2
BERT,mBERT,4,15,test,2
BERT,mBERT,4,19,test,2
BERT,mBERT,4,23,val,0
BERT,mBERT,4,26,test,1
BERT,mBERT,4,30,test,1
BERT,mBERT,4,32,test,0
BERT,mBERT,4,34,test,2
BERT,mBERT,4,37,val,0
BERT,mBERT,4,39,val,1
BERT,mBERT,4,40,val,0
BERT,mBERT,4,42,test,0
BERT,mBERT,4,43,test,0
BERT,mBERT,4,44,val,0
BERT,mBERT,4,45,val,0
BERT,mBERT,4,47,test,0
BERT,mBERT,4,48,test,2
BERT,mBERT,4,49,test,0
BERT,mBERT,4,50,val,0
BERT,mBERT,4,51,test,0
BERT,mBERT,4,52,test,0
BERT,mBERT,4,54,test,2
BERT,mBERT,4,55,val,0
BERT,mBERT,4,56,test,0
BERT,mBERT,4,58,test,0
BERT,mBERT,4,59,test,1
BERT,mBERT,4,61,test,2
BERT,mBERT,4,62,val,0
BERT,mBERT,4,63,test,2
BERT,mBERT,4,64,test,0
BERT,mBERT,4,66,test,0
BERT,mBERT,4,67,test,0
BERT,mBERT,4,69,val,1
BERT,mBERT,4,70,test,2
BERT,mBERT,4,71,test,0
BERT,mBERT,4,72,test,0
BERT,mBERT,4,73,val,0
BERT,mBERT,4,76,val,0
BERT,mBERT,4,77,test,2
BERT,mBERT,4,78,val,0
BERT,mBERT,4,79,test,0
BERT,mBERT,4,81,val,0
BERT,mBERT,4,82,val,0
BERT,mBERT,4,87,val,0
BERT,mBERT,4,88,val,1
BERT,mBERT,4,91,val,0
BERT,mBERT,4,92,test,2
BERT,mBERT,4,95,test,0
BERT,mBERT,4,96,test,2
BERT,mBERT,4,98,test,0
BERT,mBERT,4,99,test,0
BERT,mBERT,4,100,test,0
BERT,mBERT,4,101,test,0
BERT,mBERT,4,104,test,0
BERT,mBERT,4,106,val,0
BERT,mBERT,4,111,val,0
BERT,mBERT,4,114,val,0
BERT,mBERT,4,115,val,2
BERT,mBERT,4,116,test,0
BERT,mBERT,4,118,val,0
BERT,mBERT,4,122,val,0
BERT,mBERT,4,123,val,1
BERT,mBERT,4,126,test,0
BERT,mBERT,4,127,val,1
BERT,mBERT,4,129,val,0
BERT,mBERT,4,133,test,0
BERT,mBERT,4,135,test,2
BERT,mBERT,4,138,val,1
BERT,mBERT,4,140,test,0
BERT,mBERT,4,141,test,1
BERT,mBERT,4,148,test,1
BERT,mBERT,4,150,test,0
BERT,mBERT,4,153,test,1
BERT,mBERT,4,155,test,1
BERT,mBERT,4,156,test,1
BERT,mBERT,4,162,test,1
BERT,mBERT,4,163,val,2
BERT,mBERT,4,164,test,1
BERT,mBERT,4,166,test,0
BERT,mBERT,4,169,val,1
BERT,mBERT,4,170,val,2
BERT,mBERT,4,171,test,1
BERT,mBERT,4,176,test,1
BERT,mBERT,4,177,val,0
BERT,mBERT,4,181,test,0
BERT,mBERT,4,182,test,0
BERT,mBERT,4,184,val,2
BERT,mBERT,4,185,test,0
BERT,mBERT,4,187,test,0
BERT,mBERT,4,191,test,0
BERT,mBERT,4,194,val,0
BERT,mBERT,4,197,test,0
BERT,mBERT,4,202,test,0
BERT,mBERT,4,205,val,2
BERT,mBERT,4,207,test,0
BERT,mBERT,4,209,test,2
BERT,mBERT,4,212,val,2
BERT,mBERT,4,213,test,0
BERT,mBERT,4,214,test,0
BERT,mBERT,4,216,test,1
BERT,mBERT,4,219,val,2
BERT,mBERT,4,220,test,0
BERT,mBERT,4,221,test,0
BERT,mBERT,4,222,val,0
BERT,mBERT,4,225,val,0
BERT,mBERT,4,227,val,2
BERT,mBERT,4,229,val,0
BERT,mBERT,4,231,test,0
BERT,mBERT,4,232,val,0
BERT,mBERT,4,233,test,0
BERT,mBERT,4,234,test,1
BERT,mBERT,4,235,test,0
BERT,mBERT,4,236,test,0
BERT,mBERT,4,240,val,1
BERT,mBERT,4,241,test,0
BERT,mBERT,4,242,val,0
BERT,mBERT,4,243,val,0
BERT,mBERT,4,244,val,1
BERT,mBERT,4,246,test,0
BERT,mBERT,4,248,test,0
BERT,mBERT,4,250,val,1
BERT,mBERT,4,255,val,0
BERT,mBERT,4,258,val,0
BERT,mBERT,4,260,test,0
BERT,mBERT,4,263,val,0
BERT,mBERT,4,268,test,0
BERT,mBERT,4,269,val,0
BERT,mBERT,4,276,test,0
BERT,mBERT,4,278,val,0
BERT,mBERT,4,280,test,1
BERT,mBERT,4,281,test,0
BERT,mBERT,4,282,val,1
BERT,mBERT,4,283,val,0
BERT,mBERT,4,286,test,1
BERT,mBERT,4,288,val,0
BERT,mBERT,4,291,val,1
BERT,mBERT,4,292,val,0
BERT,mBERT,4,294,val,1
BERT,mBERT,4,295,val,0
BERT,mBERT,4,296,test,0
BERT,mBERT,4,297,val,0
BERT,mBERT,4,298,test,0
BERT,mBERT,4,299,val,0
BERT,mBERT,4,300,test,0
BERT,mBERT,4,301,val,0
BERT,mBERT,4,302,test,0
BERT,mBERT,4,303,val,0
BERT,mBERT,4,304,test,1
BERT,mBERT,4,306,test,0
BERT,mBERT,4,307,val,0
BERT,mBERT,4,308,test,0
BERT,mBERT,4,310,val,1
BERT,mBERT,4,313,test,1
BERT,mBERT,4,316,test,0
BERT,mBERT,4,320,val,2
BERT,mBERT,4,322,val,1
BERT,mBERT,4,324,val,0
BERT,mBERT,4,327,test,0
BERT,mBERT,4,331,val,0
BERT,mBERT,4,333,test,0
BERT,mBERT,4,335,test,2
BERT,mBERT,4,337,test,0
BERT,mBERT,4,338,val,0
BERT,mBERT,4,339,val,0
BERT,mBERT,4,340,val,1
BERT,mBERT,4,341,val,0
BERT,mBERT,4,342,test,0
BERT,mBERT,4,343,val,0
BERT,mBERT,4,345,val,0
BERT,mBERT,4,347,test,1
BERT,mBERT,4,352,val,0
BERT,mBERT,4,353,test,0
BERT,mBERT,4,355,val,0
BERT,mBERT,4,356,test,0
BERT,mBERT,4,358,test,1
BERT,mBERT,4,360,val,0
BERT,mBERT,4,361,val,1
BERT,mBERT,4,364,val,0
BERT,mBERT,4,370,test,1
BERT,mBERT,4,371,val,0
BERT,mBERT,4,377,val,0
BERT,mBERT,4,378,test,0
BERT,mBERT,4,382,val,2
BERT,mBERT,4,384,test,0
BERT,mBERT,4,387,val,1
BERT,mBERT,4,390,val,0
BERT,mBERT,4,391,test,0
BERT,mBERT,4,396,test,0
BERT,mBERT,4,399,val,0
BERT,mBERT,4,402,val,0
BERT,mBERT,4,404,test,0
BERT,mBERT,4,405,val,1
BERT,mBERT,4,407,test,0
BERT,mBERT,4,408,test,2
BERT,mBERT,4,409,val,0
BERT,mBERT,4,411,val,2
BERT,mBERT,4,414,test,1
BERT,mBERT,4,418,val,1
BERT,mBERT,4,419,test,2
BERT,mBERT,4,422,test,1
BERT,mBERT,4,426,test,0
BERT,mBERT,4,427,val,0
BERT,mBERT,4,428,test,0
BERT,mBERT,4,429,val,2
BERT,mBERT,4,430,val,0
BERT,mBERT,4,431,test,2
BERT,mBERT,4,432,test,0
BERT,mBERT,4,434,val,2
BERT,mBERT,4,435,test,0
BERT,mBERT,4,439,test,0
BERT,mBERT,4,442,val,0
BERT,mBERT,4,445,val,2
BERT,mBERT,4,448,val,0
BERT,mBERT,4,449,val,1
BERT,mBERT,4,450,test,0
BERT,mBERT,4,451,test,0
BERT,mBERT,4,453,test,0
BERT,mBERT,4,454,val,0
BERT,mBERT,4,456,val,0
BERT,mBERT,4,457,val,1
BERT,mBERT,4,458,val,0
BERT,mBERT,4,459,test,1
BERT,mBERT,4,460,val,0
BERT,mBERT,4,462,val,1
BERT,mBERT,4,463,val,1
BERT,mBERT,4,465,test,0
BERT,mBERT,4,467,test,1
BERT,mBERT,4,470,test,0
BERT,mBERT,4,471,test,1
BERT,mBERT,4,473,test,1
BERT,mBERT,4,476,val,0
BERT,mBERT,4,477,test,0
BERT,mBERT,4,479,test,1
BERT,mBERT,4,480,test,1
BERT,mBERT,4,482,val,0
BERT,mBERT,4,488,val,0
BERT,mBERT,4,489,val,1
BERT,mBERT,4,491,test,0
BERT,mBERT,4,493,val,1
BERT,mBERT,4,494,test,1
BERT,mBERT,4,497,val,0
BERT,mBERT,4,498,test,1
BERT,mBERT,4,499,test,0
BERT,mBERT,4,500,val,0
BERT,mBERT,4,504,test,0
BERT,mBERT,4,506,test,1
BERT,mBERT,4,507,test,0
BERT,mBERT,4,509,test,1
BERT,mBERT,4,510,test,1
BERT,mBERT,4,511,val,1
BERT,mBERT,4,512,test,2
BERT,mBERT,4,515,test,1
BERT,mBERT,4,517,test,1
BERT,mBERT,4,520,test,1
BERT,mBERT,4,521,test,0
BERT,mBERT,4,522,val,1
BERT,mBERT,4,523,test,1
BERT,mBERT,4,527,test,1
BERT,mBERT,4,529,val,0
BERT,mBERT,4,531,val,0
BERT,mBERT,4,532,test,0
BERT,mBERT,4,534,val,1
BERT,mBERT,4,536,val,1
BERT,mBERT,4,537,test,1
BERT,mBERT,4,538,test,1
BERT,mBERT,4,540,test,1
BERT,mBERT,4,542,val,0
BERT,mBERT,4,544,val,1
BERT,mBERT,4,546,test,1
BERT,mBERT,4,550,val,0
BERT,mBERT,4,551,test,1
BERT,mBERT,4,554,val,1
BERT,mBERT,4,557,test,1
BERT,mBERT,4,558,val,0
BERT,mBERT,4,560,test,0
BERT,mBERT,4,564,test,0
BERT,mBERT,4,565,test,1
BERT,mBERT,4,566,test,0
BERT,mBERT,4,567,test,1
BERT,mBERT,4,568,test,0
BERT,mBERT,4,570,val,1
BERT,mBERT,4,574,test,0
BERT,mBERT,4,575,val,1
BERT,mBERT,4,576,test,1
BERT,mBERT,4,578,test,1
BERT,mBERT,4,579,test,1
BERT,mBERT,4,580,test,1
BERT,mBERT,4,581,val,1
BERT,mBERT,4,582,val,1
BERT,mBERT,4,583,test,0
BERT,mBERT,4,584,test,1
BERT,mBERT,4,585,val,0
BERT,mBERT,4,586,test,0
BERT,mBERT,4,587,val,0
BERT,mBERT,4,590,test,1
BERT,mBERT,4,591,val,1
BERT,mBERT,4,592,val,0
BERT,mBERT,4,596,test,1
BERT,mBERT,4,597,test,0
BERT,mBERT,4,598,test,0
BERT,mBERT,4,599,test,1
BERT,mBERT,4,600,test,1
BERT,mBERT,4,606,test,1
BERT,mBERT,4,607,test,1
BERT,mBERT,4,609,test,0
BERT,mBERT,4,610,test,0
BERT,mBERT,4,611,val,1
BERT,mBERT,4,612,val,0
BERT,mBERT,4,613,val,0
BERT,mBERT,4,614,val,1
BERT,mBERT,4,615,val,1
BERT,mBERT,4,616,test,1
BERT,mBERT,4,618,val,0
BERT,mBERT,4,619,test,1
BERT,mBERT,4,620,test,0
BERT,mBERT,4,622,test,0
BERT,mBERT,4,625,test,2
BERT,mBERT,4,628,val,0
BERT,mBERT,4,631,test,1
BERT,mBERT,4,634,test,0
BERT,mBERT,4,635,test,2
BERT,mBERT,4,637,test,1
BERT,mBERT,4,638,test,0
BERT,mBERT,4,640,val,0
BERT,mBERT,4,642,test,0
BERT,mBERT,4,646,test,2
BERT,mBERT,4,650,val,0
BERT,mBERT,4,651,test,0
BERT,mBERT,4,652,test,0
BERT,mBERT,4,655,val,0
BERT,mBERT,4,656,val,2
BERT,mBERT,4,658,val,0
BERT,mBERT,4,659,val,1
BERT,mBERT,4,660,test,0
BERT,mBERT,4,663,test,0
BERT,mBERT,4,664,test,0
BERT,mBERT,4,668,test,0
BERT,mBERT,4,669,test,0
BERT,mBERT,4,671,test,1
BERT,mBERT,4,672,val,0
BERT,mBERT,4,675,val,0
BERT,mBERT,4,677,test,0
BERT,mBERT,4,680,val,0
BERT,mBERT,4,682,test,0
BERT,mBERT,4,683,val,2
BERT,mBERT,4,684,test,2
BERT,mBERT,4,685,val,1
BERT,mBERT,4,687,val,0
BERT,mBERT,4,688,test,0
BERT,mBERT,4,689,val,2
BERT,mBERT,4,690,val,2
BERT,mBERT,4,692,val,2
BERT,mBERT,4,693,val,0
BERT,mBERT,4,695,test,0
BERT,mBERT,4,697,test,0
BERT,mBERT,4,699,test,0
BERT,mBERT,4,701,val,1
BERT,mBERT,4,702,test,1
BERT,mBERT,4,704,test,0
BERT,mBERT,4,705,val,0
BERT,mBERT,4,713,test,2
BERT,mBERT,4,714,val,0
BERT,mBERT,4,715,test,2
BERT,mBERT,4,716,test,1
BERT,mBERT,4,717,test,0
BERT,mBERT,4,718,test,2
BERT,mBERT,4,720,val,0
BERT,mBERT,4,723,val,0
BERT,mBERT,4,727,val,0
BERT,mBERT,4,731,test,2
BERT,mBERT,4,733,val,0
BERT,mBERT,4,737,val,0
BERT,mBERT,4,740,test,1
BERT,mBERT,4,742,test,0
BERT,mBERT,4,743,test,0
BERT,mBERT,4,745,val,2
BERT,mBERT,4,749,val,0
BERT,mBERT,4,751,test,0
BERT,mBERT,4,755,val,0
BERT,mBERT,4,756,val,1
BERT,mBERT,4,757,test,0
BERT,mBERT,4,758,val,1
BERT,mBERT,4,761,test,0
BERT,mBERT,4,762,test,0
BERT,mBERT,4,763,val,0
BERT,mBERT,4,764,val,2
BERT,mBERT,4,766,test,0
BERT,mBERT,4,767,test,1
BERT,mBERT,4,768,test,1
BERT,mBERT,4,769,test,0
BERT,mBERT,4,771,test,0
BERT,mBERT,4,772,val,0
BERT,mBERT,4,773,test,1
BERT,mBERT,4,780,val,1
BERT,mBERT,4,781,test,0
BERT,mBERT,4,783,val,0
BERT,mBERT,4,786,test,1
BERT,mBERT,4,791,val,2
BERT,mBERT,4,792,test,0
BERT,mBERT,4,794,val,0
BERT,mBERT,4,797,val,2
BERT,mBERT,4,798,test,0
BERT,mBERT,4,799,test,0
BERT,mBERT,4,800,test,0
BERT,mBERT,4,804,test,2
BERT,mBERT,4,805,test,0
BERT,mBERT,4,806,val,0
BERT,mBERT,4,807,val,2
BERT,mBERT,4,808,test,0
BERT,mBERT,4,811,test,1
BERT,mBERT,4,812,test,0
BERT,mBERT,4,816,test,0
BERT,mBERT,4,817,test,0
BERT,mBERT,4,818,test,1
BERT,mBERT,4,819,val,0
BERT,mBERT,4,820,val,0
BERT,mBERT,4,821,test,0
BERT,mBERT,4,822,test,1
BERT,mBERT,4,825,test,0
BERT,mBERT,4,826,test,0
BERT,mBERT,4,827,test,0
BERT,mBERT,4,828,val,0
BERT,mBERT,4,831,test,0
BERT,mBERT,4,835,test,0
BERT,mBERT,4,836,val,0
BERT,mBERT,4,837,val,0
BERT,mBERT,4,838,val,0
BERT,mBERT,4,839,val,0
BERT,mBERT,4,841,val,2
BERT,mBERT,4,844,test,2
BERT,mBERT,4,845,test,2
BERT,mBERT,4,846,val,0
BERT,mBERT,4,848,val,0
BERT,mBERT,4,849,test,0
BERT,mBERT,4,850,val,0
BERT,mBERT,4,855,test,0
BERT,mBERT,4,859,test,0
BERT,mBERT,4,860,val,0
BERT,mBERT,4,866,test,0
BERT,mBERT,4,867,test,0
BERT,mBERT,4,868,test,2
BERT,mBERT,4,871,test,0
BERT,mBERT,4,872,val,0
BERT,mBERT,4,873,test,0
BERT,mBERT,4,874,test,0
BERT,mBERT,4,876,test,0
BERT,mBERT,4,877,val,0
BERT,mBERT,4,878,test,0
BERT,mBERT,4,881,val,0
BERT,mBERT,4,885,test,1
BERT,mBERT,4,889,test,1
BERT,mBERT,4,890,test,0
BERT,mBERT,4,891,val,2
BERT,mBERT,4,893,val,2
BERT,mBERT,4,894,test,1
BERT,mBERT,4,896,val,0
BERT,mBERT,4,897,test,0
BERT,mBERT,4,898,val,2
BERT,mBERT,4,900,test,2
BERT,mBERT,4,901,test,0
BERT,mBERT,4,903,test,0
BERT,mBERT,4,904,test,0
BERT,mBERT,4,905,val,0
BERT,mBERT,4,906,test,0
BERT,mBERT,4,908,test,0
BERT,mBERT,4,909,test,2
BERT,mBERT,4,911,val,0
BERT,mBERT,4,914,val,0
BERT,mBERT,4,918,test,0
BERT,mBERT,4,919,test,0
BERT,mBERT,4,922,val,1
BERT,mBERT,4,924,test,0
BERT,mBERT,4,927,val,0
BERT,mBERT,4,928,val,0
BERT,mBERT,4,929,test,0
BERT,mBERT,4,933,val,0
BERT,mBERT,4,934,test,0
BERT,mBERT,4,936,val,2
BERT,mBERT,4,938,test,0
BERT,mBERT,4,943,val,2
BERT,mBERT,4,944,val,0
BERT,mBERT,4,947,test,2
BERT,mBERT,4,948,test,0
BERT,mBERT,4,949,val,2
BERT,mBERT,4,950,test,2
BERT,mBERT,4,955,test,2
BERT,mBERT,4,959,val,0
BERT,mBERT,4,960,test,0
BERT,mBERT,4,961,test,2
BERT,mBERT,4,965,val,2
BERT,mBERT,4,966,val,0
BERT,mBERT,4,967,val,2
BERT,mBERT,4,970,val,1
BERT,mBERT,4,972,val,2
BERT,mBERT,4,973,test,0
BERT,mBERT,4,976,test,0
BERT,mBERT,4,980,test,0
BERT,mBERT,4,981,test,2
BERT,mBERT,4,982,val,0
BERT,mBERT,4,990,val,2
BERT,mBERT,4,994,test,0
BERT,mBERT,4,997,test,2
BERT,mBERT,4,998,test,2
BERT,mBERT,4,1000,val,0
BERT,mBERT,4,1002,val,2
BERT,mBERT,4,1005,test,2
BERT,mBERT,4,1006,val,2
BERT,mBERT,4,1008,test,0
BERT,mBERT,4,1009,test,2
BERT,mBERT,4,1010,val,2
BERT,mBERT,4,1012,val,2
BERT,mBERT,4,1014,val,0
BERT,mBERT,4,1016,test,2
BERT,mBERT,4,1020,val,0
BERT,mBERT,4,1021,val,2
BERT,mBERT,4,1022,val,2
BERT,mBERT,4,1025,test,0
BERT,mBERT,4,1026,val,0
BERT,mBERT,4,1028,test,2
BERT,mBERT,4,1029,val,0
BERT,mBERT,4,1030,test,1
BERT,mBERT,4,1037,val,2
BERT,mBERT,4,1041,val,0
BERT,mBERT,4,1042,val,0
BERT,mBERT,4,1043,test,0
BERT,mBERT,4,1044,val,0
BERT,mBERT,4,1046,test,2
BERT,mBERT,4,1048,test,0
BERT,mBERT,4,1049,val,1
BERT,mBERT,4,1052,val,2
BERT,mBERT,4,1054,val,1
BERT,mBERT,4,1055,test,0
BERT,mBERT,4,1056,val,2
BERT,mBERT,4,1057,val,2
BERT,mBERT,4,1061,test,1
BERT,mBERT,4,1062,test,2
BERT,mBERT,4,1065,val,2
BERT,mBERT,4,1069,val,1
BERT,mBERT,4,1070,val,0
BERT,mBERT,4,1072,test,1
BERT,mBERT,4,1073,val,0
BERT,mBERT,4,1075,val,2
BERT,mBERT,4,1082,val,0
BERT,mBERT,4,1085,test,1
BERT,mBERT,4,1090,test,1
BERT,mBERT,4,1092,val,2
BERT,mBERT,4,1098,test,0
BERT,mBERT,4,1102,test,0
BERT,mBERT,4,1103,val,2
BERT,mBERT,4,1104,test,0
BERT,mBERT,4,1105,val,0
BERT,mBERT,4,1106,val,0
BERT,mBERT,4,1108,test,2
BERT,mBERT,4,1110,test,2
BERT,mBERT,4,1111,val,0
BERT,mBERT,4,1112,val,2
BERT,mBERT,4,1116,val,0
BERT,mBERT,4,1117,val,0
BERT,mBERT,4,1120,test,0
BERT,mBERT,4,1122,val,2
BERT,mBERT,4,1123,val,0
BERT,mBERT,4,1126,test,2
BERT,mBERT,4,1127,val,0
BERT,mBERT,4,1128,val,0
BERT,mBERT,4,1130,test,2
BERT,mBERT,4,1132,val,2
BERT,mBERT,4,1134,val,0
BERT,mBERT,4,1136,test,2
BERT,mBERT,4,1137,test,2
BERT,mBERT,4,1138,test,0
BERT,mBERT,4,1139,test,0
BERT,mBERT,4,1141,val,0
BERT,mBERT,4,1142,val,1
BERT,mBERT,4,1147,test,0
BERT,mBERT,4,1151,val,0
BERT,mBERT,4,1152,val,0
BERT,mBERT,4,1153,test,2
BERT,mBERT,4,1157,test,0
BERT,mBERT,4,1158,test,0
BERT,mBERT,4,1159,test,0
BERT,mBERT,4,1163,test,0
BERT,mBERT,4,1164,val,1
BERT,mBERT,4,1167,test,0
BERT,mBERT,4,1170,test,2
BERT,mBERT,4,1171,test,1
BERT,mBERT,4,1173,val,0
BERT,mBERT,4,1174,val,0
BERT,mBERT,4,1175,test,0
BERT,mBERT,4,1177,test,0
BERT,mBERT,4,1179,val,1
BERT,mBERT,4,1180,val,0
BERT,mBERT,4,1181,test,0
BERT,mBERT,4,1183,test,1
BERT,mBERT,4,1184,val,0
BERT,mBERT,4,1186,test,0
BERT,mBERT,4,1188,test,1
BERT,mBERT,4,1190,test,0
BERT,mBERT,4,1193,test,1
BERT,mBERT,4,1194,test,0
BERT,mBERT,4,1195,test,0
BERT,mBERT,4,1197,val,0
BERT,mBERT,4,1199,test,0
BERT,mBERT,4,1200,test,0
BERT,mBERT,4,1203,test,1
BERT,mBERT,4,1205,test,2
BERT,mBERT,4,1208,test,1
BERT,mBERT,4,1209,test,1
BERT,mBERT,4,1211,test,2
BERT,mBERT,4,1212,val,0
BERT,mBERT,4,1213,test,0
BERT,mBERT,4,1214,test,2
BERT,mBERT,4,1215,test,2
BERT,mBERT,4,1220,test,1
BERT,mBERT,4,1222,val,0
BERT,mBERT,4,1223,val,1
BERT,mBERT,4,1225,test,0
BERT,mBERT,4,1226,test,1
BERT,mBERT,4,1227,test,0
BERT,mBERT,4,1231,val,0
BERT,mBERT,4,1232,test,0
BERT,mBERT,4,1233,val,2
BERT,mBERT,4,1235,test,0
BERT,mBERT,4,1236,test,0
BERT,mBERT,4,1238,val,0
BERT,mBERT,4,1239,val,2
BERT,mBERT,4,1240,val,0
BERT,mBERT,4,1242,test,2
BERT,mBERT,4,1243,test,0
BERT,mBERT,4,1247,val,0
BERT,mBERT,4,1248,test,0
BERT,mBERT,4,1249,test,0
BERT,mBERT,4,1250,val,0
BERT,mBERT,4,1252,test,0
BERT,mBERT,4,1254,val,0
BERT,mBERT,4,1255,test,0
BERT,mBERT,4,1256,test,0
BERT,mBERT,4,1259,val,0
BERT,mBERT,4,1260,val,0
BERT,mBERT,4,1263,test,1
BERT,mBERT,4,1264,val,0
BERT,mBERT,4,1265,test,0
BERT,mBERT,4,1266,val,2
BERT,mBERT,4,1268,val,0
BERT,mBERT,4,1272,val,0
BERT,mBERT,4,1273,test,0
BERT,mBERT,4,1275,test,0
BERT,mBERT,4,1276,test,0
BERT,mBERT,4,1278,test,1
BERT,mBERT,4,1279,test,0
BERT,mBERT,4,1283,test,0
BERT,mBERT,4,1285,test,1
BERT,mBERT,4,1286,test,0
BERT,mBERT,4,1288,test,0
BERT,mBERT,4,1289,val,0
BERT,mBERT,4,1294,test,0
BERT,mBERT,4,1295,val,2
BERT,mBERT,4,1296,test,2
BERT,mBERT,4,1297,test,0
BERT,mBERT,4,1298,test,0
BERT,mBERT,4,1299,test,2
BERT,mBERT,4,1300,test,1
BERT,mBERT,4,1301,val,2
BERT,mBERT,4,1302,test,0
BERT,mBERT,4,1303,test,0
BERT,mBERT,4,1304,val,0
BERT,mBERT,4,1305,test,0
BERT,mBERT,4,1307,test,1
BERT,mBERT,4,1309,val,0
BERT,mBERT,4,1312,test,0
BERT,mBERT,4,1313,test,0
BERT,mBERT,4,1314,test,0
BERT,mBERT,4,1318,test,1
BERT,mBERT,4,1323,test,1
BERT,mBERT,4,1324,test,0
BERT,mBERT,4,1325,val,1
BERT,mBERT,4,1326,test,0
BERT,mBERT,4,1330,test,1
BERT,mBERT,4,1332,val,0
BERT,mBERT,4,1333,val,2
BERT,mBERT,4,1334,val,0
BERT,mBERT,4,1337,test,0
BERT,mBERT,4,1338,test,2
BERT,mBERT,4,1339,test,0
BERT,mBERT,4,1340,test,2
BERT,mBERT,4,1341,val,0
BERT,mBERT,4,1342,test,0
BERT,mBERT,4,1343,val,0
BERT,mBERT,4,1345,test,0
BERT,mBERT,4,1347,test,2
BERT,mBERT,4,1348,test,0
BERT,mBERT,4,1351,val,2
BERT,mBERT,4,1354,test,1
BERT,mBERT,4,1357,test,2
BERT,mBERT,4,1358,val,0
BERT,mBERT,4,1360,val,0
BERT,mBERT,4,1361,val,0
BERT,mBERT,4,1362,val,1
BERT,mBERT,4,1363,test,0
BERT,mBERT,4,1364,test,1
BERT,mBERT,4,1366,test,1
BERT,mBERT,4,1368,val,0
BERT,mBERT,4,1371,test,0
BERT,mBERT,4,1372,val,0
BERT,mBERT,4,1374,test,2
BERT,mBERT,4,1376,test,0
BERT,mBERT,4,1378,val,0
BERT,mBERT,4,1382,test,0
BERT,mBERT,4,1384,val,2
BERT,mBERT,4,1385,test,0
BERT,mBERT,4,1386,val,1
BERT,mBERT,4,1388,test,2
BERT,mBERT,4,1391,val,0
BERT,mBERT,4,1395,test,1
BERT,mBERT,4,1399,test,0
BERT,mBERT,4,1401,test,2
BERT,mBERT,4,1402,test,1
BERT,mBERT,4,1404,test,0
BERT,mBERT,4,1405,test,2
BERT,mBERT,4,1406,val,1
BERT,mBERT,4,1407,val,0
BERT,mBERT,4,1411,val,0
BERT,mBERT,4,1414,test,2
BERT,mBERT,4,1415,test,0
BERT,mBERT,4,1417,test,2
BERT,mBERT,4,1421,test,2
BERT,mBERT,4,1422,val,0
BERT,mBERT,4,1424,test,0
BERT,mBERT,4,1425,test,0
BERT,mBERT,4,1426,test,0
BERT,mBERT,4,1427,test,0
BERT,mBERT,4,1428,test,0
BERT,mBERT,4,1429,test,0
BERT,mBERT,4,1430,test,0
BERT,mBERT,4,1431,test,0
BERT,mBERT,4,1432,test,2
BERT,mBERT,4,1441,val,0
BERT,mBERT,4,1444,val,1
BERT,mBERT,4,1446,val,1
BERT,mBERT,4,1450,test,1
BERT,mBERT,4,1452,val,2
BERT,mBERT,4,1453,val,0
BERT,mBERT,4,1455,test,0
BERT,mBERT,4,1456,val,0
BERT,mBERT,4,1457,test,0
BERT,mBERT,4,1458,test,0
BERT,mBERT,4,1462,test,1
BERT,mBERT,4,1463,val,1
BERT,mBERT,4,1471,val,2
BERT,mBERT,4,1477,test,1
BERT,mBERT,4,1478,test,1
BERT,mBERT,4,1479,val,0
BERT,mBERT,4,1480,test,0
BERT,mBERT,4,1482,val,1
BERT,mBERT,4,1483,val,0
BERT,mBERT,4,1485,test,1
BERT,mBERT,4,1486,test,2
BERT,mBERT,4,1487,test,1
BERT,mBERT,4,1489,test,0
BERT,mBERT,4,1490,test,0
BERT,mBERT,4,1491,val,1
BERT,mBERT,4,1493,test,0
BERT,mBERT,4,1494,test,1
BERT,mBERT,4,1497,test,0
BERT,mBERT,4,1500,test,1
BERT,mBERT,4,1501,val,1
BERT,mBERT,4,1502,test,0
BERT,mBERT,4,1503,test,1
BERT,mBERT,4,1505,val,0
BERT,mBERT,4,1510,test,1
BERT,mBERT,4,1515,test,1
BERT,mBERT,4,1516,test,0
BERT,mBERT,4,1517,test,0
BERT,mBERT,4,1518,test,1
BERT,mBERT,4,1522,val,1
BERT,mBERT,4,1523,test,1
BERT,mBERT,4,1524,test,1
BERT,mBERT,4,1525,test,1
BERT,mBERT,4,1526,test,0
BERT,mBERT,4,1527,val,0
BERT,mBERT,4,1528,val,2
BERT,mBERT,4,1529,test,1
BERT,mBERT,4,1531,val,2
BERT,mBERT,4,1532,test,1
BERT,mBERT,4,1536,test,1
BERT,mBERT,4,1537,test,1
BERT,mBERT,4,1538,test,0
BERT,mBERT,4,1539,test,0
BERT,mBERT,4,1541,test,2
BERT,mBERT,4,1543,val,1
BERT,mBERT,4,1545,test,1
BERT,mBERT,4,1547,test,0
BERT,mBERT,4,1548,val,0
BERT,mBERT,4,1553,val,0
BERT,mBERT,4,1558,test,0
BERT,mBERT,4,1559,val,0
BERT,mBERT,4,1561,val,0
BERT,mBERT,4,1562,test,0
BERT,mBERT,4,1563,test,1
BERT,mBERT,4,1564,val,2
BERT,mBERT,4,1565,test,2
BERT,mBERT,4,1570,test,1
BERT,mBERT,4,1571,test,0
BERT,mBERT,4,1572,test,0
BERT,mBERT,4,1573,test,0
BERT,mBERT,4,1574,val,1
BERT,mBERT,4,1575,test,0
BERT,mBERT,4,1576,test,0
BERT,mBERT,4,1579,test,0
BERT,mBERT,4,1580,val,0
BERT,mBERT,4,1582,val,1
BERT,mBERT,4,1584,val,0
BERT,mBERT,4,1585,val,0
BERT,mBERT,4,1586,test,1
BERT,mBERT,4,1587,val,1
BERT,mBERT,4,1592,test,0
BERT,mBERT,4,1593,test,0
BERT,mBERT,4,1595,test,2
BERT,mBERT,4,1597,test,2
BERT,mBERT,4,1599,val,0
BERT,mBERT,4,1600,test,0
BERT,mBERT,4,1601,val,2
BERT,mBERT,4,1602,test,2
BERT,mBERT,4,1604,test,1
BERT,mBERT,4,1606,test,0
BERT,mBERT,4,1609,test,0
BERT,mBERT,4,1611,test,1
BERT,mBERT,4,1613,test,2
BERT,mBERT,4,1614,val,0
BERT,mBERT,4,1615,test,0
BERT,mBERT,4,1618,test,0
BERT,mBERT,4,1619,test,0
BERT,mBERT,4,1620,val,0
BERT,mBERT,4,1621,test,0
BERT,mBERT,4,1622,val,0
BERT,mBERT,4,1623,val,0
BERT,mBERT,4,1628,val,0
BERT,mBERT,4,1639,val,0
BERT,mBERT,4,1642,test,0
BERT,mBERT,4,1644,val,0
BERT,mBERT,4,1645,val,0
BERT,mBERT,4,1649,test,0
BERT,mBERT,4,1650,val,0
BERT,mBERT,4,1651,test,0
BERT,mBERT,4,1652,val,0
BERT,mBERT,4,1653,test,2
BERT,mBERT,4,1654,val,0
BERT,mBERT,4,1656,test,0
BERT,mBERT,4,1657,val,0
BERT,mBERT,4,1658,val,0
BERT,mBERT,4,1662,val,0
BERT,mBERT,4,1666,test,1
BERT,mBERT,4,1672,val,0
BERT,mBERT,4,1673,test,2
BERT,mBERT,4,1674,val,2
BERT,mBERT,4,1676,val,0
BERT,mBERT,4,1678,val,0
BERT,mBERT,4,1679,test,2
BERT,mBERT,4,1684,test,0
BERT,mBERT,4,1686,test,0
BERT,mBERT,4,1688,test,0
BERT,mBERT,4,1692,val,0
BERT,mBERT,4,1693,val,2
BERT,mBERT,4,1694,val,1
BERT,mBERT,4,1696,test,0
BERT,mBERT,4,1697,test,0
BERT,mBERT,4,1699,val,2
BERT,mBERT,4,1700,test,0
BERT,mBERT,4,1702,test,0
BERT,mBERT,4,1705,test,0
BERT,mBERT,4,1706,test,0
BERT,mBERT,4,1707,val,0
BERT,mBERT,4,1708,test,1
BERT,mBERT,4,1709,val,0
BERT,mBERT,4,1710,val,2
BERT,mBERT,4,1713,test,0
BERT,mBERT,4,1714,test,0
BERT,mBERT,4,1715,val,2
BERT,mBERT,4,1717,val,0
BERT,mBERT,4,1720,val,0
BERT,mBERT,4,1721,val,0
BERT,mBERT,4,1722,test,0
BERT,mBERT,4,1723,test,2
BERT,mBERT,4,1727,test,0
BERT,mBERT,4,1729,test,0
BERT,mBERT,4,1730,test,0
BERT,mBERT,4,1732,val,0
BERT,mBERT,4,1734,val,0
BERT,mBERT,4,1737,val,2
BERT,mBERT,4,1739,test,2
BERT,mBERT,4,1740,test,0
BERT,mBERT,4,1742,test,0
BERT,mBERT,4,1744,test,0
BERT,mBERT,4,1746,val,0
BERT,mBERT,4,1747,test,1
BERT,mBERT,4,1748,test,0
BERT,mBERT,4,1749,test,0
BERT,mBERT,4,1751,test,0
BERT,mBERT,4,1757,val,1
BERT,mBERT,4,1758,test,0
BERT,mBERT,4,1760,test,2
BERT,mBERT,4,1762,test,2
BERT,mBERT,4,1766,test,2
BERT,mBERT,4,1767,val,0
BERT,mBERT,4,1769,test,2
BERT,mBERT,4,1770,test,0
BERT,mBERT,4,1772,test,1
BERT,mBERT,4,1774,test,0
BERT,mBERT,4,1775,val,0
BERT,mBERT,4,1776,val,2
BERT,mBERT,4,1777,test,0
BERT,mBERT,4,1778,test,2
BERT,mBERT,4,1781,val,2
BERT,mBERT,4,1782,val,1
BERT,mBERT,4,1783,test,0
BERT,mBERT,4,1785,val,0
BERT,mBERT,4,1786,test,0
BERT,mBERT,4,1788,test,2
BERT,mBERT,4,1790,val,0
BERT,mBERT,4,1791,val,0
BERT,mBERT,4,1792,val,2
BERT,mBERT,4,1795,val,0
BERT,mBERT,4,1797,test,0
BERT,mBERT,4,1801,val,0
BERT,mBERT,4,1802,test,1
BERT,mBERT,4,1804,val,0
BERT,mBERT,4,1805,val,0
BERT,mBERT,4,1806,val,1
BERT,mBERT,4,1808,test,1
BERT,mBERT,4,1811,test,1
BERT,mBERT,4,1819,test,0
BERT,mBERT,4,1820,val,0
BERT,mBERT,4,1821,val,2
BERT,mBERT,4,1826,test,0
BERT,mBERT,4,1828,test,0
BERT,mBERT,4,1833,test,1
BERT,mBERT,4,1834,test,0
BERT,mBERT,4,1838,val,0
BERT,mBERT,4,1841,val,0
BERT,mBERT,4,1843,test,1
BERT,mBERT,4,1851,test,1
BERT,mBERT,4,1852,val,0
BERT,mBERT,4,1853,test,1
BERT,mBERT,4,1857,val,1
BERT,mBERT,4,1858,val,1
BERT,mBERT,4,1859,test,2
BERT,mBERT,4,1860,val,0
BERT,mBERT,4,1862,val,1
BERT,mBERT,4,1863,val,0
BERT,mBERT,4,1864,val,2
BERT,mBERT,4,1866,test,1
BERT,mBERT,4,1868,val,1
BERT,mBERT,4,1870,test,1
BERT,mBERT,4,1871,val,1
BERT,mBERT,4,1874,test,0
BERT,mBERT,4,1877,test,0
BERT,mBERT,4,1878,test,1
BERT,mBERT,4,1879,test,0
BERT,mBERT,4,1881,val,1
BERT,mBERT,4,1882,test,1
BERT,mBERT,4,1883,val,1
BERT,mBERT,4,1884,val,1
BERT,mBERT,4,1885,test,0
BERT,mBERT,4,1886,val,1
BERT,mBERT,4,1888,test,1
BERT,mBERT,4,1890,val,1
BERT,mBERT,4,1891,test,1
BERT,mBERT,4,1892,test,1
BERT,mBERT,4,1898,test,0
BERT,mBERT,4,1899,test,0
BERT,mBERT,4,1901,val,1
BERT,mBERT,4,1902,val,0
BERT,mBERT,4,1903,test,2
BERT,mBERT,4,1904,test,1
BERT,mBERT,4,1905,test,0
BERT,mBERT,4,1908,test,0
BERT,mBERT,4,1912,val,1
BERT,mBERT,4,1913,test,0
BERT,mBERT,4,1915,test,1
BERT,mBERT,4,1916,val,1
BERT,mBERT,4,1917,test,0
BERT,mBERT,4,1918,test,0
BERT,mBERT,4,1921,val,1
BERT,mBERT,4,1923,test,1
BERT,mBERT,4,1925,test,1
BERT,mBERT,4,1927,test,0
BERT,mBERT,4,1929,val,2
BERT,mBERT,4,1931,test,0
BERT,mBERT,4,1932,test,0
BERT,mBERT,4,1933,test,1
BERT,mBERT,4,1934,val,0
BERT,mBERT,4,1935,val,0
BERT,mBERT,4,1938,test,0
BERT,mBERT,4,1942,test,0
BERT,mBERT,4,1944,val,0
BERT,mBERT,4,1947,test,1
BERT,mBERT,4,1948,test,1
BERT,mBERT,4,1950,val,1
BERT,mBERT,4,1951,test,1
BERT,mBERT,4,1952,val,1
BERT,mBERT,4,1953,test,1
BERT,mBERT,4,1954,val,1
BERT,mBERT,4,1955,val,1
BERT,mBERT,4,1956,test,0
BERT,mBERT,4,1958,test,0
BERT,mBERT,4,1965,test,1
BERT,mBERT,4,1966,val,0
BERT,mBERT,4,1969,test,0
BERT,mBERT,4,1970,test,1
BERT,mBERT,4,1972,test,0
BERT,mBERT,4,1973,test,1
BERT,mBERT,4,1974,val,1
BERT,mBERT,4,1975,test,0
BERT,mBERT,4,1976,val,1
BERT,mBERT,4,1979,val,1
BERT,mBERT,4,1981,val,0
BERT,mBERT,4,1982,test,1
BERT,mBERT,4,1983,val,0
BERT,mBERT,4,1987,test,0
BERT,mBERT,4,1989,val,2
BERT,mBERT,4,1991,val,0
BERT,mBERT,4,1992,val,0
BERT,mBERT,4,1993,val,1
BERT,mBERT,4,1995,test,1
BERT,mBERT,4,1996,test,0
BERT,mBERT,4,1998,test,0
BERT,mBERT,4,2000,test,1
BERT,mBERT,4,2003,val,1
BERT,mBERT,4,2006,test,1
BERT,mBERT,4,2008,test,0
BERT,mBERT,4,2009,test,0
BERT,mBERT,4,2010,val,0
BERT,mBERT,4,2012,val,0
BERT,mBERT,4,2013,val,2
BERT,mBERT,4,2017,test,1
BERT,mBERT,4,2018,val,1
BERT,mBERT,4,2020,val,1
BERT,mBERT,4,2021,val,0
BERT,mBERT,4,2024,test,1
BERT,mBERT,4,2026,test,0
BERT,mBERT,4,2027,test,1
BERT,mBERT,4,2028,test,0
BERT,mBERT,4,2030,test,0
BERT,mBERT,4,2031,val,0
BERT,mBERT,4,2032,test,0
BERT,mBERT,4,2035,test,0
BERT,mBERT,4,2037,test,0
BERT,mBERT,4,2039,test,0
BERT,mBERT,4,2044,val,0
BERT,mBERT,4,2045,val,1
BERT,mBERT,4,2048,val,1
BERT,mBERT,4,2049,test,0
BERT,mBERT,4,2052,test,1
BERT,mBERT,4,2054,val,1
BERT,mBERT,4,2055,test,1
BERT,mBERT,4,2056,val,1
BERT,mBERT,4,2057,val,0
BERT,mBERT,4,2058,test,0
BERT,mBERT,4,2059,test,1
BERT,mBERT,4,2060,test,0
BERT,mBERT,4,2061,val,0
BERT,mBERT,4,2064,test,1
BERT,mBERT,4,2065,test,1
BERT,mBERT,4,2067,val,1
BERT,mBERT,4,2070,val,1
BERT,mBERT,4,2071,val,0
BERT,mBERT,4,2072,val,0
BERT,mBERT,4,2073,test,1
BERT,mBERT,4,2076,test,0
BERT,mBERT,4,2079,test,1
BERT,mBERT,4,2080,test,1
BERT,mBERT,4,2081,test,1
BERT,mBERT,4,2082,test,1
BERT,mBERT,4,2083,test,1
BERT,mBERT,4,2085,val,0
BERT,mBERT,4,2086,test,1
BERT,mBERT,4,2087,test,0
BERT,mBERT,4,2091,val,2
BERT,mBERT,4,2092,val,0
BERT,mBERT,4,2093,val,0
BERT,mBERT,4,2094,val,0
BERT,mBERT,4,2095,test,0
BERT,mBERT,4,2098,test,1
BERT,mBERT,4,2099,test,0
BERT,mBERT,4,2100,val,1
BERT,mBERT,4,2102,val,0
BERT,mBERT,4,2107,val,0
BERT,mBERT,4,2109,test,2
BERT,mBERT,4,2112,val,0
BERT,mBERT,4,2116,test,0
BERT,mBERT,4,2118,test,1
BERT,mBERT,4,2119,val,1
BERT,mBERT,4,2122,test,0
BERT,mBERT,4,2124,test,0
BERT,mBERT,4,2131,test,0
BERT,mBERT,4,2132,test,2
BERT,mBERT,4,2133,val,0
BERT,mBERT,4,2134,val,1
BERT,mBERT,4,2136,test,0
BERT,mBERT,4,2138,test,0
BERT,mBERT,4,2139,test,1
BERT,mBERT,4,2144,test,0
BERT,mBERT,4,2145,test,0
BERT,mBERT,4,2146,val,0
BERT,mBERT,4,2147,val,0
BERT,mBERT,4,2148,test,0
BERT,mBERT,4,2149,test,0
BERT,mBERT,4,2150,test,0
BERT,mBERT,4,2152,val,0
BERT,mBERT,4,2156,test,0
BERT,mBERT,4,2157,test,0
BERT,mBERT,4,2160,val,1
BERT,mBERT,4,2161,val,1
BERT,mBERT,4,2164,val,0
BERT,mBERT,4,2165,test,0
BERT,mBERT,4,2167,test,0
BERT,mBERT,4,2169,test,0
BERT,mBERT,4,2170,test,0
BERT,mBERT,4,2175,test,1
BERT,mBERT,4,2176,test,1
BERT,mBERT,4,2178,val,1
BERT,mBERT,4,2180,val,1
BERT,mBERT,4,2182,val,1
BERT,mBERT,4,2183,test,0
BERT,mBERT,4,2186,test,0
BERT,mBERT,4,2190,test,0
BERT,mBERT,4,2191,val,1
BERT,mBERT,4,2198,val,1
BERT,mBERT,4,2199,val,1
BERT,mBERT,4,2201,test,1
BERT,mBERT,4,2202,val,0
BERT,mBERT,4,2203,val,1
BERT,mBERT,4,2204,test,0
BERT,mBERT,4,2207,test,1
BERT,mBERT,4,2208,val,2
BERT,mBERT,4,2210,test,2
BERT,mBERT,4,2211,test,2
BERT,mBERT,4,2212,val,1
BERT,mBERT,4,2217,test,1
BERT,mBERT,4,2218,val,1
BERT,mBERT,4,2220,test,0
BERT,mBERT,4,2223,test,0
BERT,mBERT,4,2224,test,1
BERT,mBERT,4,2225,test,0
BERT,mBERT,4,2228,test,1
BERT,mBERT,4,2231,val,1
BERT,mBERT,4,2232,val,0
BERT,mBERT,4,2235,test,1
BERT,mBERT,4,2236,val,1
BERT,mBERT,4,2237,test,1
BERT,mBERT,4,2238,test,0
BERT,mBERT,4,2244,test,0
BERT,mBERT,4,2245,test,1
BERT,mBERT,4,2246,val,1
BERT,mBERT,4,2249,val,1
BERT,mBERT,4,2251,val,0
BERT,mBERT,4,2253,val,0
BERT,mBERT,4,2255,val,0
BERT,mBERT,4,2256,test,0
BERT,mBERT,4,2258,test,1
BERT,mBERT,4,2261,test,1
BERT,mBERT,4,2262,test,0
BERT,mBERT,4,2266,val,0
BERT,mBERT,4,2274,test,2
BERT,mBERT,4,2276,val,0
BERT,mBERT,4,2277,val,2
BERT,mBERT,4,2278,test,0
BERT,mBERT,4,2283,test,1
BERT,mBERT,4,2285,val,0
BERT,mBERT,4,2286,val,2
BERT,mBERT,4,2287,test,0
BERT,mBERT,4,2289,test,1
BERT,mBERT,4,2292,test,1
BERT,mBERT,4,2293,val,2
BERT,mBERT,4,2297,val,1
BERT,mBERT,4,2298,val,1
BERT,mBERT,4,2300,test,1
BERT,mBERT,4,2301,val,2
BERT,mBERT,4,2303,test,0
BERT,mBERT,4,2304,val,1
BERT,mBERT,4,2306,val,1
BERT,mBERT,4,2309,test,0
BERT,mBERT,4,2310,val,0
BERT,mBERT,4,2313,test,1
BERT,mBERT,4,2314,val,0
BERT,mBERT,4,2315,test,0
BERT,mBERT,4,2316,val,1
BERT,mBERT,4,2317,test,2
BERT,mBERT,4,2319,test,1
BERT,mBERT,4,2320,val,1
BERT,mBERT,4,2323,val,1
BERT,mBERT,4,2326,val,1
BERT,mBERT,4,2328,val,1
BERT,mBERT,4,2329,val,0
BERT,mBERT,4,2331,test,0
BERT,mBERT,4,2333,test,1
BERT,mBERT,4,2337,test,1
BERT,mBERT,4,2342,val,1
BERT,mBERT,4,2343,val,0
BERT,mBERT,4,2345,val,1
BERT,mBERT,4,2346,val,0
BERT,mBERT,4,2347,test,1
BERT,mBERT,4,2348,test,1
BERT,mBERT,4,2349,val,1
BERT,mBERT,4,2350,test,1
BERT,mBERT,4,2352,val,2
BERT,mBERT,4,2353,test,0
BERT,mBERT,4,2355,test,0
BERT,mBERT,4,2357,test,1
BERT,mBERT,4,2358,test,0
BERT,mBERT,4,2359,val,2
BERT,mBERT,4,2361,test,1
BERT,mBERT,4,2364,val,1
BERT,mBERT,4,2368,val,0
BERT,mBERT,4,2369,val,1
BERT,mBERT,4,2371,val,0
BERT,mBERT,4,2372,val,0
BERT,mBERT,4,2375,val,0
BERT,mBERT,4,2377,test,0
BERT,mBERT,4,2380,test,0
BERT,mBERT,4,2381,test,1
BERT,mBERT,4,2383,test,1
BERT,mBERT,4,2384,test,1
BERT,mBERT,4,2386,test,1
BERT,mBERT,4,2387,val,0
BERT,mBERT,4,2388,test,1
BERT,mBERT,4,2392,test,1
BERT,mBERT,4,2397,val,0
BERT,mBERT,4,2398,test,0
BERT,mBERT,4,2400,test,1
BERT,mBERT,4,2401,val,1
BERT,mBERT,4,2403,val,0
BERT,mBERT,4,2406,test,0
BERT,mBERT,4,2407,test,1
BERT,mBERT,4,2408,test,1
BERT,mBERT,4,2409,test,1
BERT,mBERT,4,2410,val,1
BERT,mBERT,4,2412,val,1
BERT,mBERT,4,2413,val,1
BERT,mBERT,4,2415,test,0
BERT,mBERT,4,2417,test,0
BERT,mBERT,4,2421,test,1
BERT,mBERT,4,2422,test,1
BERT,mBERT,4,2426,val,0
BERT,mBERT,4,2427,val,0
BERT,mBERT,4,2428,test,1
BERT,mBERT,4,2429,test,0
BERT,mBERT,4,2432,test,0
BERT,mBERT,4,2436,test,0
BERT,mBERT,4,2438,val,0
BERT,mBERT,4,2439,test,1
BERT,mBERT,4,2440,test,1
BERT,mBERT,4,2445,val,0
BERT,mBERT,4,2447,test,1
BERT,mBERT,4,2448,test,1
BERT,mBERT,4,2451,val,1
BERT,mBERT,4,2452,test,0
BERT,mBERT,4,2453,val,0
BERT,mBERT,4,2454,test,1
BERT,mBERT,4,2455,val,2
BERT,mBERT,4,2456,test,1
BERT,mBERT,4,2457,test,2
BERT,mBERT,4,2458,val,2
BERT,mBERT,4,2459,val,1
BERT,mBERT,4,2461,val,1
BERT,mBERT,4,2462,test,1
BERT,mBERT,4,2464,test,1
BERT,mBERT,4,2467,test,0
BERT,mBERT,4,2472,val,0
BERT,mBERT,4,2473,test,0
BERT,mBERT,4,2476,test,0
BERT,mBERT,4,2478,val,0
BERT,mBERT,4,2479,val,2
BERT,mBERT,4,2481,val,1
BERT,mBERT,4,2483,test,2
BERT,mBERT,4,2485,val,1
BERT,mBERT,4,2487,val,0
BERT,mBERT,4,2489,test,0
BERT,mBERT,4,2490,test,0
BERT,mBERT,4,2491,val,0
BERT,mBERT,4,2492,test,0
BERT,mBERT,4,2493,val,1
BERT,mBERT,4,2496,test,1
BERT,mBERT,4,2497,test,0
BERT,mBERT,4,2499,val,2
BERT,mBERT,4,2501,val,0
BERT,mBERT,4,2504,val,2
BERT,mBERT,4,2507,val,1
BERT,mBERT,4,2510,test,0
BERT,mBERT,4,2511,test,1
BERT,mBERT,4,2517,test,0
BERT,mBERT,4,2518,val,2
BERT,mBERT,4,2519,test,1
BERT,mBERT,4,2520,val,0
BERT,mBERT,4,2521,test,0
BERT,mBERT,4,2522,test,0
BERT,mBERT,4,2525,test,0
BERT,mBERT,4,2527,test,1
BERT,mBERT,4,2528,test,0
BERT,mBERT,4,2529,val,1
BERT,mBERT,4,2533,test,0
BERT,mBERT,4,2535,test,0
BERT,mBERT,4,2536,test,0
BERT,mBERT,4,2537,test,1
BERT,mBERT,4,2538,test,0
BERT,mBERT,4,2541,val,0
BERT,mBERT,4,2542,test,0
BERT,mBERT,4,2546,test,2
BERT,mBERT,4,2547,test,0
BERT,mBERT,4,2549,val,0
BERT,mBERT,4,2551,test,2
BERT,mBERT,4,2554,val,0
BERT,mBERT,4,2556,test,0
BERT,mBERT,4,2557,test,0
BERT,mBERT,4,2558,test,0
BERT,mBERT,4,2562,test,2
BERT,mBERT,4,2564,val,0
BERT,mBERT,4,2567,test,0
BERT,mBERT,4,2569,test,0
BERT,mBERT,4,2570,val,1
BERT,mBERT,4,2571,val,0
BERT,mBERT,4,2574,test,2
BERT,mBERT,4,2576,test,0
BERT,mBERT,4,2577,val,0
BERT,mBERT,4,2580,test,2
BERT,mBERT,4,2584,test,2
BERT,mBERT,4,2585,val,0
BERT,mBERT,4,2586,val,0
BERT,mBERT,4,2587,val,0
BERT,mBERT,4,2590,val,2
BERT,mBERT,4,2593,test,0
BERT,mBERT,4,2594,val,0
BERT,mBERT,4,2595,test,0
BERT,mBERT,4,2596,val,0
BERT,mBERT,4,2598,val,1
BERT,mBERT,4,2602,test,2
BERT,mBERT,4,2603,val,0
BERT,mBERT,4,2605,test,0
BERT,mBERT,4,2608,test,0
BERT,mBERT,4,2609,test,0
BERT,mBERT,4,2611,val,0
BERT,mBERT,4,2613,val,1
BERT,mBERT,4,2617,test,0
BERT,mBERT,4,2621,test,2
BERT,mBERT,4,2625,val,2
BERT,mBERT,4,2627,test,0
BERT,mBERT,4,2628,test,0
BERT,mBERT,4,2629,val,0
BERT,mBERT,4,2633,val,2
BERT,mBERT,4,2635,val,0
BERT,mBERT,4,2636,val,0
BERT,mBERT,4,2637,val,0
BERT,mBERT,4,2638,test,2
BERT,mBERT,4,2640,val,2
BERT,mBERT,4,2641,test,0
BERT,mBERT,4,2644,test,0
BERT,mBERT,4,2645,val,0
BERT,mBERT,4,2648,val,0
BERT,mBERT,4,2649,val,0
BERT,mBERT,4,2650,test,0
BERT,mBERT,4,2652,test,0
BERT,mBERT,4,2653,test,2
BERT,mBERT,4,2660,test,0
BERT,mBERT,4,2661,test,0
BERT,mBERT,4,2662,test,2
BERT,mBERT,4,2663,test,0
BERT,mBERT,4,2667,test,0
BERT,mBERT,4,2669,test,0
BERT,mBERT,4,2670,test,0
BERT,mBERT,4,2671,test,0
BERT,mBERT,4,2673,test,0
BERT,mBERT,4,2675,test,2
BERT,mBERT,4,2676,test,2
BERT,mBERT,4,2677,test,0
BERT,mBERT,4,2678,test,2
BERT,mBERT,4,2679,test,0
BERT,mBERT,4,2681,test,2
BERT,mBERT,4,2685,val,0
BERT,mBERT,4,2687,test,2
BERT,mBERT,4,2688,test,2
BERT,mBERT,4,2689,val,0
BERT,mBERT,4,2690,val,0
BERT,mBERT,4,2692,test,2
BERT,mBERT,4,2695,val,2
BERT,mBERT,4,2697,test,0
BERT,mBERT,4,2698,test,2
BERT,mBERT,4,2700,test,0
BERT,mBERT,4,2704,test,2
BERT,mBERT,4,2706,test,0
BERT,mBERT,4,2711,val,2
BERT,mBERT,4,2712,test,0
BERT,mBERT,4,2714,test,2
BERT,mBERT,4,2719,test,1
BERT,mBERT,4,2723,val,0
BERT,mBERT,4,2724,test,0
BERT,mBERT,4,2727,val,1
BERT,mBERT,4,2732,test,1
BERT,mBERT,4,2734,test,2
BERT,mBERT,4,2736,test,0
BERT,mBERT,4,2737,test,0
BERT,mBERT,4,2742,test,0
BERT,mBERT,4,2745,test,2
BERT,mBERT,4,2748,test,0
BERT,mBERT,4,2750,test,0
BERT,mBERT,4,2753,test,1
BERT,mBERT,4,2754,val,2
BERT,mBERT,4,2755,test,2
BERT,mBERT,4,2756,val,0
BERT,mBERT,4,2759,test,0
BERT,mBERT,4,2761,val,0
BERT,mBERT,4,2764,test,0
BERT,mBERT,4,2766,test,0
BERT,mBERT,4,2769,test,2
BERT,mBERT,4,2770,test,2
BERT,mBERT,4,2771,val,0
BERT,mBERT,4,2773,val,2
BERT,mBERT,4,2774,test,0
BERT,mBERT,4,2778,test,2
BERT,mBERT,4,2780,val,1
BERT,mBERT,4,2781,test,0
BERT,mBERT,4,2786,test,0
BERT,mBERT,4,2790,test,0
BERT,mBERT,4,2794,val,2
BERT,mBERT,4,2797,test,2
BERT,mBERT,4,2801,test,0
BERT,mBERT,4,2807,val,2
BERT,mBERT,4,2809,test,2
BERT,mBERT,4,2810,test,0
BERT,mBERT,4,2811,val,1
BERT,mBERT,4,2813,test,2
BERT,mBERT,4,2819,val,0
BERT,mBERT,4,2821,test,2
BERT,mBERT,4,2822,test,0
BERT,mBERT,4,2824,val,0
BERT,mBERT,4,2826,val,2
BERT,mBERT,4,2827,test,0
BERT,mBERT,4,2830,val,2
BERT,mBERT,4,2831,test,2
BERT,mBERT,4,2832,val,0
BERT,mBERT,4,2834,test,0
BERT,mBERT,4,2835,test,1
BERT,mBERT,4,2839,val,1
BERT,mBERT,4,2843,test,0
BERT,mBERT,4,2844,test,2
BERT,mBERT,4,2845,test,0
BERT,mBERT,4,2846,test,2
BERT,mBERT,4,2848,val,0
BERT,mBERT,4,2849,test,0
BERT,mBERT,4,2851,val,0
BERT,mBERT,4,2856,val,2
BERT,mBERT,4,2862,val,0
BERT,mBERT,4,2863,val,0
BERT,mBERT,4,2865,test,0
BERT,mBERT,4,2868,test,0
BERT,mBERT,4,2870,test,2
BERT,mBERT,4,2871,test,2
BERT,mBERT,4,2875,test,0
BERT,mBERT,4,2877,val,0
BERT,mBERT,4,2883,test,0
BERT,mBERT,4,2884,test,0
BERT,mBERT,4,2885,val,0
BERT,mBERT,4,2886,test,0
BERT,mBERT,4,2888,test,0
BERT,mBERT,4,2890,val,0
BERT,mBERT,4,2892,test,0
BERT,mBERT,4,2894,val,0
BERT,mBERT,4,2896,test,0
BERT,mBERT,4,2898,test,0
BERT,mBERT,4,2900,test,0
BERT,mBERT,4,2901,test,0
BERT,mBERT,4,2903,val,0
BERT,mBERT,4,2905,val,0
BERT,mBERT,4,2906,val,0
BERT,mBERT,4,2907,test,1
BERT,mBERT,4,2910,test,2
BERT,mBERT,4,2912,test,2
BERT,mBERT,4,2913,val,0
BERT,mBERT,4,2914,test,2
BERT,mBERT,4,2916,val,0
BERT,mBERT,4,2918,test,0
BERT,mBERT,4,2921,val,2
BERT,mBERT,4,2922,test,1
BERT,mBERT,4,2927,test,2
BERT,mBERT,4,2928,val,0
BERT,mBERT,4,2929,test,0
BERT,mBERT,4,2930,test,0
BERT,mBERT,4,2932,val,1
BERT,mBERT,4,2933,val,0
BERT,mBERT,4,2934,test,2
BERT,mBERT,4,2936,test,2
BERT,mBERT,4,2937,test,2
BERT,mBERT,4,2938,test,0
BERT,mBERT,4,2939,test,0
BERT,mBERT,4,2943,test,0
BERT,mBERT,4,2946,test,0
BERT,mBERT,4,2947,test,2
BERT,mBERT,4,2949,val,0
BERT,mBERT,4,2951,val,0
BERT,mBERT,4,2955,test,0
BERT,mBERT,4,2956,val,2
BERT,mBERT,4,2960,test,0
BERT,mBERT,4,2964,test,2
BERT,mBERT,4,2965,test,1
BERT,mBERT,4,2967,test,0
BERT,mBERT,4,2968,test,2
BERT,mBERT,4,2971,val,2
BERT,mBERT,4,2973,val,2
BERT,mBERT,4,2974,val,0
BERT,mBERT,4,2977,test,1
BERT,mBERT,4,2979,val,0
BERT,mBERT,4,2980,val,2
BERT,mBERT,4,2982,test,2
BERT,mBERT,4,2983,val,0
BERT,mBERT,4,2984,test,1
BERT,mBERT,4,2985,test,2
BERT,mBERT,4,2987,test,0
BERT,mBERT,4,2990,test,1
BERT,mBERT,4,2991,val,0
BERT,mBERT,4,2992,test,0
BERT,mBERT,4,2994,val,0
BERT,mBERT,4,2995,val,1
BERT,mBERT,4,2997,val,2
BERT,mBERT,4,2998,val,2
BERT,mBERT,4,3002,val,0
BERT,mBERT,4,3005,test,0
BERT,mBERT,4,3007,val,0
BERT,mBERT,4,3010,test,0
BERT,mBERT,4,3011,test,0
BERT,mBERT,4,3012,test,1
BERT,mBERT,4,3013,val,1
BERT,mBERT,4,3015,val,0
BERT,mBERT,4,3018,test,0
BERT,mBERT,4,3019,val,1
BERT,mBERT,4,3021,test,0
BERT,mBERT,4,3023,test,0
BERT,mBERT,4,3024,test,0
BERT,mBERT,4,3025,val,0
BERT,mBERT,4,3026,test,0
BERT,mBERT,4,3029,test,0
BERT,mBERT,4,3030,test,0
BERT,mBERT,4,3031,val,0
BERT,mBERT,4,3032,val,2
BERT,mBERT,4,3034,test,0
BERT,mBERT,4,3038,val,0
BERT,mBERT,4,3039,val,2
BERT,mBERT,4,3040,val,2
BERT,mBERT,4,3041,test,0
BERT,mBERT,4,3043,val,0
BERT,mBERT,4,3044,test,0
BERT,mBERT,4,3046,test,0
BERT,mBERT,4,3047,val,2
BERT,mBERT,4,3050,val,0
BERT,mBERT,4,3052,test,0
BERT,mBERT,4,3053,val,0
BERT,mBERT,4,3055,test,0
BERT,mBERT,4,3056,val,0
BERT,mBERT,4,3057,test,0
BERT,mBERT,4,3058,val,2
BERT,mBERT,4,3059,test,0
BERT,mBERT,4,3063,test,0
BERT,mBERT,4,3065,test,0
BERT,mBERT,4,3068,val,0
BERT,mBERT,4,3069,test,2
BERT,mBERT,4,3070,val,1
BERT,mBERT,4,3071,test,2
BERT,mBERT,4,3075,val,2
BERT,mBERT,4,3076,test,0
BERT,mBERT,4,3081,test,0
BERT,mBERT,4,3082,test,0
BERT,mBERT,4,3083,test,0
BERT,mBERT,4,3084,test,0
BERT,mBERT,4,3085,val,0
BERT,mBERT,4,3088,test,2
BERT,mBERT,4,3089,test,0
BERT,mBERT,4,3094,test,0
BERT,mBERT,4,3095,val,0
BERT,mBERT,4,3097,test,0
BERT,mBERT,4,3100,test,1
BERT,mBERT,4,3102,test,0
BERT,mBERT,4,3103,test,0
BERT,mBERT,4,3107,test,2
BERT,mBERT,4,3109,val,2
BERT,mBERT,4,3110,val,2
BERT,mBERT,4,3112,val,0
BERT,mBERT,4,3114,test,1
BERT,mBERT,4,3115,val,0
BERT,mBERT,4,3116,val,2
BERT,mBERT,4,3123,test,1
BERT,mBERT,4,3124,test,0
BERT,mBERT,4,3125,val,0
BERT,mBERT,4,3127,test,0
BERT,mBERT,4,3128,test,2
BERT,mBERT,4,3129,test,1
BERT,mBERT,4,3131,test,2
BERT,mBERT,4,3136,test,1
BERT,mBERT,4,3137,test,2
BERT,mBERT,4,3138,test,2
BERT,mBERT,4,3140,test,2
BERT,mBERT,4,3148,val,0
BERT,mBERT,4,3150,test,0
BERT,mBERT,4,3151,test,1
BERT,mBERT,4,3153,test,0
BERT,mBERT,4,3154,val,0
BERT,mBERT,4,3158,test,1
BERT,mBERT,4,3159,val,0
BERT,mBERT,4,3160,val,0
BERT,mBERT,4,3164,val,0
BERT,mBERT,4,3167,test,1
BERT,mBERT,4,3169,test,1
BERT,mBERT,4,3170,test,1
BERT,mBERT,4,3178,val,1
BERT,mBERT,4,3180,test,0
BERT,mBERT,4,3181,val,0
BERT,mBERT,4,3182,test,1
BERT,mBERT,4,3183,val,2
BERT,mBERT,4,3184,val,1
BERT,mBERT,4,3185,test,1
BERT,mBERT,4,3186,val,2
BERT,mBERT,4,3190,test,0
BERT,mBERT,4,3191,test,0
BERT,mBERT,4,3193,val,0
BERT,mBERT,4,3195,val,1
BERT,mBERT,4,3196,test,0
BERT,mBERT,4,3197,test,0
BERT,mBERT,4,3200,test,0
BERT,mBERT,4,3204,test,0
BERT,mBERT,4,3206,test,0
BERT,mBERT,4,3209,val,0
BERT,mBERT,4,3211,test,1
BERT,mBERT,4,3215,test,1
BERT,mBERT,4,3218,val,0
BERT,mBERT,4,3220,test,1
BERT,mBERT,4,3221,val,2
BERT,mBERT,4,3222,test,0
BERT,mBERT,4,3225,test,1
BERT,mBERT,4,3226,test,1
BERT,mBERT,4,3227,val,2
BERT,mBERT,4,3231,test,1
BERT,mBERT,4,3233,val,0
BERT,mBERT,4,3234,test,1
BERT,mBERT,4,3235,test,1
BERT,mBERT,4,3236,test,2
BERT,mBERT,4,3237,test,1
BERT,mBERT,4,3238,val,0
BERT,mBERT,4,3242,test,1
BERT,mBERT,4,3244,val,1
BERT,mBERT,4,3247,test,2
BERT,mBERT,4,3248,test,0
BERT,mBERT,4,3250,test,1
BERT,mBERT,4,3253,val,1
BERT,mBERT,4,3255,val,0
BERT,mBERT,4,3256,val,2
BERT,mBERT,4,3258,test,1
BERT,mBERT,4,3260,test,1
BERT,mBERT,4,3261,test,2
BERT,mBERT,4,3266,val,2
BERT,mBERT,4,3269,test,2
BERT,mBERT,4,3270,test,0
BERT,mBERT,4,3274,test,1
BERT,mBERT,4,3276,val,0
BERT,mBERT,4,3277,test,0
BERT,mBERT,4,3278,test,0
BERT,mBERT,4,3279,test,2
BERT,mBERT,4,3280,test,2
BERT,mBERT,4,3282,test,0
BERT,mBERT,4,3285,val,0
BERT,mBERT,4,3287,test,0
BERT,mBERT,4,3289,val,0
BERT,mBERT,4,3291,test,0
BERT,mBERT,4,3292,val,0
BERT,mBERT,4,3293,test,2
BERT,mBERT,4,3296,val,2
BERT,mBERT,4,3299,val,2
BERT,mBERT,4,3301,test,2
BERT,mBERT,4,3303,test,0
BERT,mBERT,4,3305,test,2
BERT,mBERT,4,3307,test,2
BERT,mBERT,4,3309,val,0
BERT,mBERT,4,3312,val,2
BERT,mBERT,4,3313,test,2
BERT,mBERT,4,3314,val,0
BERT,mBERT,4,3316,test,0
BERT,mBERT,4,3318,test,1
BERT,mBERT,4,3321,test,0
BERT,mBERT,4,3323,val,0
BERT,mBERT,4,3324,test,1
BERT,mBERT,4,3326,test,2
BERT,mBERT,4,3328,test,2
BERT,mBERT,4,3332,val,0
BERT,mBERT,4,3335,val,0
BERT,mBERT,4,3339,test,1
BERT,mBERT,4,3340,val,0
BERT,mBERT,4,3343,test,0
BERT,mBERT,4,3345,val,1
BERT,mBERT,4,3346,test,0
BERT,mBERT,4,3347,test,0
BERT,mBERT,4,3348,val,2
BERT,mBERT,4,3353,val,0
BERT,mBERT,4,3355,val,0
BERT,mBERT,4,3356,test,1
BERT,mBERT,4,3357,val,0
BERT,mBERT,4,3358,test,1
BERT,mBERT,4,3359,test,2
BERT,mBERT,4,3361,val,0
BERT,mBERT,4,3362,test,0
BERT,mBERT,4,3367,val,2
BERT,mBERT,4,3370,val,2
BERT,mBERT,4,3372,val,2
BERT,mBERT,4,3373,test,1
BERT,mBERT,4,3374,val,2
BERT,mBERT,4,3376,test,2
BERT,mBERT,4,3384,test,1
BERT,mBERT,4,3385,val,0
BERT,mBERT,4,3386,val,0
BERT,mBERT,4,3394,val,0
BERT,mBERT,4,3396,test,0
BERT,mBERT,4,3402,test,0
BERT,mBERT,4,3403,test,0
BERT,mBERT,4,3404,val,1
BERT,mBERT,4,3406,val,2
BERT,mBERT,4,3408,test,0
BERT,mBERT,4,3410,test,0
BERT,mBERT,4,3412,val,0
BERT,mBERT,4,3419,test,2
BERT,mBERT,4,3420,test,1
BERT,mBERT,4,3425,test,0
BERT,mBERT,4,3429,test,0
BERT,mBERT,4,3431,test,2
BERT,mBERT,4,3432,val,2
BERT,mBERT,4,3433,test,0
BERT,mBERT,4,3434,test,0
BERT,mBERT,4,3436,val,1
BERT,mBERT,4,3438,val,0
BERT,mBERT,4,3439,test,0
BERT,mBERT,4,3440,val,0
BERT,mBERT,4,3441,val,0
BERT,mBERT,4,3444,test,0
BERT,mBERT,4,3447,test,2
BERT,mBERT,4,3450,test,0
BERT,mBERT,4,3452,test,0
BERT,mBERT,4,3455,val,0
BERT,mBERT,4,3456,test,0
BERT,mBERT,4,3457,test,2
BERT,mBERT,4,3458,test,0
BERT,mBERT,4,3459,test,0
BERT,mBERT,4,3460,test,0
BERT,mBERT,4,3464,test,0
BERT,mBERT,4,3469,test,0
BERT,mBERT,4,3470,test,0
BERT,mBERT,4,3472,val,0
BERT,mBERT,4,3473,test,2
BERT,mBERT,4,3475,val,0
BERT,mBERT,4,3479,val,0
BERT,mBERT,4,3482,val,1
BERT,mBERT,4,3483,val,0
BERT,mBERT,4,3486,val,0
BERT,mBERT,4,3491,val,0
BERT,mBERT,4,3492,test,2
BERT,mBERT,4,3495,test,2
BERT,mBERT,4,3496,val,0
BERT,mBERT,4,3497,test,0
BERT,mBERT,4,3498,test,1
BERT,mBERT,4,3499,test,2
BERT,mBERT,4,3500,val,0
BERT,mBERT,4,3501,val,2
BERT,mBERT,4,3502,test,0
BERT,mBERT,4,3507,test,0
BERT,mBERT,4,3508,val,0
BERT,mBERT,4,3510,val,0
BERT,mBERT,4,3511,val,2
BERT,mBERT,4,3512,test,0
BERT,mBERT,4,3514,val,1
BERT,mBERT,4,3515,test,1
BERT,mBERT,4,3517,val,1
BERT,mBERT,4,3519,val,1
BERT,mBERT,4,3520,val,2
BERT,mBERT,4,3521,test,1
BERT,mBERT,4,3523,val,0
BERT,mBERT,4,3526,val,1
BERT,mBERT,4,3527,test,0
BERT,mBERT,4,3528,test,1
BERT,mBERT,4,3530,test,0
BERT,mBERT,4,3532,test,1
BERT,mBERT,4,3533,val,1
BERT,mBERT,4,3534,val,2
BERT,mBERT,4,3536,test,0
BERT,mBERT,4,3540,test,0
BERT,mBERT,4,3544,test,1
BERT,mBERT,4,3548,val,0
BERT,mBERT,4,3550,test,1
BERT,mBERT,4,3552,test,1
BERT,mBERT,4,3553,test,0
BERT,mBERT,4,3555,test,2
BERT,mBERT,4,3556,test,0
BERT,mBERT,4,3557,val,1
BERT,mBERT,4,3558,test,1
BERT,mBERT,4,3560,test,1
BERT,mBERT,4,3561,val,1
BERT,mBERT,4,3562,test,0
BERT,mBERT,4,3565,val,0
BERT,mBERT,4,3567,val,0
BERT,mBERT,4,3568,test,0
BERT,mBERT,4,3570,val,2
BERT,mBERT,4,3572,test,0
BERT,mBERT,4,3573,test,0
BERT,mBERT,4,3575,test,1
BERT,mBERT,4,3577,test,0
BERT,mBERT,4,3580,test,0
BERT,mBERT,4,3582,test,0
BERT,mBERT,4,3583,test,1
BERT,mBERT,4,3588,test,1
BERT,mBERT,4,3589,test,0
BERT,mBERT,4,3591,val,0
BERT,mBERT,4,3593,test,1
BERT,mBERT,4,3594,val,0
BERT,mBERT,4,3595,test,2
BERT,mBERT,4,3601,val,0
BERT,mBERT,4,3602,test,2
BERT,mBERT,4,3603,test,1
BERT,mBERT,4,3606,val,2
BERT,mBERT,4,3607,test,0
BERT,mBERT,4,3608,test,1
BERT,mBERT,4,3610,val,0
BERT,mBERT,4,3611,val,2
BERT,mBERT,4,3613,test,1
BERT,mBERT,4,3615,test,0
BERT,mBERT,4,3616,test,1
BERT,mBERT,4,3617,test,0
BERT,mBERT,4,3618,val,1
BERT,mBERT,4,3619,val,0
BERT,mBERT,4,3621,test,0
BERT,mBERT,4,3622,val,2
BERT,mBERT,4,3624,val,1
BERT,mBERT,4,3625,val,0
BERT,mBERT,4,3627,val,0
BERT,mBERT,4,3629,test,0
BERT,mBERT,4,3630,val,0
BERT,mBERT,4,3632,val,0
BERT,mBERT,4,3633,test,2
BERT,mBERT,4,3635,test,0
BERT,mBERT,4,3636,val,1
BERT,mBERT,4,3637,val,1
BERT,mBERT,4,3639,test,2
BERT,mBERT,4,3640,test,0
BERT,mBERT,4,3642,test,1
BERT,mBERT,4,3644,test,0
BERT,mBERT,4,3645,val,2
BERT,mBERT,4,3646,test,0
BERT,mBERT,4,3647,val,2
BERT,mBERT,4,3648,test,0
BERT,mBERT,4,3649,val,0
BERT,mBERT,4,3650,val,0
BERT,mBERT,4,3651,test,0
BERT,mBERT,4,3652,val,0
BERT,mBERT,4,3656,val,0
BERT,mBERT,4,3663,val,2
BERT,mBERT,4,3665,test,0
BERT,mBERT,4,3666,test,0
BERT,mBERT,4,3669,val,2
BERT,mBERT,4,3670,test,0
BERT,mBERT,4,3671,test,2
BERT,mBERT,4,3672,test,2
BERT,mBERT,4,3673,test,0
BERT,mBERT,4,3674,test,0
BERT,mBERT,4,3676,test,2
BERT,mBERT,4,3677,test,0
BERT,mBERT,4,3680,val,2
BERT,mBERT,4,3683,val,0
BERT,mBERT,4,3684,test,2
BERT,mBERT,4,3685,val,2
BERT,mBERT,4,3686,test,2
BERT,mBERT,4,3687,test,2
BERT,mBERT,4,3689,test,0
BERT,mBERT,4,3690,val,0
BERT,mBERT,4,3692,test,2
BERT,mBERT,4,3693,test,0
BERT,mBERT,4,3695,test,0
BERT,mBERT,4,3696,val,2
BERT,mBERT,4,3697,test,0
BERT,mBERT,4,3698,test,1
BERT,mBERT,4,3699,val,0
BERT,mBERT,4,3702,test,0
BERT,mBERT,4,3703,test,2
BERT,mBERT,4,3705,test,0
BERT,mBERT,4,3707,val,0
BERT,mBERT,4,3710,test,0
BERT,mBERT,4,3712,val,0
BERT,mBERT,4,3714,val,0
BERT,mBERT,4,3716,test,2
BERT,mBERT,4,3718,val,0
BERT,mBERT,4,3720,test,0
BERT,mBERT,4,3725,val,0
BERT,mBERT,4,3726,val,0
BERT,mBERT,4,3730,val,0
BERT,mBERT,4,3732,test,2
BERT,mBERT,4,3733,test,0
BERT,mBERT,4,3734,test,1
BERT,mBERT,4,3739,val,2
BERT,mBERT,4,3741,test,0
BERT,mBERT,4,3742,val,0
BERT,mBERT,4,3743,test,0
BERT,mBERT,4,3744,test,0
BERT,mBERT,4,3745,val,1
BERT,mBERT,4,3746,val,0
BERT,mBERT,4,3747,val,0
BERT,mBERT,4,3749,val,1
BERT,mBERT,4,3751,val,0
BERT,mBERT,4,3752,test,0
BERT,mBERT,4,3754,test,0
BERT,mBERT,4,3755,val,1
BERT,mBERT,4,3756,test,0
BERT,mBERT,4,3757,test,0
BERT,mBERT,4,3759,test,1
BERT,mBERT,4,3761,val,0
BERT,mBERT,4,3763,test,0
BERT,mBERT,4,3764,val,2
BERT,mBERT,4,3765,val,1
BERT,mBERT,4,3767,test,0
BERT,mBERT,4,3768,val,0
BERT,mBERT,4,3770,test,0
BERT,mBERT,4,3772,test,0
BERT,mBERT,4,3773,test,1
BERT,mBERT,4,3775,val,2
BERT,mBERT,4,3776,val,2
BERT,mBERT,4,3777,val,0
BERT,mBERT,4,3779,test,0
BERT,mBERT,4,3780,test,2
BERT,mBERT,4,3781,test,2
BERT,mBERT,4,3782,test,2
BERT,mBERT,4,3783,test,0
BERT,mBERT,4,3784,test,0
BERT,mBERT,4,3785,test,2
BERT,mBERT,4,3786,val,1
BERT,mBERT,4,3789,val,2
BERT,mBERT,4,3790,val,0
BERT,mBERT,4,3795,test,0
BERT,mBERT,4,3797,val,2
BERT,mBERT,4,3799,val,0
BERT,mBERT,4,3801,val,0
BERT,mBERT,4,3802,test,2
BERT,mBERT,4,3803,test,0
BERT,mBERT,4,3805,val,2
BERT,mBERT,4,3806,test,0
BERT,mBERT,4,3809,val,0
BERT,mBERT,4,3811,test,1
BERT,mBERT,4,3812,val,0
BERT,mBERT,4,3814,test,1
BERT,mBERT,4,3818,val,0
BERT,mBERT,4,3821,test,0
BERT,mBERT,4,3824,val,0
BERT,mBERT,4,3825,test,0
BERT,mBERT,4,3826,test,0
BERT,mBERT,4,3827,test,0
BERT,mBERT,4,3829,test,1
BERT,mBERT,4,3830,val,2
BERT,mBERT,4,3831,val,0
BERT,mBERT,4,3835,test,2
BERT,mBERT,4,3836,test,0
BERT,mBERT,4,3843,test,2
BERT,mBERT,4,3844,val,2
BERT,mBERT,4,3847,test,2
BERT,mBERT,4,3848,test,1
BERT,mBERT,4,3849,test,1
BERT,mBERT,4,3850,test,1
BERT,mBERT,4,3852,test,2
BERT,mBERT,4,3853,test,0
BERT,mBERT,4,3854,test,0
BERT,mBERT,4,3855,test,0
BERT,mBERT,4,3856,test,0
BERT,mBERT,4,3859,val,2
BERT,mBERT,4,3865,val,0
BERT,mBERT,4,3868,test,1
BERT,mBERT,4,3875,test,0
BERT,mBERT,4,3876,val,2
BERT,mBERT,4,3878,val,2
BERT,mBERT,4,3880,test,1
BERT,mBERT,4,3882,test,2
BERT,mBERT,4,3883,test,0
BERT,mBERT,4,3885,test,0
BERT,mBERT,4,3886,test,0
BERT,mBERT,4,3888,val,1
BERT,mBERT,4,3889,test,0
BERT,mBERT,4,3891,val,0
BERT,mBERT,4,3894,val,0
BERT,mBERT,4,3896,val,2
BERT,mBERT,4,3897,val,0
BERT,mBERT,4,3898,test,2
BERT,mBERT,4,3899,test,0
BERT,mBERT,4,3900,test,0
BERT,mBERT,4,3903,test,0
BERT,mBERT,4,3905,val,2
BERT,mBERT,4,3907,test,0
BERT,mBERT,4,3908,test,0
BERT,mBERT,4,3910,test,1
BERT,mBERT,4,3911,val,0
BERT,mBERT,4,3917,val,0
BERT,mBERT,4,3919,test,0
BERT,mBERT,4,3920,val,0
BERT,mBERT,4,3921,test,2
BERT,mBERT,4,3922,test,2
BERT,mBERT,4,3924,test,0
BERT,mBERT,4,3925,val,0
BERT,mBERT,4,3927,test,0
BERT,mBERT,4,3930,test,0
BERT,mBERT,4,3931,test,0
BERT,mBERT,4,3934,test,2
BERT,mBERT,4,3935,test,2
BERT,mBERT,4,3941,test,1
BERT,mBERT,4,3943,test,2
BERT,mBERT,4,3944,test,0
BERT,mBERT,4,3947,test,0
BERT,mBERT,4,3949,test,0
BERT,mBERT,4,3950,val,2
BERT,mBERT,4,3951,val,0
BERT,mBERT,4,3954,test,0
BERT,mBERT,4,3955,test,2
BERT,mBERT,4,3956,test,0
BERT,mBERT,4,3960,val,2
BERT,mBERT,4,3961,test,0
BERT,mBERT,4,3962,test,0
BERT,mBERT,4,3966,test,0
BERT,mBERT,4,3967,test,0
BERT,mBERT,4,3969,val,2
BERT,mBERT,4,3970,val,0
BERT,mBERT,4,3971,val,2
BERT,mBERT,4,3973,test,0
BERT,mBERT,4,3976,val,0
BERT,mBERT,4,3977,test,1
BERT,mBERT,4,3978,test,0
BERT,mBERT,4,3981,val,0
BERT,mBERT,4,3984,val,2
BERT,mBERT,4,3985,val,0
BERT,mBERT,4,3987,test,0
BERT,mBERT,4,3988,test,0
BERT,mBERT,4,3989,val,2
BERT,mBERT,4,3990,test,2
BERT,mBERT,4,3992,val,0
BERT,mBERT,4,3993,test,0
BERT,mBERT,4,3994,test,2
BERT,mBERT,4,3999,val,0
BERT,mBERT,4,4005,val,0
BERT,mBERT,4,4009,val,0
BERT,mBERT,4,4011,val,2
BERT,mBERT,4,4013,val,0
BERT,mBERT,4,4014,val,0
BERT,mBERT,4,4016,val,0
BERT,mBERT,4,4017,val,2
BERT,mBERT,4,4019,val,0
BERT,mBERT,4,4020,test,0
BERT,mBERT,4,4021,test,2
BERT,mBERT,4,4023,val,0
BERT,mBERT,4,4024,test,2
BERT,mBERT,4,4026,test,0
BERT,mBERT,4,4027,test,0
BERT,mBERT,4,4028,val,0
BERT,mBERT,4,4031,val,2
BERT,mBERT,4,4032,val,0
BERT,mBERT,4,4033,val,0
BERT,mBERT,4,4034,val,0
BERT,mBERT,4,4035,test,0
BERT,mBERT,4,4036,test,2
BERT,mBERT,4,4037,val,0
BERT,mBERT,4,4039,test,0
BERT,mBERT,4,4040,val,0
BERT,mBERT,4,4042,test,2
BERT,mBERT,4,4043,test,1
BERT,mBERT,4,4046,val,2
BERT,mBERT,4,4047,test,0
BERT,mBERT,4,4049,val,0
BERT,mBERT,4,4053,test,0
BERT,mBERT,4,4061,val,0
BERT,mBERT,4,4064,test,2
BERT,mBERT,4,4065,test,0
BERT,mBERT,4,4067,test,0
BERT,mBERT,4,4068,test,0
BERT,mBERT,4,4069,val,2
BERT,mBERT,4,4075,test,2
BERT,mBERT,4,4076,test,2
BERT,mBERT,4,4079,val,2
BERT,mBERT,4,4081,test,1
BERT,mBERT,4,4082,val,2
BERT,mBERT,4,4084,val,0
BERT,mBERT,4,4087,test,0
BERT,mBERT,4,4088,test,0
BERT,mBERT,4,4090,val,0
BERT,mBERT,4,4092,val,2
BERT,mBERT,4,4094,test,0
BERT,mBERT,4,4096,test,0
BERT,mBERT,4,4098,val,0
BERT,mBERT,4,4100,val,0
BERT,mBERT,4,4102,test,0
BERT,mBERT,4,4104,test,2
BERT,mBERT,4,4105,val,0
BERT,mBERT,4,4106,val,0
BERT,mBERT,4,4107,test,0
BERT,mBERT,4,4109,val,0
BERT,mBERT,4,4113,test,0
BERT,mBERT,4,4114,test,0
BERT,mBERT,4,4117,val,2
BERT,mBERT,4,4119,test,2
BERT,mBERT,4,4120,test,1
BERT,mBERT,4,4121,val,2
BERT,mBERT,4,4125,test,0
BERT,mBERT,4,4128,val,0
BERT,mBERT,4,4132,test,0
BERT,mBERT,4,4133,val,0
BERT,mBERT,4,4135,test,1
BERT,mBERT,4,4143,test,2
BERT,mBERT,4,4144,val,0
BERT,mBERT,4,4148,test,2
BERT,mBERT,4,4153,val,0
BERT,mBERT,4,4157,test,2
BERT,mBERT,4,4159,val,2
BERT,mBERT,4,4160,test,2
BERT,mBERT,4,4162,test,2
BERT,mBERT,4,4163,val,0
BERT,mBERT,4,4164,val,2
BERT,mBERT,4,4166,test,0
BERT,mBERT,4,4167,val,0
BERT,mBERT,4,4168,val,0
BERT,mBERT,4,4170,test,2
BERT,mBERT,4,4172,val,0
BERT,mBERT,4,4177,val,0
BERT,mBERT,4,4180,val,1
BERT,mBERT,4,4181,val,1
BERT,mBERT,4,4182,val,2
BERT,mBERT,4,4184,val,2
BERT,mBERT,4,4189,test,2
BERT,mBERT,4,4190,test,2
BERT,mBERT,4,4197,val,0
BERT,mBERT,4,4198,test,1
BERT,mBERT,4,4201,test,2
BERT,mBERT,4,4202,val,0
BERT,mBERT,4,4203,val,2
BERT,mBERT,4,4204,test,1
BERT,mBERT,4,4205,test,2
BERT,mBERT,4,4210,test,2
BERT,mBERT,4,4212,test,0
BERT,mBERT,4,4213,val,0
BERT,mBERT,4,4214,test,0
BERT,mBERT,4,4217,val,0
BERT,mBERT,4,4219,test,2
BERT,mBERT,4,4225,test,0
BERT,mBERT,4,4226,val,0
BERT,mBERT,4,4230,val,0
BERT,mBERT,4,4231,val,2
BERT,mBERT,4,4233,val,0
BERT,mBERT,4,4235,val,0
BERT,mBERT,4,4236,test,0
BERT,mBERT,4,4239,test,0
BERT,mBERT,4,4242,val,2
BERT,mBERT,4,4244,test,0
BERT,mBERT,4,4246,test,0
BERT,mBERT,4,4247,val,0
BERT,mBERT,4,4249,test,0
BERT,mBERT,4,4251,test,2
BERT,mBERT,4,4252,test,0
BERT,mBERT,4,4254,val,0
BERT,mBERT,4,4256,test,2
BERT,mBERT,4,4257,val,0
BERT,mBERT,4,4258,test,2
BERT,mBERT,4,4259,val,1
BERT,mBERT,4,4262,val,0
BERT,mBERT,4,4263,test,2
BERT,mBERT,4,4266,val,2
BERT,mBERT,4,4269,test,2
BERT,mBERT,4,4270,val,0
BERT,mBERT,4,4271,val,2
BERT,mBERT,4,4272,test,2
BERT,mBERT,4,4276,test,2
BERT,mBERT,4,4277,test,0
BERT,mBERT,4,4281,val,0
BERT,mBERT,4,4282,test,0
BERT,mBERT,4,4283,test,1
BERT,mBERT,4,4284,val,0
BERT,mBERT,4,4285,val,0
BERT,mBERT,4,4286,test,0
BERT,mBERT,4,4289,val,0
BERT,mBERT,4,4294,val,0
BERT,mBERT,4,4295,test,2
BERT,mBERT,4,4297,test,0
BERT,mBERT,4,4298,val,0
BERT,mBERT,4,4299,val,0
BERT,mBERT,4,4301,val,0
BERT,mBERT,4,4302,test,0
BERT,mBERT,4,4304,test,2
BERT,mBERT,4,4306,test,0
BERT,mBERT,4,4307,test,0
BERT,mBERT,4,4308,val,0
BERT,mBERT,4,4309,test,0
BERT,mBERT,4,4310,test,0
BERT,mBERT,4,4312,val,2
BERT,mBERT,4,4314,test,2
BERT,mBERT,4,4319,val,2
BERT,mBERT,4,4320,test,1
BERT,mBERT,4,4321,val,1
BERT,mBERT,4,4323,test,2
BERT,mBERT,4,4328,test,0
BERT,mBERT,4,4329,val,0
BERT,mBERT,4,4330,test,2
BERT,mBERT,4,4331,val,0
BERT,mBERT,4,4334,test,1
BERT,mBERT,4,4335,val,2
BERT,mBERT,4,4339,val,2
BERT,mBERT,4,4340,val,0
BERT,mBERT,4,4342,test,2
BERT,mBERT,4,4343,test,0
BERT,mBERT,4,4344,test,0
BERT,mBERT,4,4345,test,0
BERT,mBERT,4,4346,val,0
BERT,mBERT,4,4347,test,2
BERT,mBERT,4,4348,val,2
BERT,mBERT,4,4350,val,0
BERT,mBERT,4,4351,test,2
BERT,mBERT,4,4352,test,0
BERT,mBERT,4,4354,val,2
BERT,mBERT,4,4356,val,0
BERT,mBERT,4,4357,test,0
BERT,mBERT,4,4358,test,2
BERT,mBERT,4,4359,test,0
BERT,mBERT,4,4360,test,2
BERT,mBERT,4,4364,val,1
BERT,mBERT,4,4365,test,2
BERT,mBERT,4,4366,test,1
BERT,mBERT,4,4368,test,2
BERT,mBERT,4,4369,val,0
BERT,mBERT,4,4373,test,2
BERT,mBERT,4,4376,val,2
BERT,mBERT,4,4377,val,2
BERT,mBERT,4,4378,val,2
BERT,mBERT,4,4381,test,2
BERT,mBERT,4,4382,val,1
BERT,mBERT,4,4383,test,0
BERT,mBERT,4,4386,test,1
BERT,mBERT,4,4387,test,0
BERT,mBERT,4,4388,val,0
BERT,mBERT,4,4390,test,0
BERT,mBERT,4,4391,test,0
BERT,mBERT,4,4394,val,0
BERT,mBERT,4,4402,val,2
BERT,mBERT,4,4407,test,1
BERT,mBERT,4,4409,test,2
BERT,mBERT,4,4412,test,0
BERT,mBERT,4,4414,val,2
BERT,mBERT,4,4419,test,2
BERT,mBERT,4,4423,val,0
BERT,mBERT,4,4426,test,2
BERT,mBERT,4,4432,test,0
BERT,mBERT,4,4433,test,0
BERT,mBERT,4,4434,val,1
BERT,mBERT,4,4436,test,0
BERT,mBERT,4,4440,val,0
BERT,mBERT,4,4441,val,0
BERT,mBERT,4,4442,val,1
BERT,mBERT,4,4443,test,0
BERT,mBERT,4,4447,test,0
BERT,mBERT,4,4452,test,0
BERT,mBERT,4,4454,val,0
BERT,mBERT,4,4457,test,0
BERT,mBERT,4,4462,test,1
BERT,mBERT,4,4463,test,2
BERT,mBERT,4,4464,test,0
BERT,mBERT,4,4467,val,2
BERT,mBERT,4,4468,test,0
BERT,mBERT,4,4469,val,0
BERT,mBERT,4,4470,val,2
BERT,mBERT,4,4472,test,0
BERT,mBERT,4,4474,test,0
BERT,mBERT,4,4478,val,1
BERT,mBERT,4,4479,test,2
BERT,mBERT,4,4481,test,2
BERT,mBERT,4,4482,test,0
BERT,mBERT,4,4483,val,0
BERT,mBERT,4,4484,test,1
BERT,mBERT,4,4485,val,0
BERT,mBERT,4,4486,val,1
BERT,mBERT,4,4489,test,0
BERT,mBERT,4,4490,val,2
BERT,mBERT,4,4491,test,0
BERT,mBERT,4,4492,val,0
BERT,mBERT,4,4498,val,2
BERT,mBERT,4,4500,test,2
BERT,mBERT,4,4501,test,0
BERT,mBERT,4,4502,val,0
BERT,mBERT,4,4505,val,0
BERT,mBERT,4,4506,test,0
BERT,mBERT,4,4508,test,0
BERT,mBERT,4,4509,val,0
BERT,mBERT,4,4511,val,0
BERT,mBERT,4,4513,val,2
BERT,mBERT,4,4516,val,0
BERT,mBERT,4,4518,val,0
BERT,mBERT,4,4519,val,0
BERT,mBERT,4,4521,test,2
BERT,mBERT,4,4523,test,0
BERT,mBERT,4,4526,val,0
BERT,mBERT,4,4529,test,0
BERT,mBERT,4,4531,test,0
BERT,mBERT,4,4532,test,0
BERT,mBERT,4,4533,test,0
BERT,mBERT,4,4537,test,1
BERT,mBERT,4,4538,test,2
BERT,mBERT,4,4539,val,2
BERT,mBERT,4,4540,test,0
BERT,mBERT,4,4543,test,1
BERT,mBERT,4,4544,test,1
BERT,mBERT,4,4545,test,0
BERT,mBERT,4,4547,test,1
BERT,mBERT,4,4548,test,0
BERT,mBERT,4,4550,test,0
BERT,mBERT,4,4551,val,0
BERT,mBERT,4,4553,test,0
BERT,mBERT,4,4555,val,0
BERT,mBERT,4,4558,test,2
BERT,mBERT,4,4560,val,0
BERT,mBERT,4,4562,test,0
BERT,mBERT,4,4567,test,0
BERT,mBERT,4,4568,val,0
BERT,mBERT,4,4569,test,0
BERT,mBERT,4,4571,test,1
BERT,mBERT,4,4573,val,0
BERT,mBERT,4,4574,val,0
BERT,mBERT,4,4575,test,0
BERT,mBERT,4,4580,test,2
BERT,mBERT,4,4584,test,0
BERT,mBERT,4,4585,test,0
BERT,mBERT,4,4586,val,0
BERT,mBERT,4,4587,test,0
BERT,mBERT,4,4588,test,0
BERT,mBERT,4,4590,val,0
BERT,mBERT,4,4594,test,0
BERT,mBERT,4,4599,val,1
BERT,mBERT,4,4600,test,0
BERT,mBERT,4,4601,test,2
BERT,mBERT,4,4602,test,2
BERT,mBERT,4,4603,test,1
BERT,mBERT,4,4605,test,0
BERT,mBERT,4,4606,test,0
BERT,mBERT,4,4607,val,0
BERT,mBERT,4,4610,test,2
BERT,mBERT,4,4611,test,2
BERT,mBERT,4,4612,test,0
BERT,mBERT,4,4613,val,0
BERT,mBERT,4,4614,test,2
BERT,mBERT,4,4616,test,2
BERT,mBERT,4,4617,test,0
BERT,mBERT,4,4618,test,2
BERT,mBERT,4,4619,val,0
BERT,mBERT,4,4620,val,1
BERT,mBERT,4,4624,test,0
BERT,mBERT,4,4626,test,2
BERT,mBERT,4,4627,val,0
BERT,mBERT,4,4628,val,1
BERT,mBERT,4,4632,val,1
BERT,mBERT,4,4633,val,0
BERT,mBERT,4,4634,test,0
BERT,mBERT,4,4635,val,0
BERT,mBERT,4,4636,test,0
BERT,mBERT,4,4639,test,1
BERT,mBERT,4,4640,test,2
BERT,mBERT,4,4642,val,0
BERT,mBERT,4,4645,val,2
BERT,mBERT,4,4646,test,2
BERT,mBERT,4,4650,test,0
BERT,mBERT,4,4652,val,2
BERT,mBERT,4,4654,val,0
BERT,mBERT,4,4656,val,2
BERT,mBERT,4,4657,val,0
BERT,mBERT,4,4659,val,1
BERT,mBERT,4,4660,test,0
BERT,mBERT,4,4662,val,0
BERT,mBERT,4,4663,val,2
BERT,mBERT,4,4669,val,2
BERT,mBERT,4,4670,val,0
BERT,mBERT,4,4674,test,2
BERT,mBERT,4,4676,test,0
BERT,mBERT,4,4679,test,0
BERT,mBERT,4,4680,test,2
BERT,mBERT,4,4685,test,0
BERT,mBERT,4,4690,val,2
BERT,mBERT,4,4691,test,0
BERT,mBERT,4,4693,test,2
BERT,mBERT,4,4694,test,0
BERT,mBERT,4,4695,test,2
BERT,mBERT,4,4696,val,2
BERT,mBERT,4,4697,val,0
BERT,mBERT,4,4699,val,2
BERT,mBERT,4,4700,val,0
BERT,mBERT,4,4701,test,1
BERT,mBERT,4,4703,test,0
BERT,mBERT,4,4704,test,0
BERT,mBERT,4,4705,val,0
BERT,mBERT,4,4706,test,0
BERT,mBERT,4,4707,val,1
BERT,mBERT,4,4708,val,0
BERT,mBERT,4,4709,test,2
BERT,mBERT,4,4710,val,0
BERT,mBERT,4,4713,val,0
BERT,mBERT,4,4715,test,2
BERT,mBERT,4,4716,val,0
BERT,mBERT,4,4717,test,0
BERT,mBERT,4,4726,val,0
BERT,mBERT,4,4730,val,2
BERT,mBERT,4,4737,val,2
BERT,mBERT,4,4742,test,2
BERT,mBERT,4,4743,test,2
BERT,mBERT,4,4746,val,1
BERT,mBERT,4,4748,test,2
BERT,mBERT,4,4751,val,0
BERT,mBERT,4,4752,test,2
BERT,mBERT,4,4754,val,0
BERT,mBERT,4,4755,test,0
BERT,mBERT,4,4762,test,2
BERT,mBERT,4,4766,test,0
BERT,mBERT,4,4767,val,0
BERT,mBERT,4,4770,val,0
BERT,mBERT,4,4774,test,0
BERT,mBERT,4,4776,val,0
BERT,mBERT,4,4777,val,2
BERT,mBERT,4,4778,test,0
BERT,mBERT,4,4780,test,0
BERT,mBERT,4,4782,test,0
BERT,mBERT,4,4783,test,0
BERT,mBERT,4,4784,test,1
BERT,mBERT,4,4785,val,0
BERT,mBERT,4,4787,test,2
BERT,mBERT,4,4791,test,0
BERT,mBERT,4,4796,val,1
BERT,mBERT,4,4797,test,2
BERT,mBERT,4,4798,test,0
BERT,mBERT,4,4800,test,0
BERT,mBERT,4,4809,test,1
BERT,mBERT,4,4811,val,2
BERT,mBERT,4,4814,val,0
BERT,mBERT,4,4815,test,0
BERT,mBERT,4,4816,test,0
BERT,mBERT,4,4818,val,1
BERT,mBERT,4,4820,test,0
BERT,mBERT,4,4823,test,2
BERT,mBERT,4,4824,test,2
BERT,mBERT,4,4825,test,0
BERT,mBERT,4,4827,test,2
BERT,mBERT,4,4828,test,2
BERT,mBERT,4,4833,val,2
BERT,mBERT,4,4835,test,0
BERT,mBERT,4,4837,val,2
BERT,mBERT,4,4838,val,2
BERT,mBERT,4,4839,test,0
BERT,mBERT,4,4840,val,2
BERT,mBERT,4,4841,val,0
BERT,mBERT,4,4844,test,0
BERT,mBERT,4,4850,val,2
BERT,mBERT,4,4853,test,0
BERT,mBERT,4,4854,test,0
BERT,mBERT,4,4857,val,2
BERT,mBERT,4,4858,test,2
BERT,mBERT,4,4860,val,2
BERT,mBERT,4,4861,val,2
BERT,mBERT,4,4862,val,0
BERT,mBERT,4,4863,test,1
BERT,mBERT,4,4864,test,2
BERT,mBERT,4,4865,test,0
BERT,mBERT,4,4866,val,0
BERT,mBERT,4,4867,test,0
BERT,mBERT,4,4870,test,1
BERT,mBERT,4,4871,test,0
BERT,mBERT,4,4873,val,1
BERT,mBERT,4,4876,test,2
BERT,mBERT,4,4879,test,2
BERT,mBERT,4,4880,val,2
BERT,mBERT,4,4882,test,0
BERT,mBERT,4,4883,val,0
BERT,mBERT,4,4886,test,0
BERT,mBERT,4,4887,val,2
BERT,mBERT,4,4888,test,2
BERT,mBERT,4,4889,test,0
BERT,mBERT,4,4892,test,0
BERT,mBERT,4,4894,val,2
BERT,mBERT,4,4898,test,0
BERT,mBERT,4,4901,val,1
BERT,mBERT,4,4902,val,0
BERT,mBERT,4,4904,test,1
BERT,mBERT,4,4905,val,2
BERT,mBERT,4,4907,test,0
BERT,mBERT,4,4908,val,0
BERT,mBERT,4,4910,test,0
BERT,mBERT,4,4912,val,0
BERT,mBERT,4,4913,val,0
BERT,mBERT,4,4915,test,0
BERT,mBERT,4,4917,test,2
BERT,mBERT,4,4918,val,0
BERT,mBERT,4,4927,val,0
BERT,mBERT,4,4930,val,0
BERT,mBERT,4,4932,test,2
BERT,mBERT,4,4934,test,0
BERT,mBERT,4,4935,val,0
BERT,mBERT,4,4938,val,0
BERT,mBERT,4,4939,test,0
BERT,mBERT,4,4940,test,0
BERT,mBERT,4,4941,test,2
BERT,mBERT,4,4942,test,2
BERT,mBERT,4,4943,test,0
BERT,mBERT,4,4945,test,0
BERT,mBERT,4,4946,test,0
BERT,mBERT,4,4947,test,1
BERT,mBERT,4,4948,test,0
BERT,mBERT,4,4949,val,2
BERT,mBERT,4,4952,val,0
BERT,mBERT,4,4953,test,0
BERT,mBERT,4,4954,test,2
BERT,mBERT,4,4957,test,0
BERT,mBERT,4,4958,test,0
BERT,mBERT,4,4960,val,2
BERT,mBERT,4,4962,test,2
BERT,mBERT,4,4963,test,1
BERT,mBERT,4,4964,val,0
BERT,mBERT,4,4965,test,0
BERT,mBERT,4,4967,test,2
BERT,mBERT,4,4969,test,2
BERT,mBERT,4,4972,test,0
BERT,mBERT,4,4974,val,2
BERT,mBERT,4,4976,test,2
BERT,mBERT,4,4977,val,0
BERT,mBERT,4,4978,val,2
BERT,mBERT,4,4980,test,0
BERT,mBERT,4,4982,val,0
BERT,mBERT,4,4983,test,0
BERT,mBERT,4,4985,test,0
BERT,mBERT,4,4987,test,2
BERT,mBERT,4,4988,val,0
BERT,mBERT,4,4989,test,0
BERT,mBERT,4,4991,test,0
BERT,mBERT,4,4992,test,0
BERT,mBERT,4,4994,test,0
BERT,mBERT,4,4996,val,0
BERT,mBERT,4,4998,test,2
BERT,mBERT,4,4999,test,0
BERT,mBERT,4,5000,test,2
BERT,mBERT,4,5001,val,0
BERT,mBERT,4,5003,test,2
BERT,mBERT,4,5004,test,2
BERT,mBERT,4,5005,test,2
BERT,mBERT,4,5007,test,2
BERT,mBERT,4,5008,val,0
BERT,mBERT,4,5009,test,0
BERT,mBERT,4,5010,val,2
BERT,mBERT,4,5013,test,0
BERT,mBERT,4,5014,test,0
BERT,mBERT,4,5018,val,2
BERT,mBERT,4,5022,val,0
BERT,mBERT,4,5024,test,2
BERT,mBERT,4,5025,val,0
BERT,mBERT,4,5026,test,0
BERT,mBERT,4,5027,test,0
BERT,mBERT,4,5029,test,1
BERT,mBERT,4,5031,test,0
BERT,mBERT,4,5036,test,2
BERT,mBERT,4,5037,val,0
BERT,mBERT,4,5039,test,0
BERT,mBERT,4,5041,val,0
BERT,mBERT,4,5043,val,0
BERT,mBERT,4,5044,test,2
BERT,mBERT,4,5045,val,0
BERT,mBERT,4,5046,val,2
BERT,mBERT,4,5048,val,2
BERT,mBERT,4,5049,val,0
BERT,mBERT,4,5050,test,0
BERT,mBERT,4,5058,val,2
BERT,mBERT,4,5059,val,2
BERT,mBERT,4,5061,test,1
BERT,mBERT,4,5062,test,2
BERT,mBERT,4,5065,val,0
BERT,mBERT,4,5066,val,0
BERT,mBERT,4,5068,test,2
BERT,mBERT,4,5069,val,1
BERT,mBERT,4,5074,test,0
BERT,mBERT,4,5075,test,0
BERT,mBERT,4,5077,val,0
BERT,mBERT,4,5082,val,0
BERT,mBERT,4,5083,val,0
BERT,mBERT,4,5084,test,2
BERT,mBERT,4,5085,test,1
BERT,mBERT,4,5086,test,2
BERT,mBERT,4,5088,test,2
BERT,mBERT,4,5089,test,0
BERT,mBERT,4,5091,test,0
BERT,mBERT,4,5094,test,0
BERT,mBERT,4,5096,val,0
BERT,mBERT,4,5097,test,2
BERT,mBERT,4,5099,val,2
BERT,mBERT,4,5103,test,0
BERT,mBERT,4,5104,test,0
BERT,mBERT,4,5105,test,2
BERT,mBERT,4,5107,val,2
BERT,mBERT,4,5113,test,0
BERT,mBERT,4,5114,test,0
BERT,mBERT,4,5117,test,0
BERT,mBERT,4,5118,test,0
BERT,mBERT,4,5119,test,0
BERT,mBERT,4,5121,val,0
BERT,mBERT,4,5122,val,2
BERT,mBERT,4,5123,test,1
BERT,mBERT,4,5126,test,0
BERT,mBERT,4,5127,test,0
BERT,mBERT,4,5129,val,2
BERT,mBERT,4,5130,val,0
BERT,mBERT,4,5132,val,0
BERT,mBERT,4,5134,test,2
BERT,mBERT,4,5135,val,0
BERT,mBERT,4,5136,test,2
BERT,mBERT,4,5139,test,0
BERT,mBERT,4,5140,test,0
BERT,mBERT,4,5141,test,2
BERT,mBERT,4,5142,val,2
BERT,mBERT,4,5143,test,0
BERT,mBERT,4,5146,test,0
BERT,mBERT,4,5148,test,0
BERT,mBERT,4,5149,test,0
BERT,mBERT,4,5150,test,2
BERT,mBERT,4,5151,val,2
BERT,mBERT,4,5152,val,2
BERT,mBERT,4,5156,test,0
BERT,mBERT,4,5160,val,0
BERT,mBERT,4,5162,test,0
BERT,mBERT,4,5164,test,2
BERT,mBERT,4,5165,test,0
BERT,mBERT,4,5169,test,0
BERT,mBERT,4,5170,test,0
BERT,mBERT,4,5172,val,2
BERT,mBERT,4,5174,test,0
BERT,mBERT,4,5183,val,0
BERT,mBERT,4,5184,val,0
BERT,mBERT,4,5185,val,0
BERT,mBERT,4,5187,test,2
BERT,mBERT,4,5189,test,0
BERT,mBERT,4,5198,val,0
BERT,mBERT,4,5200,test,2
BERT,mBERT,4,5202,test,0
BERT,mBERT,4,5205,test,1
BERT,mBERT,4,5206,test,1
BERT,mBERT,4,5208,test,0
BERT,mBERT,4,5210,val,2
BERT,mBERT,4,5211,val,0
BERT,mBERT,4,5212,test,0
BERT,mBERT,4,5213,test,1
BERT,mBERT,4,5214,test,0
BERT,mBERT,4,5215,val,0
BERT,mBERT,4,5216,test,0
BERT,mBERT,4,5218,test,0
BERT,mBERT,4,5225,val,2
BERT,mBERT,4,5226,test,0
BERT,mBERT,4,5227,test,0
BERT,mBERT,4,5228,test,0
BERT,mBERT,4,5229,test,0
BERT,mBERT,4,5230,val,0
BERT,mBERT,4,5234,test,0
BERT,mBERT,4,5235,val,0
BERT,mBERT,4,5236,test,0
BERT,mBERT,4,5237,val,1
BERT,mBERT,4,5238,test,2
BERT,mBERT,4,5239,test,0
BERT,mBERT,4,5240,test,0
BERT,mBERT,4,5241,test,2
BERT,mBERT,4,5248,val,1
BERT,mBERT,4,5249,val,1
BERT,mBERT,4,5251,test,2
BERT,mBERT,4,5252,val,0
BERT,mBERT,4,5255,test,2
BERT,mBERT,4,5260,test,0
BERT,mBERT,4,5264,test,2
BERT,mBERT,4,5265,test,0
BERT,mBERT,4,5266,test,0
BERT,mBERT,4,5269,test,2
BERT,mBERT,4,5272,val,2
BERT,mBERT,4,5275,test,0
BERT,mBERT,4,5278,val,0
BERT,mBERT,4,5279,test,0
BERT,mBERT,4,5281,test,2
BERT,mBERT,4,5282,test,0
BERT,mBERT,4,5283,val,0
BERT,mBERT,4,5284,test,2
BERT,mBERT,4,5285,val,0
BERT,mBERT,4,5291,test,0
BERT,mBERT,4,5292,test,2
BERT,mBERT,4,5295,test,2
BERT,mBERT,4,5296,val,0
BERT,mBERT,4,5300,val,0
BERT,mBERT,4,5301,test,0
BERT,mBERT,4,5302,val,0
BERT,mBERT,4,5303,val,0
BERT,mBERT,4,5304,test,0
BERT,mBERT,4,5306,val,2
BERT,mBERT,4,5307,test,0
BERT,mBERT,4,5311,test,2
BERT,mBERT,4,5312,val,0
BERT,mBERT,4,5315,test,0
BERT,mBERT,4,5316,val,2
BERT,mBERT,4,5317,test,2
BERT,mBERT,4,5318,test,0
BERT,mBERT,4,5319,test,0
BERT,mBERT,4,5321,val,0
BERT,mBERT,4,5324,test,0
BERT,mBERT,4,5325,val,2
BERT,mBERT,4,5327,test,0
BERT,mBERT,4,5328,test,0
BERT,mBERT,4,5329,val,0
BERT,mBERT,4,5330,test,2
BERT,mBERT,4,5331,test,0
BERT,mBERT,4,5332,test,2
BERT,mBERT,4,5333,val,0
BERT,mBERT,4,5334,test,2
BERT,mBERT,4,5336,val,0
BERT,mBERT,4,5339,test,0
BERT,mBERT,4,5342,test,0
BERT,mBERT,4,5344,test,0
BERT,mBERT,4,5345,test,0
BERT,mBERT,4,5346,val,2
BERT,mBERT,4,5349,test,0
BERT,mBERT,4,5352,val,2
BERT,mBERT,4,5354,val,2
BERT,mBERT,4,5355,test,0
BERT,mBERT,4,5357,test,0
BERT,mBERT,4,5360,test,0
BERT,mBERT,4,5364,test,2
BERT,mBERT,4,5365,val,2
BERT,mBERT,4,5366,val,0
BERT,mBERT,4,5369,test,2
BERT,mBERT,4,5370,test,0
BERT,mBERT,4,5373,test,0
BERT,mBERT,4,5376,val,0
BERT,mBERT,4,5377,val,1
BERT,mBERT,4,5378,test,0
BERT,mBERT,4,5383,test,0
BERT,mBERT,4,5384,val,1
BERT,mBERT,4,5388,test,1
BERT,mBERT,4,5389,test,0
BERT,mBERT,4,5390,val,1
BERT,mBERT,4,5391,val,0
BERT,mBERT,4,5392,test,0
BERT,mBERT,4,5393,test,2
BERT,mBERT,4,5395,val,0
BERT,mBERT,4,5396,val,0
BERT,mBERT,4,5397,test,0
BERT,mBERT,4,5398,val,0
BERT,mBERT,4,5399,val,1
BERT,mBERT,4,5400,test,1
BERT,mBERT,4,5402,val,0
BERT,mBERT,4,5409,test,0
BERT,mBERT,4,5411,test,0
BERT,mBERT,4,5412,test,2
BERT,mBERT,4,5415,test,2
BERT,mBERT,4,5416,val,0
BERT,mBERT,4,5417,test,0
BERT,mBERT,4,5419,test,0
BERT,mBERT,4,5420,test,0
BERT,mBERT,4,5422,test,0
BERT,mBERT,4,5423,test,0
BERT,mBERT,4,5424,test,0
BERT,mBERT,4,5426,test,2
BERT,mBERT,4,5427,val,2
BERT,mBERT,4,5428,test,0
BERT,mBERT,4,5429,test,2
BERT,mBERT,4,5432,val,0
BERT,mBERT,4,5438,val,2
BERT,mBERT,4,5442,test,1
BERT,mBERT,4,5445,test,0
BERT,mBERT,4,5446,test,0
BERT,mBERT,4,5447,val,2
BERT,mBERT,4,5448,test,2
BERT,mBERT,4,5450,val,0
BERT,mBERT,4,5452,test,0
BERT,mBERT,4,5453,val,0
BERT,mBERT,4,5454,test,0
BERT,mBERT,4,5455,test,1
BERT,mBERT,4,5457,test,0
BERT,mBERT,4,5458,val,0
BERT,mBERT,4,5462,val,0
BERT,mBERT,4,5464,test,2
BERT,mBERT,4,5466,val,0
BERT,mBERT,4,5467,test,2
BERT,mBERT,4,5468,test,0
BERT,mBERT,4,5469,test,1
BERT,mBERT,4,5470,test,2
BERT,mBERT,4,5471,test,0
BERT,mBERT,4,5473,test,0
BERT,mBERT,4,5474,val,2
BERT,mBERT,4,5477,val,2
BERT,mBERT,4,5483,test,2
BERT,mBERT,4,5484,val,2
BERT,mBERT,4,5485,test,0
BERT,mBERT,4,5487,test,2
BERT,mBERT,4,5488,val,0
BERT,mBERT,4,5494,val,0
BERT,mBERT,4,5495,val,0
BERT,mBERT,4,5496,test,0
BERT,mBERT,4,5498,val,0
BERT,mBERT,4,5499,test,0
BERT,mBERT,4,5507,test,0
BERT,mBERT,4,5508,test,0
BERT,mBERT,4,5509,val,0
BERT,mBERT,4,5510,test,0
BERT,mBERT,4,5512,test,1
BERT,mBERT,4,5515,val,2
BERT,mBERT,4,5518,val,2
BERT,mBERT,4,5520,val,0
BERT,mBERT,4,5521,test,0
BERT,mBERT,4,5525,test,2
BERT,mBERT,4,5526,test,0
BERT,mBERT,4,5527,test,2
BERT,mBERT,4,5528,val,0
BERT,mBERT,4,5530,test,1
BERT,mBERT,4,5531,test,0
BERT,mBERT,4,5533,test,2
BERT,mBERT,4,5535,val,2
BERT,mBERT,4,5536,test,0
BERT,mBERT,4,5538,test,0
BERT,mBERT,4,5539,test,0
BERT,mBERT,4,5540,test,0
BERT,mBERT,4,5541,test,2
BERT,mBERT,4,5542,test,1
BERT,mBERT,4,5544,test,1
BERT,mBERT,4,5545,test,0
BERT,mBERT,4,5547,val,2
BERT,mBERT,4,5548,test,0
BERT,mBERT,4,5550,val,0
BERT,mBERT,4,5551,test,0
BERT,mBERT,4,5553,val,1
BERT,mBERT,4,5554,test,2
BERT,mBERT,4,5555,test,2
BERT,mBERT,4,5557,test,2
BERT,mBERT,4,5559,val,0
BERT,mBERT,4,5560,test,1
BERT,mBERT,4,5561,test,2
BERT,mBERT,4,5563,test,1
BERT,mBERT,4,5566,test,2
BERT,mBERT,4,5570,test,0
BERT,mBERT,4,5571,val,1
BERT,mBERT,4,5572,test,0
BERT,mBERT,4,5573,val,0
BERT,mBERT,4,5575,test,2
BERT,mBERT,4,5577,test,1
BERT,mBERT,4,5578,test,0
BERT,mBERT,4,5579,test,0
BERT,mBERT,4,5580,test,0
BERT,mBERT,4,5581,test,0
BERT,mBERT,4,5582,test,0
BERT,mBERT,4,5583,test,0
BERT,mBERT,4,5584,test,0
BERT,mBERT,4,5589,test,0
BERT,mBERT,4,5591,val,0
BERT,mBERT,4,5592,val,0
BERT,mBERT,4,5593,val,0
BERT,mBERT,4,5595,test,0
BERT,mBERT,4,5596,test,0
BERT,mBERT,4,5597,test,0
BERT,mBERT,4,5602,val,0
BERT,mBERT,4,5603,test,2
BERT,mBERT,4,5604,test,0
BERT,mBERT,4,5605,val,1
BERT,mBERT,4,5613,test,0
BERT,mBERT,4,5614,test,2
BERT,mBERT,4,5615,val,0
BERT,mBERT,4,5618,test,0
BERT,mBERT,4,5619,val,0
BERT,mBERT,4,5623,val,1
BERT,mBERT,4,5625,test,2
BERT,mBERT,4,5626,test,2
BERT,mBERT,4,5629,val,0
BERT,mBERT,4,5631,val,0
BERT,mBERT,4,5632,val,1
BERT,mBERT,4,5634,val,0
BERT,mBERT,4,5637,test,2
BERT,mBERT,4,5641,test,2
BERT,mBERT,4,5642,val,2
BERT,mBERT,4,5644,test,2
BERT,mBERT,4,5646,test,0
BERT,mBERT,4,5647,val,1
BERT,mBERT,4,5650,test,2
BERT,mBERT,4,5651,test,2
BERT,mBERT,4,5652,val,2
BERT,mBERT,4,5653,val,0
BERT,mBERT,4,5654,val,1
BERT,mBERT,4,5655,val,0
BERT,mBERT,4,5658,val,0
BERT,mBERT,4,5659,val,0
BERT,mBERT,4,5660,val,0
BERT,mBERT,4,5661,test,0
BERT,mBERT,4,5664,val,0
BERT,mBERT,4,5665,val,0
BERT,mBERT,4,5670,test,1
BERT,mBERT,4,5672,test,0
BERT,mBERT,4,5673,test,1
BERT,mBERT,4,5676,test,0
BERT,mBERT,4,5677,val,0
BERT,mBERT,4,5678,val,0
BERT,mBERT,4,5679,test,0
BERT,mBERT,4,5680,test,0
BERT,mBERT,4,5682,test,0
BERT,mBERT,4,5684,val,2
BERT,mBERT,4,5686,test,0
BERT,mBERT,4,5688,test,0
BERT,mBERT,4,5689,val,0
BERT,mBERT,4,5691,val,0
BERT,mBERT,4,5692,val,2
BERT,mBERT,4,5695,test,0
BERT,mBERT,4,5696,test,0
BERT,mBERT,4,5698,test,0
BERT,mBERT,4,5701,test,1
BERT,mBERT,4,5702,val,2
BERT,mBERT,4,5703,test,0
BERT,mBERT,4,5706,test,0
BERT,mBERT,4,5707,test,0
BERT,mBERT,4,5709,val,0
BERT,mBERT,4,5713,test,0
BERT,mBERT,4,5714,test,1
BERT,mBERT,4,5716,val,0
BERT,mBERT,4,5717,test,0
BERT,mBERT,4,5718,test,0
BERT,mBERT,4,5724,val,0
BERT,mBERT,4,5726,val,0
BERT,mBERT,4,5727,test,0
BERT,mBERT,4,5728,val,0
BERT,mBERT,4,5729,val,2
BERT,mBERT,4,5730,test,2
BERT,mBERT,4,5731,val,2
BERT,mBERT,4,5732,test,0
BERT,mBERT,4,5736,test,0
BERT,mBERT,4,5737,val,2
BERT,mBERT,4,5739,test,2
BERT,mBERT,4,5740,test,0
BERT,mBERT,4,5741,val,2
BERT,mBERT,4,5742,test,2
BERT,mBERT,4,5745,test,2
BERT,mBERT,4,5746,test,2
BERT,mBERT,4,5747,test,0
BERT,mBERT,4,5748,test,0
BERT,mBERT,4,5749,test,0
BERT,mBERT,4,5750,val,1
BERT,mBERT,4,5751,test,2
BERT,mBERT,4,5754,val,0
BERT,mBERT,4,5755,val,1
BERT,mBERT,4,5761,test,0
BERT,mBERT,4,5762,test,0
BERT,mBERT,4,5763,test,2
BERT,mBERT,4,5766,test,0
BERT,mBERT,4,5767,val,1
BERT,mBERT,4,5769,val,0
BERT,mBERT,4,5770,test,0
BERT,mBERT,4,5772,test,2
BERT,mBERT,4,5776,val,2
BERT,mBERT,4,5777,test,0
BERT,mBERT,4,5780,test,0
BERT,mBERT,4,5783,val,0
BERT,mBERT,4,5784,val,0
BERT,mBERT,4,5785,val,1
BERT,mBERT,4,5786,val,1
BERT,mBERT,4,5789,test,2
BERT,mBERT,4,5791,test,0
BERT,mBERT,4,5793,test,0
BERT,mBERT,4,5794,test,2
BERT,mBERT,4,5797,val,1
BERT,mBERT,4,5798,val,0
BERT,mBERT,4,5801,test,1
BERT,mBERT,4,5804,test,0
BERT,mBERT,4,5807,test,0
BERT,mBERT,4,5810,test,2
BERT,mBERT,4,5811,test,0
BERT,mBERT,4,5817,test,1
BERT,mBERT,4,5820,val,0
BERT,mBERT,4,5821,val,0
BERT,mBERT,4,5823,val,1
BERT,mBERT,4,5826,val,2
BERT,mBERT,4,5828,val,1
BERT,mBERT,4,5831,test,0
BERT,mBERT,4,5832,test,0
BERT,mBERT,4,5835,test,0
BERT,mBERT,4,5838,test,2
BERT,mBERT,4,5839,val,1
BERT,mBERT,4,5840,val,1
BERT,mBERT,4,5841,test,0
BERT,mBERT,4,5842,test,0
BERT,mBERT,4,5844,test,0
BERT,mBERT,4,5845,val,0
BERT,mBERT,4,5846,test,0
BERT,mBERT,4,5853,val,2
BERT,mBERT,4,5857,val,1
BERT,mBERT,4,5860,val,0
BERT,mBERT,4,5862,val,0
BERT,mBERT,4,5863,val,0
BERT,mBERT,4,5865,test,2
BERT,mBERT,4,5867,val,2
BERT,mBERT,4,5868,val,0
BERT,mBERT,4,5869,val,0
BERT,mBERT,4,5874,val,2
BERT,mBERT,4,5876,test,0
BERT,mBERT,4,5878,test,0
BERT,mBERT,4,5879,test,0
BERT,mBERT,4,5880,val,2
BERT,mBERT,4,5882,test,0
BERT,mBERT,4,5885,test,0
BERT,mBERT,4,5887,test,0
BERT,mBERT,4,5888,test,0
BERT,mBERT,4,5889,test,0
BERT,mBERT,4,5890,val,0
BERT,mBERT,4,5891,test,0
BERT,mBERT,4,5894,test,1
BERT,mBERT,4,5898,test,0
BERT,mBERT,4,5899,val,2
BERT,mBERT,4,5901,test,0
BERT,mBERT,4,5903,val,0
BERT,mBERT,4,5904,test,1
BERT,mBERT,4,5905,test,0
BERT,mBERT,4,5906,test,0
BERT,mBERT,4,5907,val,0
BERT,mBERT,4,5908,test,0
BERT,mBERT,4,5909,test,0
BERT,mBERT,4,5912,test,2
BERT,mBERT,4,5919,test,0
BERT,mBERT,4,5920,val,0
BERT,mBERT,4,5924,val,2
BERT,mBERT,4,5926,test,0
BERT,mBERT,4,5927,val,2
BERT,mBERT,4,5928,test,2
BERT,mBERT,4,5929,val,2
BERT,mBERT,4,5930,test,0
BERT,mBERT,4,5932,val,0
BERT,mBERT,4,5933,test,2
BERT,mBERT,4,5940,val,0
BERT,mBERT,4,5943,test,0
BERT,mBERT,4,5947,test,0
BERT,mBERT,4,5949,test,0
BERT,mBERT,4,5951,test,1
BERT,mBERT,4,5952,test,0
BERT,mBERT,4,5954,test,0
BERT,mBERT,4,5955,val,2
BERT,mBERT,4,5961,val,0
BERT,mBERT,4,5966,val,2
BERT,mBERT,4,5969,val,1
BERT,mBERT,4,5972,val,2
BERT,mBERT,4,5974,test,0
BERT,mBERT,4,5975,test,2
BERT,mBERT,4,5977,val,0
BERT,mBERT,4,5978,test,0
BERT,mBERT,4,5980,val,2
BERT,mBERT,4,5981,test,0
BERT,mBERT,4,5982,test,2
BERT,mBERT,4,5983,test,2
BERT,mBERT,4,5986,test,0
BERT,mBERT,4,5989,test,2
BERT,mBERT,4,5990,test,0
BERT,mBERT,4,5992,val,0
BERT,mBERT,4,5994,val,1
BERT,mBERT,4,5995,val,0
BERT,mBERT,4,5997,test,1
BERT,mBERT,4,6000,val,0
BERT,mBERT,4,6001,test,0
BERT,mBERT,4,6003,test,2
BERT,mBERT,4,6004,val,2
BERT,mBERT,4,6005,test,0
BERT,mBERT,4,6006,test,1
BERT,mBERT,4,6007,test,0
BERT,mBERT,4,6008,val,0
BERT,mBERT,4,6012,test,1
BERT,mBERT,4,6013,test,0
BERT,mBERT,4,6014,val,0
BERT,mBERT,4,6016,test,2
BERT,mBERT,4,6017,test,0
BERT,mBERT,4,6018,val,2
BERT,mBERT,4,6019,test,0
BERT,mBERT,4,6020,test,0
BERT,mBERT,4,6022,test,0
BERT,mBERT,4,6023,val,2
BERT,mBERT,4,6025,test,2
BERT,mBERT,4,6026,test,0
BERT,mBERT,4,6030,val,0
BERT,mBERT,4,6031,val,1
BERT,mBERT,4,6032,test,0
BERT,mBERT,4,6033,val,0
BERT,mBERT,4,6034,val,1
BERT,mBERT,4,6036,val,0
BERT,mBERT,4,6038,test,0
BERT,mBERT,4,6043,val,0
BERT,mBERT,4,6045,val,0
BERT,mBERT,4,6048,val,2
BERT,mBERT,4,6050,test,0
BERT,mBERT,4,6052,val,2
BERT,mBERT,4,6055,test,2
BERT,mBERT,4,6056,test,2
BERT,mBERT,4,6060,test,2
BERT,mBERT,4,6061,test,0
BERT,mBERT,4,6062,val,2
BERT,mBERT,4,6063,test,0
BERT,mBERT,4,6065,test,2
BERT,mBERT,4,6066,val,0
BERT,mBERT,4,6067,val,0
BERT,mBERT,4,6069,val,0
BERT,mBERT,4,6070,test,0
BERT,mBERT,4,6072,test,0
BERT,mBERT,4,6075,val,1
BERT,mBERT,4,6076,test,0
BERT,mBERT,4,6082,test,2
BERT,mBERT,4,6083,test,0
BERT,mBERT,4,6085,val,0
BERT,mBERT,4,6087,test,2
BERT,mBERT,4,6088,test,0
BERT,mBERT,4,6090,val,2
BERT,mBERT,4,6091,test,0
BERT,mBERT,4,6093,test,0
BERT,mBERT,4,6094,test,1
BERT,mBERT,4,6095,val,2
BERT,mBERT,4,6096,test,0
BERT,mBERT,4,6097,val,2
BERT,mBERT,4,6098,test,0
BERT,mBERT,4,6099,val,0
BERT,mBERT,4,6100,test,0
BERT,mBERT,4,6104,test,0
BERT,mBERT,4,6110,test,0
BERT,mBERT,4,6112,test,2
BERT,mBERT,4,6113,val,2
BERT,mBERT,4,6114,test,0
BERT,mBERT,4,6116,test,0
BERT,mBERT,4,6119,val,0
BERT,mBERT,4,6122,val,0
BERT,mBERT,4,6123,test,0
BERT,mBERT,4,6124,test,1
BERT,mBERT,4,6126,val,0
BERT,mBERT,4,6127,val,0
BERT,mBERT,4,6131,val,0
BERT,mBERT,4,6136,val,0
BERT,mBERT,4,6147,test,0
BERT,mBERT,4,6148,test,1
BERT,mBERT,4,6149,val,0
BERT,mBERT,4,6150,test,1
BERT,mBERT,4,6152,test,0
BERT,mBERT,4,6154,val,0
BERT,mBERT,4,6155,test,0
BERT,mBERT,4,6158,test,0
BERT,mBERT,4,6159,val,0
BERT,mBERT,4,6160,test,0
BERT,mBERT,4,6161,test,0
BERT,mBERT,4,6164,test,2
BERT,mBERT,4,6169,val,1
BERT,mBERT,4,6171,test,0
BERT,mBERT,4,6172,val,2
BERT,mBERT,4,6174,test,0
BERT,mBERT,4,6178,val,0
BERT,mBERT,4,6180,val,1
BERT,mBERT,4,6183,val,2
BERT,mBERT,4,6191,val,0
BERT,mBERT,4,6192,test,0
BERT,mBERT,4,6193,val,2
BERT,mBERT,4,6195,test,1
BERT,mBERT,4,6199,test,0
BERT,mBERT,4,6200,val,0
BERT,mBERT,4,6201,val,2
BERT,mBERT,4,6202,test,2
BERT,mBERT,4,6203,test,2
BERT,mBERT,4,6206,test,2
BERT,mBERT,4,6207,val,2
BERT,mBERT,4,6212,test,0
BERT,mBERT,4,6213,val,2
BERT,mBERT,4,6214,test,0
BERT,mBERT,4,6215,test,2
BERT,mBERT,4,6217,val,2
BERT,mBERT,4,6221,val,2
BERT,mBERT,4,6222,test,2
BERT,mBERT,4,6224,test,2
BERT,mBERT,4,6226,val,0
BERT,mBERT,4,6228,test,2
BERT,mBERT,4,6229,val,0
BERT,mBERT,4,6230,val,0
BERT,mBERT,4,6231,test,2
BERT,mBERT,4,6238,test,2
BERT,mBERT,4,6240,val,0
BERT,mBERT,4,6241,val,0
BERT,mBERT,4,6243,test,0
BERT,mBERT,4,6244,val,0
BERT,mBERT,4,6246,test,0
BERT,mBERT,4,6248,test,0
BERT,mBERT,4,6249,test,0
BERT,mBERT,4,6250,test,0
BERT,mBERT,4,6253,test,0
BERT,mBERT,4,6255,test,0
BERT,mBERT,4,6256,test,2
BERT,mBERT,4,6257,val,0
BERT,mBERT,4,6258,test,2
BERT,mBERT,4,6260,test,2
BERT,mBERT,4,6261,val,0
BERT,mBERT,4,6263,val,0
BERT,mBERT,4,6264,test,0
BERT,mBERT,4,6265,val,2
BERT,mBERT,4,6266,test,2
BERT,mBERT,4,6271,test,2
BERT,mBERT,4,6272,val,0
BERT,mBERT,4,6273,val,2
BERT,mBERT,4,6274,val,0
BERT,mBERT,4,6275,test,0
BERT,mBERT,4,6276,test,0
BERT,mBERT,4,6277,test,2
BERT,mBERT,4,6279,test,0
BERT,mBERT,4,6282,test,0
BERT,mBERT,4,6284,val,1
BERT,mBERT,4,6287,test,2
BERT,mBERT,4,6288,val,0
BERT,mBERT,4,6290,val,2
BERT,mBERT,4,6291,test,0
BERT,mBERT,4,6293,test,2
BERT,mBERT,4,6294,test,1
BERT,mBERT,4,6296,test,0
BERT,mBERT,4,6297,val,0
BERT,mBERT,4,6298,val,2
BERT,mBERT,4,6300,test,0
BERT,mBERT,4,6303,test,0
BERT,mBERT,4,6304,test,0
BERT,mBERT,4,6305,test,0
BERT,mBERT,4,6309,val,2
BERT,mBERT,4,6310,test,0
BERT,mBERT,4,6311,test,2
BERT,mBERT,4,6312,test,0
BERT,mBERT,4,6316,val,0
BERT,mBERT,4,6319,test,0
BERT,mBERT,4,6320,test,0
BERT,mBERT,4,6321,test,0
BERT,mBERT,4,6322,test,0
BERT,mBERT,4,6323,test,2
BERT,mBERT,4,6325,val,2
BERT,mBERT,4,6329,test,0
BERT,mBERT,4,6330,test,0
BERT,mBERT,4,6331,test,2
BERT,mBERT,4,6332,test,0
BERT,mBERT,4,6335,val,0
BERT,mBERT,4,6337,val,0
BERT,mBERT,4,6338,test,0
BERT,mBERT,4,6339,test,2
BERT,mBERT,4,6340,val,1
BERT,mBERT,4,6341,test,2
BERT,mBERT,4,6342,val,0
BERT,mBERT,4,6345,val,2
BERT,mBERT,4,6347,val,2
BERT,mBERT,4,6348,val,0
BERT,mBERT,4,6352,test,1
BERT,mBERT,4,6353,test,0
BERT,mBERT,4,6354,val,0
BERT,mBERT,4,6355,test,0
BERT,mBERT,4,6358,val,0
BERT,mBERT,4,6359,val,0
BERT,mBERT,4,6361,test,0
BERT,mBERT,4,6362,test,2
BERT,mBERT,4,6367,test,0
BERT,mBERT,4,6370,test,2
BERT,mBERT,4,6371,test,0
BERT,mBERT,4,6372,test,2
BERT,mBERT,4,6373,test,2
BERT,mBERT,4,6375,test,2
BERT,mBERT,4,6376,test,2
BERT,mBERT,4,6377,val,2
BERT,mBERT,4,6378,test,2
BERT,mBERT,4,6381,val,0
BERT,mBERT,4,6382,val,0
BERT,mBERT,4,6384,test,0
BERT,mBERT,4,6385,test,0
BERT,mBERT,4,6386,test,2
BERT,mBERT,4,6387,test,2
BERT,mBERT,4,6389,val,2
BERT,mBERT,4,6390,test,0
BERT,mBERT,4,6391,test,0
BERT,mBERT,4,6392,test,0
BERT,mBERT,4,6394,test,0
BERT,mBERT,4,6397,val,0
BERT,mBERT,4,6398,val,2
BERT,mBERT,4,6399,val,2
BERT,mBERT,4,6400,test,0
BERT,mBERT,4,6401,val,2
BERT,mBERT,4,6407,test,2
BERT,mBERT,4,6409,test,2
BERT,mBERT,4,6411,test,0
BERT,mBERT,4,6412,test,0
BERT,mBERT,4,6414,test,2
BERT,mBERT,4,6416,val,0
BERT,mBERT,4,6417,test,0
BERT,mBERT,4,6418,val,0
BERT,mBERT,4,6419,val,2
BERT,mBERT,4,6420,val,0
BERT,mBERT,4,6421,test,0
BERT,mBERT,4,6423,test,0
BERT,mBERT,4,6425,val,0
BERT,mBERT,4,6426,test,0
BERT,mBERT,4,6427,val,0
BERT,mBERT,4,6430,test,2
BERT,mBERT,4,6432,val,0
BERT,mBERT,4,6433,val,0
BERT,mBERT,4,6436,val,2
BERT,mBERT,4,6438,val,2
BERT,mBERT,4,6441,test,0
BERT,mBERT,4,6447,test,2
BERT,mBERT,4,6448,val,0
BERT,mBERT,4,6449,val,2
BERT,mBERT,4,6450,test,0
BERT,mBERT,4,6451,test,2
BERT,mBERT,4,6452,val,0
BERT,mBERT,4,6454,test,0
BERT,mBERT,4,6458,test,2
BERT,mBERT,4,6459,test,0
BERT,mBERT,4,6461,test,2
BERT,mBERT,4,6462,test,0
BERT,mBERT,4,6465,val,0
BERT,mBERT,4,6466,val,0
BERT,mBERT,4,6468,val,2
BERT,mBERT,4,6472,test,0
BERT,mBERT,4,6473,val,1
BERT,mBERT,4,6474,test,2
BERT,mBERT,4,6476,val,2
BERT,mBERT,4,6479,val,1
BERT,mBERT,4,6480,test,0
BERT,mBERT,4,6483,test,1
BERT,mBERT,4,6484,val,0
BERT,mBERT,4,6486,test,0
BERT,mBERT,4,6487,val,2
BERT,mBERT,4,6489,val,2
BERT,mBERT,4,6491,test,2
BERT,mBERT,4,6494,test,0
BERT,mBERT,4,6495,test,2
BERT,mBERT,4,6496,val,1
BERT,mBERT,4,6497,test,0
BERT,mBERT,4,6498,val,0
BERT,mBERT,4,6501,val,2
BERT,mBERT,4,6505,val,0
BERT,mBERT,4,6506,val,2
BERT,mBERT,4,6508,test,1
BERT,mBERT,4,6510,test,2
BERT,mBERT,4,6511,val,0
BERT,mBERT,4,6512,val,1
BERT,mBERT,4,6514,val,0
BERT,mBERT,4,6516,val,0
BERT,mBERT,4,6521,val,0
BERT,mBERT,4,6526,test,0
BERT,mBERT,4,6528,test,2
BERT,mBERT,4,6530,val,1
BERT,mBERT,4,6531,val,0
BERT,mBERT,4,6532,test,1
BERT,mBERT,4,6535,test,2
BERT,mBERT,4,6536,test,0
BERT,mBERT,4,6537,test,1
BERT,mBERT,4,6539,val,0
BERT,mBERT,4,6540,val,0
BERT,mBERT,4,6541,val,0
BERT,mBERT,4,6544,test,0
BERT,mBERT,4,6546,val,1
BERT,mBERT,4,6547,test,2
BERT,mBERT,4,6548,test,2
BERT,mBERT,4,6549,test,0
BERT,mBERT,4,6550,test,0
BERT,mBERT,4,6553,test,1
BERT,mBERT,4,6555,val,0
BERT,mBERT,4,6556,test,0
BERT,mBERT,4,6557,test,0
BERT,mBERT,4,6563,test,1
BERT,mBERT,4,6564,test,0
BERT,mBERT,4,6566,test,2
BERT,mBERT,4,6571,val,0
BERT,mBERT,4,6573,test,0
BERT,mBERT,4,6574,test,0
BERT,mBERT,4,6576,val,0
BERT,mBERT,4,6577,test,2
BERT,mBERT,4,6579,test,2
BERT,mBERT,4,6580,val,0
BERT,mBERT,4,6581,test,0
BERT,mBERT,4,6582,val,2
BERT,mBERT,4,6583,val,1
BERT,mBERT,4,6584,val,2
BERT,mBERT,4,6585,test,0
BERT,mBERT,4,6587,val,0
BERT,mBERT,4,6588,test,0
BERT,mBERT,4,6590,val,1
BERT,mBERT,4,6592,test,0
BERT,mBERT,4,6593,test,0
BERT,mBERT,4,6594,test,2
BERT,mBERT,4,6597,test,0
BERT,mBERT,4,6598,test,2
BERT,mBERT,4,6599,val,0
BERT,mBERT,4,6600,test,2
BERT,mBERT,4,6601,val,2
BERT,mBERT,4,6603,val,0
BERT,mBERT,4,6605,test,0
BERT,mBERT,4,6610,test,2
BERT,mBERT,4,6614,test,0
BERT,mBERT,4,6617,val,0
BERT,mBERT,4,6619,test,2
BERT,mBERT,4,6622,val,2
BERT,mBERT,4,6624,test,1
BERT,mBERT,4,6625,test,0
BERT,mBERT,4,6627,val,2
BERT,mBERT,4,6630,val,1
BERT,mBERT,4,6631,test,0
BERT,mBERT,4,6632,test,0
BERT,mBERT,4,6633,test,0
BERT,mBERT,4,6634,test,2
BERT,mBERT,4,6639,test,0
BERT,mBERT,4,6645,test,0
BERT,mBERT,4,6646,val,2
BERT,mBERT,4,6648,val,2
BERT,mBERT,4,6649,val,0
BERT,mBERT,4,6652,test,0
BERT,mBERT,4,6655,test,0
BERT,mBERT,4,6656,test,0
BERT,mBERT,4,6658,test,0
BERT,mBERT,4,6659,test,2
BERT,mBERT,4,6660,val,2
BERT,mBERT,4,6663,val,0
BERT,mBERT,4,6664,test,2
BERT,mBERT,4,6665,val,0
BERT,mBERT,4,6670,test,1
BERT,mBERT,4,6671,test,0
BERT,mBERT,4,6672,val,2
BERT,mBERT,4,6673,val,1
BERT,mBERT,4,6677,val,0
BERT,mBERT,4,6678,val,2
BERT,mBERT,4,6679,test,2
BERT,mBERT,4,6681,test,2
BERT,mBERT,4,6686,val,0
BERT,mBERT,4,6691,test,0
BERT,mBERT,4,6692,test,0
BERT,mBERT,4,6693,test,2
BERT,mBERT,4,6695,test,0
BERT,mBERT,4,6696,test,2
BERT,mBERT,4,6700,val,0
BERT,mBERT,4,6701,val,0
BERT,mBERT,4,6702,test,0
BERT,mBERT,4,6703,val,2
BERT,mBERT,4,6704,test,2
BERT,mBERT,4,6707,val,0
BERT,mBERT,4,6709,test,2
BERT,mBERT,4,6710,val,0
BERT,mBERT,4,6711,test,0
BERT,mBERT,4,6712,test,0
BERT,mBERT,4,6714,test,0
BERT,mBERT,4,6715,test,2
BERT,mBERT,4,6716,test,0
BERT,mBERT,4,6717,test,2
BERT,mBERT,4,6719,test,1
BERT,mBERT,4,6722,test,2
BERT,mBERT,4,6723,val,0
BERT,mBERT,4,6724,test,0
BERT,mBERT,4,6726,val,0
BERT,mBERT,4,6728,test,2
BERT,mBERT,4,6729,val,0
BERT,mBERT,4,6730,val,2
BERT,mBERT,4,6731,val,2
BERT,mBERT,4,6733,test,1
BERT,mBERT,4,6734,test,2
BERT,mBERT,4,6736,test,2
BERT,mBERT,4,6738,test,2
BERT,mBERT,4,6740,val,0
BERT,mBERT,4,6742,test,2
BERT,mBERT,4,6743,val,2
BERT,mBERT,4,6745,val,2
BERT,mBERT,4,6750,test,2
BERT,mBERT,4,6753,val,0
BERT,mBERT,4,6755,test,0
BERT,mBERT,4,6758,test,2
BERT,mBERT,4,6759,val,0
BERT,mBERT,4,6761,val,0
BERT,mBERT,4,6762,test,1
BERT,mBERT,4,6764,val,2
BERT,mBERT,4,6766,test,1
BERT,mBERT,4,6767,test,1
BERT,mBERT,4,6769,val,2
BERT,mBERT,4,6772,val,0
BERT,mBERT,4,6773,test,0
BERT,mBERT,4,6776,val,2
BERT,mBERT,4,6777,test,0
BERT,mBERT,4,6778,test,0
BERT,mBERT,4,6779,val,2
BERT,mBERT,4,6780,val,0
BERT,mBERT,4,6783,test,2
BERT,mBERT,4,6785,test,2
BERT,mBERT,4,6786,val,0
BERT,mBERT,4,6787,val,2
BERT,mBERT,4,6788,val,0
BERT,mBERT,4,6790,val,2
BERT,mBERT,4,6791,val,1
BERT,mBERT,4,6792,val,0
BERT,mBERT,4,6803,val,0
BERT,mBERT,4,6804,test,0
BERT,mBERT,4,6806,test,0
BERT,mBERT,4,6807,test,0
BERT,mBERT,4,6810,test,0
BERT,mBERT,4,6812,val,0
BERT,mBERT,4,6813,val,0
BERT,mBERT,4,6816,val,2
BERT,mBERT,4,6819,val,1
BERT,mBERT,4,6820,test,2
BERT,mBERT,4,6821,test,2
BERT,mBERT,4,6822,test,0
BERT,mBERT,4,6824,test,1
BERT,mBERT,4,6825,test,0
BERT,mBERT,4,6826,val,0
BERT,mBERT,4,6828,val,1
BERT,mBERT,4,6830,test,1
BERT,mBERT,4,6832,test,1
BERT,mBERT,4,6833,test,0
BERT,mBERT,4,6835,val,0
BERT,mBERT,4,6837,test,0
BERT,mBERT,4,6839,test,2
BERT,mBERT,4,6845,val,2
BERT,mBERT,4,6847,val,0
BERT,mBERT,4,6848,test,2
BERT,mBERT,4,6849,test,0
BERT,mBERT,4,6853,val,0
BERT,mBERT,4,6855,val,2
BERT,mBERT,4,6857,test,0
BERT,mBERT,4,6859,val,1
BERT,mBERT,4,6860,val,2
BERT,mBERT,4,6861,val,0
BERT,mBERT,4,6864,test,2
BERT,mBERT,4,6866,test,2
BERT,mBERT,4,6870,test,2
BERT,mBERT,4,6877,val,0
BERT,mBERT,4,6879,test,2
BERT,mBERT,4,6881,val,0
BERT,mBERT,4,6883,val,2
BERT,mBERT,4,6884,val,0
BERT,mBERT,4,6886,val,0
BERT,mBERT,4,6888,test,2
BERT,mBERT,4,6890,val,1
BERT,mBERT,4,6893,test,0
BERT,mBERT,4,6895,test,0
BERT,mBERT,4,6897,test,0
BERT,mBERT,4,6899,test,0
BERT,mBERT,4,6900,val,2
BERT,mBERT,4,6902,val,2
BERT,mBERT,4,6903,test,0
BERT,mBERT,4,6904,val,0
BERT,mBERT,4,6905,val,2
BERT,mBERT,4,6906,val,0
BERT,mBERT,4,6907,val,0
BERT,mBERT,4,6908,test,1
BERT,mBERT,4,6910,val,2
BERT,mBERT,4,6912,test,0
BERT,mBERT,4,6913,val,0
BERT,mBERT,4,6916,val,2
BERT,mBERT,4,6918,test,0
BERT,mBERT,4,6922,test,2
BERT,mBERT,4,6924,test,0
BERT,mBERT,4,6925,test,2
BERT,mBERT,4,6926,test,0
BERT,mBERT,4,6929,test,0
BERT,mBERT,4,6930,test,2
BERT,mBERT,4,6931,test,2
BERT,mBERT,4,6933,val,0
BERT,mBERT,4,6934,val,2
BERT,mBERT,4,6935,test,2
BERT,mBERT,4,6941,val,0
BERT,mBERT,4,6942,test,0
BERT,mBERT,4,6945,test,2
BERT,mBERT,4,6946,val,1
BERT,mBERT,4,6947,test,0
BERT,mBERT,4,6948,test,2
BERT,mBERT,4,6950,val,0
BERT,mBERT,4,6951,test,0
BERT,mBERT,4,6953,test,0
BERT,mBERT,4,6954,test,0
BERT,mBERT,4,6955,val,0
BERT,mBERT,4,6956,test,2
BERT,mBERT,4,6958,val,0
BERT,mBERT,4,6959,test,0
BERT,mBERT,4,6962,test,0
BERT,mBERT,4,6963,test,1
BERT,mBERT,4,6966,test,0
BERT,mBERT,4,6967,test,0
BERT,mBERT,4,6972,test,2
BERT,mBERT,4,6974,test,0
BERT,mBERT,4,6977,test,0
BERT,mBERT,4,6978,val,0
BERT,mBERT,4,6979,test,1
BERT,mBERT,4,6980,test,0
BERT,mBERT,4,6981,test,2
BERT,mBERT,4,6985,test,1
BERT,mBERT,4,6987,test,0
BERT,mBERT,4,6988,val,0
BERT,mBERT,4,6989,test,2
BERT,mBERT,4,6990,val,1
BERT,mBERT,4,6992,val,0
BERT,mBERT,4,6993,val,2
BERT,mBERT,4,6995,val,0
BERT,mBERT,4,6996,val,0
BERT,mBERT,4,6997,test,0
BERT,mBERT,4,6999,val,1
BERT,mBERT,4,7000,val,2
BERT,mBERT,4,7001,val,0
BERT,mBERT,4,7002,val,2
BERT,mBERT,4,7004,test,0
BERT,mBERT,4,7007,test,0
BERT,mBERT,4,7008,test,0
BERT,mBERT,4,7013,val,2
BERT,mBERT,4,7014,test,0
BERT,mBERT,4,7015,test,2
BERT,mBERT,4,7016,val,2
BERT,mBERT,4,7019,val,2
BERT,mBERT,4,7023,test,2
BERT,mBERT,4,7025,test,2
BERT,mBERT,4,7028,test,2
BERT,mBERT,4,7030,test,2
BERT,mBERT,4,7033,test,0
BERT,mBERT,4,7035,test,0
BERT,mBERT,4,7036,test,0
BERT,mBERT,4,7037,val,0
BERT,mBERT,4,7038,val,2
BERT,mBERT,4,7041,test,0
BERT,mBERT,4,7042,val,0
BERT,mBERT,4,7044,val,0
BERT,mBERT,4,7045,test,2
BERT,mBERT,4,7047,test,0
BERT,mBERT,4,7048,test,2
BERT,mBERT,4,7049,val,1
BERT,mBERT,4,7050,val,2
BERT,mBERT,4,7052,test,0
BERT,mBERT,4,7053,test,2
BERT,mBERT,4,7055,val,0
BERT,mBERT,4,7056,val,2
BERT,mBERT,4,7059,test,0
BERT,mBERT,4,7060,val,1
BERT,mBERT,4,7061,test,2
BERT,mBERT,4,7062,val,2
BERT,mBERT,4,7063,val,0
BERT,mBERT,4,7066,test,0
BERT,mBERT,4,7069,val,0
BERT,mBERT,4,7071,test,0
BERT,mBERT,4,7077,val,2
BERT,mBERT,4,7081,test,2
BERT,mBERT,4,7084,val,2
BERT,mBERT,4,7085,test,2
BERT,mBERT,4,7086,test,0
BERT,mBERT,4,7089,val,2
BERT,mBERT,4,7090,test,0
BERT,mBERT,4,7091,val,0
BERT,mBERT,4,7093,val,0
BERT,mBERT,4,7095,val,0
BERT,mBERT,4,7097,test,2
BERT,mBERT,4,7101,val,0
BERT,mBERT,4,7102,val,0
BERT,mBERT,4,7104,test,0
BERT,mBERT,4,7109,test,0
BERT,mBERT,4,7111,test,2
BERT,mBERT,4,7112,test,0
BERT,mBERT,4,7116,test,2
BERT,mBERT,4,7118,test,2
BERT,mBERT,4,7122,val,0
BERT,mBERT,4,7123,val,1
BERT,mBERT,4,7124,test,1
BERT,mBERT,4,7131,val,0
BERT,mBERT,4,7132,val,0
BERT,mBERT,4,7134,test,0
BERT,mBERT,4,7135,test,0
BERT,mBERT,4,7140,val,2
BERT,mBERT,4,7142,val,2
BERT,mBERT,4,7143,test,0
BERT,mBERT,4,7144,val,0
BERT,mBERT,4,7145,val,0
BERT,mBERT,4,7146,val,0
BERT,mBERT,4,7150,test,0
BERT,mBERT,4,7151,test,0
BERT,mBERT,4,7152,test,1
BERT,mBERT,4,7156,val,0
BERT,mBERT,4,7157,test,0
BERT,mBERT,4,7160,val,2
BERT,mBERT,4,7163,test,2
BERT,mBERT,4,7164,val,0
BERT,mBERT,4,7167,val,0
BERT,mBERT,4,7171,val,0
BERT,mBERT,4,7172,test,2
BERT,mBERT,4,7174,test,0
BERT,mBERT,4,7177,val,0
BERT,mBERT,4,7179,test,2
BERT,mBERT,4,7181,val,0
BERT,mBERT,4,7182,val,2
BERT,mBERT,4,7189,val,2
BERT,mBERT,4,7194,test,0
BERT,mBERT,4,7200,val,0
BERT,mBERT,4,7201,test,2
BERT,mBERT,4,7202,val,2
BERT,mBERT,4,7207,val,0
BERT,mBERT,4,7209,test,2
BERT,mBERT,4,7210,val,2
BERT,mBERT,4,7211,val,2
BERT,mBERT,4,7213,val,0
BERT,mBERT,4,7215,test,0
BERT,mBERT,4,7217,test,0
BERT,mBERT,4,7220,val,2
BERT,mBERT,4,7221,test,2
BERT,mBERT,4,7228,test,1
BERT,mBERT,4,7229,test,1
BERT,mBERT,4,7230,val,2
BERT,mBERT,4,7231,val,0
BERT,mBERT,4,7233,test,0
BERT,mBERT,4,7234,val,0
BERT,mBERT,4,7235,val,0
BERT,mBERT,4,7237,val,2
BERT,mBERT,4,7238,test,0
BERT,mBERT,4,7240,test,2
BERT,mBERT,4,7243,test,0
BERT,mBERT,4,7245,val,0
BERT,mBERT,4,7250,test,2
BERT,mBERT,4,7251,val,0
BERT,mBERT,4,7252,test,0
BERT,mBERT,4,7253,val,0
BERT,mBERT,4,7255,test,2
BERT,mBERT,4,7256,val,1
BERT,mBERT,4,7259,test,0
BERT,mBERT,4,7261,test,2
BERT,mBERT,4,7262,test,0
BERT,mBERT,4,7263,val,0
BERT,mBERT,4,7265,val,0
BERT,mBERT,4,7267,val,0
BERT,mBERT,4,7268,val,0
BERT,mBERT,4,7270,val,0
BERT,mBERT,4,7271,test,0
BERT,mBERT,4,7272,test,0
BERT,mBERT,4,7273,val,0
BERT,mBERT,4,7274,test,0
BERT,mBERT,4,7277,val,0
BERT,mBERT,4,7278,val,2
BERT,mBERT,4,7281,val,0
BERT,mBERT,4,7285,val,1
BERT,mBERT,4,7286,test,0
BERT,mBERT,4,7289,test,0
BERT,mBERT,4,7290,test,0
BERT,mBERT,4,7296,val,0
BERT,mBERT,4,7297,test,0
BERT,mBERT,4,7298,test,2
BERT,mBERT,4,7299,test,0
BERT,mBERT,4,7300,test,0
BERT,mBERT,4,7301,val,2
BERT,mBERT,4,7302,test,0
BERT,mBERT,4,7305,test,2
BERT,mBERT,4,7306,test,1
BERT,mBERT,4,7307,test,0
BERT,mBERT,4,7308,test,0
BERT,mBERT,4,7311,test,0
BERT,mBERT,4,7312,val,0
BERT,mBERT,4,7317,val,0
BERT,mBERT,4,7318,test,0
BERT,mBERT,4,7319,test,0
BERT,mBERT,4,7327,test,0
BERT,mBERT,4,7330,val,0
BERT,mBERT,4,7331,val,2
BERT,mBERT,4,7333,test,0
BERT,mBERT,4,7334,val,0
BERT,mBERT,4,7338,test,2
BERT,mBERT,4,7339,test,0
BERT,mBERT,4,7340,test,2
BERT,mBERT,4,7342,test,0
BERT,mBERT,4,7343,val,0
BERT,mBERT,4,7344,val,0
BERT,mBERT,4,7345,test,0
BERT,mBERT,4,7347,test,2
BERT,mBERT,4,7348,test,0
BERT,mBERT,4,7355,test,0
BERT,mBERT,4,7357,val,2
BERT,mBERT,4,7358,test,0
BERT,mBERT,4,7359,test,0
BERT,mBERT,4,7360,val,2
BERT,mBERT,4,7361,test,0
BERT,mBERT,4,7364,val,0
BERT,mBERT,4,7368,test,2
BERT,mBERT,4,7369,test,1
BERT,mBERT,4,7371,test,2
BERT,mBERT,4,7372,val,0
BERT,mBERT,4,7373,val,2
BERT,mBERT,4,7375,val,0
BERT,mBERT,4,7376,val,0
BERT,mBERT,4,7377,val,0
BERT,mBERT,4,7378,test,2
BERT,mBERT,4,7379,test,2
BERT,mBERT,4,7384,test,2
BERT,mBERT,4,7385,val,0
BERT,mBERT,4,7386,test,0
BERT,mBERT,4,7388,test,0
BERT,mBERT,4,7389,val,0
BERT,mBERT,4,7391,val,0
BERT,mBERT,4,7394,test,2
BERT,mBERT,4,7396,test,2
BERT,mBERT,4,7399,test,0
BERT,mBERT,4,7400,val,2
BERT,mBERT,4,7401,val,0
BERT,mBERT,4,7402,test,2
BERT,mBERT,4,7405,val,0
BERT,mBERT,4,7406,test,0
BERT,mBERT,4,7407,val,2
BERT,mBERT,4,7411,test,0
BERT,mBERT,4,7417,test,2
BERT,mBERT,4,7419,val,0
BERT,mBERT,4,7421,test,0
BERT,mBERT,4,7425,val,1
BERT,mBERT,4,7426,test,2
BERT,mBERT,4,7428,test,0
BERT,mBERT,4,7429,test,2
BERT,mBERT,4,7430,test,0
BERT,mBERT,4,7431,test,2
BERT,mBERT,4,7432,test,1
BERT,mBERT,4,7437,val,1
BERT,mBERT,4,7438,val,0
BERT,mBERT,4,7440,test,0
BERT,mBERT,4,7441,val,2
BERT,mBERT,4,7442,val,2
BERT,mBERT,4,7443,val,0
BERT,mBERT,4,7444,test,1
BERT,mBERT,4,7445,val,2
BERT,mBERT,4,7446,val,0
BERT,mBERT,4,7447,val,0
BERT,mBERT,4,7448,val,0
BERT,mBERT,4,7450,test,2
BERT,mBERT,4,7453,test,0
BERT,mBERT,4,7456,test,0
BERT,mBERT,4,7461,test,0
BERT,mBERT,4,7468,test,2
BERT,mBERT,4,7469,test,2
BERT,mBERT,4,7473,test,2
BERT,mBERT,4,7474,test,2
BERT,mBERT,4,7475,val,2
BERT,mBERT,4,7476,test,0
BERT,mBERT,4,7478,val,0
BERT,mBERT,4,7479,val,0
BERT,mBERT,4,7480,val,0
BERT,mBERT,4,7485,test,0
BERT,mBERT,4,7486,val,2
BERT,mBERT,4,7490,test,2
BERT,mBERT,4,7491,val,0
BERT,mBERT,4,7493,test,0
BERT,mBERT,4,7494,test,0
BERT,mBERT,4,7497,test,2
BERT,mBERT,4,7499,val,0
BERT,mBERT,4,7500,val,2
BERT,mBERT,4,7501,test,2
BERT,mBERT,4,7505,val,0
BERT,mBERT,4,7506,test,0
BERT,mBERT,4,7507,val,2
BERT,mBERT,4,7508,test,1
BERT,mBERT,4,7509,test,0
BERT,mBERT,4,7510,val,1
BERT,mBERT,4,7511,val,0
BERT,mBERT,4,7515,test,2
BERT,mBERT,4,7516,val,0
BERT,mBERT,4,7517,test,2
BERT,mBERT,4,7520,val,0
BERT,mBERT,4,7522,val,2
BERT,mBERT,4,7523,test,2
BERT,mBERT,4,7524,val,2
BERT,mBERT,4,7526,test,0
BERT,mBERT,4,7529,test,0
BERT,mBERT,4,7531,test,2
BERT,mBERT,4,7532,val,0
BERT,mBERT,4,7536,test,0
BERT,mBERT,4,7538,test,2
BERT,mBERT,4,7541,val,2
BERT,mBERT,4,7542,val,2
BERT,mBERT,4,7543,test,0
BERT,mBERT,4,7545,test,2
BERT,mBERT,4,7547,val,0
BERT,mBERT,4,7549,test,0
BERT,mBERT,4,7550,val,0
BERT,mBERT,4,7551,test,2
BERT,mBERT,4,7554,test,2
BERT,mBERT,4,7558,test,0
BERT,mBERT,4,7559,val,0
BERT,mBERT,4,7560,val,2
BERT,mBERT,4,7561,test,1
BERT,mBERT,4,7563,test,0
BERT,mBERT,4,7566,test,0
BERT,mBERT,4,7567,test,2
BERT,mBERT,4,7570,val,2
BERT,mBERT,4,7571,val,0
BERT,mBERT,4,7572,val,0
BERT,mBERT,4,7573,val,2
BERT,mBERT,4,7575,test,0
BERT,mBERT,4,7576,test,0
BERT,mBERT,4,7578,test,0
BERT,mBERT,4,7586,test,2
BERT,mBERT,4,7588,test,0
BERT,mBERT,4,7589,val,0
BERT,mBERT,4,7592,val,2
BERT,mBERT,4,7593,val,0
BERT,mBERT,4,7596,test,0
BERT,mBERT,4,7597,val,2
BERT,mBERT,4,7598,test,2
BERT,mBERT,4,7599,test,2
BERT,mBERT,4,7601,val,0
BERT,mBERT,4,7604,test,0
BERT,mBERT,4,7606,val,0
BERT,mBERT,4,7607,val,0
BERT,mBERT,4,7609,test,2
BERT,mBERT,4,7611,test,2
BERT,mBERT,4,7612,val,2
BERT,mBERT,4,7613,val,0
BERT,mBERT,4,7615,test,0
BERT,mBERT,4,7617,val,0
BERT,mBERT,4,7619,test,0
BERT,mBERT,4,7621,test,0
BERT,mBERT,4,7624,test,0
BERT,mBERT,4,7627,val,0
BERT,mBERT,4,7628,test,0
BERT,mBERT,4,7629,val,0
BERT,mBERT,4,7633,val,0
BERT,mBERT,4,7638,test,0
BERT,mBERT,4,7640,test,2
BERT,mBERT,4,7642,test,0
BERT,mBERT,4,7645,val,0
BERT,mBERT,4,7646,val,0
BERT,mBERT,4,7647,test,2
BERT,mBERT,4,7649,val,1
BERT,mBERT,4,7650,test,2
BERT,mBERT,4,7651,test,0
BERT,mBERT,4,7653,val,2
BERT,mBERT,4,7654,val,0
BERT,mBERT,4,7657,val,2
BERT,mBERT,4,7658,test,0
BERT,mBERT,4,7660,test,0
BERT,mBERT,4,7661,val,2
BERT,mBERT,4,7662,test,1
BERT,mBERT,4,7663,test,2
BERT,mBERT,4,7665,val,0
BERT,mBERT,4,7666,val,0
BERT,mBERT,4,7669,test,0
BERT,mBERT,4,7670,val,0
BERT,mBERT,4,7671,test,2
BERT,mBERT,4,7673,val,0
BERT,mBERT,4,7678,test,0
BERT,mBERT,4,7679,test,0
BERT,mBERT,4,7683,val,0
BERT,mBERT,4,7686,test,2
BERT,mBERT,4,7687,test,2
BERT,mBERT,4,7688,test,0
BERT,mBERT,4,7690,test,0
BERT,mBERT,4,7691,test,0
BERT,mBERT,4,7693,test,2
BERT,mBERT,4,7696,val,0
BERT,mBERT,4,7699,val,0
BERT,mBERT,4,7700,test,2
BERT,mBERT,4,7703,val,2
BERT,mBERT,4,7704,test,0
BERT,mBERT,4,7707,test,0
BERT,mBERT,4,7708,test,0
BERT,mBERT,4,7710,test,2
BERT,mBERT,4,7713,test,0
BERT,mBERT,4,7716,val,0
BERT,mBERT,4,7718,test,2
BERT,mBERT,4,7719,test,2
BERT,mBERT,4,7720,val,0
BERT,mBERT,4,7721,test,2
BERT,mBERT,4,7722,val,0
BERT,mBERT,4,7723,val,0
BERT,mBERT,4,7724,test,2
BERT,mBERT,4,7725,val,2
BERT,mBERT,4,7727,val,0
BERT,mBERT,4,7728,val,2
BERT,mBERT,4,7729,val,0
BERT,mBERT,4,7730,test,0
BERT,mBERT,4,7732,test,0
BERT,mBERT,4,7733,test,0
BERT,mBERT,4,7735,val,0
BERT,mBERT,4,7736,test,2
BERT,mBERT,4,7738,val,2
BERT,mBERT,4,7739,test,2
BERT,mBERT,4,7743,test,0
BERT,mBERT,4,7744,val,2
BERT,mBERT,4,7749,test,2
BERT,mBERT,4,7750,test,1
BERT,mBERT,4,7751,val,0
BERT,mBERT,4,7755,val,2
BERT,mBERT,4,7756,test,2
BERT,mBERT,4,7758,test,0
BERT,mBERT,4,7759,test,0
BERT,mBERT,4,7761,val,0
BERT,mBERT,4,7764,test,0
BERT,mBERT,4,7766,test,2
BERT,mBERT,4,7768,val,0
BERT,mBERT,4,7770,test,2
BERT,mBERT,4,7772,test,0
BERT,mBERT,4,7774,test,2
BERT,mBERT,4,7775,test,0
BERT,mBERT,4,7777,test,2
BERT,mBERT,4,7780,test,0
BERT,mBERT,4,7781,test,2
BERT,mBERT,4,7783,test,0
BERT,mBERT,4,7784,test,0
BERT,mBERT,4,7786,test,0
BERT,mBERT,4,7787,test,1
BERT,mBERT,4,7788,test,0
BERT,mBERT,4,7790,val,1
BERT,mBERT,4,7793,test,0
BERT,mBERT,4,7794,val,0
BERT,mBERT,4,7798,test,0
BERT,mBERT,4,7800,val,0
BERT,mBERT,4,7803,test,0
BERT,mBERT,4,7804,test,1
BERT,mBERT,4,7806,test,0
BERT,mBERT,4,7807,test,0
BERT,mBERT,4,7809,val,0
BERT,mBERT,4,7813,test,0
BERT,mBERT,4,7817,val,0
BERT,mBERT,4,7818,test,0
BERT,mBERT,4,7819,val,2
BERT,mBERT,4,7821,val,2
BERT,mBERT,4,7824,test,0
BERT,mBERT,4,7826,test,0
BERT,mBERT,4,7827,val,0
BERT,mBERT,4,7828,val,0
BERT,mBERT,4,7829,test,2
BERT,mBERT,4,7832,test,0
BERT,mBERT,4,7833,test,0
BERT,mBERT,4,7835,test,2
BERT,mBERT,4,7836,val,2
BERT,mBERT,4,7837,val,0
BERT,mBERT,4,7838,val,0
BERT,mBERT,4,7839,test,2
BERT,mBERT,4,7842,test,2
BERT,mBERT,4,7845,test,2
BERT,mBERT,4,7847,test,0
BERT,mBERT,4,7851,test,0
BERT,mBERT,4,7852,test,0
BERT,mBERT,4,7853,val,2
BERT,mBERT,4,7855,test,2
BERT,mBERT,4,7856,test,0
BERT,mBERT,4,7859,test,2
BERT,mBERT,4,7862,test,0
BERT,mBERT,4,7865,val,2
BERT,mBERT,4,7866,val,0
BERT,mBERT,4,7867,test,2
BERT,mBERT,4,7869,val,2
BERT,mBERT,4,7872,test,0
BERT,mBERT,4,7873,val,0
BERT,mBERT,4,7874,val,0
BERT,mBERT,4,7875,test,0
BERT,mBERT,4,7879,test,0
BERT,mBERT,4,7882,test,2
BERT,mBERT,4,7883,val,0
BERT,mBERT,4,7887,test,0
BERT,mBERT,4,7888,test,0
BERT,mBERT,4,7890,test,0
BERT,mBERT,4,7892,test,2
BERT,mBERT,4,7893,val,1
BERT,mBERT,4,7894,val,1
BERT,mBERT,4,7896,test,2
BERT,mBERT,4,7897,test,0
BERT,mBERT,4,7899,test,0
BERT,mBERT,4,7901,val,2
BERT,mBERT,4,7902,test,0
BERT,mBERT,4,7903,val,2
BERT,mBERT,4,7906,test,0
BERT,mBERT,4,7907,val,0
BERT,mBERT,4,7909,test,2
BERT,mBERT,4,7910,test,0
BERT,mBERT,4,7913,test,1
BERT,mBERT,4,7914,test,2
BERT,mBERT,4,7916,test,2
BERT,mBERT,4,7921,test,0
BERT,mBERT,4,7922,test,1
BERT,mBERT,4,7923,val,2
BERT,mBERT,4,7926,val,2
BERT,mBERT,4,7927,test,1
BERT,mBERT,4,7929,test,0
BERT,mBERT,4,7933,val,1
BERT,mBERT,4,7934,val,2
BERT,mBERT,4,7935,test,0
BERT,mBERT,4,7936,test,0
BERT,mBERT,4,7937,test,0
BERT,mBERT,4,7939,val,0
BERT,mBERT,4,7940,test,0
BERT,mBERT,4,7942,val,0
BERT,mBERT,4,7944,test,2
BERT,mBERT,4,7946,test,1
BERT,mBERT,4,7952,test,0
BERT,mBERT,4,7953,test,2
BERT,mBERT,4,7954,val,0
BERT,mBERT,4,7955,test,0
BERT,mBERT,4,7956,test,0
BERT,mBERT,4,7957,test,0
BERT,mBERT,4,7958,test,2
BERT,mBERT,4,7959,val,0
BERT,mBERT,4,7960,test,0
BERT,mBERT,4,7961,test,2
BERT,mBERT,4,7962,test,0
BERT,mBERT,4,7965,val,0
BERT,mBERT,4,7967,val,1
BERT,mBERT,4,7968,test,0
BERT,mBERT,4,7969,val,0
BERT,mBERT,4,7971,test,1
BERT,mBERT,4,7975,test,2
BERT,mBERT,4,7976,val,2
BERT,mBERT,4,7977,test,2
BERT,mBERT,4,7978,test,0
BERT,mBERT,4,7979,test,0
BERT,mBERT,4,7980,test,0
BERT,mBERT,4,7981,test,2
BERT,mBERT,4,7982,val,1
BERT,mBERT,4,7984,val,0
BERT,mBERT,4,7987,val,0
BERT,mBERT,4,7990,test,2
BERT,mBERT,4,7992,val,0
BERT,mBERT,4,7994,val,2
BERT,mBERT,4,7995,test,0
BERT,mBERT,4,7997,test,0
BERT,mBERT,4,7998,test,0
BERT,mBERT,4,8002,test,2
BERT,mBERT,4,8003,test,0
BERT,mBERT,4,8004,val,0
BERT,mBERT,4,8010,val,2
BERT,mBERT,4,8011,test,2
BERT,mBERT,4,8013,val,0
BERT,mBERT,4,8015,test,0
BERT,mBERT,4,8019,val,0
BERT,mBERT,4,8020,val,1
BERT,mBERT,4,8021,val,0
BERT,mBERT,4,8024,test,2
BERT,mBERT,4,8025,test,0
BERT,mBERT,4,8028,test,2
BERT,mBERT,4,8029,test,0
BERT,mBERT,4,8030,test,0
BERT,mBERT,4,8035,val,0
BERT,mBERT,4,8039,val,1
BERT,mBERT,4,8040,test,0
BERT,mBERT,4,8041,test,0
BERT,mBERT,4,8042,test,2
BERT,mBERT,4,8048,val,0
BERT,mBERT,4,8050,test,2
BERT,mBERT,4,8052,test,0
BERT,mBERT,4,8054,test,2
BERT,mBERT,4,8056,val,2
BERT,mBERT,4,8058,val,2
BERT,mBERT,4,8060,val,2
BERT,mBERT,4,8061,test,0
BERT,mBERT,4,8066,test,1
BERT,mBERT,4,8067,val,1
BERT,mBERT,4,8069,test,0
BERT,mBERT,4,8070,test,2
BERT,mBERT,4,8071,test,0
BERT,mBERT,4,8073,val,2
BERT,mBERT,4,8074,test,0
BERT,mBERT,4,8075,test,0
BERT,mBERT,4,8076,val,0
BERT,mBERT,4,8077,test,0
BERT,mBERT,4,8078,test,2
BERT,mBERT,4,8079,val,0
BERT,mBERT,4,8080,val,0
BERT,mBERT,4,8081,test,2
BERT,mBERT,4,8082,test,1
BERT,mBERT,4,8083,test,2
BERT,mBERT,4,8084,test,0
BERT,mBERT,4,8085,test,2
BERT,mBERT,4,8088,test,0
BERT,mBERT,4,8089,val,2
BERT,mBERT,4,8091,test,0
BERT,mBERT,4,8095,val,2
BERT,mBERT,4,8099,test,0
BERT,mBERT,4,8100,test,1
BERT,mBERT,4,8101,test,0
BERT,mBERT,4,8103,test,0
BERT,mBERT,4,8104,val,0
BERT,mBERT,4,8105,test,0
BERT,mBERT,4,8108,test,0
BERT,mBERT,4,8109,val,0
BERT,mBERT,4,8111,test,0
BERT,mBERT,4,8112,val,1
BERT,mBERT,4,8113,test,0
BERT,mBERT,4,8114,test,2
BERT,mBERT,4,8118,val,0
BERT,mBERT,4,8121,val,0
BERT,mBERT,4,8122,test,2
BERT,mBERT,4,8123,val,0
BERT,mBERT,4,8124,test,1
BERT,mBERT,4,8126,test,0
BERT,mBERT,4,8129,val,0
BERT,mBERT,4,8130,test,2
BERT,mBERT,4,8132,test,0
BERT,mBERT,4,8135,test,0
BERT,mBERT,4,8136,test,0
BERT,mBERT,4,8137,test,0
BERT,mBERT,4,8143,val,0
BERT,mBERT,4,8145,test,0
BERT,mBERT,4,8146,val,1
BERT,mBERT,4,8147,test,0
BERT,mBERT,4,8149,test,2
BERT,mBERT,4,8150,val,0
BERT,mBERT,4,8151,test,2
BERT,mBERT,4,8152,test,2
BERT,mBERT,4,8158,test,1
BERT,mBERT,4,8159,test,2
BERT,mBERT,4,8164,test,0
BERT,mBERT,4,8165,test,0
BERT,mBERT,4,8166,val,0
BERT,mBERT,4,8167,test,1
BERT,mBERT,4,8168,test,0
BERT,mBERT,4,8169,val,0
BERT,mBERT,4,8170,val,0
BERT,mBERT,4,8171,test,0
BERT,mBERT,4,8172,val,2
BERT,mBERT,4,8174,val,2
BERT,mBERT,4,8179,val,2
BERT,mBERT,4,8180,test,1
BERT,mBERT,4,8182,test,0
BERT,mBERT,4,8185,test,2
BERT,mBERT,4,8186,test,0
BERT,mBERT,4,8187,val,0
BERT,mBERT,4,8189,val,0
BERT,mBERT,4,8190,test,0
BERT,mBERT,4,8193,val,1
BERT,mBERT,4,8199,test,0
BERT,mBERT,4,8200,val,2
BERT,mBERT,4,8203,test,0
BERT,mBERT,4,8204,val,0
BERT,mBERT,4,8207,val,0
BERT,mBERT,4,8209,test,0
BERT,mBERT,4,8210,val,1
BERT,mBERT,4,8211,test,0
BERT,mBERT,4,8213,val,1
BERT,mBERT,4,8214,val,2
BERT,mBERT,4,8215,val,0
BERT,mBERT,4,8217,test,0
BERT,mBERT,4,8218,test,0
BERT,mBERT,4,8219,test,2
BERT,mBERT,4,8220,val,0
BERT,mBERT,4,8221,val,0
BERT,mBERT,4,8222,test,0
BERT,mBERT,4,8224,val,0
BERT,mBERT,4,8225,val,0
BERT,mBERT,4,8228,val,0
BERT,mBERT,4,8232,test,0
BERT,mBERT,4,8233,test,0
BERT,mBERT,4,8234,test,0
BERT,mBERT,4,8237,val,0
BERT,mBERT,4,8239,test,0
BERT,mBERT,4,8240,test,0
BERT,mBERT,4,8241,val,1
BERT,mBERT,4,8243,test,0
BERT,mBERT,4,8244,test,0
BERT,mBERT,4,8245,test,0
BERT,mBERT,4,8246,val,2
BERT,mBERT,4,8247,test,1
BERT,mBERT,4,8250,test,0
BERT,mBERT,4,8251,test,0
BERT,mBERT,4,8252,test,0
BERT,mBERT,4,8254,test,0
BERT,mBERT,4,8257,val,0
BERT,mBERT,4,8258,val,2
BERT,mBERT,4,8259,test,2
BERT,mBERT,4,8261,val,2
BERT,mBERT,4,8264,test,2
BERT,mBERT,4,8265,test,0
BERT,mBERT,4,8266,test,0
BERT,mBERT,4,8267,test,2
BERT,mBERT,4,8268,val,2
BERT,mBERT,4,8269,val,0
BERT,mBERT,4,8272,test,2
BERT,mBERT,4,8273,test,0
BERT,mBERT,4,8276,val,0
BERT,mBERT,4,8277,test,2
BERT,mBERT,4,8282,val,0
BERT,mBERT,4,8283,val,0
BERT,mBERT,4,8286,test,0
BERT,mBERT,4,8287,val,0
BERT,mBERT,4,8289,test,2
BERT,mBERT,4,8290,val,2
BERT,mBERT,4,8296,test,2
BERT,mBERT,4,8298,val,1
BERT,mBERT,4,8299,test,2
BERT,mBERT,4,8300,test,0
BERT,mBERT,4,8303,val,2
BERT,mBERT,4,8304,val,2
BERT,mBERT,4,8305,test,1
BERT,mBERT,4,8306,val,0
BERT,mBERT,4,8307,val,2
BERT,mBERT,4,8310,test,0
BERT,mBERT,4,8311,val,0
BERT,mBERT,4,8312,test,2
BERT,mBERT,4,8313,test,0
BERT,mBERT,4,8314,val,2
BERT,mBERT,4,8316,test,1
BERT,mBERT,4,8318,test,0
BERT,mBERT,4,8319,test,1
BERT,mBERT,4,8321,val,0
BERT,mBERT,4,8322,test,0
BERT,mBERT,4,8323,test,2
BERT,mBERT,4,8325,test,0
BERT,mBERT,4,8326,test,0
BERT,mBERT,4,8328,test,0
BERT,mBERT,4,8330,test,1
BERT,mBERT,4,8331,test,0
BERT,mBERT,4,8332,val,2
BERT,mBERT,4,8333,val,0
BERT,mBERT,4,8334,val,0
BERT,mBERT,4,8337,test,0
BERT,mBERT,4,8339,test,0
BERT,mBERT,4,8340,val,2
BERT,mBERT,4,8343,test,1
BERT,mBERT,4,8348,test,2
BERT,mBERT,4,8351,test,2
BERT,mBERT,4,8352,val,0
BERT,mBERT,4,8353,test,0
BERT,mBERT,4,8355,val,2
BERT,mBERT,4,8357,test,0
BERT,mBERT,4,8358,test,0
BERT,mBERT,4,8359,test,2
BERT,mBERT,4,8360,test,1
BERT,mBERT,4,8361,test,2
BERT,mBERT,4,8364,val,2
BERT,mBERT,4,8366,test,2
BERT,mBERT,4,8368,test,0
BERT,mBERT,4,8369,test,0
BERT,mBERT,4,8371,test,0
BERT,mBERT,4,8372,test,0
BERT,mBERT,4,8375,test,0
BERT,mBERT,4,8378,test,0
BERT,mBERT,4,8383,test,2
BERT,mBERT,4,8386,test,0
BERT,mBERT,4,8387,test,0
BERT,mBERT,4,8390,test,2
BERT,mBERT,4,8392,test,2
BERT,mBERT,4,8393,test,0
BERT,mBERT,4,8394,test,0
BERT,mBERT,4,8395,test,0
BERT,mBERT,4,8397,test,0
BERT,mBERT,4,8399,val,2
BERT,mBERT,4,8400,test,0
BERT,mBERT,4,8403,test,2
BERT,mBERT,4,8404,test,0
BERT,mBERT,4,8407,val,0
BERT,mBERT,4,8414,val,0
BERT,mBERT,4,8415,test,2
BERT,mBERT,4,8417,test,2
BERT,mBERT,4,8419,val,0
BERT,mBERT,4,8420,test,0
BERT,mBERT,4,8421,val,2
BERT,mBERT,4,8428,val,0
BERT,mBERT,4,8430,test,1
BERT,mBERT,4,8433,test,2
BERT,mBERT,4,8435,val,2
BERT,mBERT,4,8437,val,2
BERT,mBERT,4,8438,test,2
BERT,mBERT,4,8440,val,0
BERT,mBERT,4,8443,test,0
BERT,mBERT,4,8444,test,1
BERT,mBERT,4,8445,val,2
BERT,mBERT,4,8446,test,2
BERT,mBERT,4,8447,val,2
BERT,mBERT,4,8449,test,0
BERT,mBERT,4,8451,val,2
BERT,mBERT,4,8453,val,2
BERT,mBERT,4,8454,test,0
BERT,mBERT,4,8456,test,2
BERT,mBERT,4,8457,val,0
BERT,mBERT,4,8458,test,0
BERT,mBERT,4,8459,test,0
BERT,mBERT,4,8464,val,0
BERT,mBERT,4,8465,val,0
BERT,mBERT,4,8466,test,0
BERT,mBERT,4,8467,val,1
BERT,mBERT,4,8468,test,0
BERT,mBERT,4,8470,val,0
BERT,mBERT,4,8471,val,1
BERT,mBERT,4,8472,test,0
BERT,mBERT,4,8473,val,0
BERT,mBERT,4,8474,test,0
BERT,mBERT,4,8475,test,2
BERT,mBERT,4,8480,val,2
BERT,mBERT,4,8483,test,0
BERT,mBERT,4,8485,test,2
BERT,mBERT,4,8486,val,2
BERT,mBERT,4,8487,val,0
BERT,mBERT,4,8488,test,0
BERT,mBERT,4,8489,test,0
BERT,mBERT,4,8491,test,1
BERT,mBERT,4,8493,test,2
BERT,mBERT,4,8496,val,1
BERT,mBERT,4,8501,test,0
BERT,mBERT,4,8504,test,0
BERT,mBERT,4,8505,test,1
BERT,mBERT,4,8506,test,2
BERT,mBERT,4,8507,test,1
BERT,mBERT,4,8509,test,0
BERT,mBERT,4,8510,val,1
BERT,mBERT,4,8511,val,0
BERT,mBERT,4,8512,val,0
BERT,mBERT,4,8517,val,2
BERT,mBERT,4,8519,val,2
BERT,mBERT,4,8522,test,0
BERT,mBERT,4,8525,test,0
BERT,mBERT,4,8529,val,0
BERT,mBERT,4,8530,val,0
BERT,mBERT,4,8533,test,0
BERT,mBERT,4,8535,val,0
BERT,mBERT,4,8538,val,0
BERT,mBERT,4,8539,val,2
BERT,mBERT,4,8540,test,0
BERT,mBERT,4,8541,test,0
BERT,mBERT,4,8542,test,0
BERT,mBERT,4,8547,test,2
BERT,mBERT,4,8548,val,2
BERT,mBERT,4,8549,val,0
BERT,mBERT,4,8550,val,1
BERT,mBERT,4,8551,test,0
BERT,mBERT,4,8553,val,0
BERT,mBERT,4,8554,test,2
BERT,mBERT,4,8557,test,0
BERT,mBERT,4,8563,test,0
BERT,mBERT,4,8566,test,0
BERT,mBERT,4,8569,val,2
BERT,mBERT,4,8570,val,0
BERT,mBERT,4,8571,val,0
BERT,mBERT,4,8572,test,2
BERT,mBERT,4,8575,val,0
BERT,mBERT,4,8577,val,2
BERT,mBERT,4,8578,test,0
BERT,mBERT,4,8580,test,0
BERT,mBERT,4,8582,test,0
BERT,mBERT,4,8585,val,0
BERT,mBERT,4,8586,test,2
BERT,mBERT,4,8587,test,0
BERT,mBERT,4,8588,val,0
BERT,mBERT,4,8590,test,0
BERT,mBERT,4,8592,val,2
BERT,mBERT,4,8594,val,1
BERT,mBERT,4,8595,test,2
BERT,mBERT,4,8596,test,0
BERT,mBERT,4,8598,test,2
BERT,mBERT,4,8600,test,0
BERT,mBERT,4,8602,val,2
BERT,mBERT,4,8603,val,0
BERT,mBERT,4,8604,val,2
BERT,mBERT,4,8605,test,2
BERT,mBERT,4,8606,test,1
BERT,mBERT,4,8612,val,0
BERT,mBERT,4,8613,val,0
BERT,mBERT,4,8618,val,2
BERT,mBERT,4,8620,test,1
BERT,mBERT,4,8621,test,1
BERT,mBERT,4,8622,test,0
BERT,mBERT,4,8623,test,2
BERT,mBERT,4,8624,val,0
BERT,mBERT,4,8625,val,0
BERT,mBERT,4,8627,test,0
BERT,mBERT,4,8628,test,0
BERT,mBERT,4,8630,val,2
BERT,mBERT,4,8633,test,2
BERT,mBERT,4,8634,test,0
BERT,mBERT,4,8637,val,2
BERT,mBERT,4,8638,test,0
BERT,mBERT,4,8640,test,2
BERT,mBERT,4,8643,val,0
BERT,mBERT,4,8647,test,2
BERT,mBERT,4,8648,test,2
BERT,mBERT,4,8653,val,2
BERT,mBERT,4,8654,test,2
BERT,mBERT,4,8657,val,2
BERT,mBERT,4,8659,test,2
BERT,mBERT,4,8660,test,2
BERT,mBERT,4,8663,val,2
BERT,mBERT,4,8666,test,0
BERT,mBERT,4,8669,test,2
BERT,mBERT,4,8670,test,0
BERT,mBERT,4,8673,val,2
BERT,mBERT,4,8678,test,0
BERT,mBERT,4,8679,test,0
BERT,mBERT,4,8680,test,2
BERT,mBERT,4,8681,val,0
BERT,mBERT,4,8682,test,0
BERT,mBERT,4,8684,test,0
BERT,mBERT,4,8686,val,2
BERT,mBERT,4,8687,test,1
BERT,mBERT,4,8688,test,0
BERT,mBERT,4,8692,test,2
BERT,mBERT,4,8693,val,0
BERT,mBERT,4,8694,test,0
BERT,mBERT,4,8696,test,2
BERT,mBERT,4,8699,test,0
BERT,mBERT,4,8700,val,2
BERT,mBERT,4,8701,test,2
BERT,mBERT,4,8702,val,2
BERT,mBERT,4,8706,test,0
BERT,mBERT,4,8708,test,1
BERT,mBERT,4,8709,test,2
BERT,mBERT,4,8711,test,1
BERT,mBERT,4,8714,test,0
BERT,mBERT,4,8715,val,2
BERT,mBERT,4,8721,test,2
BERT,mBERT,4,8723,test,2
BERT,mBERT,4,8724,val,0
BERT,mBERT,4,8728,val,0
BERT,mBERT,4,8731,val,1
BERT,mBERT,4,8732,val,0
BERT,mBERT,4,8734,val,0
BERT,mBERT,4,8737,val,2
BERT,mBERT,4,8741,test,2
BERT,mBERT,4,8742,test,1
BERT,mBERT,4,8744,test,0
BERT,mBERT,4,8745,val,2
BERT,mBERT,4,8746,val,0
BERT,mBERT,4,8749,val,0
BERT,mBERT,4,8750,val,0
BERT,mBERT,4,8751,test,1
BERT,mBERT,4,8752,test,0
BERT,mBERT,4,8753,test,0
BERT,mBERT,4,8754,test,0
BERT,mBERT,4,8756,test,0
BERT,mBERT,4,8760,val,2
BERT,mBERT,4,8762,test,0
BERT,mBERT,4,8764,val,0
BERT,mBERT,4,8772,test,2
BERT,mBERT,4,8774,test,2
BERT,mBERT,4,8775,test,2
BERT,mBERT,4,8776,val,0
BERT,mBERT,4,8777,test,2
BERT,mBERT,4,8778,test,0
BERT,mBERT,4,8784,val,2
BERT,mBERT,4,8786,val,0
BERT,mBERT,4,8789,test,2
BERT,mBERT,4,8790,test,0
BERT,mBERT,4,8791,test,2
BERT,mBERT,4,8793,test,2
BERT,mBERT,4,8794,test,0
BERT,mBERT,4,8796,val,0
BERT,mBERT,4,8797,test,2
BERT,mBERT,4,8798,test,0
BERT,mBERT,4,8802,val,0
BERT,mBERT,4,8803,val,0
BERT,mBERT,4,8804,test,0
BERT,mBERT,4,8805,test,0
BERT,mBERT,4,8810,val,2
BERT,mBERT,4,8811,test,2
BERT,mBERT,4,8812,val,2
BERT,mBERT,4,8814,test,0
BERT,mBERT,4,8815,val,0
BERT,mBERT,4,8818,test,2
BERT,mBERT,4,8820,test,0
BERT,mBERT,4,8825,val,2
BERT,mBERT,4,8826,test,0
BERT,mBERT,4,8827,test,0
BERT,mBERT,4,8829,test,0
BERT,mBERT,4,8831,test,0
BERT,mBERT,4,8833,val,0
BERT,mBERT,4,8836,test,0
BERT,mBERT,4,8838,val,2
BERT,mBERT,4,8839,test,0
BERT,mBERT,4,8841,val,0
BERT,mBERT,4,8843,test,0
BERT,mBERT,4,8844,val,2
BERT,mBERT,4,8846,test,2
BERT,mBERT,4,8847,val,2
BERT,mBERT,4,8848,test,0
BERT,mBERT,4,8851,test,0
BERT,mBERT,4,8856,test,0
BERT,mBERT,4,8859,val,2
BERT,mBERT,4,8860,val,0
BERT,mBERT,4,8861,test,0
BERT,mBERT,4,8863,val,2
BERT,mBERT,4,8865,val,2
BERT,mBERT,4,8866,val,2
BERT,mBERT,4,8869,test,0
BERT,mBERT,4,8871,val,0
BERT,mBERT,4,8876,test,2
BERT,mBERT,4,8877,val,2
BERT,mBERT,4,8878,test,2
BERT,mBERT,4,8881,test,1
BERT,mBERT,4,8882,val,0
BERT,mBERT,4,8884,test,2
BERT,mBERT,4,8886,test,2
BERT,mBERT,4,8889,val,2
BERT,mBERT,4,8891,val,2
BERT,mBERT,4,8892,test,0
BERT,mBERT,4,8894,test,2
BERT,mBERT,4,8897,test,2
BERT,mBERT,4,8898,val,0
BERT,mBERT,4,8899,val,2
BERT,mBERT,4,8900,test,0
BERT,mBERT,4,8903,test,0
BERT,mBERT,4,8905,val,2
BERT,mBERT,4,8907,val,2
BERT,mBERT,4,8914,val,2
BERT,mBERT,4,8919,test,2
BERT,mBERT,4,8924,test,0
BERT,mBERT,4,8926,val,2
BERT,mBERT,4,8930,test,2
BERT,mBERT,4,8931,test,0
BERT,mBERT,4,8932,val,2
BERT,mBERT,4,8933,test,0
BERT,mBERT,4,8936,test,0
BERT,mBERT,4,8937,val,0
BERT,mBERT,4,8938,test,0
BERT,mBERT,4,8940,val,0
BERT,mBERT,4,8946,test,2
BERT,mBERT,4,8947,test,2
BERT,mBERT,4,8951,test,0
BERT,mBERT,4,8954,val,0
BERT,mBERT,4,8956,test,2
BERT,mBERT,4,8958,val,1
BERT,mBERT,4,8959,test,0
BERT,mBERT,4,8960,val,2
BERT,mBERT,4,8964,test,2
BERT,mBERT,4,8967,val,0
BERT,mBERT,4,8968,test,2
BERT,mBERT,4,8970,test,2
BERT,mBERT,4,8971,val,2
BERT,mBERT,4,8972,test,0
BERT,mBERT,4,8973,test,1
BERT,mBERT,4,8975,test,0
BERT,mBERT,4,8979,test,0
BERT,mBERT,4,8981,test,0
BERT,mBERT,4,8982,val,2
BERT,mBERT,4,8983,val,0
BERT,mBERT,4,8984,val,0
BERT,mBERT,4,8985,test,1
BERT,mBERT,4,8990,test,0
BERT,mBERT,4,8991,test,2
BERT,mBERT,4,8993,val,2
BERT,mBERT,4,8994,test,0
BERT,mBERT,4,8996,test,2
BERT,mBERT,4,8997,val,2
BERT,mBERT,4,8998,test,0
BERT,mBERT,4,8999,val,1
BERT,mBERT,4,9001,test,0
BERT,mBERT,4,9002,val,2
BERT,mBERT,4,9003,test,2
BERT,mBERT,4,9004,test,2
BERT,mBERT,4,9005,val,2
BERT,mBERT,4,9007,val,0
BERT,mBERT,4,9012,test,0
BERT,mBERT,4,9014,test,0
BERT,mBERT,4,9015,val,0
BERT,mBERT,4,9020,test,0
BERT,mBERT,4,9021,test,0
BERT,mBERT,4,9025,test,0
BERT,mBERT,4,9026,test,0
BERT,mBERT,4,9030,test,2
BERT,mBERT,4,9032,val,2
BERT,mBERT,4,9034,val,0
BERT,mBERT,4,9035,test,2
BERT,mBERT,4,9036,val,0
BERT,mBERT,4,9042,val,2
BERT,mBERT,4,9044,val,0
BERT,mBERT,4,9046,val,2
BERT,mBERT,4,9048,test,0
BERT,mBERT,4,9050,test,0
BERT,mBERT,4,9051,val,0
BERT,mBERT,4,9053,val,0
BERT,mBERT,4,9055,val,1
BERT,mBERT,4,9058,val,0
BERT,mBERT,4,9059,test,2
BERT,mBERT,4,9060,test,2
BERT,mBERT,4,9061,val,2
BERT,mBERT,4,9062,test,1
BERT,mBERT,4,9065,test,1
BERT,mBERT,4,9069,test,0
BERT,mBERT,4,9071,test,0
BERT,mBERT,4,9072,test,0
BERT,mBERT,4,9074,val,2
BERT,mBERT,4,9075,test,0
BERT,mBERT,4,9078,val,0
BERT,mBERT,4,9081,test,2
BERT,mBERT,4,9084,test,0
BERT,mBERT,4,9088,val,2
BERT,mBERT,4,9089,test,0
BERT,mBERT,4,9090,val,2
BERT,mBERT,4,9093,test,0
BERT,mBERT,4,9095,test,1
BERT,mBERT,4,9097,test,2
BERT,mBERT,4,9098,test,0
BERT,mBERT,4,9099,val,0
BERT,mBERT,4,9101,test,1
BERT,mBERT,4,9102,test,0
BERT,mBERT,4,9103,val,1
BERT,mBERT,4,9108,val,0
BERT,mBERT,4,9109,val,0
BERT,mBERT,4,9112,test,0
BERT,mBERT,4,9113,test,0
BERT,mBERT,4,9115,val,2
BERT,mBERT,4,9118,val,0
BERT,mBERT,4,9123,test,0
BERT,mBERT,4,9124,val,2
BERT,mBERT,4,9125,val,2
BERT,mBERT,4,9129,test,2
BERT,mBERT,4,9131,test,2
BERT,mBERT,4,9134,test,0
BERT,mBERT,4,9137,test,2
BERT,mBERT,4,9138,val,0
BERT,mBERT,4,9139,test,0
BERT,mBERT,4,9140,test,2
BERT,mBERT,4,9141,test,2
BERT,mBERT,4,9144,test,2
BERT,mBERT,4,9146,val,0
BERT,mBERT,4,9147,test,0
BERT,mBERT,4,9150,test,2
BERT,mBERT,4,9151,test,0
BERT,mBERT,4,9153,val,2
BERT,mBERT,4,9155,val,0
BERT,mBERT,4,9156,val,0
BERT,mBERT,4,9159,test,2
BERT,mBERT,4,9160,test,0
BERT,mBERT,4,9161,test,1
BERT,mBERT,4,9162,test,0
BERT,mBERT,4,9163,test,0
BERT,mBERT,4,9165,val,1
BERT,mBERT,4,9166,test,2
BERT,mBERT,4,9167,test,0
BERT,mBERT,4,9168,test,0
BERT,mBERT,4,9169,val,0
BERT,mBERT,4,9171,val,2
BERT,mBERT,4,9172,test,0
BERT,mBERT,4,9173,test,0
BERT,mBERT,4,9176,test,0
BERT,mBERT,4,9183,test,0
BERT,mBERT,4,9185,test,0
BERT,mBERT,4,9186,test,2
BERT,mBERT,4,9190,test,0
BERT,mBERT,4,9191,val,2
BERT,mBERT,4,9192,val,0
BERT,mBERT,4,9197,val,0
BERT,mBERT,4,9198,test,0
BERT,mBERT,4,9202,test,0
BERT,mBERT,4,9203,val,0
BERT,mBERT,4,9205,val,0
BERT,mBERT,4,9206,test,0
BERT,mBERT,4,9207,test,0
BERT,mBERT,4,9208,test,0
BERT,mBERT,4,9210,test,2
BERT,mBERT,4,9211,test,2
BERT,mBERT,4,9212,test,0
BERT,mBERT,4,9213,test,0
BERT,mBERT,4,9216,test,0
BERT,mBERT,4,9217,test,0
BERT,mBERT,4,9218,test,2
BERT,mBERT,4,9220,test,0
BERT,mBERT,4,9224,test,0
BERT,mBERT,4,9225,test,0
BERT,mBERT,4,9226,test,1
BERT,mBERT,4,9227,val,2
BERT,mBERT,4,9231,val,0
BERT,mBERT,4,9235,val,1
BERT,mBERT,4,9237,test,0
BERT,mBERT,4,9240,test,1
BERT,mBERT,4,9246,val,2
BERT,mBERT,4,9248,test,0
BERT,mBERT,4,9251,test,0
BERT,mBERT,4,9252,val,2
BERT,mBERT,4,9253,test,0
BERT,mBERT,4,9256,test,0
BERT,mBERT,4,9257,test,0
BERT,mBERT,4,9258,test,0
BERT,mBERT,4,9261,val,0
BERT,mBERT,4,9262,test,2
BERT,mBERT,4,9264,val,0
BERT,mBERT,4,9266,val,2
BERT,mBERT,4,9269,test,0
BERT,mBERT,4,9271,val,0
BERT,mBERT,4,9276,test,2
BERT,mBERT,4,9277,test,0
BERT,mBERT,4,9280,val,1
BERT,mBERT,4,9282,test,2
BERT,mBERT,4,9284,test,0
BERT,mBERT,4,9288,test,0
BERT,mBERT,4,9289,test,2
BERT,mBERT,4,9292,val,0
BERT,mBERT,4,9293,test,0
BERT,mBERT,4,9295,test,0
BERT,mBERT,4,9300,test,2
BERT,mBERT,4,9303,val,0
BERT,mBERT,4,9304,val,0
BERT,mBERT,4,9305,val,0
BERT,mBERT,4,9310,val,0
BERT,mBERT,4,9311,test,2
BERT,mBERT,4,9312,test,2
BERT,mBERT,4,9313,val,2
BERT,mBERT,4,9318,test,2
BERT,mBERT,4,9320,val,0
BERT,mBERT,4,9321,val,0
BERT,mBERT,4,9326,test,0
BERT,mBERT,4,9327,test,2
BERT,mBERT,4,9329,test,2
BERT,mBERT,4,9331,val,1
BERT,mBERT,4,9333,test,0
BERT,mBERT,4,9335,test,0
BERT,mBERT,4,9338,val,2
BERT,mBERT,4,9340,val,2
BERT,mBERT,4,9341,val,0
BERT,mBERT,4,9342,test,0
BERT,mBERT,4,9349,val,0
BERT,mBERT,4,9351,val,1
BERT,mBERT,4,9356,val,0
BERT,mBERT,4,9358,test,2
BERT,mBERT,4,9359,test,0
BERT,mBERT,4,9360,val,1
BERT,mBERT,4,9364,test,0
BERT,mBERT,4,9366,test,0
BERT,mBERT,4,9367,test,0
BERT,mBERT,4,9369,val,0
BERT,mBERT,4,9371,test,0
BERT,mBERT,4,9376,val,0
BERT,mBERT,4,9377,test,0
BERT,mBERT,4,9378,test,0
BERT,mBERT,4,9379,test,0
BERT,mBERT,4,9380,val,2
BERT,mBERT,4,9381,val,2
BERT,mBERT,4,9383,val,0
BERT,mBERT,4,9385,val,1
BERT,mBERT,4,9386,val,0
BERT,mBERT,4,9387,test,0
BERT,mBERT,4,9388,val,0
BERT,mBERT,4,9389,val,2
BERT,mBERT,4,9394,test,2
BERT,mBERT,4,9398,test,0
BERT,mBERT,4,9400,val,0
BERT,mBERT,4,9401,test,0
BERT,mBERT,4,9407,test,0
BERT,mBERT,4,9408,test,0
BERT,mBERT,4,9409,val,2
BERT,mBERT,4,9411,test,0
BERT,mBERT,4,9412,test,0
BERT,mBERT,4,9414,test,0
BERT,mBERT,4,9415,test,0
BERT,mBERT,4,9419,test,0
BERT,mBERT,4,9420,val,0
BERT,mBERT,4,9423,test,2
BERT,mBERT,4,9424,test,2
BERT,mBERT,4,9425,test,2
BERT,mBERT,4,9426,test,0
BERT,mBERT,4,9429,test,2
BERT,mBERT,4,9431,val,0
BERT,mBERT,4,9433,val,0
BERT,mBERT,4,9436,test,2
BERT,mBERT,4,9439,test,2
BERT,mBERT,4,9443,test,0
BERT,mBERT,4,9446,test,2
BERT,mBERT,4,9447,val,1
BERT,mBERT,4,9448,test,1
BERT,mBERT,4,9449,val,2
BERT,mBERT,4,9450,val,2
BERT,mBERT,4,9453,test,2
BERT,mBERT,4,9459,val,0
BERT,mBERT,4,9461,test,2
BERT,mBERT,4,9464,test,2
BERT,mBERT,4,9466,test,0
BERT,mBERT,4,9468,val,0
BERT,mBERT,4,9469,test,2
BERT,mBERT,4,9470,test,2
BERT,mBERT,4,9471,test,0
BERT,mBERT,4,9472,test,0
BERT,mBERT,4,9474,val,2
BERT,mBERT,4,9475,val,0
BERT,mBERT,4,9476,val,2
BERT,mBERT,4,9477,test,0
BERT,mBERT,4,9478,test,0
BERT,mBERT,4,9488,val,0
BERT,mBERT,4,9491,val,0
BERT,mBERT,4,9492,val,0
BERT,mBERT,4,9496,test,2
BERT,mBERT,4,9497,val,0
BERT,mBERT,4,9499,val,2
BERT,mBERT,4,9501,val,2
BERT,mBERT,4,9503,test,2
BERT,mBERT,4,9504,val,0
BERT,mBERT,4,9505,val,1
BERT,mBERT,4,9508,test,2
BERT,mBERT,4,9509,test,2
BERT,mBERT,4,9513,test,0
BERT,mBERT,4,9514,test,0
BERT,mBERT,4,9519,val,0
BERT,mBERT,4,9520,val,2
BERT,mBERT,4,9523,val,2
BERT,mBERT,4,9526,test,2
BERT,mBERT,4,9528,test,1
BERT,mBERT,4,9531,test,2
BERT,mBERT,4,9533,test,2
BERT,mBERT,4,9537,test,0
BERT,mBERT,4,9538,val,0
BERT,mBERT,4,9539,test,0
BERT,mBERT,4,9541,val,0
BERT,mBERT,4,9545,test,0
BERT,mBERT,4,9547,test,0
BERT,mBERT,4,9548,val,2
BERT,mBERT,4,9551,val,0
BERT,mBERT,4,9554,test,0
BERT,mBERT,4,9555,val,1
BERT,mBERT,4,9557,val,2
BERT,mBERT,4,9560,test,0
BERT,mBERT,4,9562,val,1
BERT,mBERT,4,9564,test,2
BERT,mBERT,4,9567,val,2
BERT,mBERT,4,9568,test,0
BERT,mBERT,4,9571,test,0
BERT,mBERT,4,9572,val,0
BERT,mBERT,4,9573,val,0
BERT,mBERT,4,9574,test,0
BERT,mBERT,4,9576,test,0
BERT,mBERT,4,9578,test,2
BERT,mBERT,4,9581,val,2
BERT,mBERT,4,9584,test,0
BERT,mBERT,4,9585,val,0
BERT,mBERT,4,9586,test,0
BERT,mBERT,4,9588,val,0
BERT,mBERT,4,9589,val,1
BERT,mBERT,4,9596,test,1
BERT,mBERT,4,9597,val,2
BERT,mBERT,4,9601,test,2
BERT,mBERT,4,9602,test,2
BERT,mBERT,4,9603,val,2
BERT,mBERT,4,9604,test,0
BERT,mBERT,4,9605,val,0
BERT,mBERT,4,9606,val,0
BERT,mBERT,4,9607,test,0
BERT,mBERT,4,9608,val,0
BERT,mBERT,4,9609,test,0
BERT,mBERT,4,9610,test,2
BERT,mBERT,4,9612,test,0
BERT,mBERT,4,9620,test,0
BERT,mBERT,4,9622,test,2
BERT,mBERT,4,9626,test,2
BERT,mBERT,4,9628,val,1
BERT,mBERT,4,9630,val,0
BERT,mBERT,4,9631,test,0
BERT,mBERT,4,9634,val,0
BERT,mBERT,4,9637,test,0
BERT,mBERT,4,9639,val,2
BERT,mBERT,4,9640,test,0
BERT,mBERT,4,9646,test,2
BERT,mBERT,4,9647,test,0
BERT,mBERT,4,9649,test,0
BERT,mBERT,4,9653,val,0
BERT,mBERT,4,9657,test,0
BERT,mBERT,4,9658,test,0
BERT,mBERT,4,9660,val,0
BERT,mBERT,4,9662,test,2
BERT,mBERT,4,9664,test,0
BERT,mBERT,4,9667,test,2
BERT,mBERT,4,9668,val,0
BERT,mBERT,4,9670,test,2
BERT,mBERT,4,9671,test,2
BERT,mBERT,4,9672,test,1
BERT,mBERT,4,9673,val,1
BERT,mBERT,4,9674,val,1
BERT,mBERT,4,9675,test,2
BERT,mBERT,4,9676,val,0
BERT,mBERT,4,9680,test,0
BERT,mBERT,4,9681,val,0
BERT,mBERT,4,9682,test,1
BERT,mBERT,4,9686,val,2
BERT,mBERT,4,9688,val,0
BERT,mBERT,4,9689,val,0
BERT,mBERT,4,9692,test,2
BERT,mBERT,4,9693,val,1
BERT,mBERT,4,9694,val,0
BERT,mBERT,4,9701,val,2
BERT,mBERT,4,9703,test,2
BERT,mBERT,4,9704,val,2
BERT,mBERT,4,9706,test,0
BERT,mBERT,4,9711,test,0
BERT,mBERT,4,9714,val,0
BERT,mBERT,4,9715,val,2
BERT,mBERT,4,9716,val,0
BERT,mBERT,4,9719,val,0
BERT,mBERT,4,9722,test,2
BERT,mBERT,4,9724,test,0
BERT,mBERT,4,9726,val,0
BERT,mBERT,4,9728,test,1
BERT,mBERT,4,9729,test,2
BERT,mBERT,4,9730,val,1
BERT,mBERT,4,9731,val,2
BERT,mBERT,4,9733,test,0
BERT,mBERT,4,9735,val,0
BERT,mBERT,4,9736,test,1
BERT,mBERT,4,9738,test,2
BERT,mBERT,4,9740,val,0
BERT,mBERT,4,9744,test,0
BERT,mBERT,4,9745,val,2
BERT,mBERT,4,9748,test,0
BERT,mBERT,4,9749,test,2
BERT,mBERT,4,9754,test,0
BERT,mBERT,4,9756,val,0
BERT,mBERT,4,9758,val,2
BERT,mBERT,4,9762,test,0
BERT,mBERT,4,9766,test,0
BERT,mBERT,4,9768,test,2
BERT,mBERT,4,9770,val,2
BERT,mBERT,4,9776,val,0
BERT,mBERT,4,9777,test,0
BERT,mBERT,4,9784,test,0
BERT,mBERT,4,9785,test,0
BERT,mBERT,4,9786,test,0
BERT,mBERT,4,9789,test,0
BERT,mBERT,4,9790,val,0
BERT,mBERT,4,9792,test,2
BERT,mBERT,4,9793,val,2
BERT,mBERT,4,9796,test,2
BERT,mBERT,4,9798,test,2
BERT,mBERT,4,9801,val,0
BERT,mBERT,4,9802,test,0
BERT,mBERT,4,9806,test,0
BERT,mBERT,4,9808,val,0
BERT,mBERT,4,9809,test,0
BERT,mBERT,4,9810,test,0
BERT,mBERT,4,9811,val,2
BERT,mBERT,4,9812,test,1
BERT,mBERT,4,9817,val,2
BERT,mBERT,4,9818,val,2
BERT,mBERT,4,9821,test,2
BERT,mBERT,4,9823,test,0
BERT,mBERT,4,9825,test,0
BERT,mBERT,4,9826,test,0
BERT,mBERT,4,9828,test,0
BERT,mBERT,4,9831,val,1
BERT,mBERT,4,9833,test,1
BERT,mBERT,4,9837,test,0
BERT,mBERT,4,9840,test,0
BERT,mBERT,4,9850,test,0
BERT,mBERT,4,9851,test,0
BERT,mBERT,4,9853,test,0
BERT,mBERT,4,9854,test,0
BERT,mBERT,4,9856,val,0
BERT,mBERT,4,9857,val,2
BERT,mBERT,4,9859,val,0
BERT,mBERT,4,9860,val,0
BERT,mBERT,4,9862,test,0
BERT,mBERT,4,9863,val,0
BERT,mBERT,4,9865,test,0
BERT,mBERT,4,9869,test,1
BERT,mBERT,4,9870,test,0
BERT,mBERT,4,9871,test,2
BERT,mBERT,4,9873,test,2
BERT,mBERT,4,9874,val,2
BERT,mBERT,4,9879,test,0
BERT,mBERT,4,9881,test,0
BERT,mBERT,4,9882,val,1
BERT,mBERT,4,9883,test,1
BERT,mBERT,4,9885,test,0
BERT,mBERT,4,9888,val,0
BERT,mBERT,4,9890,test,0
BERT,mBERT,4,9893,test,2
BERT,mBERT,4,9900,test,0
BERT,mBERT,4,9901,val,0
BERT,mBERT,4,9902,test,0
BERT,mBERT,4,9905,val,2
BERT,mBERT,4,9906,val,2
BERT,mBERT,4,9910,test,2
BERT,mBERT,4,9911,test,2
BERT,mBERT,4,9912,test,0
BERT,mBERT,4,9913,val,0
BERT,mBERT,4,9914,test,0
BERT,mBERT,4,9915,test,0
BERT,mBERT,4,9919,test,2
BERT,mBERT,4,9920,test,0
BERT,mBERT,4,9923,val,0
BERT,mBERT,4,9924,test,0
BERT,mBERT,4,9925,test,0
BERT,mBERT,4,9928,test,2
BERT,mBERT,4,9932,test,2
BERT,mBERT,4,9933,test,0
BERT,mBERT,4,9934,val,0
BERT,mBERT,4,9935,test,0
BERT,mBERT,4,9937,test,2
BERT,mBERT,4,9938,val,2
BERT,mBERT,4,9942,test,0
BERT,mBERT,4,9943,val,2
BERT,mBERT,4,9946,test,0
BERT,mBERT,4,9947,test,2
BERT,mBERT,4,9948,test,0
BERT,mBERT,4,9950,test,1
BERT,mBERT,4,9951,val,0
BERT,mBERT,4,9952,test,0
BERT,mBERT,4,9956,test,0
BERT,mBERT,4,9957,test,0
BERT,mBERT,4,9959,test,2
BERT,mBERT,4,9960,val,0
BERT,mBERT,4,9961,test,1
BERT,mBERT,4,9962,test,0
BERT,mBERT,4,9963,test,0
BERT,mBERT,4,9964,test,2
BERT,mBERT,4,9965,test,2
BERT,mBERT,4,9967,test,2
BERT,mBERT,4,9968,test,2
BERT,mBERT,4,9969,test,0
BERT,mBERT,4,9970,val,1
BERT,mBERT,4,9972,val,2
BERT,mBERT,4,9973,test,2
BERT,mBERT,4,9974,test,1
BERT,mBERT,4,9977,val,0
BERT,mBERT,4,9979,val,2
BERT,mBERT,4,9982,test,2
BERT,mBERT,4,9983,test,0
BERT,mBERT,4,9984,val,2
BERT,mBERT,4,9985,test,1
BERT,mBERT,4,9990,val,0
BERT,mBERT,4,9991,test,2
BERT,mBERT,4,9992,val,0
BERT,mBERT,4,9994,val,0
BERT,mBERT,4,9996,val,0
BERT,mBERT,4,9997,test,0
BERT,mBERT,4,9999,val,2
BERT,mBERT,4,10003,val,0
BERT,mBERT,4,10007,val,0
BERT,mBERT,4,10008,val,2
BERT,mBERT,4,10009,test,2
BERT,mBERT,4,10012,test,0
BERT,mBERT,4,10013,val,0
BERT,mBERT,4,10014,val,1
BERT,mBERT,4,10016,test,0
BERT,mBERT,4,10017,test,2
BERT,mBERT,4,10018,test,0
BERT,mBERT,4,10019,val,0
BERT,mBERT,4,10021,val,0
BERT,mBERT,4,10025,test,0
BERT,mBERT,4,10026,val,0
BERT,mBERT,4,10028,test,2
BERT,mBERT,4,10033,test,0
BERT,mBERT,4,10034,test,0
BERT,mBERT,4,10035,test,2
BERT,mBERT,4,10037,test,0
BERT,mBERT,4,10040,val,1
BERT,mBERT,4,10041,test,0
BERT,mBERT,4,10043,test,0
BERT,mBERT,4,10047,test,1
BERT,mBERT,4,10048,test,1
BERT,mBERT,4,10049,test,0
BERT,mBERT,4,10051,test,0
BERT,mBERT,4,10052,test,0
BERT,mBERT,4,10054,test,0
BERT,mBERT,4,10055,test,2
BERT,mBERT,4,10056,val,1
BERT,mBERT,4,10057,test,0
BERT,mBERT,4,10059,val,0
BERT,mBERT,4,10062,val,0
BERT,mBERT,4,10065,val,0
BERT,mBERT,4,10067,test,1
BERT,mBERT,4,10069,test,2
BERT,mBERT,4,10070,val,2
BERT,mBERT,4,10071,val,2
BERT,mBERT,4,10073,val,0
BERT,mBERT,4,10078,val,2
BERT,mBERT,4,10080,val,1
BERT,mBERT,4,10082,val,0
BERT,mBERT,4,10086,test,0
BERT,mBERT,4,10087,test,2
BERT,mBERT,4,10089,test,2
BERT,mBERT,4,10090,test,2
BERT,mBERT,4,10091,test,0
BERT,mBERT,4,10092,val,0
BERT,mBERT,4,10094,test,2
BERT,mBERT,4,10095,test,0
BERT,mBERT,4,10096,test,0
BERT,mBERT,4,10098,test,1
BERT,mBERT,4,10099,test,0
BERT,mBERT,4,10101,test,0
BERT,mBERT,4,10102,test,1
BERT,mBERT,4,10105,val,1
BERT,mBERT,4,10106,val,0
BERT,mBERT,4,10107,test,1
BERT,mBERT,4,10108,test,0
BERT,mBERT,4,10109,val,1
BERT,mBERT,4,10111,test,1
BERT,mBERT,4,10113,test,0
BERT,mBERT,4,10114,val,0
BERT,mBERT,4,10121,val,2
BERT,mBERT,4,10125,test,2
BERT,mBERT,4,10127,val,2
BERT,mBERT,4,10128,test,0
BERT,mBERT,4,10129,test,0
BERT,mBERT,4,10131,val,2
BERT,mBERT,4,10132,test,0
BERT,mBERT,4,10135,test,2
BERT,mBERT,4,10136,test,2
BERT,mBERT,4,10137,val,0
BERT,mBERT,4,10140,val,2
BERT,mBERT,4,10144,val,2
BERT,mBERT,4,10146,val,0
BERT,mBERT,4,10147,val,2
BERT,mBERT,4,10149,test,0
BERT,mBERT,4,10150,val,0
BERT,mBERT,4,10153,test,0
BERT,mBERT,4,10154,val,0
BERT,mBERT,4,10156,test,0
BERT,mBERT,4,10157,test,1
BERT,mBERT,4,10158,val,2
BERT,mBERT,4,10160,val,0
BERT,mBERT,4,10161,val,1
BERT,mBERT,4,10163,val,0
BERT,mBERT,4,10168,test,0
BERT,mBERT,4,10172,val,0
BERT,mBERT,4,10173,val,1
BERT,mBERT,4,10174,val,0
BERT,mBERT,4,10177,test,0
BERT,mBERT,4,10178,val,0
BERT,mBERT,4,10180,val,2
BERT,mBERT,4,10184,val,2
BERT,mBERT,4,10187,val,0
BERT,mBERT,4,10191,test,0
BERT,mBERT,4,10193,val,0
BERT,mBERT,4,10194,test,0
BERT,mBERT,4,10195,test,2
BERT,mBERT,4,10196,test,0
BERT,mBERT,4,10198,val,1
BERT,mBERT,4,10201,test,2
BERT,mBERT,4,10202,val,2
BERT,mBERT,4,10203,val,0
BERT,mBERT,4,10205,val,0
BERT,mBERT,4,10207,test,1
BERT,mBERT,4,10208,test,0
BERT,mBERT,4,10209,test,0
BERT,mBERT,4,10213,val,1
BERT,mBERT,4,10214,test,0
BERT,mBERT,4,10217,val,0
BERT,mBERT,4,10218,test,2
BERT,mBERT,4,10219,val,0
BERT,mBERT,4,10221,test,1
BERT,mBERT,4,10222,test,0
BERT,mBERT,4,10225,test,2
BERT,mBERT,4,10229,test,0
BERT,mBERT,4,10231,test,0
BERT,mBERT,4,10232,test,2
BERT,mBERT,4,10239,val,0
BERT,mBERT,4,10240,test,2
BERT,mBERT,4,10241,val,0
BERT,mBERT,4,10242,val,0
BERT,mBERT,4,10243,val,0
BERT,mBERT,4,10247,test,0
BERT,mBERT,4,10250,test,0
BERT,mBERT,4,10254,test,0
BERT,mBERT,4,10256,val,2
BERT,mBERT,4,10257,test,2
BERT,mBERT,4,10258,test,2
BERT,mBERT,4,10261,test,2
BERT,mBERT,4,10265,val,2
BERT,mBERT,4,10266,test,2
BERT,mBERT,4,10267,val,0
BERT,mBERT,4,10269,test,1
BERT,mBERT,4,10271,test,0
BERT,mBERT,4,10272,val,0
BERT,mBERT,4,10274,test,1
BERT,mBERT,4,10277,test,0
BERT,mBERT,4,10281,test,0
BERT,mBERT,4,10282,test,0
BERT,mBERT,4,10283,test,2
BERT,mBERT,4,10284,val,0
BERT,mBERT,4,10285,test,0
BERT,mBERT,4,10286,test,2
BERT,mBERT,4,10287,test,2
BERT,mBERT,4,10288,test,1
BERT,mBERT,4,10290,test,0
BERT,mBERT,4,10292,test,2
BERT,mBERT,4,10293,test,0
BERT,mBERT,4,10294,val,0
BERT,mBERT,4,10295,val,0
BERT,mBERT,4,10296,test,2
BERT,mBERT,4,10297,val,0
BERT,mBERT,4,10299,test,0
BERT,mBERT,4,10302,test,0
BERT,mBERT,4,10303,val,0
BERT,mBERT,4,10305,val,0
BERT,mBERT,4,10310,val,2
BERT,mBERT,4,10311,val,0
BERT,mBERT,4,10312,val,0
BERT,mBERT,4,10313,test,0
BERT,mBERT,4,10316,val,2
BERT,mBERT,4,10317,val,0
BERT,mBERT,4,10318,val,0
BERT,mBERT,4,10321,val,2
BERT,mBERT,4,10322,test,2
BERT,mBERT,4,10323,test,0
BERT,mBERT,4,10325,test,0
BERT,mBERT,4,10326,test,0
BERT,mBERT,4,10329,val,2
BERT,mBERT,4,10331,val,0
BERT,mBERT,4,10332,val,0
BERT,mBERT,4,10342,val,0
BERT,mBERT,4,10343,test,0
BERT,mBERT,4,10345,test,0
BERT,mBERT,4,10346,test,0
BERT,mBERT,4,10348,test,1
BERT,mBERT,4,10350,val,2
BERT,mBERT,4,10351,val,0
BERT,mBERT,4,10354,test,0
BERT,mBERT,4,10356,test,0
BERT,mBERT,4,10358,test,1
BERT,mBERT,4,10359,test,0
BERT,mBERT,4,10367,val,1
BERT,mBERT,4,10369,test,2
BERT,mBERT,4,10370,test,0
BERT,mBERT,4,10372,val,0
BERT,mBERT,4,10375,val,0
BERT,mBERT,4,10376,test,0
BERT,mBERT,4,10379,test,2
BERT,mBERT,4,10381,test,0
BERT,mBERT,4,10382,test,0
BERT,mBERT,4,10384,val,0
BERT,mBERT,4,10385,val,0
BERT,mBERT,4,10386,test,0
BERT,mBERT,4,10389,val,0
BERT,mBERT,4,10390,val,0
BERT,mBERT,4,10391,test,2
BERT,mBERT,4,10392,val,0
BERT,mBERT,4,10402,val,0
BERT,mBERT,4,10403,val,0
BERT,mBERT,4,10405,val,0
BERT,mBERT,4,10407,test,0
BERT,mBERT,4,10408,test,1
BERT,mBERT,4,10411,val,0
BERT,mBERT,4,10414,val,1
BERT,mBERT,4,10415,val,1
BERT,mBERT,4,10416,val,0
BERT,mBERT,4,10417,test,2
BERT,mBERT,4,10419,val,2
BERT,mBERT,4,10420,test,0
BERT,mBERT,4,10421,test,0
BERT,mBERT,4,10426,test,1
BERT,mBERT,4,10427,test,0
BERT,mBERT,4,10434,val,0
BERT,mBERT,4,10436,test,1
BERT,mBERT,4,10439,test,0
BERT,mBERT,4,10440,val,2
BERT,mBERT,4,10441,test,2
BERT,mBERT,4,10443,test,1
BERT,mBERT,4,10444,test,0
BERT,mBERT,4,10446,val,2
BERT,mBERT,4,10448,test,0
BERT,mBERT,4,10449,test,0
BERT,mBERT,4,10450,test,0
BERT,mBERT,4,10452,val,0
BERT,mBERT,4,10453,test,0
BERT,mBERT,4,10455,test,2
BERT,mBERT,4,10457,test,0
BERT,mBERT,4,10458,test,0
BERT,mBERT,4,10459,test,0
BERT,mBERT,4,10460,val,0
BERT,mBERT,4,10461,test,2
BERT,mBERT,4,10463,val,0
BERT,mBERT,4,10464,test,0
BERT,mBERT,4,10465,test,0
BERT,mBERT,4,10469,test,0
BERT,mBERT,4,10471,test,0
BERT,mBERT,4,10472,val,2
BERT,mBERT,4,10475,test,0
BERT,mBERT,4,10478,val,0
BERT,mBERT,4,10479,val,2
BERT,mBERT,4,10481,test,0
BERT,mBERT,4,10487,test,0
BERT,mBERT,4,10488,test,0
BERT,mBERT,4,10490,test,0
BERT,mBERT,4,10492,val,0
BERT,mBERT,4,10493,test,0
BERT,mBERT,4,10499,test,0
BERT,mBERT,4,10501,val,0
BERT,mBERT,4,10505,val,1
BERT,mBERT,4,10508,test,2
BERT,mBERT,4,10511,val,0
BERT,mBERT,4,10513,test,2
BERT,mBERT,4,10514,test,2
BERT,mBERT,4,10517,test,0
BERT,mBERT,4,10519,test,0
BERT,mBERT,4,10520,test,0
BERT,mBERT,4,10522,test,0
BERT,mBERT,4,10524,test,2
BERT,mBERT,4,10525,val,0
BERT,mBERT,4,10530,test,0
BERT,mBERT,4,10532,test,0
BERT,mBERT,4,10534,val,0
BERT,mBERT,4,10539,test,1
BERT,mBERT,4,10540,val,0
BERT,mBERT,4,10542,val,2
BERT,mBERT,4,10543,test,0
BERT,mBERT,4,10546,test,0
BERT,mBERT,4,10547,val,0
BERT,mBERT,4,10551,test,2
BERT,mBERT,4,10552,test,2
BERT,mBERT,4,10553,val,2
BERT,mBERT,4,10554,test,2
BERT,mBERT,4,10555,test,0
BERT,mBERT,4,10556,val,1
BERT,mBERT,4,10557,val,0
BERT,mBERT,4,10559,test,0
BERT,mBERT,4,10563,val,2
BERT,mBERT,4,10565,test,0
BERT,mBERT,4,10566,val,0
BERT,mBERT,4,10569,val,0
BERT,mBERT,4,10571,val,0
BERT,mBERT,4,10572,val,0
BERT,mBERT,4,10574,val,2
BERT,mBERT,4,10576,val,2
BERT,mBERT,4,10580,val,0
BERT,mBERT,4,10582,val,2
BERT,mBERT,4,10583,val,2
BERT,mBERT,4,10592,test,0
BERT,mBERT,4,10595,val,1
BERT,mBERT,4,10596,val,0
BERT,mBERT,4,10597,val,0
BERT,mBERT,4,10599,val,0
BERT,mBERT,4,10601,val,0
BERT,mBERT,4,10603,test,0
BERT,mBERT,4,10605,test,0
BERT,mBERT,4,10606,val,0
BERT,mBERT,4,10607,test,2
BERT,mBERT,4,10609,test,0
BERT,mBERT,4,10610,val,0
BERT,mBERT,4,10612,test,2
BERT,mBERT,4,10613,test,2
BERT,mBERT,4,10614,test,2
BERT,mBERT,4,10615,test,0
BERT,mBERT,4,10617,val,0
BERT,mBERT,4,10618,test,0
BERT,mBERT,4,10621,val,1
BERT,mBERT,4,10628,test,0
BERT,mBERT,4,10629,val,1
BERT,mBERT,4,10631,test,2
BERT,mBERT,4,10633,test,0
BERT,mBERT,4,10634,val,2
BERT,mBERT,4,10640,test,2
BERT,mBERT,4,10642,test,0
BERT,mBERT,4,10643,val,0
BERT,mBERT,4,10644,test,2
BERT,mBERT,4,10645,val,2
BERT,mBERT,4,10648,val,1
BERT,mBERT,4,10651,test,0
BERT,mBERT,4,10652,val,0
BERT,mBERT,4,10653,test,2
BERT,mBERT,4,10654,val,0
BERT,mBERT,4,10655,test,0
BERT,mBERT,4,10658,val,1
BERT,mBERT,4,10659,val,0
BERT,mBERT,4,10660,val,1
BERT,mBERT,4,10661,val,0
BERT,mBERT,4,10662,test,0
BERT,mBERT,4,10663,test,0
BERT,mBERT,4,10666,val,1
BERT,mBERT,4,10668,test,0
BERT,mBERT,4,10671,val,1
BERT,mBERT,4,10672,test,0
BERT,mBERT,4,10673,val,0
BERT,mBERT,4,10674,test,0
BERT,mBERT,4,10675,val,0
BERT,mBERT,4,10678,test,2
BERT,mBERT,4,10679,test,2
BERT,mBERT,4,10682,test,1
BERT,mBERT,4,10683,test,0
BERT,mBERT,4,10684,test,1
BERT,mBERT,4,10685,test,0
BERT,mBERT,4,10686,test,1
BERT,mBERT,4,10689,test,1
BERT,mBERT,4,10692,val,1
BERT,mBERT,4,10693,val,0
BERT,mBERT,4,10696,val,0
BERT,mBERT,4,10697,test,2
BERT,mBERT,4,10698,test,0
BERT,mBERT,4,10699,test,2
BERT,mBERT,4,10700,val,0
BERT,mBERT,4,10702,val,2
BERT,mBERT,4,10703,test,0
BERT,mBERT,4,10704,val,0
BERT,mBERT,4,10705,test,0
BERT,mBERT,4,10706,val,0
BERT,mBERT,4,10707,test,0
BERT,mBERT,4,10708,test,2
BERT,mBERT,4,10711,val,0
BERT,mBERT,4,10713,test,0
BERT,mBERT,4,10714,val,2
BERT,mBERT,4,10715,test,0
BERT,mBERT,4,10717,val,2
BERT,mBERT,4,10721,val,0
BERT,mBERT,4,10722,val,2
BERT,mBERT,4,10723,val,0
BERT,mBERT,4,10724,val,0
BERT,mBERT,4,10727,test,0
BERT,mBERT,4,10728,val,0
BERT,mBERT,4,10730,val,1
BERT,mBERT,4,10731,val,2
BERT,mBERT,4,10732,test,0
BERT,mBERT,4,10733,val,1
BERT,mBERT,4,10734,val,0
BERT,mBERT,4,10735,val,2
BERT,mBERT,4,10736,test,0
BERT,mBERT,4,10737,val,2
BERT,mBERT,4,10740,test,2
